dataType,subredditName,postId,id,parentId,createdAt,score,upVotes,title,body,post_context,candidate_intents,contentUrl,primary_intent,secondary_intents,intent_confidence,is_relevant
post,,,t3_1pdpdkt,,2025-12-04T03:26:31.000Z,10,10.0,Special pricing because I ordered the same size earlier,"I recently ordered the same trousers in different colour. 
the pricing has been changed only for my size","Special pricing because I ordered the same size earlier I recently ordered the same trousers in different colour. 
the pricing has been changed only for my size","purchase_intent, product_quality",https://i.redd.it/5gdm0odcw35g1.png,other,,0.00,False
comment,MyntraSucks,t3_1pdpdkt,ns7fx1c,t3_1pdpdkt,,2,,,Shamelessly Looting the Shoppers 😠,"Special pricing because I ordered the same size earlier I recently ordered the same trousers in different colour. 
the pricing has been changed only for my size","purchase_intent, product_quality",,other,,0.00,False
post,,,t3_1olirs7,,2025-11-01T08:36:54.000Z,8,8.0,MynCash Daily reward system removed 😡😤,,MynCash Daily reward system removed 😡😤 ,coupon_rewards,https://i.redd.it/n5zx34tmxlyf1.jpeg,other,,0.00,False
post,,,t3_1pemstf,,2025-12-05T05:22:00.000Z,16,16.0,Myntra doesn’t want me to wishlist the products 🙄,Why? Why is there a capping on whishlisting the items on Myntra?? How does it make sense? What are you trying to achieve? You are literally losing out on a potential customer. No other shopping site does that. Myntra won’t let me wishlist after a certain point of time. So annoying. ,Myntra doesn’t want me to wishlist the products 🙄 Why? Why is there a capping on whishlisting the items on Myntra?? How does it make sense? What are you trying to achieve? You are literally losing out on a potential customer. No other shopping site does that. Myntra won’t let me wishlist after a certain point of time. So annoying. ,wishlist,https://www.reddit.com/r/MyntraSucks/comments/1pemstf/myntra_doesnt_want_me_to_wishlist_the_products/,wishlist,,0.85,True
comment,MyntraSucks,t3_1olirs7,nmi6qbu,t3_1olirs7,,5,,,Earlier platform fee used to reduce or become 0 because of Daily Cash 👿😑,MynCash Daily reward system removed 😡😤 ,coupon_rewards,,other,,0.00,False
comment,MyntraSucks,t3_1olirs7,nmi71ku,t3_1olirs7,,6,,,Removed this and increased platform fee like katora lelo hath me,MynCash Daily reward system removed 😡😤 ,coupon_rewards,,other,,0.00,False
comment,MyntraSucks,t3_1olirs7,nmoqg0e,t1_nmi71ku,,1,,,Jerks,MynCash Daily reward system removed 😡😤 ,coupon_rewards,,other,,0.00,False
comment,MyntraSucks,t3_1olirs7,nmknm7d,t3_1olirs7,,5,,,i thought my app was glitching :/,MynCash Daily reward system removed 😡😤 ,coupon_rewards,,other,,0.00,False
comment,MyntraSucks,t3_1olirs7,nmknofs,t1_nmknm7d,,1,,,Sadly it’s not 😣,MynCash Daily reward system removed 😡😤 ,coupon_rewards,,other,,0.00,False
comment,MyntraSucks,t3_1olirs7,nmknvhd,t1_nmknofs,,1,,,"Sigh, didn’t expect this kind of behaviour from myntra",MynCash Daily reward system removed 😡😤 ,coupon_rewards,,coupon,,0.95,True
comment,MyntraSucks,t3_1olirs7,nmko2km,t1_nmknvhd,,2,,,Ikr myntra is getting worse day by day 😑,MynCash Daily reward system removed 😡😤 ,coupon_rewards,,coupon,,0.95,True
comment,MyntraSucks,t3_1olirs7,nmig4ve,t3_1olirs7,,3,,,r/myntrasucks for a reason 😞,MynCash Daily reward system removed 😡😤 ,coupon_rewards,,coupon,,0.75,True
comment,MyntraSucks,t3_1olirs7,nmih9nt,t1_nmig4ve,,3,,,Satya vachan 😫😤,MynCash Daily reward system removed 😡😤 ,coupon_rewards,,other,,0.00,False
comment,MyntraSucks,t3_1olirs7,nmi72ye,t3_1olirs7,,1,,,Told you to be grateful 🧚🏼‍♀️,MynCash Daily reward system removed 😡😤 ,coupon_rewards,,other,,0.00,False
comment,MyntraSucks,t3_1olirs7,nmoqe30,t1_nmi72ye,,1,,,🤡🤡,MynCash Daily reward system removed 😡😤 ,coupon_rewards,,other,,0.00,False
comment,MyntraSucks,t3_1olirs7,nmof0e8,t3_1olirs7,,1,,,"Does anyone else face trouble while doing the streaks thingy? Im one day away from earning 40 cashback, but for some reason the page isn't even loading",MynCash Daily reward system removed 😡😤 ,coupon_rewards,,other,,0.00,False
comment,MyntraSucks,t3_1olirs7,nmoql3e,t1_nmof0e8,,1,,,It’s gone now sadly,MynCash Daily reward system removed 😡😤 ,coupon_rewards,,other,,0.00,False
post,,,t3_1tt6i2h,,2026-05-31T20:29:06.000Z,1,1.0,Is myntra profitable ? How are they able to afford a sale so big almost every month ? Till when can they afford it ?,,Is myntra profitable ? How are they able to afford a sale so big almost every month ? Till when can they afford it ? ,"sale_discount, product_quality",/r/IndiaBusiness/comments/1tt6hmt/is_myntra_profitable_how_are_they_able_to_afford/,other,,0.50,True
comment,MyntraSucks,t3_1pemstf,nsdsb8l,t3_1pemstf,,3,,,It has a 1000 product limit which is so stupid! I have to go there and remove some products to keep wishlisting new ones¡,Myntra doesn’t want me to wishlist the products 🙄 Why? Why is there a capping on whishlisting the items on Myntra?? How does it make sense? What are you trying to achieve? You are literally losing out on a potential customer. No other shopping site does that. Myntra won’t let me wishlist after a certain point of time. So annoying. ,wishlist,,wishlist,,0.95,True
comment,MyntraSucks,t3_1pemstf,nsdypx4,t1_nsdsb8l,,3,,,I swear!!! Then why bombard me with your stupid ads? You want me to buy or no?,Myntra doesn’t want me to wishlist the products 🙄 Why? Why is there a capping on whishlisting the items on Myntra?? How does it make sense? What are you trying to achieve? You are literally losing out on a potential customer. No other shopping site does that. Myntra won’t let me wishlist after a certain point of time. So annoying. ,"wishlist, purchase_intent",,wishlist,,0.85,True
comment,MyntraSucks,t3_1pemstf,nsef6gv,t3_1pemstf,,2,,,thought I was the only one facing this problem lol 😭,Myntra doesn’t want me to wishlist the products 🙄 Why? Why is there a capping on whishlisting the items on Myntra?? How does it make sense? What are you trying to achieve? You are literally losing out on a potential customer. No other shopping site does that. Myntra won’t let me wishlist after a certain point of time. So annoying. ,wishlist,,wishlist,,0.85,True
comment,MyntraSucks,t3_1pemstf,nsmy8jb,t3_1pemstf,,2,,,"True 

What an unnecessary feature",Myntra doesn’t want me to wishlist the products 🙄 Why? Why is there a capping on whishlisting the items on Myntra?? How does it make sense? What are you trying to achieve? You are literally losing out on a potential customer. No other shopping site does that. Myntra won’t let me wishlist after a certain point of time. So annoying. ,wishlist,,wishlist,,0.85,True
comment,MyntraSucks,t3_1pemstf,nsf8sz3,t3_1pemstf,,1,,,"Yeah, the limit is 1000 😓",Myntra doesn’t want me to wishlist the products 🙄 Why? Why is there a capping on whishlisting the items on Myntra?? How does it make sense? What are you trying to achieve? You are literally losing out on a potential customer. No other shopping site does that. Myntra won’t let me wishlist after a certain point of time. So annoying. ,wishlist,,wishlist,,0.85,True
comment,MyntraSucks,t3_1pemstf,nsfetyz,t3_1pemstf,,1,,,They be like go and buy some wish listed products first. Then come and save others😂😂😂,Myntra doesn’t want me to wishlist the products 🙄 Why? Why is there a capping on whishlisting the items on Myntra?? How does it make sense? What are you trying to achieve? You are literally losing out on a potential customer. No other shopping site does that. Myntra won’t let me wishlist after a certain point of time. So annoying. ,"wishlist, purchase_intent",,wishlist,,0.85,True
comment,MyntraSucks,t3_1pemstf,nswx0pb,t3_1pemstf,,1,,,Haha it’s so annoying to chronic online shoppers like me but this is not unique to myntra. Urbanic/savana has a cap of 500 and I have definitely seen it on other sites too,Myntra doesn’t want me to wishlist the products 🙄 Why? Why is there a capping on whishlisting the items on Myntra?? How does it make sense? What are you trying to achieve? You are literally losing out on a potential customer. No other shopping site does that. Myntra won’t let me wishlist after a certain point of time. So annoying. ,wishlist,,wishlist,,0.85,True
comment,MyntraSucks,t3_1pemstf,nsx03mb,t1_nswx0pb,,1,,,Oh! I keep selective apps on my phone and the ones I have doesn’t put the limit like Ajio and others.,Myntra doesn’t want me to wishlist the products 🙄 Why? Why is there a capping on whishlisting the items on Myntra?? How does it make sense? What are you trying to achieve? You are literally losing out on a potential customer. No other shopping site does that. Myntra won’t let me wishlist after a certain point of time. So annoying. ,wishlist,,wishlist,,0.85,True
post,,,t3_1veg1gq,,2026-08-03T15:06:14.000Z,2,2.0,Spot the authenticity,"Could u guys kindly tell me is the product real or not? The seller is Omnitech Retail, and rn a PUMA sale is live on Myntra so I bought these","Spot the authenticity Could u guys kindly tell me is the product real or not? The seller is Omnitech Retail, and rn a PUMA sale is live on Myntra so I bought these","sale_discount, purchase_intent, product_quality",https://www.reddit.com/gallery/1veg1gq,other,,0.50,True
post,,,t3_1txazn5,,2026-06-05T04:48:49.000Z,4,4.0,"Myntra delayed my order TWICE for the same product , what kind of scam logistics is this?","Myntra delayed my order TWICE for the same product, what kind of scam logistics is this?  
I’m genuinely done with Myntra at this point.  
I ordered a product on 29th May and the promised delivery date was 4th June. On the delivery day itself, the status suddenly changed to “delivery delayed” with absolutely no explanation.  
Now here’s the insane part - THIS IS THE SECOND TIME this has happened for the SAME PRODUCT.

The first time also, Myntra delayed the order endlessly and never delivered it properly. I thought maybe it was a one-time issue, so I reordered. Big mistake.  
What’s the point of showing delivery timelines if you can’t fulfill them? Why allow customers to place orders when your logistics clearly cannot handle it?  
And Myntra customer support is honestly useless. Every response sounds copy-pasted:  
“Please wait 24-48 hours.”  
“We understand your concern.”  
“We have escalated the issue.”  
Escalated to whom exactly? Because nothing changes.  
What’s funny is that after reading Reddit, I realized SO MANY people are facing the exact same issue:  
Orders reaching the city and then getting “delayed”

Products getting cancelled after waiting for days  
Support teams giving robotic responses  
Repeat delivery failures for the same order  
This honestly feels like false delivery promises just to push customers into ordering during sales.  
If Myntra can’t deliver products on time, stop advertising fake delivery dates.  
At this point I’m considering filing a formal consumer complaint because this is just ridiculous.  
Has anyone here actually managed to get Myntra to take accountability for delayed orders?","Myntra delayed my order TWICE for the same product , what kind of scam logistics is this? Myntra delayed my order TWICE for the same product, what kind of scam logistics is this?  
I’m genuinely done with Myntra at this point.  
I ordered a product on 29th May and the promised delivery date was 4th June. On the delivery day itself, the status suddenly changed to “delivery delayed” with absolutely no explanation.  
Now here’s the insane part - THIS IS THE SECOND TIME this has happened for the SAME PRODUCT.

The first time also, Myntra delayed the order endlessly and never delivered it properly. I thought maybe it was a one-time issue, so I reordered. Big mistake.  
What’s the point of showing delivery timelines if you can’t fulfill them? Why allow customers to place orders when your logistics clearly cannot handle it?  
And Myntra customer support is honestly useless. Every response sounds copy-pasted:  
“Please wait 24-48 hours.”  
“We understand your concern.”  
“We have escalated the issue.”  
Escalated to whom exactly? Because nothing changes.  
What’s funny is that after reading Reddit, I realized SO MANY people are facing the exact same issue:  
Orders reaching the city and then getting “delayed”

Products getting cancelled after waiting for days  
Support teams giving robotic responses  
Repeat delivery failures for the same order  
This honestly feels like false delivery promises just to push customers into ordering during sales.  
If Myntra can’t deliver products on time, stop advertising fake delivery dates.  
At this point I’m considering filing a formal consumer complaint because this is just ridiculous.  
Has anyone here actually managed to get Myntra to take accountability for delayed orders?","delivery, purchase_intent, product_quality, customer_service",https://www.reddit.com/r/MyntraSucks/comments/1txazn5/myntra_delayed_my_order_twice_for_the_same/,delivery,customer_service; cancellation_refund,0.95,True
post,,,t3_1tzdwci,,2026-06-07T14:39:13.000Z,14,14.0,Myntra’s f***ed up!!,"Saw this advertisement on Facebook for aldo shoes for about 650₹ . When i opened the link ,the brand changed to some other!  Pictures attached: ","Myntra’s f***ed up!! Saw this advertisement on Facebook for aldo shoes for about 650₹ . When i opened the link ,the brand changed to some other!  Pictures attached: ",,https://www.reddit.com/gallery/1tzdwci,other,,0.50,True
post,,,t3_1ql9d71,,2026-01-24T01:27:55.000Z,3,3.0,Query on orders placed,"I placed a few orders on Myntra during the Republic Sale last week. As per the app, all of them were supposed to be delivered during this week and last order by yesterday. Out of the total order, only two items have been delivered so far.

For the remaining items, the tracking status has been stuck at “Received at Coimbatore sort facility” since Wednesday, 21st Jan. Today is the 24th, and there have been absolutely no updates since then. All these orders are now delayed, and I honestly don’t understand what’s going on.

I tried reaching out to Myntra customer support yesterday, and as expected, the response was that a ticket would be raised. Based on past experience, I’m not very hopeful that this will actually help.

What’s more frustrating is that I bought these items for an event happening on Monday, so timely delivery is really important.

To add to the irony, I placed an order on Flipkart around the same time, and it’s scheduled to be delivered today. When I checked its tracking status, it has already reached my local hub—and it followed the same route via the Coimbatore hub. Both Myntra and Flipkart shipments are handled by Ekart Logistics, which makes this situation even more confusing.

Has anyone else faced a similar issue recently? If yes, how did you manage to get it resolved? Any suggestions or tips would be really appreciated.","Query on orders placed I placed a few orders on Myntra during the Republic Sale last week. As per the app, all of them were supposed to be delivered during this week and last order by yesterday. Out of the total order, only two items have been delivered so far.

For the remaining items, the tracking status has been stuck at “Received at Coimbatore sort facility” since Wednesday, 21st Jan. Today is the 24th, and there have been absolutely no updates since then. All these orders are now delayed, and I honestly don’t understand what’s going on.

I tried reaching out to Myntra customer support yesterday, and as expected, the response was that a ticket would be raised. Based on past experience, I’m not very hopeful that this will actually help.

What’s more frustrating is that I bought these items for an event happening on Monday, so timely delivery is really important.

To add to the irony, I placed an order on Flipkart around the same time, and it’s scheduled to be delivered today. When I checked its tracking status, it has already reached my local hub—and it followed the same route via the Coimbatore hub. Both Myntra and Flipkart shipments are handled by Ekart Logistics, which makes this situation even more confusing.

Has anyone else faced a similar issue recently? If yes, how did you manage to get it resolved? Any suggestions or tips would be really appreciated.","sale_discount, delivery, purchase_intent, customer_service",https://www.reddit.com/r/MyntraSucks/comments/1ql9d71/query_on_orders_placed/,delivery,sale_discount; purchase_intent; customer_service,0.95,True
comment,MyntraSucks,t3_1veg1gq,p1gm79y,t3_1veg1gq,,1,,,[removed],"Spot the authenticity Could u guys kindly tell me is the product real or not? The seller is Omnitech Retail, and rn a PUMA sale is live on Myntra so I bought these","sale_discount, purchase_intent, product_quality",,other,,0.50,True
comment,MyntraSucks,t3_1veg1gq,p1ksukr,t1_p1gm79y,,1,,,Nah bro it looked good to me,"Spot the authenticity Could u guys kindly tell me is the product real or not? The seller is Omnitech Retail, and rn a PUMA sale is live on Myntra so I bought these","sale_discount, purchase_intent, product_quality",,other,,0.50,True
comment,MyntraSucks,t3_1veg1gq,p1h5q9r,t3_1veg1gq,,1,,,"https://preview.redd.it/o7kzavxkt6hh1.jpeg?width=1179&format=pjpg&auto=webp&s=c55afb5ba92bcf2c3d2931dca9c1e3a742b383cf

  
Logo missing","Spot the authenticity Could u guys kindly tell me is the product real or not? The seller is Omnitech Retail, and rn a PUMA sale is live on Myntra so I bought these","sale_discount, purchase_intent, product_quality",,other,,0.50,True
comment,MyntraSucks,t3_1veg1gq,p1h5v7s,t1_p1h5q9r,,1,,,https://preview.redd.it/8etgg7rpt6hh1.jpeg?width=1179&format=pjpg&auto=webp&s=bcfc0fddb40798cd43ac276a057a6f6bd38b9471,"Spot the authenticity Could u guys kindly tell me is the product real or not? The seller is Omnitech Retail, and rn a PUMA sale is live on Myntra so I bought these","sale_discount, purchase_intent, product_quality",,other,,0.50,True
comment,MyntraSucks,t3_1veg1gq,p1ksr7r,t1_p1h5v7s,,1,,,"I've checked on YouTube and Myntra customer reviews, the logo is missing in all of them.. no matter the date even the past 1-2 yrs of this particular model has no Puma symbol. Rest of the things I double checked","Spot the authenticity Could u guys kindly tell me is the product real or not? The seller is Omnitech Retail, and rn a PUMA sale is live on Myntra so I bought these","sale_discount, purchase_intent, product_quality",,other,,0.50,True
post,,,t3_1uu7zhc,,2026-07-12T06:51:32.000Z,7,7.0,What's the solution now?,"Pls help, I received totally different products (one is even women's product) I uploaded photos as they said, but they closed my issue and denied return. What the next step now??? ","What's the solution now? Pls help, I received totally different products (one is even women's product) I uploaded photos as they said, but they closed my issue and denied return. What the next step now??? ",customer_service,https://www.reddit.com/gallery/1uu7zhc,other,,0.00,False
comment,MyntraSucks,t3_1tzdwci,oqrd5f5,t3_1tzdwci,,4,,,"https://preview.redd.it/2gl16ut15d6h1.png?width=1124&format=png&auto=webp&s=34bcae68ba13f1245ab5a544b5c7a18dbca7b7b5

  
Myntra is actually high ! I saw this photo while casually scrolling. Didn’t even use AI properly and it’s a weird scary picture ","Myntra’s f***ed up!! Saw this advertisement on Facebook for aldo shoes for about 650₹ . When i opened the link ,the brand changed to some other!  Pictures attached: ",,,other,,0.50,True
comment,MyntraSucks,t3_1tzdwci,oqrhop3,t1_oqrd5f5,,2,,,😂😂😂,"Myntra’s f***ed up!! Saw this advertisement on Facebook for aldo shoes for about 650₹ . When i opened the link ,the brand changed to some other!  Pictures attached: ",,,other,,0.50,True
comment,MyntraSucks,t3_1tzdwci,oqlffxt,t3_1tzdwci,,1,,,Did you flag this with Myntra? ,"Myntra’s f***ed up!! Saw this advertisement on Facebook for aldo shoes for about 650₹ . When i opened the link ,the brand changed to some other!  Pictures attached: ",,,other,,0.50,True
comment,MyntraSucks,t3_1ql9d71,o274qq2,t3_1ql9d71,,1,,,"I placed 3 orders recentoon myntra during the republic day sale and all of them were cancelled by myntra after reaching the nearest hub due to ""unforeseen circumstances""","Query on orders placed I placed a few orders on Myntra during the Republic Sale last week. As per the app, all of them were supposed to be delivered during this week and last order by yesterday. Out of the total order, only two items have been delivered so far.

For the remaining items, the tracking status has been stuck at “Received at Coimbatore sort facility” since Wednesday, 21st Jan. Today is the 24th, and there have been absolutely no updates since then. All these orders are now delayed, and I honestly don’t understand what’s going on.

I tried reaching out to Myntra customer support yesterday, and as expected, the response was that a ticket would be raised. Based on past experience, I’m not very hopeful that this will actually help.

What’s more frustrating is that I bought these items for an event happening on Monday, so timely delivery is really important.

To add to the irony, I placed an order on Flipkart around the same time, and it’s scheduled to be delivered today. When I checked its tracking status, it has already reached my local hub—and it followed the same route via the Coimbatore hub. Both Myntra and Flipkart shipments are handled by Ekart Logistics, which makes this situation even more confusing.

Has anyone else faced a similar issue recently? If yes, how did you manage to get it resolved? Any suggestions or tips would be really appreciated.","sale_discount, delivery, purchase_intent, customer_service",,delivery,cancellation_refund; sale_discount; purchase_intent; customer_service,0.95,True
comment,MyntraSucks,t3_1ql9d71,o27wjcc,t1_o274qq2,,1,,,Am afraid the same will happen to me as well.,"Query on orders placed I placed a few orders on Myntra during the Republic Sale last week. As per the app, all of them were supposed to be delivered during this week and last order by yesterday. Out of the total order, only two items have been delivered so far.

For the remaining items, the tracking status has been stuck at “Received at Coimbatore sort facility” since Wednesday, 21st Jan. Today is the 24th, and there have been absolutely no updates since then. All these orders are now delayed, and I honestly don’t understand what’s going on.

I tried reaching out to Myntra customer support yesterday, and as expected, the response was that a ticket would be raised. Based on past experience, I’m not very hopeful that this will actually help.

What’s more frustrating is that I bought these items for an event happening on Monday, so timely delivery is really important.

To add to the irony, I placed an order on Flipkart around the same time, and it’s scheduled to be delivered today. When I checked its tracking status, it has already reached my local hub—and it followed the same route via the Coimbatore hub. Both Myntra and Flipkart shipments are handled by Ekart Logistics, which makes this situation even more confusing.

Has anyone else faced a similar issue recently? If yes, how did you manage to get it resolved? Any suggestions or tips would be really appreciated.","sale_discount, delivery, purchase_intent, customer_service",,delivery,sale_discount; purchase_intent; customer_service,0.95,True
comment,MyntraSucks,t3_1ql9d71,o3f1brd,t1_o27wjcc,,1,,,"bro please update, what's the status now, my order keeps getting delayed after getting stuck at Coimbatore for 6 days now ","Query on orders placed I placed a few orders on Myntra during the Republic Sale last week. As per the app, all of them were supposed to be delivered during this week and last order by yesterday. Out of the total order, only two items have been delivered so far.

For the remaining items, the tracking status has been stuck at “Received at Coimbatore sort facility” since Wednesday, 21st Jan. Today is the 24th, and there have been absolutely no updates since then. All these orders are now delayed, and I honestly don’t understand what’s going on.

I tried reaching out to Myntra customer support yesterday, and as expected, the response was that a ticket would be raised. Based on past experience, I’m not very hopeful that this will actually help.

What’s more frustrating is that I bought these items for an event happening on Monday, so timely delivery is really important.

To add to the irony, I placed an order on Flipkart around the same time, and it’s scheduled to be delivered today. When I checked its tracking status, it has already reached my local hub—and it followed the same route via the Coimbatore hub. Both Myntra and Flipkart shipments are handled by Ekart Logistics, which makes this situation even more confusing.

Has anyone else faced a similar issue recently? If yes, how did you manage to get it resolved? Any suggestions or tips would be really appreciated.","sale_discount, delivery, purchase_intent, customer_service",,delivery,sale_discount; purchase_intent; customer_service,0.95,True
comment,MyntraSucks,t3_1uu7zhc,ox1gve2,t3_1uu7zhc,,2,,,"Idk how helpful it will be coz myntra sucks in general but you can try calling the customer service number and directly talk to an employee about the issue
 ","What's the solution now? Pls help, I received totally different products (one is even women's product) I uploaded photos as they said, but they closed my issue and denied return. What the next step now??? ",customer_service,,customer_service,cancellation_refund,0.95,True
comment,MyntraSucks,t3_1uu7zhc,ox1h1r8,t1_ox1gve2,,1,,,"What's the genuine customer care number, I searched on google but there 2-3 different numbers, which raises my doubt of scam so I didn't move forward. ","What's the solution now? Pls help, I received totally different products (one is even women's product) I uploaded photos as they said, but they closed my issue and denied return. What the next step now??? ",customer_service,,other,,0.00,False
comment,MyntraSucks,t3_1uu7zhc,ox1mbiq,t1_ox1gve2,,1,,,"You have an option to call customer service from the app itself, im sorry i dont have a specific number coz after a huge delivery disaster from Myntra a few weeks back i have uninstalled the app ","What's the solution now? Pls help, I received totally different products (one is even women's product) I uploaded photos as they said, but they closed my issue and denied return. What the next step now??? ","delivery, customer_service",,customer_service,cancellation_refund,0.95,True
comment,MyntraSucks,t3_1uu7zhc,ox1ihoh,t1_ox1h1r8,,2,,,"I don't think they have that dedicated number for it. But you can request a call from them.

* Click on the order from 'My Orders' and look for '🎧Help' option on the right top corner.
* Click on it and you'll get two options like 'Chat with Us' and 'Call Me Now'. Select the later one.
* You'll get an update via text message that a call is scheduled and you can explain your query to the customer care representative.

https://preview.redd.it/qoe9d1hp0rch1.png?width=1080&format=png&auto=webp&s=5cea3202290e022b856899127e8171eceac31ffa","What's the solution now? Pls help, I received totally different products (one is even women's product) I uploaded photos as they said, but they closed my issue and denied return. What the next step now??? ","delivery, purchase_intent, customer_service",,other,,0.00,False
comment,MyntraSucks,t3_1uu7zhc,oxu9ioh,t1_ox1h1r8,,1,,,"Guys, trust me, their customer care service doesn’t help at all. They are clueless. Go to support and find the redressal portal or ask customer service to help you connect with them, they will try to deny at first but make them do it. Else, what worked for me was directly tweeting them. Once you complain socially, they are bound to respond. My issue got resolved within 5 hours and I had been waiting for two weeks before that for customer care to help me out.","What's the solution now? Pls help, I received totally different products (one is even women's product) I uploaded photos as they said, but they closed my issue and denied return. What the next step now??? ",customer_service,,other,,0.00,False
comment,MyntraSucks,t3_1uu7zhc,ox1ipe7,t1_ox1ihoh,,1,,,"Okay thanks 🙏, will check it out once I reach home and will update Reddit about the response I get. 🙏","What's the solution now? Pls help, I received totally different products (one is even women's product) I uploaded photos as they said, but they closed my issue and denied return. What the next step now??? ",customer_service,,other,,0.00,False
comment,MyntraSucks,t3_1uu7zhc,ox1kkfg,t1_ox1ihoh,,1,,,"Tried in different phones too but there's no such option there 🙂, is this some of their ninja technique to decrease returns and refunds and shoo away the customer after scamming them 🙂

https://reddit.com/link/ox1kkfg/video/vfn146ac3rch1/player","What's the solution now? Pls help, I received totally different products (one is even women's product) I uploaded photos as they said, but they closed my issue and denied return. What the next step now??? ",customer_service,,other,,0.00,False
comment,MyntraSucks,t3_1uu7zhc,ox1j3bi,t1_ox1ipe7,,2,,,No worries. Be very clear and don't be hesitate to give rude reply if the representative is behaving rudely. I almost had a similiar situation happened to me and the date was over for the return window but the lady was kind enough to help me out.,"What's the solution now? Pls help, I received totally different products (one is even women's product) I uploaded photos as they said, but they closed my issue and denied return. What the next step now??? ",customer_service,,other,,0.00,False
comment,MyntraSucks,t3_1uu7zhc,ox1ph0n,t1_ox1kkfg,,1,,,It's because you have already applied for return.,"What's the solution now? Pls help, I received totally different products (one is even women's product) I uploaded photos as they said, but they closed my issue and denied return. What the next step now??? ",customer_service,,other,,0.00,False
comment,MyntraSucks,t3_1uu7zhc,ox1jcpr,t1_ox1j3bi,,1,,,Ohh thanks for the directions 🙏 will do just as you said. ,"What's the solution now? Pls help, I received totally different products (one is even women's product) I uploaded photos as they said, but they closed my issue and denied return. What the next step now??? ",customer_service,,other,,0.00,False
comment,MyntraSucks,t3_1uu7zhc,ox1sgfi,t3_1uu7zhc,,1,,,Email them. It always works for me.,"What's the solution now? Pls help, I received totally different products (one is even women's product) I uploaded photos as they said, but they closed my issue and denied return. What the next step now??? ",customer_service,,other,,0.00,False
comment,MyntraSucks,t3_1uu7zhc,ox28eog,t1_ox1sgfi,,1,,,"I have mailed them on Grievance department. Any other dept I should email too? 
","What's the solution now? Pls help, I received totally different products (one is even women's product) I uploaded photos as they said, but they closed my issue and denied return. What the next step now??? ",customer_service,,other,,0.00,False
comment,MyntraSucks,t3_1uu7zhc,oxj6mun,t1_ox28eog,,2,,,On social media ,"What's the solution now? Pls help, I received totally different products (one is even women's product) I uploaded photos as they said, but they closed my issue and denied return. What the next step now??? ",customer_service,,other,,0.00,False
comment,MyntraSucks,t3_1uu7zhc,oxmyhiq,t1_oxj6mun,,1,,,My X account got taken down lol 😂,"What's the solution now? Pls help, I received totally different products (one is even women's product) I uploaded photos as they said, but they closed my issue and denied return. What the next step now??? ",customer_service,,other,,0.00,False
comment,MyntraSucks,t3_1uu7zhc,oydglzn,t1_oxmyhiq,,1,,,Make another ,"What's the solution now? Pls help, I received totally different products (one is even women's product) I uploaded photos as they said, but they closed my issue and denied return. What the next step now??? ",customer_service,,other,,0.00,False
comment,MyntraSucks,t3_1uu7zhc,ox4mny8,t3_1uu7zhc,,1,,,Thy wont do shit unless u ve an unboxing video..happened wth me twice,"What's the solution now? Pls help, I received totally different products (one is even women's product) I uploaded photos as they said, but they closed my issue and denied return. What the next step now??? ",customer_service,,other,,0.00,False
comment,MyntraSucks,t3_1uu7zhc,ozgjfzx,t3_1uu7zhc,,1,,,Did they suspend the Myntra account after this thing?,"What's the solution now? Pls help, I received totally different products (one is even women's product) I uploaded photos as they said, but they closed my issue and denied return. What the next step now??? ",customer_service,,cancellation_refund,,0.95,True
comment,MyntraSucks,t3_1uu7zhc,ozh56o9,t1_ozgjfzx,,1,,,"Nah myntra account is still up after many many emails and complaints I have just donated the clothes I just can't fight anymore, it's just a waste of time. Only if I had known earlier to record unboxing, maybe I would have gotten refunded. My X account got suspended though when I posted about this issue tagging myntra and myntra support. ","What's the solution now? Pls help, I received totally different products (one is even women's product) I uploaded photos as they said, but they closed my issue and denied return. What the next step now??? ",customer_service,,cancellation_refund,,0.95,True
comment,MyntraSucks,t3_1uu7zhc,ozh6jis,t1_ozh56o9,,2,,,I hope you get a refund somehow for it :/,"What's the solution now? Pls help, I received totally different products (one is even women's product) I uploaded photos as they said, but they closed my issue and denied return. What the next step now??? ",customer_service,,other,,0.00,False
post,,,t3_1rr9sar,,2026-03-11T23:10:25.000Z,51,51.0,Myntra is selling Counterfeit Watches on a name of Sale,"Ordered a Casio G-Shock GBM-2100 from Myntra for ₹12,790 (MRP ₹19,995) and received a cheap counterfeit watch that is clearly not original.

I raised multiple complaints, but instead of acknowledging the fake product issue, Myntra keeps labeling it as a “wrong product” and offering only a refund after return. This should not be about a refund - I paid for a genuine product and expected that to be delivered.

What’s more concerning is that Myntra exchanged the product three times, and all three replacements were fake watches. This strongly suggests that the stock being shipped from their warehouse itself may contain counterfeit products. Now they are saying only a refund is possible.

Sharing this as a warning - always record unboxing videos like we do… when ordering expensive items online.","Myntra is selling Counterfeit Watches on a name of Sale Ordered a Casio G-Shock GBM-2100 from Myntra for ₹12,790 (MRP ₹19,995) and received a cheap counterfeit watch that is clearly not original.

I raised multiple complaints, but instead of acknowledging the fake product issue, Myntra keeps labeling it as a “wrong product” and offering only a refund after return. This should not be about a refund - I paid for a genuine product and expected that to be delivered.

What’s more concerning is that Myntra exchanged the product three times, and all three replacements were fake watches. This strongly suggests that the stock being shipped from their warehouse itself may contain counterfeit products. Now they are saying only a refund is possible.

Sharing this as a warning - always record unboxing videos like we do… when ordering expensive items online.","sale_discount, delivery, purchase_intent, product_quality, customer_service",https://www.reddit.com/gallery/1rr9sar,product_quality,cancellation_refund,0.95,True
comment,MyntraSucks,t3_1rr9sar,o9zr1ot,t3_1rr9sar,,3,,,"I experienced this with another casio watch. I've worn them all my life, the minute I touched it I knew something was off. Returned it. Never buying watches from Myntra again","Myntra is selling Counterfeit Watches on a name of Sale Ordered a Casio G-Shock GBM-2100 from Myntra for ₹12,790 (MRP ₹19,995) and received a cheap counterfeit watch that is clearly not original.

I raised multiple complaints, but instead of acknowledging the fake product issue, Myntra keeps labeling it as a “wrong product” and offering only a refund after return. This should not be about a refund - I paid for a genuine product and expected that to be delivered.

What’s more concerning is that Myntra exchanged the product three times, and all three replacements were fake watches. This strongly suggests that the stock being shipped from their warehouse itself may contain counterfeit products. Now they are saying only a refund is possible.

Sharing this as a warning - always record unboxing videos like we do… when ordering expensive items online.","sale_discount, delivery, purchase_intent, product_quality, customer_service",,product_quality,cancellation_refund,0.95,True
comment,MyntraSucks,t3_1rr9sar,oa02chz,t1_o9zr1ot,,1,,,"So far … I have received 4 fake watches in total, which clearly indicates that there is a systemic issue with counterfeit products being circulated. It strongly suggests that a large stock of fake watches exists within their supply chain.

What is even more concerning is that, despite multiple complaints and verifications, these counterfeit products appear to be taken back and simply sent to other customers again. This creates a cycle where unsuspecting buyers continue receiving fake items.

I can already see many customers on Myntra posting photos of the same watch online, proudly displaying it without realizing it is counterfeit. However, anyone familiar with the genuine product can easily identify from the pictures that these watches are not authentic. ","Myntra is selling Counterfeit Watches on a name of Sale Ordered a Casio G-Shock GBM-2100 from Myntra for ₹12,790 (MRP ₹19,995) and received a cheap counterfeit watch that is clearly not original.

I raised multiple complaints, but instead of acknowledging the fake product issue, Myntra keeps labeling it as a “wrong product” and offering only a refund after return. This should not be about a refund - I paid for a genuine product and expected that to be delivered.

What’s more concerning is that Myntra exchanged the product three times, and all three replacements were fake watches. This strongly suggests that the stock being shipped from their warehouse itself may contain counterfeit products. Now they are saying only a refund is possible.

Sharing this as a warning - always record unboxing videos like we do… when ordering expensive items online.","sale_discount, delivery, purchase_intent, product_quality, customer_service",,product_quality,cancellation_refund,0.95,True
comment,MyntraSucks,t3_1rr9sar,obtd62e,t1_oa02chz,,1,,,Hi how to identify the fake ones? ,"Myntra is selling Counterfeit Watches on a name of Sale Ordered a Casio G-Shock GBM-2100 from Myntra for ₹12,790 (MRP ₹19,995) and received a cheap counterfeit watch that is clearly not original.

I raised multiple complaints, but instead of acknowledging the fake product issue, Myntra keeps labeling it as a “wrong product” and offering only a refund after return. This should not be about a refund - I paid for a genuine product and expected that to be delivered.

What’s more concerning is that Myntra exchanged the product three times, and all three replacements were fake watches. This strongly suggests that the stock being shipped from their warehouse itself may contain counterfeit products. Now they are saying only a refund is possible.

Sharing this as a warning - always record unboxing videos like we do… when ordering expensive items online.","sale_discount, delivery, purchase_intent, product_quality, customer_service",,product_quality,cancellation_refund,0.95,True
comment,MyntraSucks,t3_1rr9sar,obtf2g4,t1_obtd62e,,1,,,"For especially the above model Gshock GBM 2100 , Here are some obvious signs:

•Poor finishing
•Bumpy back case
•No serial numbers
•No quick-release strap
•No Bluetooth connectivity

While for other models without Blutooth model … ignore the last point. But serial numbers must match. I even got mine check at authentic Casio Showroom and they confirmed that its Fake , obviously . 

[Check full video on X](https://x.com/arun_xing/status/2035362355606122759?s=46)","Myntra is selling Counterfeit Watches on a name of Sale Ordered a Casio G-Shock GBM-2100 from Myntra for ₹12,790 (MRP ₹19,995) and received a cheap counterfeit watch that is clearly not original.

I raised multiple complaints, but instead of acknowledging the fake product issue, Myntra keeps labeling it as a “wrong product” and offering only a refund after return. This should not be about a refund - I paid for a genuine product and expected that to be delivered.

What’s more concerning is that Myntra exchanged the product three times, and all three replacements were fake watches. This strongly suggests that the stock being shipped from their warehouse itself may contain counterfeit products. Now they are saying only a refund is possible.

Sharing this as a warning - always record unboxing videos like we do… when ordering expensive items online.","sale_discount, delivery, purchase_intent, product_quality, customer_service",,product_quality,cancellation_refund,0.95,True
comment,MyntraSucks,t3_1rr9sar,oabnppd,t3_1rr9sar,,2,,,Same thing happened to me as well. I got a G-shock at 40% discount but it was fake af. ,"Myntra is selling Counterfeit Watches on a name of Sale Ordered a Casio G-Shock GBM-2100 from Myntra for ₹12,790 (MRP ₹19,995) and received a cheap counterfeit watch that is clearly not original.

I raised multiple complaints, but instead of acknowledging the fake product issue, Myntra keeps labeling it as a “wrong product” and offering only a refund after return. This should not be about a refund - I paid for a genuine product and expected that to be delivered.

What’s more concerning is that Myntra exchanged the product three times, and all three replacements were fake watches. This strongly suggests that the stock being shipped from their warehouse itself may contain counterfeit products. Now they are saying only a refund is possible.

Sharing this as a warning - always record unboxing videos like we do… when ordering expensive items online.","sale_discount, delivery, purchase_intent, product_quality, customer_service",,product_quality,cancellation_refund,0.95,True
comment,MyntraSucks,t3_1rr9sar,o9zoguu,t3_1rr9sar,,1,,,What is the name of the seller?,"Myntra is selling Counterfeit Watches on a name of Sale Ordered a Casio G-Shock GBM-2100 from Myntra for ₹12,790 (MRP ₹19,995) and received a cheap counterfeit watch that is clearly not original.

I raised multiple complaints, but instead of acknowledging the fake product issue, Myntra keeps labeling it as a “wrong product” and offering only a refund after return. This should not be about a refund - I paid for a genuine product and expected that to be delivered.

What’s more concerning is that Myntra exchanged the product three times, and all three replacements were fake watches. This strongly suggests that the stock being shipped from their warehouse itself may contain counterfeit products. Now they are saying only a refund is possible.

Sharing this as a warning - always record unboxing videos like we do… when ordering expensive items online.","sale_discount, delivery, purchase_intent, product_quality, customer_service",,product_quality,cancellation_refund,0.95,True
comment,MyntraSucks,t3_1rr9sar,oa01lmu,t1_o9zoguu,,2,,,"https://preview.redd.it/vf2jlh2hgkog1.jpeg?width=1179&format=pjpg&auto=webp&s=1f31aed78ef39d182aa0f04bdf74d35922c8ea9f

On Myntra Seller is Flashtech Retail

Billing says Adilaxmi E-commerce Private Limited Flipkart India Pvt. Ltd, Sy no 696, Gundlapochampally Village, Medchal Mandal, Ranga Reddy Dist Secunderabad 501401","Myntra is selling Counterfeit Watches on a name of Sale Ordered a Casio G-Shock GBM-2100 from Myntra for ₹12,790 (MRP ₹19,995) and received a cheap counterfeit watch that is clearly not original.

I raised multiple complaints, but instead of acknowledging the fake product issue, Myntra keeps labeling it as a “wrong product” and offering only a refund after return. This should not be about a refund - I paid for a genuine product and expected that to be delivered.

What’s more concerning is that Myntra exchanged the product three times, and all three replacements were fake watches. This strongly suggests that the stock being shipped from their warehouse itself may contain counterfeit products. Now they are saying only a refund is possible.

Sharing this as a warning - always record unboxing videos like we do… when ordering expensive items online.","sale_discount, delivery, purchase_intent, product_quality, customer_service",,product_quality,cancellation_refund,0.95,True
comment,MyntraSucks,t3_1rr9sar,oa02vvd,t1_o9zoguu,,1,,,https://preview.redd.it/nenjs24sjkog1.jpeg?width=1179&format=pjpg&auto=webp&s=f5890ccb23db937a35fd6e50f7bce8dd604cfb22,"Myntra is selling Counterfeit Watches on a name of Sale Ordered a Casio G-Shock GBM-2100 from Myntra for ₹12,790 (MRP ₹19,995) and received a cheap counterfeit watch that is clearly not original.

I raised multiple complaints, but instead of acknowledging the fake product issue, Myntra keeps labeling it as a “wrong product” and offering only a refund after return. This should not be about a refund - I paid for a genuine product and expected that to be delivered.

What’s more concerning is that Myntra exchanged the product three times, and all three replacements were fake watches. This strongly suggests that the stock being shipped from their warehouse itself may contain counterfeit products. Now they are saying only a refund is possible.

Sharing this as a warning - always record unboxing videos like we do… when ordering expensive items online.","sale_discount, delivery, purchase_intent, product_quality, customer_service",,product_quality,cancellation_refund,0.95,True
comment,MyntraSucks,t3_1rr9sar,oa0350e,t1_oa01lmu,,1,,,So its some random seller. Try to order from Authentic seller,"Myntra is selling Counterfeit Watches on a name of Sale Ordered a Casio G-Shock GBM-2100 from Myntra for ₹12,790 (MRP ₹19,995) and received a cheap counterfeit watch that is clearly not original.

I raised multiple complaints, but instead of acknowledging the fake product issue, Myntra keeps labeling it as a “wrong product” and offering only a refund after return. This should not be about a refund - I paid for a genuine product and expected that to be delivered.

What’s more concerning is that Myntra exchanged the product three times, and all three replacements were fake watches. This strongly suggests that the stock being shipped from their warehouse itself may contain counterfeit products. Now they are saying only a refund is possible.

Sharing this as a warning - always record unboxing videos like we do… when ordering expensive items online.","sale_discount, delivery, purchase_intent, product_quality, customer_service",,product_quality,cancellation_refund,0.95,True
comment,MyntraSucks,t3_1rr9sar,oa0467q,t1_oa0350e,,1,,,"https://preview.redd.it/s2ps4e1glkog1.jpeg?width=1179&format=pjpg&auto=webp&s=6e094d3c84dc7d6bc798212dbdfda7b7c71f282e

As far as i remember unlike Amazon and Flipkart marketplace.. Myntra had a better reputation for Branded Products. As they use to onboard very selected few sellers back then.","Myntra is selling Counterfeit Watches on a name of Sale Ordered a Casio G-Shock GBM-2100 from Myntra for ₹12,790 (MRP ₹19,995) and received a cheap counterfeit watch that is clearly not original.

I raised multiple complaints, but instead of acknowledging the fake product issue, Myntra keeps labeling it as a “wrong product” and offering only a refund after return. This should not be about a refund - I paid for a genuine product and expected that to be delivered.

What’s more concerning is that Myntra exchanged the product three times, and all three replacements were fake watches. This strongly suggests that the stock being shipped from their warehouse itself may contain counterfeit products. Now they are saying only a refund is possible.

Sharing this as a warning - always record unboxing videos like we do… when ordering expensive items online.","sale_discount, delivery, purchase_intent, product_quality, customer_service",,product_quality,cancellation_refund,0.95,True
comment,MyntraSucks,t3_1rr9sar,oa1x8hf,t1_oa0350e,,1,,,Also it’s the only seller we have on Myntra for Casio Watches. ,"Myntra is selling Counterfeit Watches on a name of Sale Ordered a Casio G-Shock GBM-2100 from Myntra for ₹12,790 (MRP ₹19,995) and received a cheap counterfeit watch that is clearly not original.

I raised multiple complaints, but instead of acknowledging the fake product issue, Myntra keeps labeling it as a “wrong product” and offering only a refund after return. This should not be about a refund - I paid for a genuine product and expected that to be delivered.

What’s more concerning is that Myntra exchanged the product three times, and all three replacements were fake watches. This strongly suggests that the stock being shipped from their warehouse itself may contain counterfeit products. Now they are saying only a refund is possible.

Sharing this as a warning - always record unboxing videos like we do… when ordering expensive items online.","sale_discount, delivery, purchase_intent, product_quality, customer_service",,product_quality,cancellation_refund,0.95,True
comment,MyntraSucks,t3_1rr9sar,oa5v4h3,t1_oa1x8hf,,1,,,"I just checked, I bought watch from this seller 2 years ago.
And it works fine.

https://www.myntra.com/mailers/watches/casio/casio-men-g-shock-gm-2100bb-1adr-black-ana-digi-dial-black-resin-strap-watch-g1371/22836970/buy?utm_source=social_share_pdp&utm_medium=deeplink&utm_campaign=social_share_pdp_deeplink","Myntra is selling Counterfeit Watches on a name of Sale Ordered a Casio G-Shock GBM-2100 from Myntra for ₹12,790 (MRP ₹19,995) and received a cheap counterfeit watch that is clearly not original.

I raised multiple complaints, but instead of acknowledging the fake product issue, Myntra keeps labeling it as a “wrong product” and offering only a refund after return. This should not be about a refund - I paid for a genuine product and expected that to be delivered.

What’s more concerning is that Myntra exchanged the product three times, and all three replacements were fake watches. This strongly suggests that the stock being shipped from their warehouse itself may contain counterfeit products. Now they are saying only a refund is possible.

Sharing this as a warning - always record unboxing videos like we do… when ordering expensive items online.","sale_discount, delivery, purchase_intent, product_quality, customer_service",,product_quality,cancellation_refund,0.95,True
comment,MyntraSucks,t3_1rr9sar,oa006cd,t3_1rr9sar,,1,,,That is exactly why I buy all expensive products from their official websites be it puma or woodland shoes or Apple products like iPad or such casio watches!! Seeing such high discounts just out of the blue puts my antenna up for scam alert!!,"Myntra is selling Counterfeit Watches on a name of Sale Ordered a Casio G-Shock GBM-2100 from Myntra for ₹12,790 (MRP ₹19,995) and received a cheap counterfeit watch that is clearly not original.

I raised multiple complaints, but instead of acknowledging the fake product issue, Myntra keeps labeling it as a “wrong product” and offering only a refund after return. This should not be about a refund - I paid for a genuine product and expected that to be delivered.

What’s more concerning is that Myntra exchanged the product three times, and all three replacements were fake watches. This strongly suggests that the stock being shipped from their warehouse itself may contain counterfeit products. Now they are saying only a refund is possible.

Sharing this as a warning - always record unboxing videos like we do… when ordering expensive items online.","sale_discount, delivery, purchase_intent, product_quality, customer_service",,product_quality,cancellation_refund,0.95,True
comment,MyntraSucks,t3_1rr9sar,oa02v66,t1_oa006cd,,2,,,"Even i had a doubt and thats exactly why i have recordings of all unboxings .. at the door in front of delivery guy. Else anyone would have said that its the customer who might have replaced the original product . 

And I strongly agree with you. One should always buy it from the brand store to avoid such scam.","Myntra is selling Counterfeit Watches on a name of Sale Ordered a Casio G-Shock GBM-2100 from Myntra for ₹12,790 (MRP ₹19,995) and received a cheap counterfeit watch that is clearly not original.

I raised multiple complaints, but instead of acknowledging the fake product issue, Myntra keeps labeling it as a “wrong product” and offering only a refund after return. This should not be about a refund - I paid for a genuine product and expected that to be delivered.

What’s more concerning is that Myntra exchanged the product three times, and all three replacements were fake watches. This strongly suggests that the stock being shipped from their warehouse itself may contain counterfeit products. Now they are saying only a refund is possible.

Sharing this as a warning - always record unboxing videos like we do… when ordering expensive items online.","sale_discount, delivery, purchase_intent, product_quality, customer_service",,product_quality,cancellation_refund,0.95,True
comment,MyntraSucks,t3_1rr9sar,oa02gfx,t3_1rr9sar,,1,,,"I order a Puma Bmw tshirt and received a fake one with another design which was not matching with the original product and the customer service is shit, doesn't replies quickly takes a day to resolve things.","Myntra is selling Counterfeit Watches on a name of Sale Ordered a Casio G-Shock GBM-2100 from Myntra for ₹12,790 (MRP ₹19,995) and received a cheap counterfeit watch that is clearly not original.

I raised multiple complaints, but instead of acknowledging the fake product issue, Myntra keeps labeling it as a “wrong product” and offering only a refund after return. This should not be about a refund - I paid for a genuine product and expected that to be delivered.

What’s more concerning is that Myntra exchanged the product three times, and all three replacements were fake watches. This strongly suggests that the stock being shipped from their warehouse itself may contain counterfeit products. Now they are saying only a refund is possible.

Sharing this as a warning - always record unboxing videos like we do… when ordering expensive items online.","sale_discount, delivery, purchase_intent, product_quality, customer_service",,product_quality,customer_service; cancellation_refund,0.95,True
comment,MyntraSucks,t3_1rr9sar,oa037ir,t1_oa02gfx,,1,,,Agree… even for me its 20 days passed already.. yet there’s No proper resolution.. ,"Myntra is selling Counterfeit Watches on a name of Sale Ordered a Casio G-Shock GBM-2100 from Myntra for ₹12,790 (MRP ₹19,995) and received a cheap counterfeit watch that is clearly not original.

I raised multiple complaints, but instead of acknowledging the fake product issue, Myntra keeps labeling it as a “wrong product” and offering only a refund after return. This should not be about a refund - I paid for a genuine product and expected that to be delivered.

What’s more concerning is that Myntra exchanged the product three times, and all three replacements were fake watches. This strongly suggests that the stock being shipped from their warehouse itself may contain counterfeit products. Now they are saying only a refund is possible.

Sharing this as a warning - always record unboxing videos like we do… when ordering expensive items online.","sale_discount, delivery, purchase_intent, product_quality, customer_service",,product_quality,cancellation_refund,0.95,True
comment,MyntraSucks,t3_1rr9sar,oa0vwt3,t3_1rr9sar,,1,,,They just take few samples from the seller for registration process.now i feel people posting about fake centella is also true,"Myntra is selling Counterfeit Watches on a name of Sale Ordered a Casio G-Shock GBM-2100 from Myntra for ₹12,790 (MRP ₹19,995) and received a cheap counterfeit watch that is clearly not original.

I raised multiple complaints, but instead of acknowledging the fake product issue, Myntra keeps labeling it as a “wrong product” and offering only a refund after return. This should not be about a refund - I paid for a genuine product and expected that to be delivered.

What’s more concerning is that Myntra exchanged the product three times, and all three replacements were fake watches. This strongly suggests that the stock being shipped from their warehouse itself may contain counterfeit products. Now they are saying only a refund is possible.

Sharing this as a warning - always record unboxing videos like we do… when ordering expensive items online.","sale_discount, delivery, purchase_intent, product_quality, customer_service",,product_quality,cancellation_refund,0.95,True
comment,MyntraSucks,t3_1rr9sar,oa18o2y,t3_1rr9sar,,1,,,[removed],"Myntra is selling Counterfeit Watches on a name of Sale Ordered a Casio G-Shock GBM-2100 from Myntra for ₹12,790 (MRP ₹19,995) and received a cheap counterfeit watch that is clearly not original.

I raised multiple complaints, but instead of acknowledging the fake product issue, Myntra keeps labeling it as a “wrong product” and offering only a refund after return. This should not be about a refund - I paid for a genuine product and expected that to be delivered.

What’s more concerning is that Myntra exchanged the product three times, and all three replacements were fake watches. This strongly suggests that the stock being shipped from their warehouse itself may contain counterfeit products. Now they are saying only a refund is possible.

Sharing this as a warning - always record unboxing videos like we do… when ordering expensive items online.","sale_discount, delivery, purchase_intent, product_quality, customer_service",,product_quality,cancellation_refund,0.95,True
comment,MyntraSucks,t3_1rr9sar,oa19cu0,t1_oa18o2y,,1,,,"If you’ve gifted it to someone, it’s better to get it checked. The person who received it might not know the difference. And if they do, it can be a very embarrassing situation - they realise it’s fake but can’t really complain since it was a gift.
","Myntra is selling Counterfeit Watches on a name of Sale Ordered a Casio G-Shock GBM-2100 from Myntra for ₹12,790 (MRP ₹19,995) and received a cheap counterfeit watch that is clearly not original.

I raised multiple complaints, but instead of acknowledging the fake product issue, Myntra keeps labeling it as a “wrong product” and offering only a refund after return. This should not be about a refund - I paid for a genuine product and expected that to be delivered.

What’s more concerning is that Myntra exchanged the product three times, and all three replacements were fake watches. This strongly suggests that the stock being shipped from their warehouse itself may contain counterfeit products. Now they are saying only a refund is possible.

Sharing this as a warning - always record unboxing videos like we do… when ordering expensive items online.","sale_discount, delivery, purchase_intent, product_quality, customer_service",,product_quality,cancellation_refund,0.95,True
comment,MyntraSucks,t3_1rr9sar,oa1gu42,t3_1rr9sar,,1,,,Myntra doesn't have open box delivery. So someone ordered the watch and replaced it with fake then returned it. Which they again packed and sent it to you. Happens with the help of delivery agents. Who doesn't check properly during the return process. ,"Myntra is selling Counterfeit Watches on a name of Sale Ordered a Casio G-Shock GBM-2100 from Myntra for ₹12,790 (MRP ₹19,995) and received a cheap counterfeit watch that is clearly not original.

I raised multiple complaints, but instead of acknowledging the fake product issue, Myntra keeps labeling it as a “wrong product” and offering only a refund after return. This should not be about a refund - I paid for a genuine product and expected that to be delivered.

What’s more concerning is that Myntra exchanged the product three times, and all three replacements were fake watches. This strongly suggests that the stock being shipped from their warehouse itself may contain counterfeit products. Now they are saying only a refund is possible.

Sharing this as a warning - always record unboxing videos like we do… when ordering expensive items online.","sale_discount, delivery, purchase_intent, product_quality, customer_service",,product_quality,cancellation_refund,0.95,True
comment,MyntraSucks,t3_1rr9sar,oa1zh0e,t1_oa1gu42,,1,,,"I would have happily accepted that explanation, but receiving the same fake and counterfeit watch four times in exchange so far tells a very different story. It’s hard to believe this is just a mistake.

Additionally, when I check the reviews, it clearly shows that many others are facing the same issue. The strange part is that if you try to filter the reviews by 1-star, it says “No 1-star reviews.” However, when you simply go through the uploaded images, most of them are clearly 1-star complaints.

So i wonder how is it that, despite so many negative experiences, the product is still showing an overall 4.5-star rating","Myntra is selling Counterfeit Watches on a name of Sale Ordered a Casio G-Shock GBM-2100 from Myntra for ₹12,790 (MRP ₹19,995) and received a cheap counterfeit watch that is clearly not original.

I raised multiple complaints, but instead of acknowledging the fake product issue, Myntra keeps labeling it as a “wrong product” and offering only a refund after return. This should not be about a refund - I paid for a genuine product and expected that to be delivered.

What’s more concerning is that Myntra exchanged the product three times, and all three replacements were fake watches. This strongly suggests that the stock being shipped from their warehouse itself may contain counterfeit products. Now they are saying only a refund is possible.

Sharing this as a warning - always record unboxing videos like we do… when ordering expensive items online.","sale_discount, delivery, purchase_intent, product_quality, customer_service",,product_quality,cancellation_refund,0.95,True
comment,MyntraSucks,t3_1rr9sar,oa341xq,t3_1rr9sar,,1,,,If they're giving you refund after return why not take it? ,"Myntra is selling Counterfeit Watches on a name of Sale Ordered a Casio G-Shock GBM-2100 from Myntra for ₹12,790 (MRP ₹19,995) and received a cheap counterfeit watch that is clearly not original.

I raised multiple complaints, but instead of acknowledging the fake product issue, Myntra keeps labeling it as a “wrong product” and offering only a refund after return. This should not be about a refund - I paid for a genuine product and expected that to be delivered.

What’s more concerning is that Myntra exchanged the product three times, and all three replacements were fake watches. This strongly suggests that the stock being shipped from their warehouse itself may contain counterfeit products. Now they are saying only a refund is possible.

Sharing this as a warning - always record unboxing videos like we do… when ordering expensive items online.","sale_discount, delivery, purchase_intent, product_quality, customer_service",,product_quality,cancellation_refund,0.95,True
comment,MyntraSucks,t3_1rr9sar,oa378yf,t1_oa341xq,,1,,,"Just offering a refund doesn’t address the real issue. I didn’t order it for a refund.
I paid for a genuine product. If a platform keeps sending counterfeit items and then simply offers a refund after getting caught, the problem remains unresolved and the same fake product continues to be sold to others. It’s not just about my order; it’s also about the authenticity of what they’re selling. ","Myntra is selling Counterfeit Watches on a name of Sale Ordered a Casio G-Shock GBM-2100 from Myntra for ₹12,790 (MRP ₹19,995) and received a cheap counterfeit watch that is clearly not original.

I raised multiple complaints, but instead of acknowledging the fake product issue, Myntra keeps labeling it as a “wrong product” and offering only a refund after return. This should not be about a refund - I paid for a genuine product and expected that to be delivered.

What’s more concerning is that Myntra exchanged the product three times, and all three replacements were fake watches. This strongly suggests that the stock being shipped from their warehouse itself may contain counterfeit products. Now they are saying only a refund is possible.

Sharing this as a warning - always record unboxing videos like we do… when ordering expensive items online.","sale_discount, delivery, purchase_intent, product_quality, customer_service",,product_quality,cancellation_refund,0.95,True
comment,MyntraSucks,t3_1rr9sar,oa38vw2,t1_oa341xq,,1,,,"Many buyers are simply unaware of such fraudulent activity on Myntra. Anyone who knows how the original product actually looks can easily tell that many of the people posting positive reviews are unknowingly happy with fake products.

Is that really the right thing? 😑

Yes, I might eventually get my refund, but then what? Some people argue that this can happen once in a while if a previous customer returned a fake item after replacing the original. But if I accept that explanation, it might make sense only once.
After receiving the same fake product 4 times in a row, it no longer looks like a one-off mistake. It clearly indicates either large-scale cheating or, at the very least, serious negligence in verifying the authenticity of products before reselling them.","Myntra is selling Counterfeit Watches on a name of Sale Ordered a Casio G-Shock GBM-2100 from Myntra for ₹12,790 (MRP ₹19,995) and received a cheap counterfeit watch that is clearly not original.

I raised multiple complaints, but instead of acknowledging the fake product issue, Myntra keeps labeling it as a “wrong product” and offering only a refund after return. This should not be about a refund - I paid for a genuine product and expected that to be delivered.

What’s more concerning is that Myntra exchanged the product three times, and all three replacements were fake watches. This strongly suggests that the stock being shipped from their warehouse itself may contain counterfeit products. Now they are saying only a refund is possible.

Sharing this as a warning - always record unboxing videos like we do… when ordering expensive items online.","sale_discount, delivery, purchase_intent, product_quality, customer_service",,product_quality,cancellation_refund,0.95,True
comment,MyntraSucks,t3_1rr9sar,oa37pyi,t1_oa378yf,,1,,,You should take it up with a court then. Lawyer up,"Myntra is selling Counterfeit Watches on a name of Sale Ordered a Casio G-Shock GBM-2100 from Myntra for ₹12,790 (MRP ₹19,995) and received a cheap counterfeit watch that is clearly not original.

I raised multiple complaints, but instead of acknowledging the fake product issue, Myntra keeps labeling it as a “wrong product” and offering only a refund after return. This should not be about a refund - I paid for a genuine product and expected that to be delivered.

What’s more concerning is that Myntra exchanged the product three times, and all three replacements were fake watches. This strongly suggests that the stock being shipped from their warehouse itself may contain counterfeit products. Now they are saying only a refund is possible.

Sharing this as a warning - always record unboxing videos like we do… when ordering expensive items online.","sale_discount, delivery, purchase_intent, product_quality, customer_service",,product_quality,cancellation_refund,0.95,True
comment,MyntraSucks,t3_1rr9sar,oa7knad,t1_oa38vw2,,1,,,Hey how do you know if the product is fake wanna know because i also ordered a watch from Myntra few days back,"Myntra is selling Counterfeit Watches on a name of Sale Ordered a Casio G-Shock GBM-2100 from Myntra for ₹12,790 (MRP ₹19,995) and received a cheap counterfeit watch that is clearly not original.

I raised multiple complaints, but instead of acknowledging the fake product issue, Myntra keeps labeling it as a “wrong product” and offering only a refund after return. This should not be about a refund - I paid for a genuine product and expected that to be delivered.

What’s more concerning is that Myntra exchanged the product three times, and all three replacements were fake watches. This strongly suggests that the stock being shipped from their warehouse itself may contain counterfeit products. Now they are saying only a refund is possible.

Sharing this as a warning - always record unboxing videos like we do… when ordering expensive items online.","sale_discount, delivery, purchase_intent, product_quality, customer_service",,product_quality,cancellation_refund,0.95,True
comment,MyntraSucks,t3_1rr9sar,oa39g67,t1_oa37pyi,,1,,,Indeed 🫡,"Myntra is selling Counterfeit Watches on a name of Sale Ordered a Casio G-Shock GBM-2100 from Myntra for ₹12,790 (MRP ₹19,995) and received a cheap counterfeit watch that is clearly not original.

I raised multiple complaints, but instead of acknowledging the fake product issue, Myntra keeps labeling it as a “wrong product” and offering only a refund after return. This should not be about a refund - I paid for a genuine product and expected that to be delivered.

What’s more concerning is that Myntra exchanged the product three times, and all three replacements were fake watches. This strongly suggests that the stock being shipped from their warehouse itself may contain counterfeit products. Now they are saying only a refund is possible.

Sharing this as a warning - always record unboxing videos like we do… when ordering expensive items online.","sale_discount, delivery, purchase_intent, product_quality, customer_service",,product_quality,cancellation_refund,0.95,True
comment,MyntraSucks,t3_1rr9sar,oa7qvpn,t1_oa7knad,,1,,,Check on youtube about specific model.,"Myntra is selling Counterfeit Watches on a name of Sale Ordered a Casio G-Shock GBM-2100 from Myntra for ₹12,790 (MRP ₹19,995) and received a cheap counterfeit watch that is clearly not original.

I raised multiple complaints, but instead of acknowledging the fake product issue, Myntra keeps labeling it as a “wrong product” and offering only a refund after return. This should not be about a refund - I paid for a genuine product and expected that to be delivered.

What’s more concerning is that Myntra exchanged the product three times, and all three replacements were fake watches. This strongly suggests that the stock being shipped from their warehouse itself may contain counterfeit products. Now they are saying only a refund is possible.

Sharing this as a warning - always record unboxing videos like we do… when ordering expensive items online.","sale_discount, delivery, purchase_intent, product_quality, customer_service",,product_quality,cancellation_refund,0.95,True
comment,MyntraSucks,t3_1rr9sar,oa3ta0a,t3_1rr9sar,,1,,,"Do you mind sharing? How did you figure out that it was a fake one? 

That information will actually helpful for the buyers that you intend to save","Myntra is selling Counterfeit Watches on a name of Sale Ordered a Casio G-Shock GBM-2100 from Myntra for ₹12,790 (MRP ₹19,995) and received a cheap counterfeit watch that is clearly not original.

I raised multiple complaints, but instead of acknowledging the fake product issue, Myntra keeps labeling it as a “wrong product” and offering only a refund after return. This should not be about a refund - I paid for a genuine product and expected that to be delivered.

What’s more concerning is that Myntra exchanged the product three times, and all three replacements were fake watches. This strongly suggests that the stock being shipped from their warehouse itself may contain counterfeit products. Now they are saying only a refund is possible.

Sharing this as a warning - always record unboxing videos like we do… when ordering expensive items online.","sale_discount, delivery, purchase_intent, product_quality, customer_service",,product_quality,cancellation_refund,0.95,True
comment,MyntraSucks,t3_1rr9sar,oa4pbea,t1_oa3ta0a,,1,,,"Different Models have different ways of finding if its fake or real.. in my case thats Gshock GBM 2100 . Few Quick ways to checks

Original •Smooth brushed metal •Even screw placement •Premium finish •Deep laser engraving •Clear module number •Clean circular brushing •Almost flat back side

Fake •Shiny chrome-like metal •Rough edges •Misaligned screws •Light or uneven engraving •Sometimes printed instead of engraved •Bumped back as shown in video

Real G-Shocks feel solid and well-finished, while fakes often use cheaper materials.  
Every genuine G-Shock has a proper serial/model number engraved on the back that matches the documentation and packaging.

https://preview.redd.it/dshmtmra6pog1.jpeg?width=640&format=pjpg&auto=webp&s=befde7d60d99e326fbbb6403d618584806265ce1","Myntra is selling Counterfeit Watches on a name of Sale Ordered a Casio G-Shock GBM-2100 from Myntra for ₹12,790 (MRP ₹19,995) and received a cheap counterfeit watch that is clearly not original.

I raised multiple complaints, but instead of acknowledging the fake product issue, Myntra keeps labeling it as a “wrong product” and offering only a refund after return. This should not be about a refund - I paid for a genuine product and expected that to be delivered.

What’s more concerning is that Myntra exchanged the product three times, and all three replacements were fake watches. This strongly suggests that the stock being shipped from their warehouse itself may contain counterfeit products. Now they are saying only a refund is possible.

Sharing this as a warning - always record unboxing videos like we do… when ordering expensive items online.","price_change, sale_discount, delivery, purchase_intent, product_quality, customer_service",,product_quality,cancellation_refund,0.95,True
post,,,t3_1qh1zt5,,2026-01-19T11:43:12.000Z,77,77.0,"Myntra is systematically scamming hundreds of customers through their ""Glam Clan"" program - they owe me ₹7,400+ and refuse to pay. Please help me amplify this.","Hey everyone,

I'm writing this because I'm genuinely frustrated and heartbroken, and I need your support. I never thought I'd be making a post like this, but here we are.

What happened:

A few months ago, I joined Myntra's ""Glam Clan"" affiliate program. I was genuinely excited - a legitimate company, decent commission structure (8%), and a chance to earn while creating content. I put in the work:

1)Created professional Canva dashboards to showcase products

2) Promoted across all my social media platforms

3) Spent my own time and resources on marketing

4) Generated ₹92,500 in revenue for Myntra

5) Sold 408 products

Drove 4,200+ people to their platform through my links

The result?

Myntra has been deliberately stalling my KYC verification for weeks now. My commission of ₹7,400+ is stuck, and they're giving me the runaround. I've called their customer care 19 times - yes, NINETEEN times. Spoke to executives, got escalated to managers, raised tickets, followed up repeatedly.

Every single time: ""We'll look into it,"" ""It's being processed,"" ""Wait 24-48 hours."" It's been over a week with my request just sitting there. No updates. No action. Nothing.

Why I'm posting this:

I've since spoken to other creators, and I'm not alone. This is happening to hundreds of creators. Myntra is using a systematic approach - get creators to generate sales, then indefinitely delay payments through ""KYC issues"" hoping people will just give up.

This isn't a small startup making mistakes. This is Myntra - owned by Flipkart, backed by Walmart. They have the resources. They're choosing not to pay.

I'm genuinely hurt because I trusted them. I recommended products to my audience in good faith. I put in genuine effort. And now I feel like I was just... used.

What I'm asking from you:

I've finally decided to speak up publicly on Twitter. I know it's a long shot, but sometimes social media pressure is the only thing that works in India.

🔗 My Twitter thread: https://x.com/i/status/2012518177024905426

If you have a few seconds, could you:

1) Retweet the thread so it reaches more people

2) Comment sharing your own experience if you've faced something similar

3) Advice me about what steps I can further take to get my money back

I'm not looking for sympathy - I just want what I rightfully earned. And I want to warn other creators before they waste their time and trust on this program.

To other creators: Please be careful with affiliate programs. Get everything in writing. Document everything. Don't trust big brand names blindly like I did.

I'm genuinely tired of being polite and patient. I did my part. They need to do theirs.

If you've read this far, thank you. It means a lot. ❤️

TL;DR: Myntra's Glam Clan program is scamming creators. Generated ₹92.5K for them, they're refusing to pay my ₹7,400 commission through fake KYC delays. Called customer care 19 times with zero help. This is happening to hundreds of creators. Please help amplify my Twitter thread so they're forced to respond and suggest me further steps I can take against them legally.

Please retweet my post and tag Myntra support, this would help me out a lot","Myntra is systematically scamming hundreds of customers through their ""Glam Clan"" program - they owe me ₹7,400+ and refuse to pay. Please help me amplify this. Hey everyone,

I'm writing this because I'm genuinely frustrated and heartbroken, and I need your support. I never thought I'd be making a post like this, but here we are.

What happened:

A few months ago, I joined Myntra's ""Glam Clan"" affiliate program. I was genuinely excited - a legitimate company, decent commission structure (8%), and a chance to earn while creating content. I put in the work:

1)Created professional Canva dashboards to showcase products

2) Promoted across all my social media platforms

3) Spent my own time and resources on marketing

4) Generated ₹92,500 in revenue for Myntra

5) Sold 408 products

Drove 4,200+ people to their platform through my links

The result?

Myntra has been deliberately stalling my KYC verification for weeks now. My commission of ₹7,400+ is stuck, and they're giving me the runaround. I've called their customer care 19 times - yes, NINETEEN times. Spoke to executives, got escalated to managers, raised tickets, followed up repeatedly.

Every single time: ""We'll look into it,"" ""It's being processed,"" ""Wait 24-48 hours."" It's been over a week with my request just sitting there. No updates. No action. Nothing.

Why I'm posting this:

I've since spoken to other creators, and I'm not alone. This is happening to hundreds of creators. Myntra is using a systematic approach - get creators to generate sales, then indefinitely delay payments through ""KYC issues"" hoping people will just give up.

This isn't a small startup making mistakes. This is Myntra - owned by Flipkart, backed by Walmart. They have the resources. They're choosing not to pay.

I'm genuinely hurt because I trusted them. I recommended products to my audience in good faith. I put in genuine effort. And now I feel like I was just... used.

What I'm asking from you:

I've finally decided to speak up publicly on Twitter. I know it's a long shot, but sometimes social media pressure is the only thing that works in India.

🔗 My Twitter thread: https://x.com/i/status/2012518177024905426

If you have a few seconds, could you:

1) Retweet the thread so it reaches more people

2) Comment sharing your own experience if you've faced something similar

3) Advice me about what steps I can further take to get my money back

I'm not looking for sympathy - I just want what I rightfully earned. And I want to warn other creators before they waste their time and trust on this program.

To other creators: Please be careful with affiliate programs. Get everything in writing. Document everything. Don't trust big brand names blindly like I did.

I'm genuinely tired of being polite and patient. I did my part. They need to do theirs.

If you've read this far, thank you. It means a lot. ❤️

TL;DR: Myntra's Glam Clan program is scamming creators. Generated ₹92.5K for them, they're refusing to pay my ₹7,400 commission through fake KYC delays. Called customer care 19 times with zero help. This is happening to hundreds of creators. Please help amplify my Twitter thread so they're forced to respond and suggest me further steps I can take against them legally.

Please retweet my post and tag Myntra support, this would help me out a lot","coupon_rewards, delivery, product_quality, customer_service",https://www.reddit.com/r/MyntraSucks/comments/1qh1zt5/myntra_is_systematically_scamming_hundreds_of/,customer_service,cancellation_refund; product_discovery,0.95,True
comment,MyntraSucks,t3_1qh1zt5,o0mkl6w,t3_1qh1zt5,,3,,,"They still didn’t help right?
I knew it.","Myntra is systematically scamming hundreds of customers through their ""Glam Clan"" program - they owe me ₹7,400+ and refuse to pay. Please help me amplify this. Hey everyone,

I'm writing this because I'm genuinely frustrated and heartbroken, and I need your support. I never thought I'd be making a post like this, but here we are.

What happened:

A few months ago, I joined Myntra's ""Glam Clan"" affiliate program. I was genuinely excited - a legitimate company, decent commission structure (8%), and a chance to earn while creating content. I put in the work:

1)Created professional Canva dashboards to showcase products

2) Promoted across all my social media platforms

3) Spent my own time and resources on marketing

4) Generated ₹92,500 in revenue for Myntra

5) Sold 408 products

Drove 4,200+ people to their platform through my links

The result?

Myntra has been deliberately stalling my KYC verification for weeks now. My commission of ₹7,400+ is stuck, and they're giving me the runaround. I've called their customer care 19 times - yes, NINETEEN times. Spoke to executives, got escalated to managers, raised tickets, followed up repeatedly.

Every single time: ""We'll look into it,"" ""It's being processed,"" ""Wait 24-48 hours."" It's been over a week with my request just sitting there. No updates. No action. Nothing.

Why I'm posting this:

I've since spoken to other creators, and I'm not alone. This is happening to hundreds of creators. Myntra is using a systematic approach - get creators to generate sales, then indefinitely delay payments through ""KYC issues"" hoping people will just give up.

This isn't a small startup making mistakes. This is Myntra - owned by Flipkart, backed by Walmart. They have the resources. They're choosing not to pay.

I'm genuinely hurt because I trusted them. I recommended products to my audience in good faith. I put in genuine effort. And now I feel like I was just... used.

What I'm asking from you:

I've finally decided to speak up publicly on Twitter. I know it's a long shot, but sometimes social media pressure is the only thing that works in India.

🔗 My Twitter thread: https://x.com/i/status/2012518177024905426

If you have a few seconds, could you:

1) Retweet the thread so it reaches more people

2) Comment sharing your own experience if you've faced something similar

3) Advice me about what steps I can further take to get my money back

I'm not looking for sympathy - I just want what I rightfully earned. And I want to warn other creators before they waste their time and trust on this program.

To other creators: Please be careful with affiliate programs. Get everything in writing. Document everything. Don't trust big brand names blindly like I did.

I'm genuinely tired of being polite and patient. I did my part. They need to do theirs.

If you've read this far, thank you. It means a lot. ❤️

TL;DR: Myntra's Glam Clan program is scamming creators. Generated ₹92.5K for them, they're refusing to pay my ₹7,400 commission through fake KYC delays. Called customer care 19 times with zero help. This is happening to hundreds of creators. Please help amplify my Twitter thread so they're forced to respond and suggest me further steps I can take against them legally.

Please retweet my post and tag Myntra support, this would help me out a lot","coupon_rewards, delivery, product_quality, customer_service",,customer_service,cancellation_refund; product_discovery,0.95,True
comment,MyntraSucks,t3_1qh1zt5,o0mldah,t1_o0mkl6w,,1,,,"Nope.
Just going to leave this and focus on more important things now, also never buying anything from them ever again","Myntra is systematically scamming hundreds of customers through their ""Glam Clan"" program - they owe me ₹7,400+ and refuse to pay. Please help me amplify this. Hey everyone,

I'm writing this because I'm genuinely frustrated and heartbroken, and I need your support. I never thought I'd be making a post like this, but here we are.

What happened:

A few months ago, I joined Myntra's ""Glam Clan"" affiliate program. I was genuinely excited - a legitimate company, decent commission structure (8%), and a chance to earn while creating content. I put in the work:

1)Created professional Canva dashboards to showcase products

2) Promoted across all my social media platforms

3) Spent my own time and resources on marketing

4) Generated ₹92,500 in revenue for Myntra

5) Sold 408 products

Drove 4,200+ people to their platform through my links

The result?

Myntra has been deliberately stalling my KYC verification for weeks now. My commission of ₹7,400+ is stuck, and they're giving me the runaround. I've called their customer care 19 times - yes, NINETEEN times. Spoke to executives, got escalated to managers, raised tickets, followed up repeatedly.

Every single time: ""We'll look into it,"" ""It's being processed,"" ""Wait 24-48 hours."" It's been over a week with my request just sitting there. No updates. No action. Nothing.

Why I'm posting this:

I've since spoken to other creators, and I'm not alone. This is happening to hundreds of creators. Myntra is using a systematic approach - get creators to generate sales, then indefinitely delay payments through ""KYC issues"" hoping people will just give up.

This isn't a small startup making mistakes. This is Myntra - owned by Flipkart, backed by Walmart. They have the resources. They're choosing not to pay.

I'm genuinely hurt because I trusted them. I recommended products to my audience in good faith. I put in genuine effort. And now I feel like I was just... used.

What I'm asking from you:

I've finally decided to speak up publicly on Twitter. I know it's a long shot, but sometimes social media pressure is the only thing that works in India.

🔗 My Twitter thread: https://x.com/i/status/2012518177024905426

If you have a few seconds, could you:

1) Retweet the thread so it reaches more people

2) Comment sharing your own experience if you've faced something similar

3) Advice me about what steps I can further take to get my money back

I'm not looking for sympathy - I just want what I rightfully earned. And I want to warn other creators before they waste their time and trust on this program.

To other creators: Please be careful with affiliate programs. Get everything in writing. Document everything. Don't trust big brand names blindly like I did.

I'm genuinely tired of being polite and patient. I did my part. They need to do theirs.

If you've read this far, thank you. It means a lot. ❤️

TL;DR: Myntra's Glam Clan program is scamming creators. Generated ₹92.5K for them, they're refusing to pay my ₹7,400 commission through fake KYC delays. Called customer care 19 times with zero help. This is happening to hundreds of creators. Please help amplify my Twitter thread so they're forced to respond and suggest me further steps I can take against them legally.

Please retweet my post and tag Myntra support, this would help me out a lot","coupon_rewards, delivery, purchase_intent, product_quality, customer_service",,customer_service,cancellation_refund; product_discovery,0.95,True
comment,MyntraSucks,t3_1qh1zt5,o0kvby1,t3_1qh1zt5,,2,,,"https://preview.redd.it/cucal0bfheeg1.png?width=1080&format=png&auto=webp&s=c3946504660b14457a080954423986cc47b499c6

They have closed my ticket without any resolution after running behind them for days!!!! Truly the worst customer service. I request you all to please engage on my below post, I really am devastated [https://x.com/i/status/2013409686012477759](https://x.com/i/status/2013409686012477759)","Myntra is systematically scamming hundreds of customers through their ""Glam Clan"" program - they owe me ₹7,400+ and refuse to pay. Please help me amplify this. Hey everyone,

I'm writing this because I'm genuinely frustrated and heartbroken, and I need your support. I never thought I'd be making a post like this, but here we are.

What happened:

A few months ago, I joined Myntra's ""Glam Clan"" affiliate program. I was genuinely excited - a legitimate company, decent commission structure (8%), and a chance to earn while creating content. I put in the work:

1)Created professional Canva dashboards to showcase products

2) Promoted across all my social media platforms

3) Spent my own time and resources on marketing

4) Generated ₹92,500 in revenue for Myntra

5) Sold 408 products

Drove 4,200+ people to their platform through my links

The result?

Myntra has been deliberately stalling my KYC verification for weeks now. My commission of ₹7,400+ is stuck, and they're giving me the runaround. I've called their customer care 19 times - yes, NINETEEN times. Spoke to executives, got escalated to managers, raised tickets, followed up repeatedly.

Every single time: ""We'll look into it,"" ""It's being processed,"" ""Wait 24-48 hours."" It's been over a week with my request just sitting there. No updates. No action. Nothing.

Why I'm posting this:

I've since spoken to other creators, and I'm not alone. This is happening to hundreds of creators. Myntra is using a systematic approach - get creators to generate sales, then indefinitely delay payments through ""KYC issues"" hoping people will just give up.

This isn't a small startup making mistakes. This is Myntra - owned by Flipkart, backed by Walmart. They have the resources. They're choosing not to pay.

I'm genuinely hurt because I trusted them. I recommended products to my audience in good faith. I put in genuine effort. And now I feel like I was just... used.

What I'm asking from you:

I've finally decided to speak up publicly on Twitter. I know it's a long shot, but sometimes social media pressure is the only thing that works in India.

🔗 My Twitter thread: https://x.com/i/status/2012518177024905426

If you have a few seconds, could you:

1) Retweet the thread so it reaches more people

2) Comment sharing your own experience if you've faced something similar

3) Advice me about what steps I can further take to get my money back

I'm not looking for sympathy - I just want what I rightfully earned. And I want to warn other creators before they waste their time and trust on this program.

To other creators: Please be careful with affiliate programs. Get everything in writing. Document everything. Don't trust big brand names blindly like I did.

I'm genuinely tired of being polite and patient. I did my part. They need to do theirs.

If you've read this far, thank you. It means a lot. ❤️

TL;DR: Myntra's Glam Clan program is scamming creators. Generated ₹92.5K for them, they're refusing to pay my ₹7,400 commission through fake KYC delays. Called customer care 19 times with zero help. This is happening to hundreds of creators. Please help amplify my Twitter thread so they're forced to respond and suggest me further steps I can take against them legally.

Please retweet my post and tag Myntra support, this would help me out a lot","coupon_rewards, delivery, product_quality, customer_service",,customer_service,cancellation_refund; product_discovery,0.95,True
comment,MyntraSucks,t3_1qh1zt5,o0t8noc,t3_1qh1zt5,,2,,,Posting on r/LegalAdviceIndia and staying connected with the other creators for a possible lawsuit might be helpful. Don't hesitate to take legal remedy for the money that you have rightfully earned. These big corporations need to be reprimanded properly. Good luck,"Myntra is systematically scamming hundreds of customers through their ""Glam Clan"" program - they owe me ₹7,400+ and refuse to pay. Please help me amplify this. Hey everyone,

I'm writing this because I'm genuinely frustrated and heartbroken, and I need your support. I never thought I'd be making a post like this, but here we are.

What happened:

A few months ago, I joined Myntra's ""Glam Clan"" affiliate program. I was genuinely excited - a legitimate company, decent commission structure (8%), and a chance to earn while creating content. I put in the work:

1)Created professional Canva dashboards to showcase products

2) Promoted across all my social media platforms

3) Spent my own time and resources on marketing

4) Generated ₹92,500 in revenue for Myntra

5) Sold 408 products

Drove 4,200+ people to their platform through my links

The result?

Myntra has been deliberately stalling my KYC verification for weeks now. My commission of ₹7,400+ is stuck, and they're giving me the runaround. I've called their customer care 19 times - yes, NINETEEN times. Spoke to executives, got escalated to managers, raised tickets, followed up repeatedly.

Every single time: ""We'll look into it,"" ""It's being processed,"" ""Wait 24-48 hours."" It's been over a week with my request just sitting there. No updates. No action. Nothing.

Why I'm posting this:

I've since spoken to other creators, and I'm not alone. This is happening to hundreds of creators. Myntra is using a systematic approach - get creators to generate sales, then indefinitely delay payments through ""KYC issues"" hoping people will just give up.

This isn't a small startup making mistakes. This is Myntra - owned by Flipkart, backed by Walmart. They have the resources. They're choosing not to pay.

I'm genuinely hurt because I trusted them. I recommended products to my audience in good faith. I put in genuine effort. And now I feel like I was just... used.

What I'm asking from you:

I've finally decided to speak up publicly on Twitter. I know it's a long shot, but sometimes social media pressure is the only thing that works in India.

🔗 My Twitter thread: https://x.com/i/status/2012518177024905426

If you have a few seconds, could you:

1) Retweet the thread so it reaches more people

2) Comment sharing your own experience if you've faced something similar

3) Advice me about what steps I can further take to get my money back

I'm not looking for sympathy - I just want what I rightfully earned. And I want to warn other creators before they waste their time and trust on this program.

To other creators: Please be careful with affiliate programs. Get everything in writing. Document everything. Don't trust big brand names blindly like I did.

I'm genuinely tired of being polite and patient. I did my part. They need to do theirs.

If you've read this far, thank you. It means a lot. ❤️

TL;DR: Myntra's Glam Clan program is scamming creators. Generated ₹92.5K for them, they're refusing to pay my ₹7,400 commission through fake KYC delays. Called customer care 19 times with zero help. This is happening to hundreds of creators. Please help amplify my Twitter thread so they're forced to respond and suggest me further steps I can take against them legally.

Please retweet my post and tag Myntra support, this would help me out a lot","coupon_rewards, delivery, product_quality, customer_service",,customer_service,cancellation_refund; product_discovery,0.95,True
comment,MyntraSucks,t3_1qh1zt5,o0mlf26,t3_1qh1zt5,,1,,,"Even my kyc verification is stuck, they owe me 2400 and are not paying","Myntra is systematically scamming hundreds of customers through their ""Glam Clan"" program - they owe me ₹7,400+ and refuse to pay. Please help me amplify this. Hey everyone,

I'm writing this because I'm genuinely frustrated and heartbroken, and I need your support. I never thought I'd be making a post like this, but here we are.

What happened:

A few months ago, I joined Myntra's ""Glam Clan"" affiliate program. I was genuinely excited - a legitimate company, decent commission structure (8%), and a chance to earn while creating content. I put in the work:

1)Created professional Canva dashboards to showcase products

2) Promoted across all my social media platforms

3) Spent my own time and resources on marketing

4) Generated ₹92,500 in revenue for Myntra

5) Sold 408 products

Drove 4,200+ people to their platform through my links

The result?

Myntra has been deliberately stalling my KYC verification for weeks now. My commission of ₹7,400+ is stuck, and they're giving me the runaround. I've called their customer care 19 times - yes, NINETEEN times. Spoke to executives, got escalated to managers, raised tickets, followed up repeatedly.

Every single time: ""We'll look into it,"" ""It's being processed,"" ""Wait 24-48 hours."" It's been over a week with my request just sitting there. No updates. No action. Nothing.

Why I'm posting this:

I've since spoken to other creators, and I'm not alone. This is happening to hundreds of creators. Myntra is using a systematic approach - get creators to generate sales, then indefinitely delay payments through ""KYC issues"" hoping people will just give up.

This isn't a small startup making mistakes. This is Myntra - owned by Flipkart, backed by Walmart. They have the resources. They're choosing not to pay.

I'm genuinely hurt because I trusted them. I recommended products to my audience in good faith. I put in genuine effort. And now I feel like I was just... used.

What I'm asking from you:

I've finally decided to speak up publicly on Twitter. I know it's a long shot, but sometimes social media pressure is the only thing that works in India.

🔗 My Twitter thread: https://x.com/i/status/2012518177024905426

If you have a few seconds, could you:

1) Retweet the thread so it reaches more people

2) Comment sharing your own experience if you've faced something similar

3) Advice me about what steps I can further take to get my money back

I'm not looking for sympathy - I just want what I rightfully earned. And I want to warn other creators before they waste their time and trust on this program.

To other creators: Please be careful with affiliate programs. Get everything in writing. Document everything. Don't trust big brand names blindly like I did.

I'm genuinely tired of being polite and patient. I did my part. They need to do theirs.

If you've read this far, thank you. It means a lot. ❤️

TL;DR: Myntra's Glam Clan program is scamming creators. Generated ₹92.5K for them, they're refusing to pay my ₹7,400 commission through fake KYC delays. Called customer care 19 times with zero help. This is happening to hundreds of creators. Please help amplify my Twitter thread so they're forced to respond and suggest me further steps I can take against them legally.

Please retweet my post and tag Myntra support, this would help me out a lot","coupon_rewards, delivery, product_quality, customer_service",,customer_service,cancellation_refund; product_discovery,0.95,True
comment,MyntraSucks,t3_1qh1zt5,o0mlznd,t1_o0mlf26,,1,,,"They won't be paying, atleast that's what I've understood so far. Since when is your KYC stuck though?","Myntra is systematically scamming hundreds of customers through their ""Glam Clan"" program - they owe me ₹7,400+ and refuse to pay. Please help me amplify this. Hey everyone,

I'm writing this because I'm genuinely frustrated and heartbroken, and I need your support. I never thought I'd be making a post like this, but here we are.

What happened:

A few months ago, I joined Myntra's ""Glam Clan"" affiliate program. I was genuinely excited - a legitimate company, decent commission structure (8%), and a chance to earn while creating content. I put in the work:

1)Created professional Canva dashboards to showcase products

2) Promoted across all my social media platforms

3) Spent my own time and resources on marketing

4) Generated ₹92,500 in revenue for Myntra

5) Sold 408 products

Drove 4,200+ people to their platform through my links

The result?

Myntra has been deliberately stalling my KYC verification for weeks now. My commission of ₹7,400+ is stuck, and they're giving me the runaround. I've called their customer care 19 times - yes, NINETEEN times. Spoke to executives, got escalated to managers, raised tickets, followed up repeatedly.

Every single time: ""We'll look into it,"" ""It's being processed,"" ""Wait 24-48 hours."" It's been over a week with my request just sitting there. No updates. No action. Nothing.

Why I'm posting this:

I've since spoken to other creators, and I'm not alone. This is happening to hundreds of creators. Myntra is using a systematic approach - get creators to generate sales, then indefinitely delay payments through ""KYC issues"" hoping people will just give up.

This isn't a small startup making mistakes. This is Myntra - owned by Flipkart, backed by Walmart. They have the resources. They're choosing not to pay.

I'm genuinely hurt because I trusted them. I recommended products to my audience in good faith. I put in genuine effort. And now I feel like I was just... used.

What I'm asking from you:

I've finally decided to speak up publicly on Twitter. I know it's a long shot, but sometimes social media pressure is the only thing that works in India.

🔗 My Twitter thread: https://x.com/i/status/2012518177024905426

If you have a few seconds, could you:

1) Retweet the thread so it reaches more people

2) Comment sharing your own experience if you've faced something similar

3) Advice me about what steps I can further take to get my money back

I'm not looking for sympathy - I just want what I rightfully earned. And I want to warn other creators before they waste their time and trust on this program.

To other creators: Please be careful with affiliate programs. Get everything in writing. Document everything. Don't trust big brand names blindly like I did.

I'm genuinely tired of being polite and patient. I did my part. They need to do theirs.

If you've read this far, thank you. It means a lot. ❤️

TL;DR: Myntra's Glam Clan program is scamming creators. Generated ₹92.5K for them, they're refusing to pay my ₹7,400 commission through fake KYC delays. Called customer care 19 times with zero help. This is happening to hundreds of creators. Please help amplify my Twitter thread so they're forced to respond and suggest me further steps I can take against them legally.

Please retweet my post and tag Myntra support, this would help me out a lot","coupon_rewards, delivery, product_quality, customer_service",,customer_service,cancellation_refund; product_discovery,0.95,True
comment,MyntraSucks,t3_1qh1zt5,o0mwkzk,t1_o0mlznd,,1,,,"Nov 2025, they just keep pushing that kyc thing ahead and ahead. Are they even going to pay?","Myntra is systematically scamming hundreds of customers through their ""Glam Clan"" program - they owe me ₹7,400+ and refuse to pay. Please help me amplify this. Hey everyone,

I'm writing this because I'm genuinely frustrated and heartbroken, and I need your support. I never thought I'd be making a post like this, but here we are.

What happened:

A few months ago, I joined Myntra's ""Glam Clan"" affiliate program. I was genuinely excited - a legitimate company, decent commission structure (8%), and a chance to earn while creating content. I put in the work:

1)Created professional Canva dashboards to showcase products

2) Promoted across all my social media platforms

3) Spent my own time and resources on marketing

4) Generated ₹92,500 in revenue for Myntra

5) Sold 408 products

Drove 4,200+ people to their platform through my links

The result?

Myntra has been deliberately stalling my KYC verification for weeks now. My commission of ₹7,400+ is stuck, and they're giving me the runaround. I've called their customer care 19 times - yes, NINETEEN times. Spoke to executives, got escalated to managers, raised tickets, followed up repeatedly.

Every single time: ""We'll look into it,"" ""It's being processed,"" ""Wait 24-48 hours."" It's been over a week with my request just sitting there. No updates. No action. Nothing.

Why I'm posting this:

I've since spoken to other creators, and I'm not alone. This is happening to hundreds of creators. Myntra is using a systematic approach - get creators to generate sales, then indefinitely delay payments through ""KYC issues"" hoping people will just give up.

This isn't a small startup making mistakes. This is Myntra - owned by Flipkart, backed by Walmart. They have the resources. They're choosing not to pay.

I'm genuinely hurt because I trusted them. I recommended products to my audience in good faith. I put in genuine effort. And now I feel like I was just... used.

What I'm asking from you:

I've finally decided to speak up publicly on Twitter. I know it's a long shot, but sometimes social media pressure is the only thing that works in India.

🔗 My Twitter thread: https://x.com/i/status/2012518177024905426

If you have a few seconds, could you:

1) Retweet the thread so it reaches more people

2) Comment sharing your own experience if you've faced something similar

3) Advice me about what steps I can further take to get my money back

I'm not looking for sympathy - I just want what I rightfully earned. And I want to warn other creators before they waste their time and trust on this program.

To other creators: Please be careful with affiliate programs. Get everything in writing. Document everything. Don't trust big brand names blindly like I did.

I'm genuinely tired of being polite and patient. I did my part. They need to do theirs.

If you've read this far, thank you. It means a lot. ❤️

TL;DR: Myntra's Glam Clan program is scamming creators. Generated ₹92.5K for them, they're refusing to pay my ₹7,400 commission through fake KYC delays. Called customer care 19 times with zero help. This is happening to hundreds of creators. Please help amplify my Twitter thread so they're forced to respond and suggest me further steps I can take against them legally.

Please retweet my post and tag Myntra support, this would help me out a lot","coupon_rewards, delivery, product_quality, customer_service",,customer_service,cancellation_refund; product_discovery,0.95,True
comment,MyntraSucks,t3_1qh1zt5,o0mx9im,t1_o0mwkzk,,1,,,November??? They have been postponing it to 15th and 30th right?,"Myntra is systematically scamming hundreds of customers through their ""Glam Clan"" program - they owe me ₹7,400+ and refuse to pay. Please help me amplify this. Hey everyone,

I'm writing this because I'm genuinely frustrated and heartbroken, and I need your support. I never thought I'd be making a post like this, but here we are.

What happened:

A few months ago, I joined Myntra's ""Glam Clan"" affiliate program. I was genuinely excited - a legitimate company, decent commission structure (8%), and a chance to earn while creating content. I put in the work:

1)Created professional Canva dashboards to showcase products

2) Promoted across all my social media platforms

3) Spent my own time and resources on marketing

4) Generated ₹92,500 in revenue for Myntra

5) Sold 408 products

Drove 4,200+ people to their platform through my links

The result?

Myntra has been deliberately stalling my KYC verification for weeks now. My commission of ₹7,400+ is stuck, and they're giving me the runaround. I've called their customer care 19 times - yes, NINETEEN times. Spoke to executives, got escalated to managers, raised tickets, followed up repeatedly.

Every single time: ""We'll look into it,"" ""It's being processed,"" ""Wait 24-48 hours."" It's been over a week with my request just sitting there. No updates. No action. Nothing.

Why I'm posting this:

I've since spoken to other creators, and I'm not alone. This is happening to hundreds of creators. Myntra is using a systematic approach - get creators to generate sales, then indefinitely delay payments through ""KYC issues"" hoping people will just give up.

This isn't a small startup making mistakes. This is Myntra - owned by Flipkart, backed by Walmart. They have the resources. They're choosing not to pay.

I'm genuinely hurt because I trusted them. I recommended products to my audience in good faith. I put in genuine effort. And now I feel like I was just... used.

What I'm asking from you:

I've finally decided to speak up publicly on Twitter. I know it's a long shot, but sometimes social media pressure is the only thing that works in India.

🔗 My Twitter thread: https://x.com/i/status/2012518177024905426

If you have a few seconds, could you:

1) Retweet the thread so it reaches more people

2) Comment sharing your own experience if you've faced something similar

3) Advice me about what steps I can further take to get my money back

I'm not looking for sympathy - I just want what I rightfully earned. And I want to warn other creators before they waste their time and trust on this program.

To other creators: Please be careful with affiliate programs. Get everything in writing. Document everything. Don't trust big brand names blindly like I did.

I'm genuinely tired of being polite and patient. I did my part. They need to do theirs.

If you've read this far, thank you. It means a lot. ❤️

TL;DR: Myntra's Glam Clan program is scamming creators. Generated ₹92.5K for them, they're refusing to pay my ₹7,400 commission through fake KYC delays. Called customer care 19 times with zero help. This is happening to hundreds of creators. Please help amplify my Twitter thread so they're forced to respond and suggest me further steps I can take against them legally.

Please retweet my post and tag Myntra support, this would help me out a lot","coupon_rewards, delivery, product_quality, customer_service",,customer_service,cancellation_refund; product_discovery,0.95,True
comment,MyntraSucks,t3_1qh1zt5,o0nb15g,t1_o0mx9im,,1,,,"Yes they are, so are we going to get paid or no?😭","Myntra is systematically scamming hundreds of customers through their ""Glam Clan"" program - they owe me ₹7,400+ and refuse to pay. Please help me amplify this. Hey everyone,

I'm writing this because I'm genuinely frustrated and heartbroken, and I need your support. I never thought I'd be making a post like this, but here we are.

What happened:

A few months ago, I joined Myntra's ""Glam Clan"" affiliate program. I was genuinely excited - a legitimate company, decent commission structure (8%), and a chance to earn while creating content. I put in the work:

1)Created professional Canva dashboards to showcase products

2) Promoted across all my social media platforms

3) Spent my own time and resources on marketing

4) Generated ₹92,500 in revenue for Myntra

5) Sold 408 products

Drove 4,200+ people to their platform through my links

The result?

Myntra has been deliberately stalling my KYC verification for weeks now. My commission of ₹7,400+ is stuck, and they're giving me the runaround. I've called their customer care 19 times - yes, NINETEEN times. Spoke to executives, got escalated to managers, raised tickets, followed up repeatedly.

Every single time: ""We'll look into it,"" ""It's being processed,"" ""Wait 24-48 hours."" It's been over a week with my request just sitting there. No updates. No action. Nothing.

Why I'm posting this:

I've since spoken to other creators, and I'm not alone. This is happening to hundreds of creators. Myntra is using a systematic approach - get creators to generate sales, then indefinitely delay payments through ""KYC issues"" hoping people will just give up.

This isn't a small startup making mistakes. This is Myntra - owned by Flipkart, backed by Walmart. They have the resources. They're choosing not to pay.

I'm genuinely hurt because I trusted them. I recommended products to my audience in good faith. I put in genuine effort. And now I feel like I was just... used.

What I'm asking from you:

I've finally decided to speak up publicly on Twitter. I know it's a long shot, but sometimes social media pressure is the only thing that works in India.

🔗 My Twitter thread: https://x.com/i/status/2012518177024905426

If you have a few seconds, could you:

1) Retweet the thread so it reaches more people

2) Comment sharing your own experience if you've faced something similar

3) Advice me about what steps I can further take to get my money back

I'm not looking for sympathy - I just want what I rightfully earned. And I want to warn other creators before they waste their time and trust on this program.

To other creators: Please be careful with affiliate programs. Get everything in writing. Document everything. Don't trust big brand names blindly like I did.

I'm genuinely tired of being polite and patient. I did my part. They need to do theirs.

If you've read this far, thank you. It means a lot. ❤️

TL;DR: Myntra's Glam Clan program is scamming creators. Generated ₹92.5K for them, they're refusing to pay my ₹7,400 commission through fake KYC delays. Called customer care 19 times with zero help. This is happening to hundreds of creators. Please help amplify my Twitter thread so they're forced to respond and suggest me further steps I can take against them legally.

Please retweet my post and tag Myntra support, this would help me out a lot","coupon_rewards, delivery, product_quality, customer_service",,customer_service,cancellation_refund; product_discovery,0.95,True
comment,MyntraSucks,t3_1qh1zt5,o0nn420,t1_o0nb15g,,1,,,Nope,"Myntra is systematically scamming hundreds of customers through their ""Glam Clan"" program - they owe me ₹7,400+ and refuse to pay. Please help me amplify this. Hey everyone,

I'm writing this because I'm genuinely frustrated and heartbroken, and I need your support. I never thought I'd be making a post like this, but here we are.

What happened:

A few months ago, I joined Myntra's ""Glam Clan"" affiliate program. I was genuinely excited - a legitimate company, decent commission structure (8%), and a chance to earn while creating content. I put in the work:

1)Created professional Canva dashboards to showcase products

2) Promoted across all my social media platforms

3) Spent my own time and resources on marketing

4) Generated ₹92,500 in revenue for Myntra

5) Sold 408 products

Drove 4,200+ people to their platform through my links

The result?

Myntra has been deliberately stalling my KYC verification for weeks now. My commission of ₹7,400+ is stuck, and they're giving me the runaround. I've called their customer care 19 times - yes, NINETEEN times. Spoke to executives, got escalated to managers, raised tickets, followed up repeatedly.

Every single time: ""We'll look into it,"" ""It's being processed,"" ""Wait 24-48 hours."" It's been over a week with my request just sitting there. No updates. No action. Nothing.

Why I'm posting this:

I've since spoken to other creators, and I'm not alone. This is happening to hundreds of creators. Myntra is using a systematic approach - get creators to generate sales, then indefinitely delay payments through ""KYC issues"" hoping people will just give up.

This isn't a small startup making mistakes. This is Myntra - owned by Flipkart, backed by Walmart. They have the resources. They're choosing not to pay.

I'm genuinely hurt because I trusted them. I recommended products to my audience in good faith. I put in genuine effort. And now I feel like I was just... used.

What I'm asking from you:

I've finally decided to speak up publicly on Twitter. I know it's a long shot, but sometimes social media pressure is the only thing that works in India.

🔗 My Twitter thread: https://x.com/i/status/2012518177024905426

If you have a few seconds, could you:

1) Retweet the thread so it reaches more people

2) Comment sharing your own experience if you've faced something similar

3) Advice me about what steps I can further take to get my money back

I'm not looking for sympathy - I just want what I rightfully earned. And I want to warn other creators before they waste their time and trust on this program.

To other creators: Please be careful with affiliate programs. Get everything in writing. Document everything. Don't trust big brand names blindly like I did.

I'm genuinely tired of being polite and patient. I did my part. They need to do theirs.

If you've read this far, thank you. It means a lot. ❤️

TL;DR: Myntra's Glam Clan program is scamming creators. Generated ₹92.5K for them, they're refusing to pay my ₹7,400 commission through fake KYC delays. Called customer care 19 times with zero help. This is happening to hundreds of creators. Please help amplify my Twitter thread so they're forced to respond and suggest me further steps I can take against them legally.

Please retweet my post and tag Myntra support, this would help me out a lot","coupon_rewards, delivery, product_quality, customer_service",,customer_service,cancellation_refund; product_discovery,0.95,True
comment,MyntraSucks,t3_1qh1zt5,oy08if6,t1_o0nb15g,,1,,,What happened have they paid yet ,"Myntra is systematically scamming hundreds of customers through their ""Glam Clan"" program - they owe me ₹7,400+ and refuse to pay. Please help me amplify this. Hey everyone,

I'm writing this because I'm genuinely frustrated and heartbroken, and I need your support. I never thought I'd be making a post like this, but here we are.

What happened:

A few months ago, I joined Myntra's ""Glam Clan"" affiliate program. I was genuinely excited - a legitimate company, decent commission structure (8%), and a chance to earn while creating content. I put in the work:

1)Created professional Canva dashboards to showcase products

2) Promoted across all my social media platforms

3) Spent my own time and resources on marketing

4) Generated ₹92,500 in revenue for Myntra

5) Sold 408 products

Drove 4,200+ people to their platform through my links

The result?

Myntra has been deliberately stalling my KYC verification for weeks now. My commission of ₹7,400+ is stuck, and they're giving me the runaround. I've called their customer care 19 times - yes, NINETEEN times. Spoke to executives, got escalated to managers, raised tickets, followed up repeatedly.

Every single time: ""We'll look into it,"" ""It's being processed,"" ""Wait 24-48 hours."" It's been over a week with my request just sitting there. No updates. No action. Nothing.

Why I'm posting this:

I've since spoken to other creators, and I'm not alone. This is happening to hundreds of creators. Myntra is using a systematic approach - get creators to generate sales, then indefinitely delay payments through ""KYC issues"" hoping people will just give up.

This isn't a small startup making mistakes. This is Myntra - owned by Flipkart, backed by Walmart. They have the resources. They're choosing not to pay.

I'm genuinely hurt because I trusted them. I recommended products to my audience in good faith. I put in genuine effort. And now I feel like I was just... used.

What I'm asking from you:

I've finally decided to speak up publicly on Twitter. I know it's a long shot, but sometimes social media pressure is the only thing that works in India.

🔗 My Twitter thread: https://x.com/i/status/2012518177024905426

If you have a few seconds, could you:

1) Retweet the thread so it reaches more people

2) Comment sharing your own experience if you've faced something similar

3) Advice me about what steps I can further take to get my money back

I'm not looking for sympathy - I just want what I rightfully earned. And I want to warn other creators before they waste their time and trust on this program.

To other creators: Please be careful with affiliate programs. Get everything in writing. Document everything. Don't trust big brand names blindly like I did.

I'm genuinely tired of being polite and patient. I did my part. They need to do theirs.

If you've read this far, thank you. It means a lot. ❤️

TL;DR: Myntra's Glam Clan program is scamming creators. Generated ₹92.5K for them, they're refusing to pay my ₹7,400 commission through fake KYC delays. Called customer care 19 times with zero help. This is happening to hundreds of creators. Please help amplify my Twitter thread so they're forced to respond and suggest me further steps I can take against them legally.

Please retweet my post and tag Myntra support, this would help me out a lot","coupon_rewards, delivery, product_quality, customer_service",,customer_service,cancellation_refund; product_discovery,0.95,True
comment,MyntraSucks,t3_1qh1zt5,oy0wy5r,t1_oy08if6,,1,,,"Yes, they reduced the amount though and there is literally no transparency about it so we can’t do anything","Myntra is systematically scamming hundreds of customers through their ""Glam Clan"" program - they owe me ₹7,400+ and refuse to pay. Please help me amplify this. Hey everyone,

I'm writing this because I'm genuinely frustrated and heartbroken, and I need your support. I never thought I'd be making a post like this, but here we are.

What happened:

A few months ago, I joined Myntra's ""Glam Clan"" affiliate program. I was genuinely excited - a legitimate company, decent commission structure (8%), and a chance to earn while creating content. I put in the work:

1)Created professional Canva dashboards to showcase products

2) Promoted across all my social media platforms

3) Spent my own time and resources on marketing

4) Generated ₹92,500 in revenue for Myntra

5) Sold 408 products

Drove 4,200+ people to their platform through my links

The result?

Myntra has been deliberately stalling my KYC verification for weeks now. My commission of ₹7,400+ is stuck, and they're giving me the runaround. I've called their customer care 19 times - yes, NINETEEN times. Spoke to executives, got escalated to managers, raised tickets, followed up repeatedly.

Every single time: ""We'll look into it,"" ""It's being processed,"" ""Wait 24-48 hours."" It's been over a week with my request just sitting there. No updates. No action. Nothing.

Why I'm posting this:

I've since spoken to other creators, and I'm not alone. This is happening to hundreds of creators. Myntra is using a systematic approach - get creators to generate sales, then indefinitely delay payments through ""KYC issues"" hoping people will just give up.

This isn't a small startup making mistakes. This is Myntra - owned by Flipkart, backed by Walmart. They have the resources. They're choosing not to pay.

I'm genuinely hurt because I trusted them. I recommended products to my audience in good faith. I put in genuine effort. And now I feel like I was just... used.

What I'm asking from you:

I've finally decided to speak up publicly on Twitter. I know it's a long shot, but sometimes social media pressure is the only thing that works in India.

🔗 My Twitter thread: https://x.com/i/status/2012518177024905426

If you have a few seconds, could you:

1) Retweet the thread so it reaches more people

2) Comment sharing your own experience if you've faced something similar

3) Advice me about what steps I can further take to get my money back

I'm not looking for sympathy - I just want what I rightfully earned. And I want to warn other creators before they waste their time and trust on this program.

To other creators: Please be careful with affiliate programs. Get everything in writing. Document everything. Don't trust big brand names blindly like I did.

I'm genuinely tired of being polite and patient. I did my part. They need to do theirs.

If you've read this far, thank you. It means a lot. ❤️

TL;DR: Myntra's Glam Clan program is scamming creators. Generated ₹92.5K for them, they're refusing to pay my ₹7,400 commission through fake KYC delays. Called customer care 19 times with zero help. This is happening to hundreds of creators. Please help amplify my Twitter thread so they're forced to respond and suggest me further steps I can take against them legally.

Please retweet my post and tag Myntra support, this would help me out a lot","coupon_rewards, delivery, product_quality, customer_service",,customer_service,cancellation_refund; product_discovery,0.95,True
comment,MyntraSucks,t3_1qh1zt5,p2w2l7j,t1_oy0wy5r,,1,,,Hii can u pls tell me how much time does Myntra take to update affiliate earnings on the Myntra affiliate dashboard if a lot of people have bought through your affiliate link ?,"Myntra is systematically scamming hundreds of customers through their ""Glam Clan"" program - they owe me ₹7,400+ and refuse to pay. Please help me amplify this. Hey everyone,

I'm writing this because I'm genuinely frustrated and heartbroken, and I need your support. I never thought I'd be making a post like this, but here we are.

What happened:

A few months ago, I joined Myntra's ""Glam Clan"" affiliate program. I was genuinely excited - a legitimate company, decent commission structure (8%), and a chance to earn while creating content. I put in the work:

1)Created professional Canva dashboards to showcase products

2) Promoted across all my social media platforms

3) Spent my own time and resources on marketing

4) Generated ₹92,500 in revenue for Myntra

5) Sold 408 products

Drove 4,200+ people to their platform through my links

The result?

Myntra has been deliberately stalling my KYC verification for weeks now. My commission of ₹7,400+ is stuck, and they're giving me the runaround. I've called their customer care 19 times - yes, NINETEEN times. Spoke to executives, got escalated to managers, raised tickets, followed up repeatedly.

Every single time: ""We'll look into it,"" ""It's being processed,"" ""Wait 24-48 hours."" It's been over a week with my request just sitting there. No updates. No action. Nothing.

Why I'm posting this:

I've since spoken to other creators, and I'm not alone. This is happening to hundreds of creators. Myntra is using a systematic approach - get creators to generate sales, then indefinitely delay payments through ""KYC issues"" hoping people will just give up.

This isn't a small startup making mistakes. This is Myntra - owned by Flipkart, backed by Walmart. They have the resources. They're choosing not to pay.

I'm genuinely hurt because I trusted them. I recommended products to my audience in good faith. I put in genuine effort. And now I feel like I was just... used.

What I'm asking from you:

I've finally decided to speak up publicly on Twitter. I know it's a long shot, but sometimes social media pressure is the only thing that works in India.

🔗 My Twitter thread: https://x.com/i/status/2012518177024905426

If you have a few seconds, could you:

1) Retweet the thread so it reaches more people

2) Comment sharing your own experience if you've faced something similar

3) Advice me about what steps I can further take to get my money back

I'm not looking for sympathy - I just want what I rightfully earned. And I want to warn other creators before they waste their time and trust on this program.

To other creators: Please be careful with affiliate programs. Get everything in writing. Document everything. Don't trust big brand names blindly like I did.

I'm genuinely tired of being polite and patient. I did my part. They need to do theirs.

If you've read this far, thank you. It means a lot. ❤️

TL;DR: Myntra's Glam Clan program is scamming creators. Generated ₹92.5K for them, they're refusing to pay my ₹7,400 commission through fake KYC delays. Called customer care 19 times with zero help. This is happening to hundreds of creators. Please help amplify my Twitter thread so they're forced to respond and suggest me further steps I can take against them legally.

Please retweet my post and tag Myntra support, this would help me out a lot","coupon_rewards, delivery, purchase_intent, product_quality, customer_service",,customer_service,cancellation_refund; product_discovery,0.95,True
post,,,t3_1puczf9,,2025-12-24T03:11:53.000Z,34,34.0,My orders are on the way Account disabled !!,Anyone who can help ?,My orders are on the way Account disabled !! Anyone who can help ?,,https://i.redd.it/6cryd4tyj29g1.jpeg,other,,0.00,False
comment,MyntraSucks,t3_1puczf9,nvo72xd,t3_1puczf9,,7,,,"Well nothing will happen. This exact thing happened with me too but for Flipkart.

 I never got my orders and on top of that someone used 1500 from my account's pay later when it was disabled and inaccessible to me. I tried very hard for one complete year, I spent hours trying to speak to the customer care through IVRs and sending reminders just to understand the ""security reason"" for my account being disabled without any notice. Whenever I got through the IVRs the customer care reps 's would tell me "" everything looks fine but we don't know why it has been disabled, let me raise a priority complaint with the backend team"" and that's it. Also no help regarding the undelivered products, they said it's in transit and will be delivered for sometime and then said they can't see any orders placed in my account.


While all of this was happening Flipkart payment team would call me everyday to ask for repayment and wouldn't hear that my account is disabled and I didn't use it. Also when I questioned how do I repay without access to my account they told me to visit IDFC first bank and told me a loan number against which I need to pay. Which Again I paid after being harrassed for 2 years and still it didn't show up and it's a different story where neither IDFC not FK took any accountability.

 4 years later, this year when I changed my phone; I by mistake typed in the phone number with which the account was disabled and voila! Its working again.

And most important thing the orders that I had placed worth 4.5k + were marked delivered and when I reached out to customer care that I haven't received them and that it's wrongly marked, there obvious response was "" we cannot do anything for a 4 year old order"" so I asked again why my account was disabled back then and guess what! The repnsaid ""No it was never disabled, I don't see any records of your account being disabled""  🤣

I cannot ever explain the trauma, frustration and helpless feeling I have felt to anyone.


TLDR: Flipkart disabled my account without notice, never delivered my orders, allowed Pay Later misuse, harassed me for repayment for years, took zero accountability, and later denied the account was ever disabled.",My orders are on the way Account disabled !! Anyone who can help ?,"delivery, purchase_intent, customer_service",,other,,0.00,False
comment,MyntraSucks,t3_1puczf9,nvpphi8,t1_nvo72xd,,3,,,"I know it's tough for you , but this is the saddest thing i have heard from a customer . 
Consumer courts are the last resort . 
Complain , escalate , do your thing . But yeah don't expect much from them too unless you can go all in and fight it for 3 to 4 years and spend an amount .",My orders are on the way Account disabled !! Anyone who can help ?,delivery,,other,,0.00,False
comment,MyntraSucks,t3_1puczf9,nvun0sz,t1_nvo72xd,,2,,,[removed],My orders are on the way Account disabled !! Anyone who can help ?,,,other,,0.00,False
comment,MyntraSucks,t3_1puczf9,nvpqqsf,t1_nvpphi8,,2,,,I did not want to spend money for this issue cos I did take a financial loss of almost 6k already which is a very large amount for me,My orders are on the way Account disabled !! Anyone who can help ?,,,other,,0.00,False
comment,MyntraSucks,t3_1puczf9,nvunka3,t1_nvun0sz,,1,,,I believe you!,My orders are on the way Account disabled !! Anyone who can help ?,,,other,,0.00,False
comment,MyntraSucks,t3_1puczf9,nvpqxuc,t1_nvpqqsf,,1,,,"Yeah ikr. 
That would ask more of your money time and resources .",My orders are on the way Account disabled !! Anyone who can help ?,,,other,,0.00,False
comment,MyntraSucks,t3_1puczf9,nvpu0s9,t1_nvpqxuc,,1,,,Yeah.,My orders are on the way Account disabled !! Anyone who can help ?,,,other,,0.00,False
comment,MyntraSucks,t3_1puczf9,nvnouoe,t3_1puczf9,,2,,,[removed],My orders are on the way Account disabled !! Anyone who can help ?,,,other,,0.00,False
comment,MyntraSucks,t3_1puczf9,nvnoyd9,t1_nvnouoe,,1,,,How ? I don't have any source,My orders are on the way Account disabled !! Anyone who can help ?,,,other,,0.00,False
comment,MyntraSucks,t3_1puczf9,nvo4qav,t1_nvnoyd9,,2,,,Email and Instagram,My orders are on the way Account disabled !! Anyone who can help ?,,,other,,0.00,False
comment,MyntraSucks,t3_1puczf9,nvo3hjl,t1_nvnoyd9,,1,,,😂😂😂😂,My orders are on the way Account disabled !! Anyone who can help ?,,,other,,0.00,False
comment,MyntraSucks,t3_1puczf9,nvobf0f,t1_nvo4qav,,0,,,Which email?,My orders are on the way Account disabled !! Anyone who can help ?,,,other,,0.00,False
comment,MyntraSucks,t3_1puczf9,nvocmlf,t1_nvobf0f,,1,,,You have logged in using an email right? Use that to contact their CS.,My orders are on the way Account disabled !! Anyone who can help ?,,,other,,0.00,False
comment,MyntraSucks,t3_1puczf9,nvopmw7,t1_nvocmlf,,0,,,lol. Myntras which email?,My orders are on the way Account disabled !! Anyone who can help ?,,,other,,0.00,False
comment,MyntraSucks,t3_1puczf9,nvose4o,t1_nvopmw7,,1,,,Their email for customer service. Google it.,My orders are on the way Account disabled !! Anyone who can help ?,customer_service,,other,,0.00,False
comment,MyntraSucks,t3_1puczf9,nvomjm6,t3_1puczf9,,1,,,Bro same my account also got deactivated today . I have emailed them let’s see what happens,My orders are on the way Account disabled !! Anyone who can help ?,,,other,,0.00,False
comment,MyntraSucks,t3_1puczf9,oape9bc,t1_nvomjm6,,1,,,Hi can you share the email id ,My orders are on the way Account disabled !! Anyone who can help ?,,,other,,0.00,False
comment,MyntraSucks,t3_1puczf9,nvxixrc,t3_1puczf9,,1,,,Happened with my myntra. Hours of phone calls and email exchanges and they were able to do nothing.,My orders are on the way Account disabled !! Anyone who can help ?,,,other,,0.50,True
comment,MyntraSucks,t3_1puczf9,oapea4z,t1_nvxixrc,,1,,,Hi can you share the number ,My orders are on the way Account disabled !! Anyone who can help ?,,,other,,0.00,False
post,,,t3_1vn21qp,,2026-08-13T05:45:36.000Z,1,1.0,15 days and not yet delivered,"These beaches just ragebait us like wtf
(Today is 13th August and not yet delivered)

I ordered a trimmer on 29th of July and I was expecting it to be delivered in a few days, they say there was a delivery attempted on 4th August but i recieved no call no message, just got a Truecaller notif of myntra delivery partner, and now that mf will show ss to company that he tried to contact me, thought he just dialed my number, dint let it ring.

I used my discount coupon worth around 200 250 so I don't want to cancel or reorder it

Fuk these bitces I m not using this shitty platform anymore, even if I get the same item cheaper

L customer care, chat and calls both are AI","15 days and not yet delivered These beaches just ragebait us like wtf
(Today is 13th August and not yet delivered)

I ordered a trimmer on 29th of July and I was expecting it to be delivered in a few days, they say there was a delivery attempted on 4th August but i recieved no call no message, just got a Truecaller notif of myntra delivery partner, and now that mf will show ss to company that he tried to contact me, thought he just dialed my number, dint let it ring.

I used my discount coupon worth around 200 250 so I don't want to cancel or reorder it

Fuk these bitces I m not using this shitty platform anymore, even if I get the same item cheaper

L customer care, chat and calls both are AI","price_change, sale_discount, coupon_rewards, delivery, purchase_intent, customer_service",https://i.redd.it/mizuobgvy2jh1.jpeg,customer_service,,0.95,True
comment,MyntraSucks,t3_1vn21qp,p3efcgw,t3_1vn21qp,,2,,,Mera 2 mahine se fasa hua h 🥲,"15 days and not yet delivered These beaches just ragebait us like wtf
(Today is 13th August and not yet delivered)

I ordered a trimmer on 29th of July and I was expecting it to be delivered in a few days, they say there was a delivery attempted on 4th August but i recieved no call no message, just got a Truecaller notif of myntra delivery partner, and now that mf will show ss to company that he tried to contact me, thought he just dialed my number, dint let it ring.

I used my discount coupon worth around 200 250 so I don't want to cancel or reorder it

Fuk these bitces I m not using this shitty platform anymore, even if I get the same item cheaper

L customer care, chat and calls both are AI","price_change, sale_discount, coupon_rewards, delivery, purchase_intent, customer_service",,customer_service,,0.95,True
post,,,t3_1uoqn8a,,2026-07-06T07:45:26.000Z,10,10.0,F*CK MYNTRA AND THEIR SHADY PRACTICES,"WTH is wrong with Myntra??? I bought two items from nike. Got two coupons of 854 each (nike exclusive coupons) and one 10% offer on sbi cc. I paid in full through the SBI cc but I didn't get any discount? I should be charged Rs. 6165 after deducting 684 (10% off) from 6849, but Myntra charged me full 6849. Where should I complain about this????","F*CK MYNTRA AND THEIR SHADY PRACTICES WTH is wrong with Myntra??? I bought two items from nike. Got two coupons of 854 each (nike exclusive coupons) and one 10% offer on sbi cc. I paid in full through the SBI cc but I didn't get any discount? I should be charged Rs. 6165 after deducting 684 (10% off) from 6849, but Myntra charged me full 6849. Where should I complain about this????","sale_discount, coupon_rewards, purchase_intent",https://www.reddit.com/gallery/1uoqn8a,other,,0.50,True
comment,MyntraSucks,t3_1uoqn8a,ovueqzz,t3_1uoqn8a,,2,,,"Bro, you should have checked the amount before paying.","F*CK MYNTRA AND THEIR SHADY PRACTICES WTH is wrong with Myntra??? I bought two items from nike. Got two coupons of 854 each (nike exclusive coupons) and one 10% offer on sbi cc. I paid in full through the SBI cc but I didn't get any discount? I should be charged Rs. 6165 after deducting 684 (10% off) from 6849, but Myntra charged me full 6849. Where should I complain about this????","sale_discount, coupon_rewards, purchase_intent",,other,,0.50,True
comment,MyntraSucks,t3_1uoqn8a,ovuia0q,t1_ovueqzz,,1,,,They were not applying the 10% discount even after I added my card details ,"F*CK MYNTRA AND THEIR SHADY PRACTICES WTH is wrong with Myntra??? I bought two items from nike. Got two coupons of 854 each (nike exclusive coupons) and one 10% offer on sbi cc. I paid in full through the SBI cc but I didn't get any discount? I should be charged Rs. 6165 after deducting 684 (10% off) from 6849, but Myntra charged me full 6849. Where should I complain about this????","sale_discount, coupon_rewards, purchase_intent",,other,,0.50,True
comment,MyntraSucks,t3_1uoqn8a,owo5kz0,t1_ovuia0q,,1,,,Your particular card was probably not a part of the program. Myntra is not at fault here,"F*CK MYNTRA AND THEIR SHADY PRACTICES WTH is wrong with Myntra??? I bought two items from nike. Got two coupons of 854 each (nike exclusive coupons) and one 10% offer on sbi cc. I paid in full through the SBI cc but I didn't get any discount? I should be charged Rs. 6165 after deducting 684 (10% off) from 6849, but Myntra charged me full 6849. Where should I complain about this????","sale_discount, coupon_rewards, purchase_intent",,other,,0.50,True
comment,MyntraSucks,t3_1uoqn8a,ovuhdn2,t3_1uoqn8a,,1,,,Are you sure it was instant discount and not cashback?,"F*CK MYNTRA AND THEIR SHADY PRACTICES WTH is wrong with Myntra??? I bought two items from nike. Got two coupons of 854 each (nike exclusive coupons) and one 10% offer on sbi cc. I paid in full through the SBI cc but I didn't get any discount? I should be charged Rs. 6165 after deducting 684 (10% off) from 6849, but Myntra charged me full 6849. Where should I complain about this????","sale_discount, coupon_rewards, purchase_intent",,other,,0.50,True
comment,MyntraSucks,t3_1uoqn8a,ovuiayf,t1_ovuhdn2,,0,,,Yes it was instant discount ,"F*CK MYNTRA AND THEIR SHADY PRACTICES WTH is wrong with Myntra??? I bought two items from nike. Got two coupons of 854 each (nike exclusive coupons) and one 10% offer on sbi cc. I paid in full through the SBI cc but I didn't get any discount? I should be charged Rs. 6165 after deducting 684 (10% off) from 6849, but Myntra charged me full 6849. Where should I complain about this????","sale_discount, coupon_rewards, purchase_intent",,other,,0.50,True
comment,MyntraSucks,t3_1uoqn8a,ovukzuw,t3_1uoqn8a,,1,,,You used the cashback card and not the regular sbi card?,"F*CK MYNTRA AND THEIR SHADY PRACTICES WTH is wrong with Myntra??? I bought two items from nike. Got two coupons of 854 each (nike exclusive coupons) and one 10% offer on sbi cc. I paid in full through the SBI cc but I didn't get any discount? I should be charged Rs. 6165 after deducting 684 (10% off) from 6849, but Myntra charged me full 6849. Where should I complain about this????","sale_discount, coupon_rewards, purchase_intent",,other,,0.50,True
comment,MyntraSucks,t3_1uoqn8a,ovum2rh,t1_ovukzuw,,0,,,Yes I used the cashback cc,"F*CK MYNTRA AND THEIR SHADY PRACTICES WTH is wrong with Myntra??? I bought two items from nike. Got two coupons of 854 each (nike exclusive coupons) and one 10% offer on sbi cc. I paid in full through the SBI cc but I didn't get any discount? I should be charged Rs. 6165 after deducting 684 (10% off) from 6849, but Myntra charged me full 6849. Where should I complain about this????","sale_discount, coupon_rewards, purchase_intent",,other,,0.50,True
comment,MyntraSucks,t3_1uoqn8a,ovuv17w,t1_ovum2rh,,2,,,"So you won't get any discount, instant discount is not applicable on cashback credit card at most places and agar mil bhi jaye toh sbi bad main kaatlega statement se ","F*CK MYNTRA AND THEIR SHADY PRACTICES WTH is wrong with Myntra??? I bought two items from nike. Got two coupons of 854 each (nike exclusive coupons) and one 10% offer on sbi cc. I paid in full through the SBI cc but I didn't get any discount? I should be charged Rs. 6165 after deducting 684 (10% off) from 6849, but Myntra charged me full 6849. Where should I complain about this????","sale_discount, coupon_rewards, purchase_intent",,other,,0.50,True
comment,MyntraSucks,t3_1uoqn8a,ownzx1i,t1_ovum2rh,,1,,,"Instant discount was not available on SBI Cashback CC, it was in in T&C.","F*CK MYNTRA AND THEIR SHADY PRACTICES WTH is wrong with Myntra??? I bought two items from nike. Got two coupons of 854 each (nike exclusive coupons) and one 10% offer on sbi cc. I paid in full through the SBI cc but I didn't get any discount? I should be charged Rs. 6165 after deducting 684 (10% off) from 6849, but Myntra charged me full 6849. Where should I complain about this????","sale_discount, coupon_rewards, availability, purchase_intent",,other,,0.50,True
comment,MyntraSucks,t3_1uoqn8a,owrj8nq,t1_ovum2rh,,1,,,This is the reason!,"F*CK MYNTRA AND THEIR SHADY PRACTICES WTH is wrong with Myntra??? I bought two items from nike. Got two coupons of 854 each (nike exclusive coupons) and one 10% offer on sbi cc. I paid in full through the SBI cc but I didn't get any discount? I should be charged Rs. 6165 after deducting 684 (10% off) from 6849, but Myntra charged me full 6849. Where should I complain about this????","sale_discount, coupon_rewards, purchase_intent",,other,,0.50,True
comment,MyntraSucks,t3_1uoqn8a,ovv1p1a,t1_ovuv17w,,0,,,🫠🫠🫠🫠🫠🫠,"F*CK MYNTRA AND THEIR SHADY PRACTICES WTH is wrong with Myntra??? I bought two items from nike. Got two coupons of 854 each (nike exclusive coupons) and one 10% offer on sbi cc. I paid in full through the SBI cc but I didn't get any discount? I should be charged Rs. 6165 after deducting 684 (10% off) from 6849, but Myntra charged me full 6849. Where should I complain about this????","sale_discount, coupon_rewards, purchase_intent",,other,,0.50,True
comment,MyntraSucks,t3_1uoqn8a,ow8r868,t3_1uoqn8a,,1,,,Same thing done with me,"F*CK MYNTRA AND THEIR SHADY PRACTICES WTH is wrong with Myntra??? I bought two items from nike. Got two coupons of 854 each (nike exclusive coupons) and one 10% offer on sbi cc. I paid in full through the SBI cc but I didn't get any discount? I should be charged Rs. 6165 after deducting 684 (10% off) from 6849, but Myntra charged me full 6849. Where should I complain about this????","sale_discount, coupon_rewards, purchase_intent",,other,,0.50,True
comment,MyntraSucks,t3_1uoqn8a,owfiulk,t1_ow8r868,,1,,,How do I complain??? This is cheating ,"F*CK MYNTRA AND THEIR SHADY PRACTICES WTH is wrong with Myntra??? I bought two items from nike. Got two coupons of 854 each (nike exclusive coupons) and one 10% offer on sbi cc. I paid in full through the SBI cc but I didn't get any discount? I should be charged Rs. 6165 after deducting 684 (10% off) from 6849, but Myntra charged me full 6849. Where should I complain about this????","sale_discount, coupon_rewards, purchase_intent",,other,,0.50,True
comment,MyntraSucks,t3_1uoqn8a,owfj9dd,t1_owfiulk,,1,,,https://www.reddit.com/r/MyntraSucks/s/G2D9SaOUf0,"F*CK MYNTRA AND THEIR SHADY PRACTICES WTH is wrong with Myntra??? I bought two items from nike. Got two coupons of 854 each (nike exclusive coupons) and one 10% offer on sbi cc. I paid in full through the SBI cc but I didn't get any discount? I should be charged Rs. 6165 after deducting 684 (10% off) from 6849, but Myntra charged me full 6849. Where should I complain about this????","sale_discount, coupon_rewards, purchase_intent",,other,,0.50,True
comment,MyntraSucks,t3_1uoqn8a,owrvxte,t1_owfiulk,,1,,,"This is probably your best option right now. Tweet at Myntra and Myntra Support. Also, go to the tweets where they’ve replied to other people’s complaints and post your issue there too. Keep doing it consistently they’ll most likely notice your case and reach out to you.","F*CK MYNTRA AND THEIR SHADY PRACTICES WTH is wrong with Myntra??? I bought two items from nike. Got two coupons of 854 each (nike exclusive coupons) and one 10% offer on sbi cc. I paid in full through the SBI cc but I didn't get any discount? I should be charged Rs. 6165 after deducting 684 (10% off) from 6849, but Myntra charged me full 6849. Where should I complain about this????","sale_discount, coupon_rewards, purchase_intent, customer_service",,other,,0.50,True
comment,MyntraSucks,t3_1uoqn8a,owrvba5,t3_1uoqn8a,,1,,,"Trust me, take this to X (Twitter). I was in the same situation with Myntra. I tagged both Myntra and Myntra Support, kept posting updates, and replied to their comments on other people’s complaints so they would notice my issue. My post eventually got traction, and their team reached out to me within hours. They delivered my product the same day. Keep following up and don’t give up. There’s a good chance your issue will get resolved within a day or two if you keep the pressure on.","F*CK MYNTRA AND THEIR SHADY PRACTICES WTH is wrong with Myntra??? I bought two items from nike. Got two coupons of 854 each (nike exclusive coupons) and one 10% offer on sbi cc. I paid in full through the SBI cc but I didn't get any discount? I should be charged Rs. 6165 after deducting 684 (10% off) from 6849, but Myntra charged me full 6849. Where should I complain about this????","sale_discount, coupon_rewards, delivery, purchase_intent, customer_service",,other,,0.50,True
comment,MyntraSucks,t3_1uoqn8a,owukeem,t3_1uoqn8a,,1,,,Dude it is 684 rs only do not cry,"F*CK MYNTRA AND THEIR SHADY PRACTICES WTH is wrong with Myntra??? I bought two items from nike. Got two coupons of 854 each (nike exclusive coupons) and one 10% offer on sbi cc. I paid in full through the SBI cc but I didn't get any discount? I should be charged Rs. 6165 after deducting 684 (10% off) from 6849, but Myntra charged me full 6849. Where should I complain about this????","sale_discount, coupon_rewards, purchase_intent",,other,,0.50,True
comment,MyntraSucks,t3_1uoqn8a,p42nt05,t3_1uoqn8a,,1,,,Btw did you cancel the order? And if not then we're the shoes genuine? I am also thinking of buying nike shoes from Myntra coz on official website my shoe size is out of stock 😔,"F*CK MYNTRA AND THEIR SHADY PRACTICES WTH is wrong with Myntra??? I bought two items from nike. Got two coupons of 854 each (nike exclusive coupons) and one 10% offer on sbi cc. I paid in full through the SBI cc but I didn't get any discount? I should be charged Rs. 6165 after deducting 684 (10% off) from 6849, but Myntra charged me full 6849. Where should I complain about this????","sale_discount, coupon_rewards, availability, purchase_intent, product_quality, customer_service",,restock_availability,,0.95,True
post,,,t3_1txg9a2,,2026-06-05T09:46:43.000Z,10,10.0,Do not buy beauty items from the myntra sale,"I really should have stuck to nykaa for buying beauty products.

I bought huda beauty lashes and guess what i receive????

Salwar suit.

And when i go to return/exchange it says ""exchange period expired"" EVEN THOUGH THE PRODUCT CLEARLY HAS A exchange PERIOD OF 14 DAYS AND IT JUST GOT DELIVERED. 

I tried to connect with their agents but they keep teling me no agents available. Then i call vustoner care. They created an issue for me

 I uploaded the image in the issue. Now they asked me to upload more specific images in the issue like barcode tag etc.

Now when i go to upload, I CAN NO LONGER UPLOAD TO THAT ISSUE!!!!!

Honestly i am so frustated because i got huge discount plus i used a voucher given by my company. I will connect with their customer service once more to see if they can do something but for now they keep connecting me to their automated voice assistance.

If anyone has faced this issue before let me know


Update:talked to customer care . They said to try to exchange after 2 days and it could be technical glitch and if not i can raise return request as well through call. I will wait for 2 days then if i am not able to exchange i will call them again and initiate return. Fingers crossed 

SECOND UPDATE: Exchange was scheduled but delivery boy refused to take the product because it didnt match the description which ofc it wouldnt. I dont have much time as i need to travel home in one week. So i will consider this money wasted and never order from this app again. I would highly recommend you all to also never buy beauty products from this app because even  if it hasnt happened yet it can happen in future

Third update: myntra attempted delivery again and FINALLY I GOT MY LASHES. Thanks to everyone for helping ","Do not buy beauty items from the myntra sale I really should have stuck to nykaa for buying beauty products.

I bought huda beauty lashes and guess what i receive????

Salwar suit.

And when i go to return/exchange it says ""exchange period expired"" EVEN THOUGH THE PRODUCT CLEARLY HAS A exchange PERIOD OF 14 DAYS AND IT JUST GOT DELIVERED. 

I tried to connect with their agents but they keep teling me no agents available. Then i call vustoner care. They created an issue for me

 I uploaded the image in the issue. Now they asked me to upload more specific images in the issue like barcode tag etc.

Now when i go to upload, I CAN NO LONGER UPLOAD TO THAT ISSUE!!!!!

Honestly i am so frustated because i got huge discount plus i used a voucher given by my company. I will connect with their customer service once more to see if they can do something but for now they keep connecting me to their automated voice assistance.

If anyone has faced this issue before let me know


Update:talked to customer care . They said to try to exchange after 2 days and it could be technical glitch and if not i can raise return request as well through call. I will wait for 2 days then if i am not able to exchange i will call them again and initiate return. Fingers crossed 

SECOND UPDATE: Exchange was scheduled but delivery boy refused to take the product because it didnt match the description which ofc it wouldnt. I dont have much time as i need to travel home in one week. So i will consider this money wasted and never order from this app again. I would highly recommend you all to also never buy beauty products from this app because even  if it hasnt happened yet it can happen in future

Third update: myntra attempted delivery again and FINALLY I GOT MY LASHES. Thanks to everyone for helping ","sale_discount, coupon_rewards, availability, delivery, purchase_intent, customer_service",https://www.reddit.com/r/MyntraSucks/comments/1txg9a2/do_not_buy_beauty_items_from_the_myntra_sale/,customer_service,,0.95,True
comment,MyntraSucks,t3_1txg9a2,opxgjco,t3_1txg9a2,,2,,,Just tag Myntra support on X and  explain your issue .....you will get connected to an agent ,"Do not buy beauty items from the myntra sale I really should have stuck to nykaa for buying beauty products.

I bought huda beauty lashes and guess what i receive????

Salwar suit.

And when i go to return/exchange it says ""exchange period expired"" EVEN THOUGH THE PRODUCT CLEARLY HAS A exchange PERIOD OF 14 DAYS AND IT JUST GOT DELIVERED. 

I tried to connect with their agents but they keep teling me no agents available. Then i call vustoner care. They created an issue for me

 I uploaded the image in the issue. Now they asked me to upload more specific images in the issue like barcode tag etc.

Now when i go to upload, I CAN NO LONGER UPLOAD TO THAT ISSUE!!!!!

Honestly i am so frustated because i got huge discount plus i used a voucher given by my company. I will connect with their customer service once more to see if they can do something but for now they keep connecting me to their automated voice assistance.

If anyone has faced this issue before let me know


Update:talked to customer care . They said to try to exchange after 2 days and it could be technical glitch and if not i can raise return request as well through call. I will wait for 2 days then if i am not able to exchange i will call them again and initiate return. Fingers crossed 

SECOND UPDATE: Exchange was scheduled but delivery boy refused to take the product because it didnt match the description which ofc it wouldnt. I dont have much time as i need to travel home in one week. So i will consider this money wasted and never order from this app again. I would highly recommend you all to also never buy beauty products from this app because even  if it hasnt happened yet it can happen in future

Third update: myntra attempted delivery again and FINALLY I GOT MY LASHES. Thanks to everyone for helping ","sale_discount, coupon_rewards, availability, delivery, purchase_intent, customer_service",,customer_service,,0.95,True
comment,MyntraSucks,t3_1txg9a2,opz1o9o,t3_1txg9a2,,1,,,"I ordered a lot of things and they delivered everything right sorry this happened to u   
Post this twitter and Instagram may be it help u ","Do not buy beauty items from the myntra sale I really should have stuck to nykaa for buying beauty products.

I bought huda beauty lashes and guess what i receive????

Salwar suit.

And when i go to return/exchange it says ""exchange period expired"" EVEN THOUGH THE PRODUCT CLEARLY HAS A exchange PERIOD OF 14 DAYS AND IT JUST GOT DELIVERED. 

I tried to connect with their agents but they keep teling me no agents available. Then i call vustoner care. They created an issue for me

 I uploaded the image in the issue. Now they asked me to upload more specific images in the issue like barcode tag etc.

Now when i go to upload, I CAN NO LONGER UPLOAD TO THAT ISSUE!!!!!

Honestly i am so frustated because i got huge discount plus i used a voucher given by my company. I will connect with their customer service once more to see if they can do something but for now they keep connecting me to their automated voice assistance.

If anyone has faced this issue before let me know


Update:talked to customer care . They said to try to exchange after 2 days and it could be technical glitch and if not i can raise return request as well through call. I will wait for 2 days then if i am not able to exchange i will call them again and initiate return. Fingers crossed 

SECOND UPDATE: Exchange was scheduled but delivery boy refused to take the product because it didnt match the description which ofc it wouldnt. I dont have much time as i need to travel home in one week. So i will consider this money wasted and never order from this app again. I would highly recommend you all to also never buy beauty products from this app because even  if it hasnt happened yet it can happen in future

Third update: myntra attempted delivery again and FINALLY I GOT MY LASHES. Thanks to everyone for helping ","sale_discount, coupon_rewards, availability, delivery, purchase_intent, customer_service",,customer_service,,0.95,True
comment,MyntraSucks,t3_1txg9a2,oq121im,t1_opz1o9o,,1,,,Tried that. The post didnt get notcied😇my money is successfully wasted. They closed the issue in app with steps on how to exchange. I raised another with screenshot on how app is not allowing me.to exchange. They closed that as well 😇,"Do not buy beauty items from the myntra sale I really should have stuck to nykaa for buying beauty products.

I bought huda beauty lashes and guess what i receive????

Salwar suit.

And when i go to return/exchange it says ""exchange period expired"" EVEN THOUGH THE PRODUCT CLEARLY HAS A exchange PERIOD OF 14 DAYS AND IT JUST GOT DELIVERED. 

I tried to connect with their agents but they keep teling me no agents available. Then i call vustoner care. They created an issue for me

 I uploaded the image in the issue. Now they asked me to upload more specific images in the issue like barcode tag etc.

Now when i go to upload, I CAN NO LONGER UPLOAD TO THAT ISSUE!!!!!

Honestly i am so frustated because i got huge discount plus i used a voucher given by my company. I will connect with their customer service once more to see if they can do something but for now they keep connecting me to their automated voice assistance.

If anyone has faced this issue before let me know


Update:talked to customer care . They said to try to exchange after 2 days and it could be technical glitch and if not i can raise return request as well through call. I will wait for 2 days then if i am not able to exchange i will call them again and initiate return. Fingers crossed 

SECOND UPDATE: Exchange was scheduled but delivery boy refused to take the product because it didnt match the description which ofc it wouldnt. I dont have much time as i need to travel home in one week. So i will consider this money wasted and never order from this app again. I would highly recommend you all to also never buy beauty products from this app because even  if it hasnt happened yet it can happen in future

Third update: myntra attempted delivery again and FINALLY I GOT MY LASHES. Thanks to everyone for helping ","sale_discount, coupon_rewards, availability, delivery, purchase_intent, customer_service",,customer_service,,0.95,True
comment,MyntraSucks,t3_1txg9a2,oq1t9b2,t3_1txg9a2,,1,,,"Even I ordered the huda beauty lip gloss but received the lip oil, that too without any packaging and stuff","Do not buy beauty items from the myntra sale I really should have stuck to nykaa for buying beauty products.

I bought huda beauty lashes and guess what i receive????

Salwar suit.

And when i go to return/exchange it says ""exchange period expired"" EVEN THOUGH THE PRODUCT CLEARLY HAS A exchange PERIOD OF 14 DAYS AND IT JUST GOT DELIVERED. 

I tried to connect with their agents but they keep teling me no agents available. Then i call vustoner care. They created an issue for me

 I uploaded the image in the issue. Now they asked me to upload more specific images in the issue like barcode tag etc.

Now when i go to upload, I CAN NO LONGER UPLOAD TO THAT ISSUE!!!!!

Honestly i am so frustated because i got huge discount plus i used a voucher given by my company. I will connect with their customer service once more to see if they can do something but for now they keep connecting me to their automated voice assistance.

If anyone has faced this issue before let me know


Update:talked to customer care . They said to try to exchange after 2 days and it could be technical glitch and if not i can raise return request as well through call. I will wait for 2 days then if i am not able to exchange i will call them again and initiate return. Fingers crossed 

SECOND UPDATE: Exchange was scheduled but delivery boy refused to take the product because it didnt match the description which ofc it wouldnt. I dont have much time as i need to travel home in one week. So i will consider this money wasted and never order from this app again. I would highly recommend you all to also never buy beauty products from this app because even  if it hasnt happened yet it can happen in future

Third update: myntra attempted delivery again and FINALLY I GOT MY LASHES. Thanks to everyone for helping ","sale_discount, coupon_rewards, availability, delivery, purchase_intent, customer_service",,customer_service,,0.95,True
comment,MyntraSucks,t3_1txg9a2,opvrbyd,t3_1txg9a2,,1,,,You made an unboxing video?,"Do not buy beauty items from the myntra sale I really should have stuck to nykaa for buying beauty products.

I bought huda beauty lashes and guess what i receive????

Salwar suit.

And when i go to return/exchange it says ""exchange period expired"" EVEN THOUGH THE PRODUCT CLEARLY HAS A exchange PERIOD OF 14 DAYS AND IT JUST GOT DELIVERED. 

I tried to connect with their agents but they keep teling me no agents available. Then i call vustoner care. They created an issue for me

 I uploaded the image in the issue. Now they asked me to upload more specific images in the issue like barcode tag etc.

Now when i go to upload, I CAN NO LONGER UPLOAD TO THAT ISSUE!!!!!

Honestly i am so frustated because i got huge discount plus i used a voucher given by my company. I will connect with their customer service once more to see if they can do something but for now they keep connecting me to their automated voice assistance.

If anyone has faced this issue before let me know


Update:talked to customer care . They said to try to exchange after 2 days and it could be technical glitch and if not i can raise return request as well through call. I will wait for 2 days then if i am not able to exchange i will call them again and initiate return. Fingers crossed 

SECOND UPDATE: Exchange was scheduled but delivery boy refused to take the product because it didnt match the description which ofc it wouldnt. I dont have much time as i need to travel home in one week. So i will consider this money wasted and never order from this app again. I would highly recommend you all to also never buy beauty products from this app because even  if it hasnt happened yet it can happen in future

Third update: myntra attempted delivery again and FINALLY I GOT MY LASHES. Thanks to everyone for helping ","sale_discount, coupon_rewards, availability, delivery, purchase_intent, customer_service",,customer_service,,0.95,True
post,,,t3_1tvjziz,,2026-06-03T09:19:48.000Z,7,7.0,Myntra Motherhub. Never Wait For Order Beyond Expected Date.,"Ordered two products on 29th. For the last three days, the parcel was stuck at this Motherhub\_JKS. Expected date was yesterday. After several calls, all I got was the usual ""Wait for 24 hours"". Today, when I didn't see any activity again, the 24 hours became 72 hours on call with Myntra agents.

Future note for all those who face such an issue. If your order is at a Motherhub and didn't reach you by the expected date, chances are it would never reach you and (after researching over internet, I found out), they will most likely mark it lost or damaged and will cancel your order. It's especially true if you got the items at a heavy discount.

To top it off, they don't return Platform Fee. So, free money for Myntra if the order is canceled after placing order. These offers often come with the condition that you cannot pay Cash on Delivery. That should be the first warning sign of this scammy practice.

So, if you face such an issue, save yourself days of mental harrassment and just cancel your order. Take the L regarding the Platform Fee and order from official apps only. It will be a little bit pricey, but at least you will have someone to take responsibility for it. These Myntra people are just to confuse you before you would ever reach the true people who handle the platform's business.

Good luck.

Edit: After canceling, they returned the items to HnM within hours. Astounded by their speed of returning it back to the seller, when they kept it with them for days instead of forwarding it further. Shitty practices.","Myntra Motherhub. Never Wait For Order Beyond Expected Date. Ordered two products on 29th. For the last three days, the parcel was stuck at this Motherhub\_JKS. Expected date was yesterday. After several calls, all I got was the usual ""Wait for 24 hours"". Today, when I didn't see any activity again, the 24 hours became 72 hours on call with Myntra agents.

Future note for all those who face such an issue. If your order is at a Motherhub and didn't reach you by the expected date, chances are it would never reach you and (after researching over internet, I found out), they will most likely mark it lost or damaged and will cancel your order. It's especially true if you got the items at a heavy discount.

To top it off, they don't return Platform Fee. So, free money for Myntra if the order is canceled after placing order. These offers often come with the condition that you cannot pay Cash on Delivery. That should be the first warning sign of this scammy practice.

So, if you face such an issue, save yourself days of mental harrassment and just cancel your order. Take the L regarding the Platform Fee and order from official apps only. It will be a little bit pricey, but at least you will have someone to take responsibility for it. These Myntra people are just to confuse you before you would ever reach the true people who handle the platform's business.

Good luck.

Edit: After canceling, they returned the items to HnM within hours. Astounded by their speed of returning it back to the seller, when they kept it with them for days instead of forwarding it further. Shitty practices.","sale_discount, delivery, purchase_intent, customer_service",https://i.redd.it/vf80vjp0b15h1.jpeg,coupon,,0.95,True
comment,MyntraSucks,t3_1tvjziz,opkisg7,t3_1tvjziz,,1,,,i too placed an order on 29th May from H&M myntra and my order is stuck in Motherhub 😭💔,"Myntra Motherhub. Never Wait For Order Beyond Expected Date. Ordered two products on 29th. For the last three days, the parcel was stuck at this Motherhub\_JKS. Expected date was yesterday. After several calls, all I got was the usual ""Wait for 24 hours"". Today, when I didn't see any activity again, the 24 hours became 72 hours on call with Myntra agents.

Future note for all those who face such an issue. If your order is at a Motherhub and didn't reach you by the expected date, chances are it would never reach you and (after researching over internet, I found out), they will most likely mark it lost or damaged and will cancel your order. It's especially true if you got the items at a heavy discount.

To top it off, they don't return Platform Fee. So, free money for Myntra if the order is canceled after placing order. These offers often come with the condition that you cannot pay Cash on Delivery. That should be the first warning sign of this scammy practice.

So, if you face such an issue, save yourself days of mental harrassment and just cancel your order. Take the L regarding the Platform Fee and order from official apps only. It will be a little bit pricey, but at least you will have someone to take responsibility for it. These Myntra people are just to confuse you before you would ever reach the true people who handle the platform's business.

Good luck.

Edit: After canceling, they returned the items to HnM within hours. Astounded by their speed of returning it back to the seller, when they kept it with them for days instead of forwarding it further. Shitty practices.","sale_discount, delivery, purchase_intent, customer_service",,purchase_intent,coupon,0.95,True
comment,MyntraSucks,t3_1tvjziz,opm85kv,t1_opkisg7,,1,,,well... cancel and move on. I got an order from  Bangalore yesterday after placing the order on 30th. This motherhub is really not worth the mental torture.,"Myntra Motherhub. Never Wait For Order Beyond Expected Date. Ordered two products on 29th. For the last three days, the parcel was stuck at this Motherhub\_JKS. Expected date was yesterday. After several calls, all I got was the usual ""Wait for 24 hours"". Today, when I didn't see any activity again, the 24 hours became 72 hours on call with Myntra agents.

Future note for all those who face such an issue. If your order is at a Motherhub and didn't reach you by the expected date, chances are it would never reach you and (after researching over internet, I found out), they will most likely mark it lost or damaged and will cancel your order. It's especially true if you got the items at a heavy discount.

To top it off, they don't return Platform Fee. So, free money for Myntra if the order is canceled after placing order. These offers often come with the condition that you cannot pay Cash on Delivery. That should be the first warning sign of this scammy practice.

So, if you face such an issue, save yourself days of mental harrassment and just cancel your order. Take the L regarding the Platform Fee and order from official apps only. It will be a little bit pricey, but at least you will have someone to take responsibility for it. These Myntra people are just to confuse you before you would ever reach the true people who handle the platform's business.

Good luck.

Edit: After canceling, they returned the items to HnM within hours. Astounded by their speed of returning it back to the seller, when they kept it with them for days instead of forwarding it further. Shitty practices.","sale_discount, delivery, purchase_intent, customer_service",,coupon,,0.95,True
post,,,t3_1tuocnm,,2026-06-02T11:40:29.000Z,38,38.0,Myntra and its usually shitty behavior- follow up on my comment about going to consumer court,"So my order was cancelled today. Was really looking forward to it. This was supposed to be my ""finishing my masters"" present for myself. 

So I had escalated this issue with the team couple days ago and told them that I will mostly take it to consumer court if the cancelation happens this time as well (something like this happened last sale too). They assured me it won't and today it did. 

Aside from feeling sad that I won't be getting the gift i planned for myself, I feel angry.

Cause I got a call from the myntra escalation desk- and connected with this sweet talking man who was just trying to say that 'yeah the issue happened, it's something technical, out of our hands, so sorry, refund has been initiated"". Basically trying to sweet talk me into not going for consumer court 🤷🏻‍♀️ 

Well I just told him that you all do it in every sale and specifically with products that are on crazy slashes, and that its okay to give lesser discount but its not fair to play with your consumers like this. He just went on about he will let my ""observation"" be known to the relevant team ""if possible"" 🤡

Now idk if I will go for the consumer court thing, im a fresh entirely burnt out post grad who just needed a break and those gifts. But yeah....

Thats it for my rant. Thank you for reading ☺️","Myntra and its usually shitty behavior- follow up on my comment about going to consumer court So my order was cancelled today. Was really looking forward to it. This was supposed to be my ""finishing my masters"" present for myself. 

So I had escalated this issue with the team couple days ago and told them that I will mostly take it to consumer court if the cancelation happens this time as well (something like this happened last sale too). They assured me it won't and today it did. 

Aside from feeling sad that I won't be getting the gift i planned for myself, I feel angry.

Cause I got a call from the myntra escalation desk- and connected with this sweet talking man who was just trying to say that 'yeah the issue happened, it's something technical, out of our hands, so sorry, refund has been initiated"". Basically trying to sweet talk me into not going for consumer court 🤷🏻‍♀️ 

Well I just told him that you all do it in every sale and specifically with products that are on crazy slashes, and that its okay to give lesser discount but its not fair to play with your consumers like this. He just went on about he will let my ""observation"" be known to the relevant team ""if possible"" 🤡

Now idk if I will go for the consumer court thing, im a fresh entirely burnt out post grad who just needed a break and those gifts. But yeah....

Thats it for my rant. Thank you for reading ☺️","sale_discount, delivery, purchase_intent, customer_service",https://i.redd.it/abn6yy0kwu4h1.jpeg,cancellation_refund,customer_service,0.95,True
post,,,t3_1reee6g,,2026-02-25T14:16:55.000Z,7,7.0,What’s the use of this discount?,"What’s the use of this stupid discount? I’ve tried every single pincode where I know I have friends and family. Literally not deliverable to the whole of Chennai. Such a useless platform. First Nykaa, now Myntra. ","What’s the use of this discount? What’s the use of this stupid discount? I’ve tried every single pincode where I know I have friends and family. Literally not deliverable to the whole of Chennai. Such a useless platform. First Nykaa, now Myntra. ","sale_discount, availability",https://i.redd.it/fknagxm1gnlg1.jpeg,other,,0.50,True
comment,MyntraSucks,t3_1tuocnm,opazeqq,t3_1tuocnm,,3,,,It’s called Bait & Switch. ,"Myntra and its usually shitty behavior- follow up on my comment about going to consumer court So my order was cancelled today. Was really looking forward to it. This was supposed to be my ""finishing my masters"" present for myself. 

So I had escalated this issue with the team couple days ago and told them that I will mostly take it to consumer court if the cancelation happens this time as well (something like this happened last sale too). They assured me it won't and today it did. 

Aside from feeling sad that I won't be getting the gift i planned for myself, I feel angry.

Cause I got a call from the myntra escalation desk- and connected with this sweet talking man who was just trying to say that 'yeah the issue happened, it's something technical, out of our hands, so sorry, refund has been initiated"". Basically trying to sweet talk me into not going for consumer court 🤷🏻‍♀️ 

Well I just told him that you all do it in every sale and specifically with products that are on crazy slashes, and that its okay to give lesser discount but its not fair to play with your consumers like this. He just went on about he will let my ""observation"" be known to the relevant team ""if possible"" 🤡

Now idk if I will go for the consumer court thing, im a fresh entirely burnt out post grad who just needed a break and those gifts. But yeah....

Thats it for my rant. Thank you for reading ☺️","sale_discount, delivery, purchase_intent, customer_service",,cancellation_refund,customer_service,0.95,True
comment,MyntraSucks,t3_1tuocnm,opaxgir,t3_1tuocnm,,3,,,Yeah sue them for playing such tactics to make us buy that stupid vip pass,"Myntra and its usually shitty behavior- follow up on my comment about going to consumer court So my order was cancelled today. Was really looking forward to it. This was supposed to be my ""finishing my masters"" present for myself. 

So I had escalated this issue with the team couple days ago and told them that I will mostly take it to consumer court if the cancelation happens this time as well (something like this happened last sale too). They assured me it won't and today it did. 

Aside from feeling sad that I won't be getting the gift i planned for myself, I feel angry.

Cause I got a call from the myntra escalation desk- and connected with this sweet talking man who was just trying to say that 'yeah the issue happened, it's something technical, out of our hands, so sorry, refund has been initiated"". Basically trying to sweet talk me into not going for consumer court 🤷🏻‍♀️ 

Well I just told him that you all do it in every sale and specifically with products that are on crazy slashes, and that its okay to give lesser discount but its not fair to play with your consumers like this. He just went on about he will let my ""observation"" be known to the relevant team ""if possible"" 🤡

Now idk if I will go for the consumer court thing, im a fresh entirely burnt out post grad who just needed a break and those gifts. But yeah....

Thats it for my rant. Thank you for reading ☺️","sale_discount, delivery, purchase_intent, customer_service",,cancellation_refund,customer_service,0.95,True
comment,MyntraSucks,t3_1tuocnm,opb8qhw,t3_1tuocnm,,3,,,Lol I'm gonna sue them too i brought vip ticket too,"Myntra and its usually shitty behavior- follow up on my comment about going to consumer court So my order was cancelled today. Was really looking forward to it. This was supposed to be my ""finishing my masters"" present for myself. 

So I had escalated this issue with the team couple days ago and told them that I will mostly take it to consumer court if the cancelation happens this time as well (something like this happened last sale too). They assured me it won't and today it did. 

Aside from feeling sad that I won't be getting the gift i planned for myself, I feel angry.

Cause I got a call from the myntra escalation desk- and connected with this sweet talking man who was just trying to say that 'yeah the issue happened, it's something technical, out of our hands, so sorry, refund has been initiated"". Basically trying to sweet talk me into not going for consumer court 🤷🏻‍♀️ 

Well I just told him that you all do it in every sale and specifically with products that are on crazy slashes, and that its okay to give lesser discount but its not fair to play with your consumers like this. He just went on about he will let my ""observation"" be known to the relevant team ""if possible"" 🤡

Now idk if I will go for the consumer court thing, im a fresh entirely burnt out post grad who just needed a break and those gifts. But yeah....

Thats it for my rant. Thank you for reading ☺️","sale_discount, delivery, purchase_intent, customer_service",,cancellation_refund,customer_service,0.95,True
comment,MyntraSucks,t3_1tuocnm,opbpu6v,t3_1tuocnm,,3,,,All these tricks to gain 20rupees from us for this sale. They charged their vip pass on uss for this specific deals ,"Myntra and its usually shitty behavior- follow up on my comment about going to consumer court So my order was cancelled today. Was really looking forward to it. This was supposed to be my ""finishing my masters"" present for myself. 

So I had escalated this issue with the team couple days ago and told them that I will mostly take it to consumer court if the cancelation happens this time as well (something like this happened last sale too). They assured me it won't and today it did. 

Aside from feeling sad that I won't be getting the gift i planned for myself, I feel angry.

Cause I got a call from the myntra escalation desk- and connected with this sweet talking man who was just trying to say that 'yeah the issue happened, it's something technical, out of our hands, so sorry, refund has been initiated"". Basically trying to sweet talk me into not going for consumer court 🤷🏻‍♀️ 

Well I just told him that you all do it in every sale and specifically with products that are on crazy slashes, and that its okay to give lesser discount but its not fair to play with your consumers like this. He just went on about he will let my ""observation"" be known to the relevant team ""if possible"" 🤡

Now idk if I will go for the consumer court thing, im a fresh entirely burnt out post grad who just needed a break and those gifts. But yeah....

Thats it for my rant. Thank you for reading ☺️","sale_discount, delivery, purchase_intent, customer_service",,cancellation_refund,customer_service,0.95,True
comment,MyntraSucks,t3_1tuocnm,opcpb0r,t3_1tuocnm,,3,,,"Sue them for platform fee too-coming from a lawyer.
It comes under deficiency of services and unfair trade practices. It is their obligation to deliver after confirming the order and without proper justification they cannot cancel but but but if it was technical glitch or pricing error they might have upper hand.","Myntra and its usually shitty behavior- follow up on my comment about going to consumer court So my order was cancelled today. Was really looking forward to it. This was supposed to be my ""finishing my masters"" present for myself. 

So I had escalated this issue with the team couple days ago and told them that I will mostly take it to consumer court if the cancelation happens this time as well (something like this happened last sale too). They assured me it won't and today it did. 

Aside from feeling sad that I won't be getting the gift i planned for myself, I feel angry.

Cause I got a call from the myntra escalation desk- and connected with this sweet talking man who was just trying to say that 'yeah the issue happened, it's something technical, out of our hands, so sorry, refund has been initiated"". Basically trying to sweet talk me into not going for consumer court 🤷🏻‍♀️ 

Well I just told him that you all do it in every sale and specifically with products that are on crazy slashes, and that its okay to give lesser discount but its not fair to play with your consumers like this. He just went on about he will let my ""observation"" be known to the relevant team ""if possible"" 🤡

Now idk if I will go for the consumer court thing, im a fresh entirely burnt out post grad who just needed a break and those gifts. But yeah....

Thats it for my rant. Thank you for reading ☺️","sale_discount, delivery, purchase_intent, customer_service",,cancellation_refund,coupon; customer_service,0.95,True
comment,MyntraSucks,t3_1tuocnm,opd7zhm,t1_opcpb0r,,2,,,"They are citing it as a ""technical issue""","Myntra and its usually shitty behavior- follow up on my comment about going to consumer court So my order was cancelled today. Was really looking forward to it. This was supposed to be my ""finishing my masters"" present for myself. 

So I had escalated this issue with the team couple days ago and told them that I will mostly take it to consumer court if the cancelation happens this time as well (something like this happened last sale too). They assured me it won't and today it did. 

Aside from feeling sad that I won't be getting the gift i planned for myself, I feel angry.

Cause I got a call from the myntra escalation desk- and connected with this sweet talking man who was just trying to say that 'yeah the issue happened, it's something technical, out of our hands, so sorry, refund has been initiated"". Basically trying to sweet talk me into not going for consumer court 🤷🏻‍♀️ 

Well I just told him that you all do it in every sale and specifically with products that are on crazy slashes, and that its okay to give lesser discount but its not fair to play with your consumers like this. He just went on about he will let my ""observation"" be known to the relevant team ""if possible"" 🤡

Now idk if I will go for the consumer court thing, im a fresh entirely burnt out post grad who just needed a break and those gifts. But yeah....

Thats it for my rant. Thank you for reading ☺️","sale_discount, delivery, purchase_intent, customer_service",,cancellation_refund,customer_service,0.95,True
comment,MyntraSucks,t3_1tuocnm,opdqx2q,t1_opd7zhm,,1,,,You can still file a case. Also congratulations :),"Myntra and its usually shitty behavior- follow up on my comment about going to consumer court So my order was cancelled today. Was really looking forward to it. This was supposed to be my ""finishing my masters"" present for myself. 

So I had escalated this issue with the team couple days ago and told them that I will mostly take it to consumer court if the cancelation happens this time as well (something like this happened last sale too). They assured me it won't and today it did. 

Aside from feeling sad that I won't be getting the gift i planned for myself, I feel angry.

Cause I got a call from the myntra escalation desk- and connected with this sweet talking man who was just trying to say that 'yeah the issue happened, it's something technical, out of our hands, so sorry, refund has been initiated"". Basically trying to sweet talk me into not going for consumer court 🤷🏻‍♀️ 

Well I just told him that you all do it in every sale and specifically with products that are on crazy slashes, and that its okay to give lesser discount but its not fair to play with your consumers like this. He just went on about he will let my ""observation"" be known to the relevant team ""if possible"" 🤡

Now idk if I will go for the consumer court thing, im a fresh entirely burnt out post grad who just needed a break and those gifts. But yeah....

Thats it for my rant. Thank you for reading ☺️","sale_discount, delivery, purchase_intent, customer_service",,cancellation_refund,customer_service,0.95,True
comment,MyntraSucks,t3_1tuocnm,opbek7g,t3_1tuocnm,,1,,,SUE THEM I AM IN!!! let me know if you want any help,"Myntra and its usually shitty behavior- follow up on my comment about going to consumer court So my order was cancelled today. Was really looking forward to it. This was supposed to be my ""finishing my masters"" present for myself. 

So I had escalated this issue with the team couple days ago and told them that I will mostly take it to consumer court if the cancelation happens this time as well (something like this happened last sale too). They assured me it won't and today it did. 

Aside from feeling sad that I won't be getting the gift i planned for myself, I feel angry.

Cause I got a call from the myntra escalation desk- and connected with this sweet talking man who was just trying to say that 'yeah the issue happened, it's something technical, out of our hands, so sorry, refund has been initiated"". Basically trying to sweet talk me into not going for consumer court 🤷🏻‍♀️ 

Well I just told him that you all do it in every sale and specifically with products that are on crazy slashes, and that its okay to give lesser discount but its not fair to play with your consumers like this. He just went on about he will let my ""observation"" be known to the relevant team ""if possible"" 🤡

Now idk if I will go for the consumer court thing, im a fresh entirely burnt out post grad who just needed a break and those gifts. But yeah....

Thats it for my rant. Thank you for reading ☺️","sale_discount, delivery, purchase_intent, customer_service",,cancellation_refund,customer_service,0.95,True
comment,MyntraSucks,t3_1tuocnm,opbwly7,t3_1tuocnm,,1,,,I am in if you are suing them. Mine got cancelled too and it has become a regular practice for all these e-com platforms. They need to learn a lesson.,"Myntra and its usually shitty behavior- follow up on my comment about going to consumer court So my order was cancelled today. Was really looking forward to it. This was supposed to be my ""finishing my masters"" present for myself. 

So I had escalated this issue with the team couple days ago and told them that I will mostly take it to consumer court if the cancelation happens this time as well (something like this happened last sale too). They assured me it won't and today it did. 

Aside from feeling sad that I won't be getting the gift i planned for myself, I feel angry.

Cause I got a call from the myntra escalation desk- and connected with this sweet talking man who was just trying to say that 'yeah the issue happened, it's something technical, out of our hands, so sorry, refund has been initiated"". Basically trying to sweet talk me into not going for consumer court 🤷🏻‍♀️ 

Well I just told him that you all do it in every sale and specifically with products that are on crazy slashes, and that its okay to give lesser discount but its not fair to play with your consumers like this. He just went on about he will let my ""observation"" be known to the relevant team ""if possible"" 🤡

Now idk if I will go for the consumer court thing, im a fresh entirely burnt out post grad who just needed a break and those gifts. But yeah....

Thats it for my rant. Thank you for reading ☺️","sale_discount, delivery, purchase_intent, customer_service",,cancellation_refund,customer_service,0.95,True
comment,MyntraSucks,t3_1tuocnm,opc3tnb,t3_1tuocnm,,1,,,"i ordered the uv duox glitch sunscreen along with the vip pass which was compulsory. now the order still shows packed sinsce 4 days and will likely be cancelled but will they also refund the platform fee?? or deduct it from the refund. can anything be done.
if i cancel it myself they are deducting the platform fee which is already paid which means double the fee","Myntra and its usually shitty behavior- follow up on my comment about going to consumer court So my order was cancelled today. Was really looking forward to it. This was supposed to be my ""finishing my masters"" present for myself. 

So I had escalated this issue with the team couple days ago and told them that I will mostly take it to consumer court if the cancelation happens this time as well (something like this happened last sale too). They assured me it won't and today it did. 

Aside from feeling sad that I won't be getting the gift i planned for myself, I feel angry.

Cause I got a call from the myntra escalation desk- and connected with this sweet talking man who was just trying to say that 'yeah the issue happened, it's something technical, out of our hands, so sorry, refund has been initiated"". Basically trying to sweet talk me into not going for consumer court 🤷🏻‍♀️ 

Well I just told him that you all do it in every sale and specifically with products that are on crazy slashes, and that its okay to give lesser discount but its not fair to play with your consumers like this. He just went on about he will let my ""observation"" be known to the relevant team ""if possible"" 🤡

Now idk if I will go for the consumer court thing, im a fresh entirely burnt out post grad who just needed a break and those gifts. But yeah....

Thats it for my rant. Thank you for reading ☺️","sale_discount, delivery, purchase_intent, customer_service",,cancellation_refund,coupon; customer_service,0.95,True
comment,MyntraSucks,t3_1tuocnm,opg7eig,t1_opc3tnb,,1,,,"Same thing happened with me. It was supposed to be delivered on June 1st but when I checked it yesterday , it’s still showing packed and the delivery is delayed due to high demand in the city 🤡I even talked to the help desk they said they’ll update me on June 5th I guess now I should wait for “the update “ until June 5th and do nothing even if they cancel it 😩MYNTRA SUCKS FR ","Myntra and its usually shitty behavior- follow up on my comment about going to consumer court So my order was cancelled today. Was really looking forward to it. This was supposed to be my ""finishing my masters"" present for myself. 

So I had escalated this issue with the team couple days ago and told them that I will mostly take it to consumer court if the cancelation happens this time as well (something like this happened last sale too). They assured me it won't and today it did. 

Aside from feeling sad that I won't be getting the gift i planned for myself, I feel angry.

Cause I got a call from the myntra escalation desk- and connected with this sweet talking man who was just trying to say that 'yeah the issue happened, it's something technical, out of our hands, so sorry, refund has been initiated"". Basically trying to sweet talk me into not going for consumer court 🤷🏻‍♀️ 

Well I just told him that you all do it in every sale and specifically with products that are on crazy slashes, and that its okay to give lesser discount but its not fair to play with your consumers like this. He just went on about he will let my ""observation"" be known to the relevant team ""if possible"" 🤡

Now idk if I will go for the consumer court thing, im a fresh entirely burnt out post grad who just needed a break and those gifts. But yeah....

Thats it for my rant. Thank you for reading ☺️","sale_discount, delivery, purchase_intent, customer_service",,cancellation_refund,customer_service,0.95,True
comment,MyntraSucks,t3_1tuocnm,opg7j0v,t1_opc3tnb,,1,,,"Oh also , they won’t return you the platform fee, they’ll deduct it. ","Myntra and its usually shitty behavior- follow up on my comment about going to consumer court So my order was cancelled today. Was really looking forward to it. This was supposed to be my ""finishing my masters"" present for myself. 

So I had escalated this issue with the team couple days ago and told them that I will mostly take it to consumer court if the cancelation happens this time as well (something like this happened last sale too). They assured me it won't and today it did. 

Aside from feeling sad that I won't be getting the gift i planned for myself, I feel angry.

Cause I got a call from the myntra escalation desk- and connected with this sweet talking man who was just trying to say that 'yeah the issue happened, it's something technical, out of our hands, so sorry, refund has been initiated"". Basically trying to sweet talk me into not going for consumer court 🤷🏻‍♀️ 

Well I just told him that you all do it in every sale and specifically with products that are on crazy slashes, and that its okay to give lesser discount but its not fair to play with your consumers like this. He just went on about he will let my ""observation"" be known to the relevant team ""if possible"" 🤡

Now idk if I will go for the consumer court thing, im a fresh entirely burnt out post grad who just needed a break and those gifts. But yeah....

Thats it for my rant. Thank you for reading ☺️","sale_discount, delivery, purchase_intent, customer_service",,cancellation_refund,coupon; customer_service,0.95,True
comment,MyntraSucks,t3_1tuocnm,opgckto,t1_opg7j0v,,1,,,oh so now that stupid pass will cost me almost ₹50,"Myntra and its usually shitty behavior- follow up on my comment about going to consumer court So my order was cancelled today. Was really looking forward to it. This was supposed to be my ""finishing my masters"" present for myself. 

So I had escalated this issue with the team couple days ago and told them that I will mostly take it to consumer court if the cancelation happens this time as well (something like this happened last sale too). They assured me it won't and today it did. 

Aside from feeling sad that I won't be getting the gift i planned for myself, I feel angry.

Cause I got a call from the myntra escalation desk- and connected with this sweet talking man who was just trying to say that 'yeah the issue happened, it's something technical, out of our hands, so sorry, refund has been initiated"". Basically trying to sweet talk me into not going for consumer court 🤷🏻‍♀️ 

Well I just told him that you all do it in every sale and specifically with products that are on crazy slashes, and that its okay to give lesser discount but its not fair to play with your consumers like this. He just went on about he will let my ""observation"" be known to the relevant team ""if possible"" 🤡

Now idk if I will go for the consumer court thing, im a fresh entirely burnt out post grad who just needed a break and those gifts. But yeah....

Thats it for my rant. Thank you for reading ☺️","sale_discount, delivery, purchase_intent, customer_service",,cancellation_refund,customer_service,0.95,True
comment,MyntraSucks,t3_1tuocnm,oph8ux9,t3_1tuocnm,,1,,,"ISTG their customer service is so fucking shitty, I had a wedding to attend back in may and I ordered this sharara set which was supposed to be delivered on 22nd and i had to train to catch on 22nd as well, I called their customer service to ask about the parcel’s whereabouts and all their stupid customer care agents could say was “ extremely sorry mam, I can’t provide you the details” then connected me with their supervisor only to hear the same shit over and over again, ruined the whole wedding for me. ","Myntra and its usually shitty behavior- follow up on my comment about going to consumer court So my order was cancelled today. Was really looking forward to it. This was supposed to be my ""finishing my masters"" present for myself. 

So I had escalated this issue with the team couple days ago and told them that I will mostly take it to consumer court if the cancelation happens this time as well (something like this happened last sale too). They assured me it won't and today it did. 

Aside from feeling sad that I won't be getting the gift i planned for myself, I feel angry.

Cause I got a call from the myntra escalation desk- and connected with this sweet talking man who was just trying to say that 'yeah the issue happened, it's something technical, out of our hands, so sorry, refund has been initiated"". Basically trying to sweet talk me into not going for consumer court 🤷🏻‍♀️ 

Well I just told him that you all do it in every sale and specifically with products that are on crazy slashes, and that its okay to give lesser discount but its not fair to play with your consumers like this. He just went on about he will let my ""observation"" be known to the relevant team ""if possible"" 🤡

Now idk if I will go for the consumer court thing, im a fresh entirely burnt out post grad who just needed a break and those gifts. But yeah....

Thats it for my rant. Thank you for reading ☺️","sale_discount, delivery, purchase_intent, customer_service",,customer_service,cancellation_refund,0.95,True
comment,MyntraSucks,t3_1tuocnm,opjxl3y,t3_1tuocnm,,1,,,"guys they’re literally doing this to get your data. Online shopping platforms do it all the time, we commit to it when we agree to their T&C. ","Myntra and its usually shitty behavior- follow up on my comment about going to consumer court So my order was cancelled today. Was really looking forward to it. This was supposed to be my ""finishing my masters"" present for myself. 

So I had escalated this issue with the team couple days ago and told them that I will mostly take it to consumer court if the cancelation happens this time as well (something like this happened last sale too). They assured me it won't and today it did. 

Aside from feeling sad that I won't be getting the gift i planned for myself, I feel angry.

Cause I got a call from the myntra escalation desk- and connected with this sweet talking man who was just trying to say that 'yeah the issue happened, it's something technical, out of our hands, so sorry, refund has been initiated"". Basically trying to sweet talk me into not going for consumer court 🤷🏻‍♀️ 

Well I just told him that you all do it in every sale and specifically with products that are on crazy slashes, and that its okay to give lesser discount but its not fair to play with your consumers like this. He just went on about he will let my ""observation"" be known to the relevant team ""if possible"" 🤡

Now idk if I will go for the consumer court thing, im a fresh entirely burnt out post grad who just needed a break and those gifts. But yeah....

Thats it for my rant. Thank you for reading ☺️","sale_discount, delivery, purchase_intent, customer_service",,cancellation_refund,customer_service,0.95,True
comment,MyntraSucks,t3_1tuocnm,opoil38,t3_1tuocnm,,1,,,Op please guide me through the process too. I bought the VIP ticket & they delayed my order twice. ,"Myntra and its usually shitty behavior- follow up on my comment about going to consumer court So my order was cancelled today. Was really looking forward to it. This was supposed to be my ""finishing my masters"" present for myself. 

So I had escalated this issue with the team couple days ago and told them that I will mostly take it to consumer court if the cancelation happens this time as well (something like this happened last sale too). They assured me it won't and today it did. 

Aside from feeling sad that I won't be getting the gift i planned for myself, I feel angry.

Cause I got a call from the myntra escalation desk- and connected with this sweet talking man who was just trying to say that 'yeah the issue happened, it's something technical, out of our hands, so sorry, refund has been initiated"". Basically trying to sweet talk me into not going for consumer court 🤷🏻‍♀️ 

Well I just told him that you all do it in every sale and specifically with products that are on crazy slashes, and that its okay to give lesser discount but its not fair to play with your consumers like this. He just went on about he will let my ""observation"" be known to the relevant team ""if possible"" 🤡

Now idk if I will go for the consumer court thing, im a fresh entirely burnt out post grad who just needed a break and those gifts. But yeah....

Thats it for my rant. Thank you for reading ☺️","sale_discount, delivery, purchase_intent, customer_service",,cancellation_refund,customer_service,0.95,True
comment,MyntraSucks,t3_1tuocnm,opyooc3,t3_1tuocnm,,1,,,They always do this ,"Myntra and its usually shitty behavior- follow up on my comment about going to consumer court So my order was cancelled today. Was really looking forward to it. This was supposed to be my ""finishing my masters"" present for myself. 

So I had escalated this issue with the team couple days ago and told them that I will mostly take it to consumer court if the cancelation happens this time as well (something like this happened last sale too). They assured me it won't and today it did. 

Aside from feeling sad that I won't be getting the gift i planned for myself, I feel angry.

Cause I got a call from the myntra escalation desk- and connected with this sweet talking man who was just trying to say that 'yeah the issue happened, it's something technical, out of our hands, so sorry, refund has been initiated"". Basically trying to sweet talk me into not going for consumer court 🤷🏻‍♀️ 

Well I just told him that you all do it in every sale and specifically with products that are on crazy slashes, and that its okay to give lesser discount but its not fair to play with your consumers like this. He just went on about he will let my ""observation"" be known to the relevant team ""if possible"" 🤡

Now idk if I will go for the consumer court thing, im a fresh entirely burnt out post grad who just needed a break and those gifts. But yeah....

Thats it for my rant. Thank you for reading ☺️","sale_discount, delivery, purchase_intent, customer_service",,cancellation_refund,customer_service,0.95,True
post,,,t3_1pd0qdp,,2025-12-03T10:30:09.000Z,12,12.0,MYNTRA SUPPORT aka BRAINDEAD CUSTOMER SERVICE! Deceptive offers of free gifts such that a customer places the order and then Myntra cancels the free gifts that made the customer place that order without any appropriate justification citing vague reasons such as “unforeseen circumstances”.,"I had placed an order Order ID xxxx14401 for Ouai Scalp Serum for Rs. 4556 from them only because there was the same brand’s Body Scrub of 30g (as one of two free gift options, they have a full 96g version of this scrub for 2350 so 30g costs 730 rs). I only received the scalp serum and when I checked the app it said the Body Scrub was cancelled due to unforeseen circumstances. And since the product is not returnable I cannot create a return request. I spoke to their highly incompetent customer care execs for 35 mins transferring me to 3 people and all they were saying is sorry we cannot do anything about this. At the most we can give you a 100 rs coupon(which should ideally be 730)or a 10% discount on an order above 500. Firstly, you’re being deceptive and unfair by not sending what someone had ordered without any proper justification,Secondly, you cannot return pickup the product and refund me. After all this you want me to place another order on your deceptively unfair App. How ignorant can a company be? After 35 mins their resolution didn’t change it was only “Let me connect you with a senior” and the senior says the same thing as their juniors. I am never placing an order on Myntra again. Do not let them scam you out of your money. I would rather use Shoppers Stop as I have had no such problems with them.","MYNTRA SUPPORT aka BRAINDEAD CUSTOMER SERVICE! Deceptive offers of free gifts such that a customer places the order and then Myntra cancels the free gifts that made the customer place that order without any appropriate justification citing vague reasons such as “unforeseen circumstances”. I had placed an order Order ID xxxx14401 for Ouai Scalp Serum for Rs. 4556 from them only because there was the same brand’s Body Scrub of 30g (as one of two free gift options, they have a full 96g version of this scrub for 2350 so 30g costs 730 rs). I only received the scalp serum and when I checked the app it said the Body Scrub was cancelled due to unforeseen circumstances. And since the product is not returnable I cannot create a return request. I spoke to their highly incompetent customer care execs for 35 mins transferring me to 3 people and all they were saying is sorry we cannot do anything about this. At the most we can give you a 100 rs coupon(which should ideally be 730)or a 10% discount on an order above 500. Firstly, you’re being deceptive and unfair by not sending what someone had ordered without any proper justification,Secondly, you cannot return pickup the product and refund me. After all this you want me to place another order on your deceptively unfair App. How ignorant can a company be? After 35 mins their resolution didn’t change it was only “Let me connect you with a senior” and the senior says the same thing as their juniors. I am never placing an order on Myntra again. Do not let them scam you out of your money. I would rather use Shoppers Stop as I have had no such problems with them.","sale_discount, coupon_rewards, purchase_intent, customer_service",https://www.reddit.com/r/MyntraSucks/comments/1pd0qdp/myntra_support_aka_braindead_customer_service/,customer_service,cancellation_refund; purchase_intent,0.95,True
post,,,t3_1tzefxd,,2026-06-07T15:00:53.000Z,26,26.0,1 rupees discount,Myntra is giving discount of 1 and 2 rupees on an 8k dress by style island. Thodi toh sharam kar lete bhai. ,1 rupees discount Myntra is giving discount of 1 and 2 rupees on an 8k dress by style island. Thodi toh sharam kar lete bhai. ,sale_discount,https://www.reddit.com/gallery/1tzefxd,other,,0.50,True
post,,,t3_1pndxhg,,2025-12-15T17:49:39.000Z,12,12.0,Worst beauty experience ever,"Ordered a L’Oréal Paris lipstick from Myntra because it was ₹150 cheaper than Nykaa. I’ve almost exclusively shopped beauty on Nykaa go over 8yrs now, and never returned a beauty product so blindly trust online retailers.

However saving the ₹150 seemed tempting at the time, so I bought from Myntra. 

Worse. Decision. Ever.

They sent me an OPEN USED product. I was aghast and contacted customer care. They just said no return, we’ll send exchange. It’s been 25 days, they’ve not been able to get this product picked up, and now on app lipstick shows as ‘exchange cancelled as requested by you’

Called CS again- absolutely no help.

Now I’m out of ₹550, with a used lipstick, and no where to turn. Pretty awful experience.

However dependable Myntra has been for clothes, for beauty they don’t seem to know what they’re doing and have a long way to go. Discounting might be a good tactic to get customers in the short run, but if the experience is this poor, why would anyone buy from there again

TLDR- don’t buy beauty from Myntra unless you like feeling cheated.","Worst beauty experience ever Ordered a L’Oréal Paris lipstick from Myntra because it was ₹150 cheaper than Nykaa. I’ve almost exclusively shopped beauty on Nykaa go over 8yrs now, and never returned a beauty product so blindly trust online retailers.

However saving the ₹150 seemed tempting at the time, so I bought from Myntra. 

Worse. Decision. Ever.

They sent me an OPEN USED product. I was aghast and contacted customer care. They just said no return, we’ll send exchange. It’s been 25 days, they’ve not been able to get this product picked up, and now on app lipstick shows as ‘exchange cancelled as requested by you’

Called CS again- absolutely no help.

Now I’m out of ₹550, with a used lipstick, and no where to turn. Pretty awful experience.

However dependable Myntra has been for clothes, for beauty they don’t seem to know what they’re doing and have a long way to go. Discounting might be a good tactic to get customers in the short run, but if the experience is this poor, why would anyone buy from there again

TLDR- don’t buy beauty from Myntra unless you like feeling cheated.","price_change, sale_discount, purchase_intent, customer_service",https://www.reddit.com/r/MyntraSucks/comments/1pndxhg/worst_beauty_experience_ever/,customer_service,cancellation_refund,0.95,True
post,,,t3_1oxzzr2,,2025-11-15T19:06:13.000Z,20,20.0,Myntra didn’t give me my freebie product,"I ordered the laneige foaming facewash. It was showing firm and bounce face mask as a freebie. While placing the order, it was showing yay you got a free item, but when you were clicking the items even the bounce face mask, it was adding in the total. So i thought they must be sending with it and i didn’t have to add as they have written there that free bounce and firm face mask. However, when i received the order there was no freebie. Even though they say they provide priority support to the elite members, the customer executive Priya didn’t help even though i was available she left the chat and another executive Gaurov who joined didn’t even reply. Even after mailing them on grievance, i didn’t get any response or my freebie. That’s how Myntra is fooling their customers. They are not even taking any accountability. ","Myntra didn’t give me my freebie product I ordered the laneige foaming facewash. It was showing firm and bounce face mask as a freebie. While placing the order, it was showing yay you got a free item, but when you were clicking the items even the bounce face mask, it was adding in the total. So i thought they must be sending with it and i didn’t have to add as they have written there that free bounce and firm face mask. However, when i received the order there was no freebie. Even though they say they provide priority support to the elite members, the customer executive Priya didn’t help even though i was available she left the chat and another executive Gaurov who joined didn’t even reply. Even after mailing them on grievance, i didn’t get any response or my freebie. That’s how Myntra is fooling their customers. They are not even taking any accountability. ","availability, purchase_intent, customer_service",https://www.reddit.com/gallery/1oxzzr2,customer_service,,0.85,True
comment,MyntraSucks,t3_1reee6g,o7cujcc,t3_1reee6g,,1,,,yea this is really annoying and they do it on purpose 🙄,"What’s the use of this discount? What’s the use of this stupid discount? I’ve tried every single pincode where I know I have friends and family. Literally not deliverable to the whole of Chennai. Such a useless platform. First Nykaa, now Myntra. ","sale_discount, availability",,other,,0.50,True
comment,MyntraSucks,t3_1reee6g,o8ydliq,t3_1reee6g,,1,,,"Try some office building address, happened with me and i tried with my office pincode. I hope it works for you
","What’s the use of this discount? What’s the use of this stupid discount? I’ve tried every single pincode where I know I have friends and family. Literally not deliverable to the whole of Chennai. Such a useless platform. First Nykaa, now Myntra. ","sale_discount, availability",,other,,0.50,True
comment,MyntraSucks,t3_1reee6g,o8yk16z,t3_1reee6g,,1,,,Same thing happened to me every other shades of the editions lip gloss was available on my location but the one I needed cannot deliver in my location ,"What’s the use of this discount? What’s the use of this stupid discount? I’ve tried every single pincode where I know I have friends and family. Literally not deliverable to the whole of Chennai. Such a useless platform. First Nykaa, now Myntra. ","sale_discount, availability",,other,,0.50,True
post,,,t3_1tf2avj,,2026-05-16T18:55:54.000Z,3,3.0,Selling my Myntra Credit for discount.,See the 2nd image of this Post 1st. I'm willing to sell this myntra credit as ordering for anyone willing to pay me full amt 500. And I will give u my id to order . If u want u can also give me just 475rs. Giving u 5% discount . I bought the credit for 480/- . Pay me and get my id phone no- 8\_7\_5\_7\_092285.  Myntra from last month stopped delivery in my area. And I m student so I need cash. Help me out. Dm if u r genuine.,Selling my Myntra Credit for discount. See the 2nd image of this Post 1st. I'm willing to sell this myntra credit as ordering for anyone willing to pay me full amt 500. And I will give u my id to order . If u want u can also give me just 475rs. Giving u 5% discount . I bought the credit for 480/- . Pay me and get my id phone no- 8\_7\_5\_7\_092285.  Myntra from last month stopped delivery in my area. And I m student so I need cash. Help me out. Dm if u r genuine.,"sale_discount, delivery, purchase_intent, customer_service",https://www.reddit.com/gallery/1tf2avj,other,,0.50,True
comment,MyntraSucks,t3_1tzefxd,oqa387a,t3_1tzefxd,,5,,,[removed],1 rupees discount Myntra is giving discount of 1 and 2 rupees on an 8k dress by style island. Thodi toh sharam kar lete bhai. ,sale_discount,,other,,0.50,True
comment,MyntraSucks,t3_1tzefxd,oqa3kgm,t1_oqa387a,,3,,,Myntra is 2 rupees people ,1 rupees discount Myntra is giving discount of 1 and 2 rupees on an 8k dress by style island. Thodi toh sharam kar lete bhai. ,sale_discount,,other,,0.50,True
comment,MyntraSucks,t3_1pndxhg,nu72oie,t3_1pndxhg,,1,,,Hey kindly add some pics & screenshots too to your post for better understanding,"Worst beauty experience ever Ordered a L’Oréal Paris lipstick from Myntra because it was ₹150 cheaper than Nykaa. I’ve almost exclusively shopped beauty on Nykaa go over 8yrs now, and never returned a beauty product so blindly trust online retailers.

However saving the ₹150 seemed tempting at the time, so I bought from Myntra. 

Worse. Decision. Ever.

They sent me an OPEN USED product. I was aghast and contacted customer care. They just said no return, we’ll send exchange. It’s been 25 days, they’ve not been able to get this product picked up, and now on app lipstick shows as ‘exchange cancelled as requested by you’

Called CS again- absolutely no help.

Now I’m out of ₹550, with a used lipstick, and no where to turn. Pretty awful experience.

However dependable Myntra has been for clothes, for beauty they don’t seem to know what they’re doing and have a long way to go. Discounting might be a good tactic to get customers in the short run, but if the experience is this poor, why would anyone buy from there again

TLDR- don’t buy beauty from Myntra unless you like feeling cheated.","price_change, sale_discount, purchase_intent, customer_service",,customer_service,cancellation_refund,0.95,True
comment,MyntraSucks,t3_1pndxhg,nuo4i86,t3_1pndxhg,,2,,,"Same thing happened with me

https://preview.redd.it/7f4j449j6y7g1.jpeg?width=3024&format=pjpg&auto=webp&s=1a09db0431227b2655985839ab2b81c7915e65da

Received this mascara like this without packing, half empty and used.  I am not able to exchange it as well. Tried calling and they told me they talked to the logistics partner and they confirmed that when they shipped it was in pristine condition. 🥲","Worst beauty experience ever Ordered a L’Oréal Paris lipstick from Myntra because it was ₹150 cheaper than Nykaa. I’ve almost exclusively shopped beauty on Nykaa go over 8yrs now, and never returned a beauty product so blindly trust online retailers.

However saving the ₹150 seemed tempting at the time, so I bought from Myntra. 

Worse. Decision. Ever.

They sent me an OPEN USED product. I was aghast and contacted customer care. They just said no return, we’ll send exchange. It’s been 25 days, they’ve not been able to get this product picked up, and now on app lipstick shows as ‘exchange cancelled as requested by you’

Called CS again- absolutely no help.

Now I’m out of ₹550, with a used lipstick, and no where to turn. Pretty awful experience.

However dependable Myntra has been for clothes, for beauty they don’t seem to know what they’re doing and have a long way to go. Discounting might be a good tactic to get customers in the short run, but if the experience is this poor, why would anyone buy from there again

TLDR- don’t buy beauty from Myntra unless you like feeling cheated.","price_change, sale_discount, purchase_intent, customer_service",,customer_service,cancellation_refund,0.95,True
comment,MyntraSucks,t3_1pndxhg,nuzblea,t1_nuo4i86,,1,,,They usually do exchange,"Worst beauty experience ever Ordered a L’Oréal Paris lipstick from Myntra because it was ₹150 cheaper than Nykaa. I’ve almost exclusively shopped beauty on Nykaa go over 8yrs now, and never returned a beauty product so blindly trust online retailers.

However saving the ₹150 seemed tempting at the time, so I bought from Myntra. 

Worse. Decision. Ever.

They sent me an OPEN USED product. I was aghast and contacted customer care. They just said no return, we’ll send exchange. It’s been 25 days, they’ve not been able to get this product picked up, and now on app lipstick shows as ‘exchange cancelled as requested by you’

Called CS again- absolutely no help.

Now I’m out of ₹550, with a used lipstick, and no where to turn. Pretty awful experience.

However dependable Myntra has been for clothes, for beauty they don’t seem to know what they’re doing and have a long way to go. Discounting might be a good tactic to get customers in the short run, but if the experience is this poor, why would anyone buy from there again

TLDR- don’t buy beauty from Myntra unless you like feeling cheated.","price_change, sale_discount, purchase_intent, customer_service",,customer_service,cancellation_refund,0.95,True
comment,MyntraSucks,t3_1oxzzr2,np0wehu,t3_1oxzzr2,,8,,,"Myntra did this with my L’Oréal hair mask freebie too 😤

https://preview.redd.it/ezgo44ka1h1g1.jpeg?width=1170&format=pjpg&auto=webp&s=4bdc447768b2774b52df161ddaced2d6901d19f9","Myntra didn’t give me my freebie product I ordered the laneige foaming facewash. It was showing firm and bounce face mask as a freebie. While placing the order, it was showing yay you got a free item, but when you were clicking the items even the bounce face mask, it was adding in the total. So i thought they must be sending with it and i didn’t have to add as they have written there that free bounce and firm face mask. However, when i received the order there was no freebie. Even though they say they provide priority support to the elite members, the customer executive Priya didn’t help even though i was available she left the chat and another executive Gaurov who joined didn’t even reply. Even after mailing them on grievance, i didn’t get any response or my freebie. That’s how Myntra is fooling their customers. They are not even taking any accountability. ","availability, purchase_intent, customer_service",,customer_service,,0.85,True
comment,MyntraSucks,t3_1oxzzr2,np236us,t1_np0wehu,,5,,,"If they never have the intention of giving, why they even put it out there.. it’s so frustrating..","Myntra didn’t give me my freebie product I ordered the laneige foaming facewash. It was showing firm and bounce face mask as a freebie. While placing the order, it was showing yay you got a free item, but when you were clicking the items even the bounce face mask, it was adding in the total. So i thought they must be sending with it and i didn’t have to add as they have written there that free bounce and firm face mask. However, when i received the order there was no freebie. Even though they say they provide priority support to the elite members, the customer executive Priya didn’t help even though i was available she left the chat and another executive Gaurov who joined didn’t even reply. Even after mailing them on grievance, i didn’t get any response or my freebie. That’s how Myntra is fooling their customers. They are not even taking any accountability. ","availability, purchase_intent, customer_service",,customer_service,,0.85,True
comment,MyntraSucks,t3_1oxzzr2,np0w3xf,t3_1oxzzr2,,4,,,Yeah they do it very often,"Myntra didn’t give me my freebie product I ordered the laneige foaming facewash. It was showing firm and bounce face mask as a freebie. While placing the order, it was showing yay you got a free item, but when you were clicking the items even the bounce face mask, it was adding in the total. So i thought they must be sending with it and i didn’t have to add as they have written there that free bounce and firm face mask. However, when i received the order there was no freebie. Even though they say they provide priority support to the elite members, the customer executive Priya didn’t help even though i was available she left the chat and another executive Gaurov who joined didn’t even reply. Even after mailing them on grievance, i didn’t get any response or my freebie. That’s how Myntra is fooling their customers. They are not even taking any accountability. ","availability, purchase_intent, customer_service",,customer_service,,0.85,True
comment,MyntraSucks,t3_1oxzzr2,np17e17,t3_1oxzzr2,,4,,,"WTF same.
They did not give me BIGI Chemist and play body roll on.
I have made a  complaint.
Let's see","Myntra didn’t give me my freebie product I ordered the laneige foaming facewash. It was showing firm and bounce face mask as a freebie. While placing the order, it was showing yay you got a free item, but when you were clicking the items even the bounce face mask, it was adding in the total. So i thought they must be sending with it and i didn’t have to add as they have written there that free bounce and firm face mask. However, when i received the order there was no freebie. Even though they say they provide priority support to the elite members, the customer executive Priya didn’t help even though i was available she left the chat and another executive Gaurov who joined didn’t even reply. Even after mailing them on grievance, i didn’t get any response or my freebie. That’s how Myntra is fooling their customers. They are not even taking any accountability. ","availability, purchase_intent, customer_service",,customer_service,,0.85,True
comment,MyntraSucks,t3_1oxzzr2,np238zb,t1_np17e17,,1,,,Hopefully u get it solved.,"Myntra didn’t give me my freebie product I ordered the laneige foaming facewash. It was showing firm and bounce face mask as a freebie. While placing the order, it was showing yay you got a free item, but when you were clicking the items even the bounce face mask, it was adding in the total. So i thought they must be sending with it and i didn’t have to add as they have written there that free bounce and firm face mask. However, when i received the order there was no freebie. Even though they say they provide priority support to the elite members, the customer executive Priya didn’t help even though i was available she left the chat and another executive Gaurov who joined didn’t even reply. Even after mailing them on grievance, i didn’t get any response or my freebie. That’s how Myntra is fooling their customers. They are not even taking any accountability. ","availability, purchase_intent, customer_service",,customer_service,,0.85,True
comment,MyntraSucks,t3_1oxzzr2,np34sj2,t3_1oxzzr2,,4,,,"This is so typical myntra even they add freebie on cart but still don't deliver in name of technical issues. 

Tira is never in my shopping websites choice but myntra is very last choice for me.","Myntra didn’t give me my freebie product I ordered the laneige foaming facewash. It was showing firm and bounce face mask as a freebie. While placing the order, it was showing yay you got a free item, but when you were clicking the items even the bounce face mask, it was adding in the total. So i thought they must be sending with it and i didn’t have to add as they have written there that free bounce and firm face mask. However, when i received the order there was no freebie. Even though they say they provide priority support to the elite members, the customer executive Priya didn’t help even though i was available she left the chat and another executive Gaurov who joined didn’t even reply. Even after mailing them on grievance, i didn’t get any response or my freebie. That’s how Myntra is fooling their customers. They are not even taking any accountability. ","availability, purchase_intent, customer_service",,customer_service,,0.85,True
comment,MyntraSucks,t3_1oxzzr2,np42k45,t1_np34sj2,,1,,,I have not yet face this issue with tira. They do give freebie but sometimes the freebie are really bad😅,"Myntra didn’t give me my freebie product I ordered the laneige foaming facewash. It was showing firm and bounce face mask as a freebie. While placing the order, it was showing yay you got a free item, but when you were clicking the items even the bounce face mask, it was adding in the total. So i thought they must be sending with it and i didn’t have to add as they have written there that free bounce and firm face mask. However, when i received the order there was no freebie. Even though they say they provide priority support to the elite members, the customer executive Priya didn’t help even though i was available she left the chat and another executive Gaurov who joined didn’t even reply. Even after mailing them on grievance, i didn’t get any response or my freebie. That’s how Myntra is fooling their customers. They are not even taking any accountability. ","availability, purchase_intent, customer_service",,customer_service,,0.85,True
comment,MyntraSucks,t3_1oxzzr2,np4356o,t1_np42k45,,2,,,Tira freebie just not for me ... I can't find them worthy for my financial view 😞 seriously.,"Myntra didn’t give me my freebie product I ordered the laneige foaming facewash. It was showing firm and bounce face mask as a freebie. While placing the order, it was showing yay you got a free item, but when you were clicking the items even the bounce face mask, it was adding in the total. So i thought they must be sending with it and i didn’t have to add as they have written there that free bounce and firm face mask. However, when i received the order there was no freebie. Even though they say they provide priority support to the elite members, the customer executive Priya didn’t help even though i was available she left the chat and another executive Gaurov who joined didn’t even reply. Even after mailing them on grievance, i didn’t get any response or my freebie. That’s how Myntra is fooling their customers. They are not even taking any accountability. ","availability, purchase_intent, customer_service",,customer_service,,0.85,True
comment,MyntraSucks,t3_1oxzzr2,np51y8h,t1_np4356o,,2,,,Truee,"Myntra didn’t give me my freebie product I ordered the laneige foaming facewash. It was showing firm and bounce face mask as a freebie. While placing the order, it was showing yay you got a free item, but when you were clicking the items even the bounce face mask, it was adding in the total. So i thought they must be sending with it and i didn’t have to add as they have written there that free bounce and firm face mask. However, when i received the order there was no freebie. Even though they say they provide priority support to the elite members, the customer executive Priya didn’t help even though i was available she left the chat and another executive Gaurov who joined didn’t even reply. Even after mailing them on grievance, i didn’t get any response or my freebie. That’s how Myntra is fooling their customers. They are not even taking any accountability. ","availability, purchase_intent, customer_service",,customer_service,,0.85,True
comment,MyntraSucks,t3_1oxzzr2,np1rh0q,t3_1oxzzr2,,2,,,[removed],"Myntra didn’t give me my freebie product I ordered the laneige foaming facewash. It was showing firm and bounce face mask as a freebie. While placing the order, it was showing yay you got a free item, but when you were clicking the items even the bounce face mask, it was adding in the total. So i thought they must be sending with it and i didn’t have to add as they have written there that free bounce and firm face mask. However, when i received the order there was no freebie. Even though they say they provide priority support to the elite members, the customer executive Priya didn’t help even though i was available she left the chat and another executive Gaurov who joined didn’t even reply. Even after mailing them on grievance, i didn’t get any response or my freebie. That’s how Myntra is fooling their customers. They are not even taking any accountability. ","availability, purchase_intent, customer_service",,customer_service,,0.85,True
comment,MyntraSucks,t3_1oxzzr2,np23cqs,t1_np1rh0q,,2,,,I was also thinking of returning the whole item but then i needed the product so i didn’t..,"Myntra didn’t give me my freebie product I ordered the laneige foaming facewash. It was showing firm and bounce face mask as a freebie. While placing the order, it was showing yay you got a free item, but when you were clicking the items even the bounce face mask, it was adding in the total. So i thought they must be sending with it and i didn’t have to add as they have written there that free bounce and firm face mask. However, when i received the order there was no freebie. Even though they say they provide priority support to the elite members, the customer executive Priya didn’t help even though i was available she left the chat and another executive Gaurov who joined didn’t even reply. Even after mailing them on grievance, i didn’t get any response or my freebie. That’s how Myntra is fooling their customers. They are not even taking any accountability. ","availability, purchase_intent, customer_service",,customer_service,,0.85,True
comment,MyntraSucks,t3_1oxzzr2,np3i8mh,t3_1oxzzr2,,1,,,Alag din main Ayega,"Myntra didn’t give me my freebie product I ordered the laneige foaming facewash. It was showing firm and bounce face mask as a freebie. While placing the order, it was showing yay you got a free item, but when you were clicking the items even the bounce face mask, it was adding in the total. So i thought they must be sending with it and i didn’t have to add as they have written there that free bounce and firm face mask. However, when i received the order there was no freebie. Even though they say they provide priority support to the elite members, the customer executive Priya didn’t help even though i was available she left the chat and another executive Gaurov who joined didn’t even reply. Even after mailing them on grievance, i didn’t get any response or my freebie. That’s how Myntra is fooling their customers. They are not even taking any accountability. ","availability, purchase_intent, customer_service",,customer_service,,0.85,True
comment,MyntraSucks,t3_1oxzzr2,np42fsj,t1_np3i8mh,,2,,,No it won’t come.,"Myntra didn’t give me my freebie product I ordered the laneige foaming facewash. It was showing firm and bounce face mask as a freebie. While placing the order, it was showing yay you got a free item, but when you were clicking the items even the bounce face mask, it was adding in the total. So i thought they must be sending with it and i didn’t have to add as they have written there that free bounce and firm face mask. However, when i received the order there was no freebie. Even though they say they provide priority support to the elite members, the customer executive Priya didn’t help even though i was available she left the chat and another executive Gaurov who joined didn’t even reply. Even after mailing them on grievance, i didn’t get any response or my freebie. That’s how Myntra is fooling their customers. They are not even taking any accountability. ","availability, purchase_intent, customer_service",,customer_service,,0.85,True
comment,MyntraSucks,t3_1oxzzr2,np3tfku,t3_1oxzzr2,,1,,,"Please help guys. Myntra app shows a 14 day exchange, after the delivery I did not find that.","Myntra didn’t give me my freebie product I ordered the laneige foaming facewash. It was showing firm and bounce face mask as a freebie. While placing the order, it was showing yay you got a free item, but when you were clicking the items even the bounce face mask, it was adding in the total. So i thought they must be sending with it and i didn’t have to add as they have written there that free bounce and firm face mask. However, when i received the order there was no freebie. Even though they say they provide priority support to the elite members, the customer executive Priya didn’t help even though i was available she left the chat and another executive Gaurov who joined didn’t even reply. Even after mailing them on grievance, i didn’t get any response or my freebie. That’s how Myntra is fooling their customers. They are not even taking any accountability. ","availability, delivery, purchase_intent, customer_service",,customer_service,,0.85,True
comment,MyntraSucks,t3_1oxzzr2,np42t70,t1_np3tfku,,2,,,Contact the customer executive and write to their grievance support mail,"Myntra didn’t give me my freebie product I ordered the laneige foaming facewash. It was showing firm and bounce face mask as a freebie. While placing the order, it was showing yay you got a free item, but when you were clicking the items even the bounce face mask, it was adding in the total. So i thought they must be sending with it and i didn’t have to add as they have written there that free bounce and firm face mask. However, when i received the order there was no freebie. Even though they say they provide priority support to the elite members, the customer executive Priya didn’t help even though i was available she left the chat and another executive Gaurov who joined didn’t even reply. Even after mailing them on grievance, i didn’t get any response or my freebie. That’s how Myntra is fooling their customers. They are not even taking any accountability. ","availability, purchase_intent, customer_service",,customer_service,,0.85,True
comment,MyntraSucks,t3_1oxzzr2,npflhdq,t3_1oxzzr2,,1,,,[removed],"Myntra didn’t give me my freebie product I ordered the laneige foaming facewash. It was showing firm and bounce face mask as a freebie. While placing the order, it was showing yay you got a free item, but when you were clicking the items even the bounce face mask, it was adding in the total. So i thought they must be sending with it and i didn’t have to add as they have written there that free bounce and firm face mask. However, when i received the order there was no freebie. Even though they say they provide priority support to the elite members, the customer executive Priya didn’t help even though i was available she left the chat and another executive Gaurov who joined didn’t even reply. Even after mailing them on grievance, i didn’t get any response or my freebie. That’s how Myntra is fooling their customers. They are not even taking any accountability. ","availability, purchase_intent, customer_service",,customer_service,,0.85,True
comment,MyntraSucks,t3_1oxzzr2,nph3quh,t1_npflhdq,,1,,,They don’t anything. Really pissed though..,"Myntra didn’t give me my freebie product I ordered the laneige foaming facewash. It was showing firm and bounce face mask as a freebie. While placing the order, it was showing yay you got a free item, but when you were clicking the items even the bounce face mask, it was adding in the total. So i thought they must be sending with it and i didn’t have to add as they have written there that free bounce and firm face mask. However, when i received the order there was no freebie. Even though they say they provide priority support to the elite members, the customer executive Priya didn’t help even though i was available she left the chat and another executive Gaurov who joined didn’t even reply. Even after mailing them on grievance, i didn’t get any response or my freebie. That’s how Myntra is fooling their customers. They are not even taking any accountability. ","availability, purchase_intent, customer_service",,customer_service,,0.85,True
comment,MyntraSucks,t3_1tf2avj,om91swe,t3_1tf2avj,,3,,,5%? Myntra gift card available at 10%,Selling my Myntra Credit for discount. See the 2nd image of this Post 1st. I'm willing to sell this myntra credit as ordering for anyone willing to pay me full amt 500. And I will give u my id to order . If u want u can also give me just 475rs. Giving u 5% discount . I bought the credit for 480/- . Pay me and get my id phone no- 8\_7\_5\_7\_092285.  Myntra from last month stopped delivery in my area. And I m student so I need cash. Help me out. Dm if u r genuine.,"sale_discount, availability, delivery, purchase_intent, customer_service",,other,,0.50,True
comment,MyntraSucks,t3_1tf2avj,om9khh8,t1_om91swe,,1,,,Where 10%?,Selling my Myntra Credit for discount. See the 2nd image of this Post 1st. I'm willing to sell this myntra credit as ordering for anyone willing to pay me full amt 500. And I will give u my id to order . If u want u can also give me just 475rs. Giving u 5% discount . I bought the credit for 480/- . Pay me and get my id phone no- 8\_7\_5\_7\_092285.  Myntra from last month stopped delivery in my area. And I m student so I need cash. Help me out. Dm if u r genuine.,"sale_discount, delivery, purchase_intent, customer_service",,other,,0.50,True
comment,MyntraSucks,t3_1tf2avj,omchoc6,t1_om91swe,,1,,,Bro  check your source properly. Nobody's giving 10% off for Myntra gc. Unless u have a creditcard and it has special policy of giving Myntra gc at some discount. ,Selling my Myntra Credit for discount. See the 2nd image of this Post 1st. I'm willing to sell this myntra credit as ordering for anyone willing to pay me full amt 500. And I will give u my id to order . If u want u can also give me just 475rs. Giving u 5% discount . I bought the credit for 480/- . Pay me and get my id phone no- 8\_7\_5\_7\_092285.  Myntra from last month stopped delivery in my area. And I m student so I need cash. Help me out. Dm if u r genuine.,"sale_discount, delivery, purchase_intent, customer_service",,other,,0.50,True
comment,MyntraSucks,t3_1tf2avj,omev5c1,t1_omchoc6,,1,,,"I am selling and buying at more than 10% in the last 2 years.
People on Reddit sells already added balance at 15-30% off. Just check out my profile and IndiaDealsExchange. I got extra 5% cashback from credit card.
I'm not posting the source here because many people will resell at lower.",Selling my Myntra Credit for discount. See the 2nd image of this Post 1st. I'm willing to sell this myntra credit as ordering for anyone willing to pay me full amt 500. And I will give u my id to order . If u want u can also give me just 475rs. Giving u 5% discount . I bought the credit for 480/- . Pay me and get my id phone no- 8\_7\_5\_7\_092285.  Myntra from last month stopped delivery in my area. And I m student so I need cash. Help me out. Dm if u r genuine.,"sale_discount, coupon_rewards, delivery, purchase_intent, customer_service",,other,,0.50,True
comment,MyntraSucks,t3_1tf2avj,omfz7f4,t1_omev5c1,,1,,,Bhai read ni kiya tune ? Mera cmmt . Mere pass v credit card h 😂 paisa uraao credit card s toh gift card le skte h myntra ka 10% off . Lekin for ppl who don't have credit card volog 1% p lete hai 5% bhut saal phle milta tga free m . Ab tum credit card p 10-13% discount lekr yha yaap jo krre ho sirf flex krne k liy. Bina credit card k app k kha mil rha h myntra at even 5% off btao bhai mai v lunga fir tohh!!!!!,Selling my Myntra Credit for discount. See the 2nd image of this Post 1st. I'm willing to sell this myntra credit as ordering for anyone willing to pay me full amt 500. And I will give u my id to order . If u want u can also give me just 475rs. Giving u 5% discount . I bought the credit for 480/- . Pay me and get my id phone no- 8\_7\_5\_7\_092285.  Myntra from last month stopped delivery in my area. And I m student so I need cash. Help me out. Dm if u r genuine.,"sale_discount, delivery, purchase_intent, customer_service",,other,,0.50,True
comment,MyntraSucks,t3_1tf2avj,omg1hpl,t1_omfz7f4,,1,,,Read Kiya hai...tu bola without credit card 10% not possible...you said check your source... without credit card also 10% available ,Selling my Myntra Credit for discount. See the 2nd image of this Post 1st. I'm willing to sell this myntra credit as ordering for anyone willing to pay me full amt 500. And I will give u my id to order . If u want u can also give me just 475rs. Giving u 5% discount . I bought the credit for 480/- . Pay me and get my id phone no- 8\_7\_5\_7\_092285.  Myntra from last month stopped delivery in my area. And I m student so I need cash. Help me out. Dm if u r genuine.,"sale_discount, availability, delivery, purchase_intent, customer_service",,other,,0.50,True
comment,MyntraSucks,t3_1tf2avj,omgdnn9,t1_omg1hpl,,1,,,"Kha milra bhai ,10% off tb toh mai  bulk m kharidna chalu krdu",Selling my Myntra Credit for discount. See the 2nd image of this Post 1st. I'm willing to sell this myntra credit as ordering for anyone willing to pay me full amt 500. And I will give u my id to order . If u want u can also give me just 475rs. Giving u 5% discount . I bought the credit for 480/- . Pay me and get my id phone no- 8\_7\_5\_7\_092285.  Myntra from last month stopped delivery in my area. And I m student so I need cash. Help me out. Dm if u r genuine.,"sale_discount, delivery, purchase_intent, customer_service",,other,,0.50,True
comment,MyntraSucks,t3_1tf2avj,omnohw0,t1_omgdnn9,,1,,,[removed],Selling my Myntra Credit for discount. See the 2nd image of this Post 1st. I'm willing to sell this myntra credit as ordering for anyone willing to pay me full amt 500. And I will give u my id to order . If u want u can also give me just 475rs. Giving u 5% discount . I bought the credit for 480/- . Pay me and get my id phone no- 8\_7\_5\_7\_092285.  Myntra from last month stopped delivery in my area. And I m student so I need cash. Help me out. Dm if u r genuine.,"sale_discount, delivery, purchase_intent, customer_service",,other,,0.50,True
comment,MyntraSucks,t3_1tf2avj,omnrhze,t1_omnohw0,,1,,,Kidhr milra h 😂 sab bol rhe lekin wht Abt src:?,Selling my Myntra Credit for discount. See the 2nd image of this Post 1st. I'm willing to sell this myntra credit as ordering for anyone willing to pay me full amt 500. And I will give u my id to order . If u want u can also give me just 475rs. Giving u 5% discount . I bought the credit for 480/- . Pay me and get my id phone no- 8\_7\_5\_7\_092285.  Myntra from last month stopped delivery in my area. And I m student so I need cash. Help me out. Dm if u r genuine.,"sale_discount, delivery, purchase_intent, customer_service",,other,,0.50,True
comment,MyntraSucks,t3_1tf2avj,omntfca,t1_omnrhze,,1,,,[removed],Selling my Myntra Credit for discount. See the 2nd image of this Post 1st. I'm willing to sell this myntra credit as ordering for anyone willing to pay me full amt 500. And I will give u my id to order . If u want u can also give me just 475rs. Giving u 5% discount . I bought the credit for 480/- . Pay me and get my id phone no- 8\_7\_5\_7\_092285.  Myntra from last month stopped delivery in my area. And I m student so I need cash. Help me out. Dm if u r genuine.,"sale_discount, delivery, purchase_intent, customer_service",,other,,0.50,True
comment,MyntraSucks,t3_1tf2avj,omnu5om,t1_omntfca,,1,,,"Abbe bhai cmmt krne aajate ho mera 1st reply to this reply dekh ,wha mai y same chiz bola hu. Aur sabke pass cc ni hota h ,95% ppl don't know Abt cc in india , it's just teens and old uncles who knows. Without cc aur any kind of redemption online net p koi NI DERA H EVEN 5% OFF. MAXIMUM ON Indian internet - 1-4.5% milta h. Bolne s phle thread pdho bhai. I m here giving at 5% discount. So sbki jaal gyi . ",Selling my Myntra Credit for discount. See the 2nd image of this Post 1st. I'm willing to sell this myntra credit as ordering for anyone willing to pay me full amt 500. And I will give u my id to order . If u want u can also give me just 475rs. Giving u 5% discount . I bought the credit for 480/- . Pay me and get my id phone no- 8\_7\_5\_7\_092285.  Myntra from last month stopped delivery in my area. And I m student so I need cash. Help me out. Dm if u r genuine.,"sale_discount, delivery, purchase_intent, customer_service",,other,,0.50,True
comment,MyntraSucks,t3_1tf2avj,om6qeh8,t3_1tf2avj,,1,,,I can do 300*,Selling my Myntra Credit for discount. See the 2nd image of this Post 1st. I'm willing to sell this myntra credit as ordering for anyone willing to pay me full amt 500. And I will give u my id to order . If u want u can also give me just 475rs. Giving u 5% discount . I bought the credit for 480/- . Pay me and get my id phone no- 8\_7\_5\_7\_092285.  Myntra from last month stopped delivery in my area. And I m student so I need cash. Help me out. Dm if u r genuine.,"sale_discount, delivery, purchase_intent, customer_service",,other,,0.50,True
comment,MyntraSucks,t3_1tf2avj,om7hmxo,t1_om6qeh8,,1,,,Nah ,Selling my Myntra Credit for discount. See the 2nd image of this Post 1st. I'm willing to sell this myntra credit as ordering for anyone willing to pay me full amt 500. And I will give u my id to order . If u want u can also give me just 475rs. Giving u 5% discount . I bought the credit for 480/- . Pay me and get my id phone no- 8\_7\_5\_7\_092285.  Myntra from last month stopped delivery in my area. And I m student so I need cash. Help me out. Dm if u r genuine.,"sale_discount, delivery, purchase_intent, customer_service",,other,,0.50,True
comment,MyntraSucks,t3_1tf2avj,om949e2,t3_1tf2avj,,1,,,🥀🥀,Selling my Myntra Credit for discount. See the 2nd image of this Post 1st. I'm willing to sell this myntra credit as ordering for anyone willing to pay me full amt 500. And I will give u my id to order . If u want u can also give me just 475rs. Giving u 5% discount . I bought the credit for 480/- . Pay me and get my id phone no- 8\_7\_5\_7\_092285.  Myntra from last month stopped delivery in my area. And I m student so I need cash. Help me out. Dm if u r genuine.,"sale_discount, delivery, purchase_intent, customer_service",,other,,0.50,True
comment,MyntraSucks,t3_1tf2avj,omchqek,t1_om949e2,,1,,,What?,Selling my Myntra Credit for discount. See the 2nd image of this Post 1st. I'm willing to sell this myntra credit as ordering for anyone willing to pay me full amt 500. And I will give u my id to order . If u want u can also give me just 475rs. Giving u 5% discount . I bought the credit for 480/- . Pay me and get my id phone no- 8\_7\_5\_7\_092285.  Myntra from last month stopped delivery in my area. And I m student so I need cash. Help me out. Dm if u r genuine.,"sale_discount, delivery, purchase_intent, customer_service",,other,,0.50,True
post,,,t3_1vp2daf,,2026-08-15T13:04:06.000Z,13,13.0,Myntra Sales are just for namesake and none of the good items got any discounts whatsoever,"Has anyone noticed that sales in myntra are just posters and nothing else. None of the items in my wishlist and cart got their price reduced, there were some coupons applicable few days ago which have also disappeared now. On top of that shamelessly taking unnecessary fees on everything. I have stopped purchasing from this shitty app just that some brands are exclusively available on it sadly. ","Myntra Sales are just for namesake and none of the good items got any discounts whatsoever Has anyone noticed that sales in myntra are just posters and nothing else. None of the items in my wishlist and cart got their price reduced, there were some coupons applicable few days ago which have also disappeared now. On top of that shamelessly taking unnecessary fees on everything. I have stopped purchasing from this shitty app just that some brands are exclusively available on it sadly. ","wishlist, price_change, sale_discount, coupon_rewards, availability",https://www.reddit.com/r/MyntraSucks/comments/1vp2daf/myntra_sales_are_just_for_namesake_and_none_of/,price_drop,wishlist,0.95,True
comment,MyntraSucks,t3_1vp2daf,p3u4igg,t3_1vp2daf,,3,,,Absolutely agree with you,"Myntra Sales are just for namesake and none of the good items got any discounts whatsoever Has anyone noticed that sales in myntra are just posters and nothing else. None of the items in my wishlist and cart got their price reduced, there were some coupons applicable few days ago which have also disappeared now. On top of that shamelessly taking unnecessary fees on everything. I have stopped purchasing from this shitty app just that some brands are exclusively available on it sadly. ","wishlist, price_change, sale_discount, coupon_rewards, availability",,price_drop,wishlist,0.95,True
comment,MyntraSucks,t3_1vp2daf,p3ufn2i,t3_1vp2daf,,3,,,"Haven't bought from Myntra since last eors December
Ajio is much better..","Myntra Sales are just for namesake and none of the good items got any discounts whatsoever Has anyone noticed that sales in myntra are just posters and nothing else. None of the items in my wishlist and cart got their price reduced, there were some coupons applicable few days ago which have also disappeared now. On top of that shamelessly taking unnecessary fees on everything. I have stopped purchasing from this shitty app just that some brands are exclusively available on it sadly. ","wishlist, price_change, sale_discount, coupon_rewards, availability, purchase_intent",,price_drop,wishlist; sale_discount,0.95,True
comment,MyntraSucks,t3_1vp2daf,p3whm94,t3_1vp2daf,,3,,,"Yeah and the discounted ones come under the pathetic "" not deliverable ro the selected pincode ""  category 😑😑","Myntra Sales are just for namesake and none of the good items got any discounts whatsoever Has anyone noticed that sales in myntra are just posters and nothing else. None of the items in my wishlist and cart got their price reduced, there were some coupons applicable few days ago which have also disappeared now. On top of that shamelessly taking unnecessary fees on everything. I have stopped purchasing from this shitty app just that some brands are exclusively available on it sadly. ","wishlist, price_change, sale_discount, coupon_rewards, availability",,price_drop,wishlist,0.95,True
comment,MyntraSucks,t3_1vp2daf,p3ybdm9,t1_p3whm94,,2,,,"Omg! Your pincode, too? To which pincode are they delivering then? To the moon, i guess","Myntra Sales are just for namesake and none of the good items got any discounts whatsoever Has anyone noticed that sales in myntra are just posters and nothing else. None of the items in my wishlist and cart got their price reduced, there were some coupons applicable few days ago which have also disappeared now. On top of that shamelessly taking unnecessary fees on everything. I have stopped purchasing from this shitty app just that some brands are exclusively available on it sadly. ","wishlist, price_change, sale_discount, coupon_rewards, availability",,price_drop,wishlist,0.95,True
comment,MyntraSucks,t3_1vp2daf,p42bxci,t1_p3whm94,,1,,,"I get so pissed off dude , like how can one particular brand not deliver this one particular product to my pincode !?!? I face this a lot with this brand phosphorus ","Myntra Sales are just for namesake and none of the good items got any discounts whatsoever Has anyone noticed that sales in myntra are just posters and nothing else. None of the items in my wishlist and cart got their price reduced, there were some coupons applicable few days ago which have also disappeared now. On top of that shamelessly taking unnecessary fees on everything. I have stopped purchasing from this shitty app just that some brands are exclusively available on it sadly. ","wishlist, price_change, sale_discount, coupon_rewards, availability",,price_drop,wishlist,0.95,True
comment,MyntraSucks,t3_1vp2daf,p3yfjv7,t1_p3ybdm9,,2,,,They deliver to none ! That's their way of not letting customers to buy the discounted items . The can't deliver wala thingy goes away after sometime or when the sale ends and price increases . It's downright irritating ,"Myntra Sales are just for namesake and none of the good items got any discounts whatsoever Has anyone noticed that sales in myntra are just posters and nothing else. None of the items in my wishlist and cart got their price reduced, there were some coupons applicable few days ago which have also disappeared now. On top of that shamelessly taking unnecessary fees on everything. I have stopped purchasing from this shitty app just that some brands are exclusively available on it sadly. ","wishlist, price_change, sale_discount, coupon_rewards, availability, purchase_intent",,price_drop,wishlist,0.95,True
comment,MyntraSucks,t3_1vp2daf,p3v9cg0,t3_1vp2daf,,2,,,True .. they are wasting our time and energy over their so called sales ,"Myntra Sales are just for namesake and none of the good items got any discounts whatsoever Has anyone noticed that sales in myntra are just posters and nothing else. None of the items in my wishlist and cart got their price reduced, there were some coupons applicable few days ago which have also disappeared now. On top of that shamelessly taking unnecessary fees on everything. I have stopped purchasing from this shitty app just that some brands are exclusively available on it sadly. ","wishlist, price_change, sale_discount, coupon_rewards, availability",,price_drop,wishlist,0.95,True
comment,MyntraSucks,t3_1vp2daf,p3vx1vv,t3_1vp2daf,,1,,, i agree but recently i got a really good deal on ponds facewash got the bigger packs X2 at 300 smth,"Myntra Sales are just for namesake and none of the good items got any discounts whatsoever Has anyone noticed that sales in myntra are just posters and nothing else. None of the items in my wishlist and cart got their price reduced, there were some coupons applicable few days ago which have also disappeared now. On top of that shamelessly taking unnecessary fees on everything. I have stopped purchasing from this shitty app just that some brands are exclusively available on it sadly. ","wishlist, price_change, sale_discount, coupon_rewards, availability",,price_drop,wishlist,0.95,True
comment,MyntraSucks,t3_1vp2daf,p4034zr,t3_1vp2daf,,1,,,"True they've stopped giving discounts, it's been a long time since I purchased anything from myntra ","Myntra Sales are just for namesake and none of the good items got any discounts whatsoever Has anyone noticed that sales in myntra are just posters and nothing else. None of the items in my wishlist and cart got their price reduced, there were some coupons applicable few days ago which have also disappeared now. On top of that shamelessly taking unnecessary fees on everything. I have stopped purchasing from this shitty app just that some brands are exclusively available on it sadly. ","wishlist, price_change, sale_discount, coupon_rewards, availability",,price_drop,wishlist,0.95,True
comment,MyntraSucks,t3_1vp2daf,p40jkf6,t3_1vp2daf,,1,,,"Yes the only thing I recently bought from there was k18 mask 50ml. Esp with platform fee of 23/- even if I sometimes see a nail paint or lip colour i just don't buy it. When Myntra didn't have platform fee, i used to randomly buy stuffs around 100/- just coz it looked cute/interesting","Myntra Sales are just for namesake and none of the good items got any discounts whatsoever Has anyone noticed that sales in myntra are just posters and nothing else. None of the items in my wishlist and cart got their price reduced, there were some coupons applicable few days ago which have also disappeared now. On top of that shamelessly taking unnecessary fees on everything. I have stopped purchasing from this shitty app just that some brands are exclusively available on it sadly. ","wishlist, price_change, sale_discount, coupon_rewards, availability, purchase_intent",,coupon,price_drop; wishlist,0.95,True
post,,,t3_1vgr1yf,,2026-08-06T02:02:36.000Z,41,41.0,Myntra cash use now requires minimum order value ? 😭,"Honestly, I've abused the myntra cash for 5-6 times now. I used it and ordered the products that cost almost as much as the myntra cash value like 100 rs or 50 rs whatever it is .I used to pay the difference amount online. I placed multiple small orders whenever I got high myntra cash ( it expires in a week ) .**But now it requires minimum Order value** 

**Such a let down man ! 😭😭😭😭😭😭😭😭😭Anybody feels the same ?**","Myntra cash use now requires minimum order value ? 😭 Honestly, I've abused the myntra cash for 5-6 times now. I used it and ordered the products that cost almost as much as the myntra cash value like 100 rs or 50 rs whatever it is .I used to pay the difference amount online. I placed multiple small orders whenever I got high myntra cash ( it expires in a week ) .**But now it requires minimum Order value** 

**Such a let down man ! 😭😭😭😭😭😭😭😭😭Anybody feels the same ?**",purchase_intent,https://i.redd.it/0s749n6pwnhh1.jpeg,other,,0.50,True
comment,MyntraSucks,t3_1vgr1yf,p1ztltu,t3_1vgr1yf,,6,,,I feel you 🫂 myntra is being absolute bitch here,"Myntra cash use now requires minimum order value ? 😭 Honestly, I've abused the myntra cash for 5-6 times now. I used it and ordered the products that cost almost as much as the myntra cash value like 100 rs or 50 rs whatever it is .I used to pay the difference amount online. I placed multiple small orders whenever I got high myntra cash ( it expires in a week ) .**But now it requires minimum Order value** 

**Such a let down man ! 😭😭😭😭😭😭😭😭😭Anybody feels the same ?**",purchase_intent,,other,,0.50,True
comment,MyntraSucks,t3_1vgr1yf,p20lwd4,t3_1vgr1yf,,5,,,I used to get so many nailpaints using these. But now I'm sad😭😭,"Myntra cash use now requires minimum order value ? 😭 Honestly, I've abused the myntra cash for 5-6 times now. I used it and ordered the products that cost almost as much as the myntra cash value like 100 rs or 50 rs whatever it is .I used to pay the difference amount online. I placed multiple small orders whenever I got high myntra cash ( it expires in a week ) .**But now it requires minimum Order value** 

**Such a let down man ! 😭😭😭😭😭😭😭😭😭Anybody feels the same ?**",purchase_intent,,other,,0.50,True
comment,MyntraSucks,t3_1vgr1yf,p21mwyf,t1_p20lwd4,,2,,,"Gurl saaaaameeee .I used to buy them for my mom .After that I bought aloevera gel ,a perfume ( for 99) and pads ( XL)  for 200 rs ","Myntra cash use now requires minimum order value ? 😭 Honestly, I've abused the myntra cash for 5-6 times now. I used it and ordered the products that cost almost as much as the myntra cash value like 100 rs or 50 rs whatever it is .I used to pay the difference amount online. I placed multiple small orders whenever I got high myntra cash ( it expires in a week ) .**But now it requires minimum Order value** 

**Such a let down man ! 😭😭😭😭😭😭😭😭😭Anybody feels the same ?**",purchase_intent,,other,,0.50,True
comment,MyntraSucks,t3_1vgr1yf,p219g3s,t3_1vgr1yf,,2,,,"Yes, if there’s a coupon that lets say worth rs50, you can’t use the myncash🥲  
It’s either coupon or myncash","Myntra cash use now requires minimum order value ? 😭 Honestly, I've abused the myntra cash for 5-6 times now. I used it and ordered the products that cost almost as much as the myntra cash value like 100 rs or 50 rs whatever it is .I used to pay the difference amount online. I placed multiple small orders whenever I got high myntra cash ( it expires in a week ) .**But now it requires minimum Order value** 

**Such a let down man ! 😭😭😭😭😭😭😭😭😭Anybody feels the same ?**","coupon_rewards, purchase_intent",,coupon,,0.85,True
comment,MyntraSucks,t3_1vgr1yf,p21mdw9,t1_p219g3s,,2,,,"Yes that tooo. For me ,coupon is applying but after coupon application, order value should be greater than 199 to apply myncash .You can use myncash also then .","Myntra cash use now requires minimum order value ? 😭 Honestly, I've abused the myntra cash for 5-6 times now. I used it and ordered the products that cost almost as much as the myntra cash value like 100 rs or 50 rs whatever it is .I used to pay the difference amount online. I placed multiple small orders whenever I got high myntra cash ( it expires in a week ) .**But now it requires minimum Order value** 

**Such a let down man ! 😭😭😭😭😭😭😭😭😭Anybody feels the same ?**","coupon_rewards, purchase_intent",,coupon,,0.85,True
comment,MyntraSucks,t3_1vgr1yf,p225lqq,t3_1vgr1yf,,1,,,Shit,"Myntra cash use now requires minimum order value ? 😭 Honestly, I've abused the myntra cash for 5-6 times now. I used it and ordered the products that cost almost as much as the myntra cash value like 100 rs or 50 rs whatever it is .I used to pay the difference amount online. I placed multiple small orders whenever I got high myntra cash ( it expires in a week ) .**But now it requires minimum Order value** 

**Such a let down man ! 😭😭😭😭😭😭😭😭😭Anybody feels the same ?**",purchase_intent,,other,,0.50,True
comment,MyntraSucks,t3_1vgr1yf,p226nk3,t3_1vgr1yf,,1,,,guys try ordering from desktop or website,"Myntra cash use now requires minimum order value ? 😭 Honestly, I've abused the myntra cash for 5-6 times now. I used it and ordered the products that cost almost as much as the myntra cash value like 100 rs or 50 rs whatever it is .I used to pay the difference amount online. I placed multiple small orders whenever I got high myntra cash ( it expires in a week ) .**But now it requires minimum Order value** 

**Such a let down man ! 😭😭😭😭😭😭😭😭😭Anybody feels the same ?**",purchase_intent,,other,,0.50,True
comment,MyntraSucks,t3_1vgr1yf,p22fcyg,t1_p226nk3,,1,,,Thank you so much ! Its working 😭😭,"Myntra cash use now requires minimum order value ? 😭 Honestly, I've abused the myntra cash for 5-6 times now. I used it and ordered the products that cost almost as much as the myntra cash value like 100 rs or 50 rs whatever it is .I used to pay the difference amount online. I placed multiple small orders whenever I got high myntra cash ( it expires in a week ) .**But now it requires minimum Order value** 

**Such a let down man ! 😭😭😭😭😭😭😭😭😭Anybody feels the same ?**",purchase_intent,,other,,0.50,True
comment,MyntraSucks,t3_1vgr1yf,p23667l,t1_p226nk3,,1,,,Thankyou so much it worked🥹,"Myntra cash use now requires minimum order value ? 😭 Honestly, I've abused the myntra cash for 5-6 times now. I used it and ordered the products that cost almost as much as the myntra cash value like 100 rs or 50 rs whatever it is .I used to pay the difference amount online. I placed multiple small orders whenever I got high myntra cash ( it expires in a week ) .**But now it requires minimum Order value** 

**Such a let down man ! 😭😭😭😭😭😭😭😭😭Anybody feels the same ?**",purchase_intent,,other,,0.50,True
comment,MyntraSucks,t3_1vgr1yf,p2f2xvw,t1_p226nk3,,1,,,Thankyou 🥶🥶🥶🥶🥶🥶🫡🫡🫡🫡,"Myntra cash use now requires minimum order value ? 😭 Honestly, I've abused the myntra cash for 5-6 times now. I used it and ordered the products that cost almost as much as the myntra cash value like 100 rs or 50 rs whatever it is .I used to pay the difference amount online. I placed multiple small orders whenever I got high myntra cash ( it expires in a week ) .**But now it requires minimum Order value** 

**Such a let down man ! 😭😭😭😭😭😭😭😭😭Anybody feels the same ?**",purchase_intent,,other,,0.50,True
comment,MyntraSucks,t3_1vgr1yf,p227f2t,t3_1vgr1yf,,1,,,And here I thought I was the best at orchestrating my own downfall🥴,"Myntra cash use now requires minimum order value ? 😭 Honestly, I've abused the myntra cash for 5-6 times now. I used it and ordered the products that cost almost as much as the myntra cash value like 100 rs or 50 rs whatever it is .I used to pay the difference amount online. I placed multiple small orders whenever I got high myntra cash ( it expires in a week ) .**But now it requires minimum Order value** 

**Such a let down man ! 😭😭😭😭😭😭😭😭😭Anybody feels the same ?**",purchase_intent,,other,,0.50,True
comment,MyntraSucks,t3_1vgr1yf,p22dgze,t3_1vgr1yf,,1,,,Yrr i was about to order a lipstick on which there was two discount coupon. Now either i can use myncash or those coupons🥲 ,"Myntra cash use now requires minimum order value ? 😭 Honestly, I've abused the myntra cash for 5-6 times now. I used it and ordered the products that cost almost as much as the myntra cash value like 100 rs or 50 rs whatever it is .I used to pay the difference amount online. I placed multiple small orders whenever I got high myntra cash ( it expires in a week ) .**But now it requires minimum Order value** 

**Such a let down man ! 😭😭😭😭😭😭😭😭😭Anybody feels the same ?**","sale_discount, coupon_rewards, purchase_intent",,coupon,,0.85,True
comment,MyntraSucks,t3_1vgr1yf,p2424ti,t1_p22dgze,,1,,,Which lipstick ,"Myntra cash use now requires minimum order value ? 😭 Honestly, I've abused the myntra cash for 5-6 times now. I used it and ordered the products that cost almost as much as the myntra cash value like 100 rs or 50 rs whatever it is .I used to pay the difference amount online. I placed multiple small orders whenever I got high myntra cash ( it expires in a week ) .**But now it requires minimum Order value** 

**Such a let down man ! 😭😭😭😭😭😭😭😭😭Anybody feels the same ?**",purchase_intent,,other,,0.50,True
comment,MyntraSucks,t3_1vgr1yf,p244qm8,t1_p2424ti,,2,,,It was mamaearth lipstick in the shade apricoat taupe.,"Myntra cash use now requires minimum order value ? 😭 Honestly, I've abused the myntra cash for 5-6 times now. I used it and ordered the products that cost almost as much as the myntra cash value like 100 rs or 50 rs whatever it is .I used to pay the difference amount online. I placed multiple small orders whenever I got high myntra cash ( it expires in a week ) .**But now it requires minimum Order value** 

**Such a let down man ! 😭😭😭😭😭😭😭😭😭Anybody feels the same ?**",purchase_intent,,other,,0.50,True
comment,MyntraSucks,t3_1vgr1yf,p22mk9b,t3_1vgr1yf,,1,,,"Same shit bro i too have abused it a lot of times 
Now i was saving from a week to get Cetaphil cleanser but this mfkin thing Happened 

The Worst part is i ordered it earlier but i mistakenly ordered the lotion instead of the cleanser n uts of no use to me","Myntra cash use now requires minimum order value ? 😭 Honestly, I've abused the myntra cash for 5-6 times now. I used it and ordered the products that cost almost as much as the myntra cash value like 100 rs or 50 rs whatever it is .I used to pay the difference amount online. I placed multiple small orders whenever I got high myntra cash ( it expires in a week ) .**But now it requires minimum Order value** 

**Such a let down man ! 😭😭😭😭😭😭😭😭😭Anybody feels the same ?**",purchase_intent,,other,,0.50,True
comment,MyntraSucks,t3_1vgr1yf,p22nnaq,t1_p22mk9b,,1,,,Man! I can feel you 🙂‍↔️🫠,"Myntra cash use now requires minimum order value ? 😭 Honestly, I've abused the myntra cash for 5-6 times now. I used it and ordered the products that cost almost as much as the myntra cash value like 100 rs or 50 rs whatever it is .I used to pay the difference amount online. I placed multiple small orders whenever I got high myntra cash ( it expires in a week ) .**But now it requires minimum Order value** 

**Such a let down man ! 😭😭😭😭😭😭😭😭😭Anybody feels the same ?**",purchase_intent,,other,,0.50,True
comment,MyntraSucks,t3_1vgr1yf,p22sus9,t1_p22mk9b,,1,,,"hey, trying ordering from myntra website","Myntra cash use now requires minimum order value ? 😭 Honestly, I've abused the myntra cash for 5-6 times now. I used it and ordered the products that cost almost as much as the myntra cash value like 100 rs or 50 rs whatever it is .I used to pay the difference amount online. I placed multiple small orders whenever I got high myntra cash ( it expires in a week ) .**But now it requires minimum Order value** 

**Such a let down man ! 😭😭😭😭😭😭😭😭😭Anybody feels the same ?**",purchase_intent,,other,,0.50,True
comment,MyntraSucks,t3_1vgr1yf,p23qzb3,t1_p22sus9,,1,,,"Paise Bhi toh hone chahiye na ladiesss 
I have only 44 rs m cash 4 rs se uper milta hi ni ha earlier i used to get 19 17 13 15","Myntra cash use now requires minimum order value ? 😭 Honestly, I've abused the myntra cash for 5-6 times now. I used it and ordered the products that cost almost as much as the myntra cash value like 100 rs or 50 rs whatever it is .I used to pay the difference amount online. I placed multiple small orders whenever I got high myntra cash ( it expires in a week ) .**But now it requires minimum Order value** 

**Such a let down man ! 😭😭😭😭😭😭😭😭😭Anybody feels the same ?**",purchase_intent,,other,,0.50,True
comment,MyntraSucks,t3_1vgr1yf,p23s4wh,t3_1vgr1yf,,1,,,mc lalchi saale ,"Myntra cash use now requires minimum order value ? 😭 Honestly, I've abused the myntra cash for 5-6 times now. I used it and ordered the products that cost almost as much as the myntra cash value like 100 rs or 50 rs whatever it is .I used to pay the difference amount online. I placed multiple small orders whenever I got high myntra cash ( it expires in a week ) .**But now it requires minimum Order value** 

**Such a let down man ! 😭😭😭😭😭😭😭😭😭Anybody feels the same ?**",purchase_intent,,other,,0.50,True
comment,MyntraSucks,t3_1vgr1yf,p280e5d,t3_1vgr1yf,,1,,,Ahh new F***ry 😒😑,"Myntra cash use now requires minimum order value ? 😭 Honestly, I've abused the myntra cash for 5-6 times now. I used it and ordered the products that cost almost as much as the myntra cash value like 100 rs or 50 rs whatever it is .I used to pay the difference amount online. I placed multiple small orders whenever I got high myntra cash ( it expires in a week ) .**But now it requires minimum Order value** 

**Such a let down man ! 😭😭😭😭😭😭😭😭😭Anybody feels the same ?**",purchase_intent,,other,,0.50,True
comment,MyntraSucks,t3_1vgr1yf,p28m92l,t3_1vgr1yf,,1,,,"Myntra plays god with my Myncash suddenly it appears out of nowhere and suddenly disappears, and their lowest discount available but not available on your pincode trick makes me furious. ","Myntra cash use now requires minimum order value ? 😭 Honestly, I've abused the myntra cash for 5-6 times now. I used it and ordered the products that cost almost as much as the myntra cash value like 100 rs or 50 rs whatever it is .I used to pay the difference amount online. I placed multiple small orders whenever I got high myntra cash ( it expires in a week ) .**But now it requires minimum Order value** 

**Such a let down man ! 😭😭😭😭😭😭😭😭😭Anybody feels the same ?**","sale_discount, coupon_rewards, availability, purchase_intent",,coupon,,0.85,True
comment,MyntraSucks,t3_1vgr1yf,p2d3az0,t3_1vgr1yf,,0,,,"Dude, You want delivery of a 100rs item, and it's coming from another state 🤦

The product cost will also be half of the delivery fee. I feel bad if I order less than 200-300 rupees. 

Their delivery and packing fee alone is 60-100 rupees.","Myntra cash use now requires minimum order value ? 😭 Honestly, I've abused the myntra cash for 5-6 times now. I used it and ordered the products that cost almost as much as the myntra cash value like 100 rs or 50 rs whatever it is .I used to pay the difference amount online. I placed multiple small orders whenever I got high myntra cash ( it expires in a week ) .**But now it requires minimum Order value** 

**Such a let down man ! 😭😭😭😭😭😭😭😭😭Anybody feels the same ?**","delivery, purchase_intent",,other,,0.50,True
post,,,t3_1vg7qp6,,2026-08-05T13:42:22.000Z,30,30.0,MynCash - Minimum Amount REQUIRED!!!!,"Woww!! Now we have to buy something of 200 to use myncash??!! 🫩🫩🫩🫩

Earlier no minimum amount was required but now they've changed it.. while checking out I can't use myncash. Is anyone else facing this!?","MynCash - Minimum Amount REQUIRED!!!! Woww!! Now we have to buy something of 200 to use myncash??!! 🫩🫩🫩🫩

Earlier no minimum amount was required but now they've changed it.. while checking out I can't use myncash. Is anyone else facing this!?","coupon_rewards, purchase_intent",https://i.redd.it/rzz7hy2n8khh1.jpeg,other,,0.00,False
comment,MyntraSucks,t3_1vg7qp6,p1uwa7a,t3_1vg7qp6,,2,,,https://preview.redd.it/t2q07nx4ckhh1.jpeg?width=1170&format=pjpg&auto=webp&s=62d15a10b991eb999042d99be03df3a9c0a40e18,"MynCash - Minimum Amount REQUIRED!!!! Woww!! Now we have to buy something of 200 to use myncash??!! 🫩🫩🫩🫩

Earlier no minimum amount was required but now they've changed it.. while checking out I can't use myncash. Is anyone else facing this!?","coupon_rewards, purchase_intent",,other,,0.00,False
comment,MyntraSucks,t3_1vg7qp6,p1ux2z3,t1_p1uwa7a,,1,,,Nooo whattt!! Is it just me?? ,"MynCash - Minimum Amount REQUIRED!!!! Woww!! Now we have to buy something of 200 to use myncash??!! 🫩🫩🫩🫩

Earlier no minimum amount was required but now they've changed it.. while checking out I can't use myncash. Is anyone else facing this!?","coupon_rewards, purchase_intent",,other,,0.00,False
comment,MyntraSucks,t3_1vg7qp6,p1ux7e6,t1_p1ux2z3,,2,,,"For now yes,but IT IS SO BAD ","MynCash - Minimum Amount REQUIRED!!!! Woww!! Now we have to buy something of 200 to use myncash??!! 🫩🫩🫩🫩

Earlier no minimum amount was required but now they've changed it.. while checking out I can't use myncash. Is anyone else facing this!?","coupon_rewards, purchase_intent",,other,,0.00,False
comment,MyntraSucks,t3_1vg7qp6,p1vwrmw,t1_p1ux2z3,,1,,,"No, it’s me and you😭","MynCash - Minimum Amount REQUIRED!!!! Woww!! Now we have to buy something of 200 to use myncash??!! 🫩🫩🫩🫩

Earlier no minimum amount was required but now they've changed it.. while checking out I can't use myncash. Is anyone else facing this!?","coupon_rewards, purchase_intent",,other,,0.00,False
comment,MyntraSucks,t3_1vg7qp6,p20evb8,t1_p1ux2z3,,1,,,"Nah, it's happening to me too.🥲","MynCash - Minimum Amount REQUIRED!!!! Woww!! Now we have to buy something of 200 to use myncash??!! 🫩🫩🫩🫩

Earlier no minimum amount was required but now they've changed it.. while checking out I can't use myncash. Is anyone else facing this!?","coupon_rewards, purchase_intent",,other,,0.00,False
comment,MyntraSucks,t3_1vg7qp6,p1xyy5r,t1_p1vwrmw,,1,,,It's ussss,"MynCash - Minimum Amount REQUIRED!!!! Woww!! Now we have to buy something of 200 to use myncash??!! 🫩🫩🫩🫩

Earlier no minimum amount was required but now they've changed it.. while checking out I can't use myncash. Is anyone else facing this!?","coupon_rewards, purchase_intent",,other,,0.00,False
comment,MyntraSucks,t3_1vg7qp6,p1vc2xf,t3_1vg7qp6,,1,,,Recently used 112 myntra cash in 250 order 🤔,"MynCash - Minimum Amount REQUIRED!!!! Woww!! Now we have to buy something of 200 to use myncash??!! 🫩🫩🫩🫩

Earlier no minimum amount was required but now they've changed it.. while checking out I can't use myncash. Is anyone else facing this!?","coupon_rewards, purchase_intent",,coupon,,0.85,True
comment,MyntraSucks,t3_1vg7qp6,p1vzryo,t1_p1vc2xf,,2,,,Above 200 is fine. But you can't use myncash now for under 200 products ,"MynCash - Minimum Amount REQUIRED!!!! Woww!! Now we have to buy something of 200 to use myncash??!! 🫩🫩🫩🫩

Earlier no minimum amount was required but now they've changed it.. while checking out I can't use myncash. Is anyone else facing this!?","coupon_rewards, purchase_intent",,other,,0.00,False
comment,MyntraSucks,t3_1vg7qp6,p29ts6x,t1_p1vzryo,,1,,,Yes righttt,"MynCash - Minimum Amount REQUIRED!!!! Woww!! Now we have to buy something of 200 to use myncash??!! 🫩🫩🫩🫩

Earlier no minimum amount was required but now they've changed it.. while checking out I can't use myncash. Is anyone else facing this!?","coupon_rewards, purchase_intent",,other,,0.00,False
comment,MyntraSucks,t3_1vg7qp6,p1vvvl3,t3_1vg7qp6,,1,,,I'm facing the same issue,"MynCash - Minimum Amount REQUIRED!!!! Woww!! Now we have to buy something of 200 to use myncash??!! 🫩🫩🫩🫩

Earlier no minimum amount was required but now they've changed it.. while checking out I can't use myncash. Is anyone else facing this!?","coupon_rewards, purchase_intent",,other,,0.00,False
comment,MyntraSucks,t3_1vg7qp6,p1vztlm,t1_p1vvvl3,,1,,,🥲🫩,"MynCash - Minimum Amount REQUIRED!!!! Woww!! Now we have to buy something of 200 to use myncash??!! 🫩🫩🫩🫩

Earlier no minimum amount was required but now they've changed it.. while checking out I can't use myncash. Is anyone else facing this!?","coupon_rewards, purchase_intent",,other,,0.00,False
comment,MyntraSucks,t3_1vg7qp6,p1w9wpg,t3_1vg7qp6,,1,,,"I am facing the same issue, also even when I add products more than 200, still not able to apply ","MynCash - Minimum Amount REQUIRED!!!! Woww!! Now we have to buy something of 200 to use myncash??!! 🫩🫩🫩🫩

Earlier no minimum amount was required but now they've changed it.. while checking out I can't use myncash. Is anyone else facing this!?","coupon_rewards, purchase_intent",,other,,0.00,False
comment,MyntraSucks,t3_1vg7qp6,p1x7uq8,t3_1vg7qp6,,1,,,I am facing exactly same problem ,"MynCash - Minimum Amount REQUIRED!!!! Woww!! Now we have to buy something of 200 to use myncash??!! 🫩🫩🫩🫩

Earlier no minimum amount was required but now they've changed it.. while checking out I can't use myncash. Is anyone else facing this!?","coupon_rewards, purchase_intent",,other,,0.00,False
comment,MyntraSucks,t3_1vg7qp6,p1xnnk4,t3_1vg7qp6,,1,,,Same issue ,"MynCash - Minimum Amount REQUIRED!!!! Woww!! Now we have to buy something of 200 to use myncash??!! 🫩🫩🫩🫩

Earlier no minimum amount was required but now they've changed it.. while checking out I can't use myncash. Is anyone else facing this!?","coupon_rewards, purchase_intent",,other,,0.00,False
comment,MyntraSucks,t3_1vg7qp6,p1zry40,t3_1vg7qp6,,1,,,I think this has to do with packaging and delivery. They're trying to reduce small orders I believe.,"MynCash - Minimum Amount REQUIRED!!!! Woww!! Now we have to buy something of 200 to use myncash??!! 🫩🫩🫩🫩

Earlier no minimum amount was required but now they've changed it.. while checking out I can't use myncash. Is anyone else facing this!?","coupon_rewards, delivery, purchase_intent",,other,,0.00,False
comment,MyntraSucks,t3_1vg7qp6,p216dmo,t3_1vg7qp6,,1,,,They dont even give myncash to me,"MynCash - Minimum Amount REQUIRED!!!! Woww!! Now we have to buy something of 200 to use myncash??!! 🫩🫩🫩🫩

Earlier no minimum amount was required but now they've changed it.. while checking out I can't use myncash. Is anyone else facing this!?","coupon_rewards, purchase_intent",,other,,0.00,False
comment,MyntraSucks,t3_1vg7qp6,p2z2inf,t1_p216dmo,,1,,,"Yes me too!!!!
Any idea why that is?","MynCash - Minimum Amount REQUIRED!!!! Woww!! Now we have to buy something of 200 to use myncash??!! 🫩🫩🫩🫩

Earlier no minimum amount was required but now they've changed it.. while checking out I can't use myncash. Is anyone else facing this!?","coupon_rewards, purchase_intent",,other,,0.00,False
post,,,t3_1u0f3o6,,2026-06-08T17:46:06.000Z,3,3.0,Myntra deals,I'm confused soo myntra is been giving litterally so many discounts in may and June like 90 percent off but I wanna know when will this deals end like myntra usually sells anything for its original price including shipping irrespective of fwd or any pases because I don't want this discount thing to end at all 😭😭can anyone guess when will this end because I want to get a cart on myntra on end of June will i be able to purchase on discount in future or should I get it now if i get it now I'm out of station to recieve them 😭😭,Myntra deals I'm confused soo myntra is been giving litterally so many discounts in may and June like 90 percent off but I wanna know when will this deals end like myntra usually sells anything for its original price including shipping irrespective of fwd or any pases because I don't want this discount thing to end at all 😭😭can anyone guess when will this end because I want to get a cart on myntra on end of June will i be able to purchase on discount in future or should I get it now if i get it now I'm out of station to recieve them 😭😭,"sale_discount, delivery, purchase_intent, product_quality",https://www.reddit.com/r/MyntraSucks/comments/1u0f3o6/myntra_deals/,other,,0.50,True
post,,,t3_1vekte8,,2026-08-03T17:57:21.000Z,9,9.0,Tf is Social Donation Now ???,"Pehle toh mcash ni mitla uper se abb yeh chutiyappppp

I'm uninstalling  ","Tf is Social Donation Now ??? Pehle toh mcash ni mitla uper se abb yeh chutiyappppp

I'm uninstalling  ",,https://i.redd.it/muzooj4b87hh1.jpeg,other,,0.00,False
post,,,t3_1utdtl4,,2026-07-11T07:53:22.000Z,39,39.0,Life is worth livinnn!!! (myntra god blessed me),What to do!? What should I get. ,Life is worth livinnn!!! (myntra god blessed me) What to do!? What should I get. ,,https://i.redd.it/s1p3f86l3kch1.jpeg,other,,0.50,True
comment,MyntraSucks,t3_1vekte8,p1hsw1g,t3_1vekte8,,4,,,You can opt out of the donation! See the 10/20/50 options above? You seem to have selected the 10rs option by mistake!!,"Tf is Social Donation Now ??? Pehle toh mcash ni mitla uper se abb yeh chutiyappppp

I'm uninstalling  ",,,other,,0.00,False
comment,MyntraSucks,t3_1vekte8,p1iy356,t1_p1hsw1g,,1,,,No there isnt a option to opt out it says 10 20 -100 there's no 0 in it ,"Tf is Social Donation Now ??? Pehle toh mcash ni mitla uper se abb yeh chutiyappppp

I'm uninstalling  ",,,other,,0.00,False
comment,MyntraSucks,t3_1vekte8,p1j0vo6,t1_p1iy356,,1,,,"Just uncheck this box next to donat and make a difference

https://preview.redd.it/59lorfhz88hh1.jpeg?width=1080&format=pjpg&auto=webp&s=bdd16fe999f4274d640e83d4a72bb0c03dbccb8c","Tf is Social Donation Now ??? Pehle toh mcash ni mitla uper se abb yeh chutiyappppp

I'm uninstalling  ",,,other,,0.00,False
comment,MyntraSucks,t3_1vekte8,p1hyekg,t3_1vekte8,,2,,,You chose 10rs donation ,"Tf is Social Donation Now ??? Pehle toh mcash ni mitla uper se abb yeh chutiyappppp

I'm uninstalling  ",,,other,,0.00,False
comment,MyntraSucks,t3_1vekte8,p1kqqua,t3_1vekte8,,1,,,"Umm  , like they have been doing this even before the Assam situation. But I believe they are just faking it, and the money is ultimately going in Myntra’s pocket .Though it could be true that they are donating some part of it to the underprivileged","Tf is Social Donation Now ??? Pehle toh mcash ni mitla uper se abb yeh chutiyappppp

I'm uninstalling  ",,,other,,0.50,True
comment,MyntraSucks,t3_1vekte8,p1w3zl0,t1_p1kqqua,,1,,,"Myntra is a corporation, and their books get audited.

One may fake digital donation but cannot fake online donation receipts.

They may donate it to a ngo owned by themselves and rotate money back in but they can't just fake it ","Tf is Social Donation Now ??? Pehle toh mcash ni mitla uper se abb yeh chutiyappppp

I'm uninstalling  ",product_quality,,cancellation_refund,,0.95,True
comment,MyntraSucks,t3_1vekte8,p228xwq,t1_p1w3zl0,,1,,,"that's what I meant 

","Tf is Social Donation Now ??? Pehle toh mcash ni mitla uper se abb yeh chutiyappppp

I'm uninstalling  ",,,other,,0.00,False
comment,MyntraSucks,t3_1vekte8,p1hsr7u,t3_1vekte8,,1,,,Maybe they are partnered with feeding india and feeding india is funding for assam flood issue ,"Tf is Social Donation Now ??? Pehle toh mcash ni mitla uper se abb yeh chutiyappppp

I'm uninstalling  ",,,other,,0.00,False
post,,,t3_1u9w9i6,,2026-06-19T08:25:35.000Z,9,9.0,"No exchange for defective product, only return","I ordered a Milton bottle on 13th june and it got delivered on 16th June

&#x200B;

I received product in a damaged condition. Since I was unable to initiate an exchange through the Myntra app, I contacted customer care to request an exchange.

&#x200B;

To my surprise, I was informed by multiple customer care executives including representatives at all three levels of escalation that the product could not be exchanged because its price had increased after my purchase. 

&#x200B;

I was repeatedly told that only a return could be offered.

&#x200B;

I asked them to provide the TnC or policy for same they said its internally informed to them.

&#x200B;

Have anyone faced the same issue? If yes what should be done? 

&#x200B;

Attaching the message proof for same.

&#x200B;","No exchange for defective product, only return I ordered a Milton bottle on 13th june and it got delivered on 16th June

&#x200B;

I received product in a damaged condition. Since I was unable to initiate an exchange through the Myntra app, I contacted customer care to request an exchange.

&#x200B;

To my surprise, I was informed by multiple customer care executives including representatives at all three levels of escalation that the product could not be exchanged because its price had increased after my purchase. 

&#x200B;

I was repeatedly told that only a return could be offered.

&#x200B;

I asked them to provide the TnC or policy for same they said its internally informed to them.

&#x200B;

Have anyone faced the same issue? If yes what should be done? 

&#x200B;

Attaching the message proof for same.

&#x200B;","sale_discount, delivery, purchase_intent, customer_service",https://i.redd.it/jtxu1u4a978h1.jpeg,customer_service,,0.95,True
comment,MyntraSucks,t3_1utdtl4,owuyqpb,t3_1utdtl4,,2,,,Howww???,Life is worth livinnn!!! (myntra god blessed me) What to do!? What should I get. ,,,other,,0.50,True
comment,MyntraSucks,t3_1utdtl4,owvwdik,t1_owuyqpb,,2,,,Join the glam clan ,Life is worth livinnn!!! (myntra god blessed me) What to do!? What should I get. ,coupon_rewards,,other,,0.50,True
comment,MyntraSucks,t3_1utdtl4,owv5h0p,t1_owuyqpb,,1,,,[removed],Life is worth livinnn!!! (myntra god blessed me) What to do!? What should I get. ,,,other,,0.50,True
comment,MyntraSucks,t3_1utdtl4,owv5o4h,t1_owv5h0p,,2,,,Lol! Nothing is there,Life is worth livinnn!!! (myntra god blessed me) What to do!? What should I get. ,,,other,,0.50,True
comment,MyntraSucks,t3_1utdtl4,owxc31l,t1_owv5h0p,,2,,,Stop promoting your sub.,Life is worth livinnn!!! (myntra god blessed me) What to do!? What should I get. ,,,other,,0.50,True
comment,MyntraSucks,t3_1utdtl4,owv5yhw,t1_owv5o4h,,1,,,[removed],Life is worth livinnn!!! (myntra god blessed me) What to do!? What should I get. ,,,other,,0.50,True
comment,MyntraSucks,t3_1utdtl4,owxjiqs,t1_owxc31l,,1,,,[removed],Life is worth livinnn!!! (myntra god blessed me) What to do!? What should I get. ,,,other,,0.50,True
comment,MyntraSucks,t3_1utdtl4,owv644q,t1_owv5yhw,,1,,,😂😂,Life is worth livinnn!!! (myntra god blessed me) What to do!? What should I get. ,,,other,,0.50,True
comment,MyntraSucks,t3_1utdtl4,owxjvco,t1_owxjiqs,,1,,,Yes you are promoting your sub.,Life is worth livinnn!!! (myntra god blessed me) What to do!? What should I get. ,,,other,,0.50,True
comment,MyntraSucks,t3_1utdtl4,owv1v02,t3_1utdtl4,,2,,,How? ,Life is worth livinnn!!! (myntra god blessed me) What to do!? What should I get. ,,,other,,0.50,True
comment,MyntraSucks,t3_1utdtl4,owvwcgl,t1_owv1v02,,1,,,Join the glam clan ,Life is worth livinnn!!! (myntra god blessed me) What to do!? What should I get. ,coupon_rewards,,other,,0.50,True
comment,MyntraSucks,t3_1utdtl4,owuv29q,t3_1utdtl4,,1,,,"U can buy t shirt, shorts or even grooming products or perfumes ...",Life is worth livinnn!!! (myntra god blessed me) What to do!? What should I get. ,purchase_intent,,other,,0.50,True
comment,MyntraSucks,t3_1utdtl4,owvxyaw,t1_owuv29q,,1,,,thankyou for the suggestions (ordering a perfume),Life is worth livinnn!!! (myntra god blessed me) What to do!? What should I get. ,purchase_intent,,other,,0.50,True
comment,MyntraSucks,t3_1utdtl4,owvzqtk,t1_owvxyaw,,1,,,Yeah I would recommend em5 red elixer it's generic but in the air it smells good...it's like strawberry cherry with herbal nuances...like a sweet candy but in a good way ..,Life is worth livinnn!!! (myntra god blessed me) What to do!? What should I get. ,,,other,,0.50,True
comment,MyntraSucks,t3_1utdtl4,oww7r07,t1_owvzqtk,,2,,,Let me check that out then.. ,Life is worth livinnn!!! (myntra god blessed me) What to do!? What should I get. ,,,other,,0.50,True
comment,MyntraSucks,t3_1utdtl4,owv26nh,t3_1utdtl4,,1,,,How. 🥺,Life is worth livinnn!!! (myntra god blessed me) What to do!? What should I get. ,,,other,,0.50,True
comment,MyntraSucks,t3_1utdtl4,owv5ife,t1_owv26nh,,1,,,[removed],Life is worth livinnn!!! (myntra god blessed me) What to do!? What should I get. ,,,other,,0.50,True
comment,MyntraSucks,t3_1utdtl4,owvwbir,t1_owv5ife,,1,,,Join the glam clan ,Life is worth livinnn!!! (myntra god blessed me) What to do!? What should I get. ,coupon_rewards,,other,,0.50,True
comment,MyntraSucks,t3_1utdtl4,owx21mz,t1_owvwbir,,1,,,[removed],Life is worth livinnn!!! (myntra god blessed me) What to do!? What should I get. ,,,other,,0.50,True
comment,MyntraSucks,t3_1utdtl4,owx6p89,t1_owx21mz,,1,,,"Here you go!

https://preview.redd.it/cqkybf1eqmch1.png?width=904&format=png&auto=webp&s=b841eed1cd21e220465cfec823ef04cea33a8c73",Life is worth livinnn!!! (myntra god blessed me) What to do!? What should I get. ,,,other,,0.50,True
comment,MyntraSucks,t3_1utdtl4,owv9nt5,t3_1utdtl4,,1,,,[removed],Life is worth livinnn!!! (myntra god blessed me) What to do!? What should I get. ,,,other,,0.50,True
comment,MyntraSucks,t3_1utdtl4,owvwewy,t1_owv9nt5,,1,,,Woahh! Crazyyy,Life is worth livinnn!!! (myntra god blessed me) What to do!? What should I get. ,,,other,,0.50,True
comment,MyntraSucks,t3_1utdtl4,owvorhe,t3_1utdtl4,,1,,,Those who are unable to understand it's basically about reviewing the products u buy with pic and video . So they credit myncash on behalf your review approval ,Life is worth livinnn!!! (myntra god blessed me) What to do!? What should I get. ,"coupon_rewards, purchase_intent",,coupon,,0.85,True
comment,MyntraSucks,t3_1utdtl4,owvw96b,t1_owvorhe,,1,,,True that,Life is worth livinnn!!! (myntra god blessed me) What to do!? What should I get. ,,,other,,0.50,True
comment,MyntraSucks,t3_1utdtl4,ox1oie1,t1_owvorhe,,1,,,Thanks lol. This person is being so cryptic ,Life is worth livinnn!!! (myntra god blessed me) What to do!? What should I get. ,,,other,,0.50,True
comment,MyntraSucks,t3_1utdtl4,owwbu5b,t3_1utdtl4,,1,,,"sunscreen, serum, sheet mask lelo ",Life is worth livinnn!!! (myntra god blessed me) What to do!? What should I get. ,,,other,,0.50,True
comment,MyntraSucks,t3_1utdtl4,owwc3id,t1_owwbu5b,,1,,,any recommendations for sheet masks? ,Life is worth livinnn!!! (myntra god blessed me) What to do!? What should I get. ,,,product_discovery,,0.95,True
comment,MyntraSucks,t3_1utdtl4,owwchk2,t1_owwc3id,,1,,,"tonymoly sheet mask.. 

agar chaho toh iski jagah tum wild turmeric,  chandan powder le sakte ho face pack ke liye yh zda benefits dega",Life is worth livinnn!!! (myntra god blessed me) What to do!? What should I get. ,product_quality,,other,,0.50,True
comment,MyntraSucks,t3_1utdtl4,owwcsup,t1_owwchk2,,1,,,alrightttt! thankyouu,Life is worth livinnn!!! (myntra god blessed me) What to do!? What should I get. ,,,other,,0.50,True
comment,MyntraSucks,t3_1utdtl4,owwd4h2,t1_owwcsup,,2,,,welcome 😁,Life is worth livinnn!!! (myntra god blessed me) What to do!? What should I get. ,,,other,,0.50,True
post,,,t3_1tuhbea,,2026-06-02T05:22:01.000Z,1,1.0,Weird algorithm,"Myntra shows my preference priced high than the other options.  
Like suppose - I wishlisted a bag in color white, and there are other options black and brown.  
The one I wish listed will show same price as the black and brown one when I am browsing from the wishlist but when I click on it , it’s price is 500 rs more.  
Happens with a lot of different products.  
Like my jeans size is 1900 and literally all other sizes are 1500 .  
Anyone facing the same?","Weird algorithm Myntra shows my preference priced high than the other options.  
Like suppose - I wishlisted a bag in color white, and there are other options black and brown.  
The one I wish listed will show same price as the black and brown one when I am browsing from the wishlist but when I click on it , it’s price is 500 rs more.  
Happens with a lot of different products.  
Like my jeans size is 1900 and literally all other sizes are 1500 .  
Anyone facing the same?","wishlist, product_quality",https://www.reddit.com/r/MyntraSucks/comments/1tuhbea/weird_algorithm/,wishlist,,0.85,True
comment,MyntraSucks,t3_1u9w9i6,oslpom6,t3_1u9w9i6,,3,,,"Return it, i think we are paying for convenience and we are losing convenience fee in that process. Its all scammy atp","No exchange for defective product, only return I ordered a Milton bottle on 13th june and it got delivered on 16th June

&#x200B;

I received product in a damaged condition. Since I was unable to initiate an exchange through the Myntra app, I contacted customer care to request an exchange.

&#x200B;

To my surprise, I was informed by multiple customer care executives including representatives at all three levels of escalation that the product could not be exchanged because its price had increased after my purchase. 

&#x200B;

I was repeatedly told that only a return could be offered.

&#x200B;

I asked them to provide the TnC or policy for same they said its internally informed to them.

&#x200B;

Have anyone faced the same issue? If yes what should be done? 

&#x200B;

Attaching the message proof for same.

&#x200B;","sale_discount, delivery, purchase_intent, customer_service",,customer_service,,0.95,True
post,,,t3_1tvtzb3,,2026-06-03T16:08:23.000Z,4,4.0,Unfair practice from myntra,"Why this extra charge, myntra deducted 50 rupees from my myntra cash balance( 30th may) , and used 49.99 for the payment and also charged 0.01 rupees extra from my cc. 

So in total .02 rupees was charged extra, even if it's insignificant to me , it's still unfair practice, suppose they deduct a little amount from every people it will be a huge amount.

And i contacted customer service they are clearly trying to mislead me .

I mean f\*ck why would you round off 1039.99 to 1040.00, I would not be bothered but you rounded off 1040 to 1040.01..

U r kidding me ? And the customer support is trying his best to cover their fraud.","Unfair practice from myntra Why this extra charge, myntra deducted 50 rupees from my myntra cash balance( 30th may) , and used 49.99 for the payment and also charged 0.01 rupees extra from my cc. 

So in total .02 rupees was charged extra, even if it's insignificant to me , it's still unfair practice, suppose they deduct a little amount from every people it will be a huge amount.

And i contacted customer service they are clearly trying to mislead me .

I mean f\*ck why would you round off 1039.99 to 1040.00, I would not be bothered but you rounded off 1040 to 1040.01..

U r kidding me ? And the customer support is trying his best to cover their fraud.",customer_service,https://www.reddit.com/gallery/1tvtzb3,customer_service,,0.95,True
post,,,t3_1twh47z,,2026-06-04T08:06:15.000Z,6,6.0,Myntra scam,"Myntra gives deals when we order certain amount, it showed conditioner for 46 rs on deal but once I added it showed 115 rs, actual price. ","Myntra scam Myntra gives deals when we order certain amount, it showed conditioner for 46 rs on deal but once I added it showed 115 rs, actual price. ","sale_discount, purchase_intent",https://i.redd.it/0rp7iur3485h1.jpeg,other,,0.50,True
comment,MyntraSucks,t3_1tvtzb3,opjofrc,t3_1tvtzb3,,2,,,Lol😭,"Unfair practice from myntra Why this extra charge, myntra deducted 50 rupees from my myntra cash balance( 30th may) , and used 49.99 for the payment and also charged 0.01 rupees extra from my cc. 

So in total .02 rupees was charged extra, even if it's insignificant to me , it's still unfair practice, suppose they deduct a little amount from every people it will be a huge amount.

And i contacted customer service they are clearly trying to mislead me .

I mean f\*ck why would you round off 1039.99 to 1040.00, I would not be bothered but you rounded off 1040 to 1040.01..

U r kidding me ? And the customer support is trying his best to cover their fraud.",customer_service,,customer_service,,0.95,True
comment,MyntraSucks,t3_1tvtzb3,opog94t,t3_1tvtzb3,,2,,,"I am with you. When it's our money, they won't take 0.01 rupees less, so why should we tolerate their rounding up?","Unfair practice from myntra Why this extra charge, myntra deducted 50 rupees from my myntra cash balance( 30th may) , and used 49.99 for the payment and also charged 0.01 rupees extra from my cc. 

So in total .02 rupees was charged extra, even if it's insignificant to me , it's still unfair practice, suppose they deduct a little amount from every people it will be a huge amount.

And i contacted customer service they are clearly trying to mislead me .

I mean f\*ck why would you round off 1039.99 to 1040.00, I would not be bothered but you rounded off 1040 to 1040.01..

U r kidding me ? And the customer support is trying his best to cover their fraud.",customer_service,,customer_service,,0.95,True
comment,MyntraSucks,t3_1tvtzb3,opjh2i6,t3_1tvtzb3,,4,,,"Wow 0.02
","Unfair practice from myntra Why this extra charge, myntra deducted 50 rupees from my myntra cash balance( 30th may) , and used 49.99 for the payment and also charged 0.01 rupees extra from my cc. 

So in total .02 rupees was charged extra, even if it's insignificant to me , it's still unfair practice, suppose they deduct a little amount from every people it will be a huge amount.

And i contacted customer service they are clearly trying to mislead me .

I mean f\*ck why would you round off 1039.99 to 1040.00, I would not be bothered but you rounded off 1040 to 1040.01..

U r kidding me ? And the customer support is trying his best to cover their fraud.",customer_service,,customer_service,,0.95,True
comment,MyntraSucks,t3_1tvtzb3,opji2qy,t1_opjh2i6,,3,,,"Yeah it's actually insignificant , but still unfair right?","Unfair practice from myntra Why this extra charge, myntra deducted 50 rupees from my myntra cash balance( 30th may) , and used 49.99 for the payment and also charged 0.01 rupees extra from my cc. 

So in total .02 rupees was charged extra, even if it's insignificant to me , it's still unfair practice, suppose they deduct a little amount from every people it will be a huge amount.

And i contacted customer service they are clearly trying to mislead me .

I mean f\*ck why would you round off 1039.99 to 1040.00, I would not be bothered but you rounded off 1040 to 1040.01..

U r kidding me ? And the customer support is trying his best to cover their fraud.",customer_service,,customer_service,,0.95,True
comment,MyntraSucks,t3_1tvtzb3,opk5dkw,t3_1tvtzb3,,3,,,For the first time in my life I'm siding with a corporate 😭😭 but yes the difference is too insignificant and it's normal practice to round up or down,"Unfair practice from myntra Why this extra charge, myntra deducted 50 rupees from my myntra cash balance( 30th may) , and used 49.99 for the payment and also charged 0.01 rupees extra from my cc. 

So in total .02 rupees was charged extra, even if it's insignificant to me , it's still unfair practice, suppose they deduct a little amount from every people it will be a huge amount.

And i contacted customer service they are clearly trying to mislead me .

I mean f\*ck why would you round off 1039.99 to 1040.00, I would not be bothered but you rounded off 1040 to 1040.01..

U r kidding me ? And the customer support is trying his best to cover their fraud.",customer_service,,customer_service,,0.95,True
comment,MyntraSucks,t3_1tvtzb3,opk6l4n,t1_opk5dkw,,3,,,"But I'm saying why would they round up 1040 which was whole from the start, and then charge extra","Unfair practice from myntra Why this extra charge, myntra deducted 50 rupees from my myntra cash balance( 30th may) , and used 49.99 for the payment and also charged 0.01 rupees extra from my cc. 

So in total .02 rupees was charged extra, even if it's insignificant to me , it's still unfair practice, suppose they deduct a little amount from every people it will be a huge amount.

And i contacted customer service they are clearly trying to mislead me .

I mean f\*ck why would you round off 1039.99 to 1040.00, I would not be bothered but you rounded off 1040 to 1040.01..

U r kidding me ? And the customer support is trying his best to cover their fraud.",customer_service,,customer_service,,0.95,True
comment,MyntraSucks,t3_1tvtzb3,opk7k1v,t1_opk6l4n,,2,,,Weird yes but they try to make even numbers i guess,"Unfair practice from myntra Why this extra charge, myntra deducted 50 rupees from my myntra cash balance( 30th may) , and used 49.99 for the payment and also charged 0.01 rupees extra from my cc. 

So in total .02 rupees was charged extra, even if it's insignificant to me , it's still unfair practice, suppose they deduct a little amount from every people it will be a huge amount.

And i contacted customer service they are clearly trying to mislead me .

I mean f\*ck why would you round off 1039.99 to 1040.00, I would not be bothered but you rounded off 1040 to 1040.01..

U r kidding me ? And the customer support is trying his best to cover their fraud.",customer_service,,customer_service,,0.95,True
comment,MyntraSucks,t3_1tvtzb3,opjgff0,t3_1tvtzb3,,1,,,Pls check your dm!,"Unfair practice from myntra Why this extra charge, myntra deducted 50 rupees from my myntra cash balance( 30th may) , and used 49.99 for the payment and also charged 0.01 rupees extra from my cc. 

So in total .02 rupees was charged extra, even if it's insignificant to me , it's still unfair practice, suppose they deduct a little amount from every people it will be a huge amount.

And i contacted customer service they are clearly trying to mislead me .

I mean f\*ck why would you round off 1039.99 to 1040.00, I would not be bothered but you rounded off 1040 to 1040.01..

U r kidding me ? And the customer support is trying his best to cover their fraud.",customer_service,,customer_service,,0.95,True
post,,,t3_1t8zhej,,2026-05-10T06:50:20.000Z,11,11.0,"Myntra’s ""Open Box Delivery"" nightmare","TL;DR: Myntra logistics lied about delivery status, ignored a government grievance docket, and admitted they can't schedule deliveries, leading to an unwanted cancellation of a ₹9k order.

So I just spent three days in a battle of attrition with Myntra logistics, and I’m sharing this so others don't waste their time.

The Setup: I ordered a pair of Nike Air Jordan 1s (₹8995). Since it was ""Open Box Delivery,"" I had to be physically present to give the OTP after verifying the shoes.

The Problem: I work a shift from 2:00 PM to 12:00 AM. I proactively contacted Myntra support 6+ times to let them know I am only available for delivery BEFORE 2:00 PM.

The Service Failure Timeline:

Day 1: Delivery fails because of a vehicle breakdown. To cover their tracks, the Sholinganallur Hub (PAL\_SNG) marks the status as ""Open Box Verification Failed."" (A total lie—no attempt was even made).

Day 2: Escalation Desk (a ""Case Supervisor"") tells me to wait 48 hours. I explain my 2 PM cutoff again. They ignore it, attempt delivery at 5:30 PM, and it fails.

Day 3: The delivery agent calls me in the morning, admits he has the shoes, and promises a morning delivery. He doesn't show up. I call him at 1 PM; he says he'll only be in my area by 5:30 PM.

The Result: Even with an active National Consumer Helpline (NCH) docket, Myntra’s automated system triggered a Return to Origin (RTO) and cancelled my order while it was still ""Out for Delivery.""

When I finally got through to a senior agent, they admitted that Myntra has NO system for scheduling deliveries. They expect you to be a prisoner in your own home until the delivery guy decides to show up. If your work schedule doesn't align with their random route, your order is basically doomed.

The Resolution: Myntra’s response to my NCH grievance? A copy-pasted: ""Note feedback and close the task."" No price-match voucher, no re-order help, not even a ""sorry"". It was just ""our bad, buy it again.""

Conclusion: I ended up voting with my wallet and bought a pair of Bacca Buccis from a competitor instead. If you have a job that requires you to be away from home during ""standard"" hours, avoid Myntra’s high-value Open Box items. Their backend is a rigid machine that cannot handle basic human constraints.","Myntra’s ""Open Box Delivery"" nightmare TL;DR: Myntra logistics lied about delivery status, ignored a government grievance docket, and admitted they can't schedule deliveries, leading to an unwanted cancellation of a ₹9k order.

So I just spent three days in a battle of attrition with Myntra logistics, and I’m sharing this so others don't waste their time.

The Setup: I ordered a pair of Nike Air Jordan 1s (₹8995). Since it was ""Open Box Delivery,"" I had to be physically present to give the OTP after verifying the shoes.

The Problem: I work a shift from 2:00 PM to 12:00 AM. I proactively contacted Myntra support 6+ times to let them know I am only available for delivery BEFORE 2:00 PM.

The Service Failure Timeline:

Day 1: Delivery fails because of a vehicle breakdown. To cover their tracks, the Sholinganallur Hub (PAL\_SNG) marks the status as ""Open Box Verification Failed."" (A total lie—no attempt was even made).

Day 2: Escalation Desk (a ""Case Supervisor"") tells me to wait 48 hours. I explain my 2 PM cutoff again. They ignore it, attempt delivery at 5:30 PM, and it fails.

Day 3: The delivery agent calls me in the morning, admits he has the shoes, and promises a morning delivery. He doesn't show up. I call him at 1 PM; he says he'll only be in my area by 5:30 PM.

The Result: Even with an active National Consumer Helpline (NCH) docket, Myntra’s automated system triggered a Return to Origin (RTO) and cancelled my order while it was still ""Out for Delivery.""

When I finally got through to a senior agent, they admitted that Myntra has NO system for scheduling deliveries. They expect you to be a prisoner in your own home until the delivery guy decides to show up. If your work schedule doesn't align with their random route, your order is basically doomed.

The Resolution: Myntra’s response to my NCH grievance? A copy-pasted: ""Note feedback and close the task."" No price-match voucher, no re-order help, not even a ""sorry"". It was just ""our bad, buy it again.""

Conclusion: I ended up voting with my wallet and bought a pair of Bacca Buccis from a competitor instead. If you have a job that requires you to be away from home during ""standard"" hours, avoid Myntra’s high-value Open Box items. Their backend is a rigid machine that cannot handle basic human constraints.","coupon_rewards, availability, delivery, purchase_intent, customer_service",https://i.redd.it/lje2xtotb90h1.jpeg,delivery,customer_service; cancellation_refund,0.95,True
post,,,t3_1tuggcp,,2026-06-02T04:38:40.000Z,7,7.0,A heartbroken first CH haul.. hate myntraaa for it.. my morning was ruineddd..😭😭😭😭😭😭,My ch good girl perfume came totally broken.. paid 1930rs for thiss crap.. it smells good but not a drop is left.. thanks to my instinct made an uncut unboxing video and the blush isn't shipped yet😭😭😭.. Haye myntra for ruining my morningg,A heartbroken first CH haul.. hate myntraaa for it.. my morning was ruineddd..😭😭😭😭😭😭 My ch good girl perfume came totally broken.. paid 1930rs for thiss crap.. it smells good but not a drop is left.. thanks to my instinct made an uncut unboxing video and the blush isn't shipped yet😭😭😭.. Haye myntra for ruining my morningg,,https://www.reddit.com/gallery/1tuggcp,other,,0.50,True
comment,MyntraSucks,t3_1twh47z,opohl4y,t3_1twh47z,,1,,,[removed],"Myntra scam Myntra gives deals when we order certain amount, it showed conditioner for 46 rs on deal but once I added it showed 115 rs, actual price. ","sale_discount, purchase_intent",,other,,0.50,True
comment,MyntraSucks,t3_1twh47z,opom5we,t1_opohl4y,,1,,,"No, its not from the deal section. Its original price is 49","Myntra scam Myntra gives deals when we order certain amount, it showed conditioner for 46 rs on deal but once I added it showed 115 rs, actual price. ","sale_discount, purchase_intent, product_quality",,other,,0.50,True
post,,,t3_1t6zacd,,2026-05-08T06:06:14.000Z,10,10.0,Myntra cancelled my confirmed Puma sneaker order due to a “technical issue” and denied the compensation they promised,"I ordered Puma Blktop Rider Suede Sneakers from Myntra at a heavily discounted price. The order was successfully confirmed and everything looked normal initially. Later, Myntra cancelled the order from their side and stated that it happened due to a technical issue.

What frustrated me more was the customer support experience. One support agent clearly told me that I would receive a ₹599 compensation coupon for the inconvenience caused. But when I contacted support again later, another senior agent completely denied it and refused to provide either the coupon or any proper resolution.

I understand stock issues can happen, but cancelling a confirmed order due to a platform issue and then backing out from the promised compensation feels unfair.

Anything anyone can suggest show that I can get this order or at same price?","Myntra cancelled my confirmed Puma sneaker order due to a “technical issue” and denied the compensation they promised I ordered Puma Blktop Rider Suede Sneakers from Myntra at a heavily discounted price. The order was successfully confirmed and everything looked normal initially. Later, Myntra cancelled the order from their side and stated that it happened due to a technical issue.

What frustrated me more was the customer support experience. One support agent clearly told me that I would receive a ₹599 compensation coupon for the inconvenience caused. But when I contacted support again later, another senior agent completely denied it and refused to provide either the coupon or any proper resolution.

I understand stock issues can happen, but cancelling a confirmed order due to a platform issue and then backing out from the promised compensation feels unfair.

Anything anyone can suggest show that I can get this order or at same price?","sale_discount, coupon_rewards, delivery, purchase_intent, customer_service",https://i.redd.it/4nt3acr4uuzg1.jpeg,customer_service,cancellation_refund,0.95,True
comment,MyntraSucks,t3_1t8zhej,okyijj1,t3_1t8zhej,,1,,,"Post it on X. NCH is basically a waste of time. I don't even know why they made it. If you can't even push back against the company then what's the actual benefit of it for consumers? I doubt government officials even look at the complaints. Basically, you're just using a delivery service called 'NCH' to forward an email to the brand. Absolutely useless💩","Myntra’s ""Open Box Delivery"" nightmare TL;DR: Myntra logistics lied about delivery status, ignored a government grievance docket, and admitted they can't schedule deliveries, leading to an unwanted cancellation of a ₹9k order.

So I just spent three days in a battle of attrition with Myntra logistics, and I’m sharing this so others don't waste their time.

The Setup: I ordered a pair of Nike Air Jordan 1s (₹8995). Since it was ""Open Box Delivery,"" I had to be physically present to give the OTP after verifying the shoes.

The Problem: I work a shift from 2:00 PM to 12:00 AM. I proactively contacted Myntra support 6+ times to let them know I am only available for delivery BEFORE 2:00 PM.

The Service Failure Timeline:

Day 1: Delivery fails because of a vehicle breakdown. To cover their tracks, the Sholinganallur Hub (PAL\_SNG) marks the status as ""Open Box Verification Failed."" (A total lie—no attempt was even made).

Day 2: Escalation Desk (a ""Case Supervisor"") tells me to wait 48 hours. I explain my 2 PM cutoff again. They ignore it, attempt delivery at 5:30 PM, and it fails.

Day 3: The delivery agent calls me in the morning, admits he has the shoes, and promises a morning delivery. He doesn't show up. I call him at 1 PM; he says he'll only be in my area by 5:30 PM.

The Result: Even with an active National Consumer Helpline (NCH) docket, Myntra’s automated system triggered a Return to Origin (RTO) and cancelled my order while it was still ""Out for Delivery.""

When I finally got through to a senior agent, they admitted that Myntra has NO system for scheduling deliveries. They expect you to be a prisoner in your own home until the delivery guy decides to show up. If your work schedule doesn't align with their random route, your order is basically doomed.

The Resolution: Myntra’s response to my NCH grievance? A copy-pasted: ""Note feedback and close the task."" No price-match voucher, no re-order help, not even a ""sorry"". It was just ""our bad, buy it again.""

Conclusion: I ended up voting with my wallet and bought a pair of Bacca Buccis from a competitor instead. If you have a job that requires you to be away from home during ""standard"" hours, avoid Myntra’s high-value Open Box items. Their backend is a rigid machine that cannot handle basic human constraints.","coupon_rewards, availability, delivery, purchase_intent, product_quality, customer_service",,delivery,customer_service; cancellation_refund,0.95,True
comment,MyntraSucks,t3_1t8zhej,okyutn2,t3_1t8zhej,,1,,,Myntra is just shit there customer supportive agent don't have any options except saying sorry fuck myntra ( all these Indian e commerce are just shit nothing more ) NCH is itself a shit nothing more,"Myntra’s ""Open Box Delivery"" nightmare TL;DR: Myntra logistics lied about delivery status, ignored a government grievance docket, and admitted they can't schedule deliveries, leading to an unwanted cancellation of a ₹9k order.

So I just spent three days in a battle of attrition with Myntra logistics, and I’m sharing this so others don't waste their time.

The Setup: I ordered a pair of Nike Air Jordan 1s (₹8995). Since it was ""Open Box Delivery,"" I had to be physically present to give the OTP after verifying the shoes.

The Problem: I work a shift from 2:00 PM to 12:00 AM. I proactively contacted Myntra support 6+ times to let them know I am only available for delivery BEFORE 2:00 PM.

The Service Failure Timeline:

Day 1: Delivery fails because of a vehicle breakdown. To cover their tracks, the Sholinganallur Hub (PAL\_SNG) marks the status as ""Open Box Verification Failed."" (A total lie—no attempt was even made).

Day 2: Escalation Desk (a ""Case Supervisor"") tells me to wait 48 hours. I explain my 2 PM cutoff again. They ignore it, attempt delivery at 5:30 PM, and it fails.

Day 3: The delivery agent calls me in the morning, admits he has the shoes, and promises a morning delivery. He doesn't show up. I call him at 1 PM; he says he'll only be in my area by 5:30 PM.

The Result: Even with an active National Consumer Helpline (NCH) docket, Myntra’s automated system triggered a Return to Origin (RTO) and cancelled my order while it was still ""Out for Delivery.""

When I finally got through to a senior agent, they admitted that Myntra has NO system for scheduling deliveries. They expect you to be a prisoner in your own home until the delivery guy decides to show up. If your work schedule doesn't align with their random route, your order is basically doomed.

The Resolution: Myntra’s response to my NCH grievance? A copy-pasted: ""Note feedback and close the task."" No price-match voucher, no re-order help, not even a ""sorry"". It was just ""our bad, buy it again.""

Conclusion: I ended up voting with my wallet and bought a pair of Bacca Buccis from a competitor instead. If you have a job that requires you to be away from home during ""standard"" hours, avoid Myntra’s high-value Open Box items. Their backend is a rigid machine that cannot handle basic human constraints.","coupon_rewards, availability, delivery, purchase_intent, customer_service",,delivery,customer_service; cancellation_refund,0.95,True
comment,MyntraSucks,t3_1t8zhej,okzj32i,t3_1t8zhej,,1,,,No matter how many times you try they won't deliver. Best is to go and get it from the hub when you are free ,"Myntra’s ""Open Box Delivery"" nightmare TL;DR: Myntra logistics lied about delivery status, ignored a government grievance docket, and admitted they can't schedule deliveries, leading to an unwanted cancellation of a ₹9k order.

So I just spent three days in a battle of attrition with Myntra logistics, and I’m sharing this so others don't waste their time.

The Setup: I ordered a pair of Nike Air Jordan 1s (₹8995). Since it was ""Open Box Delivery,"" I had to be physically present to give the OTP after verifying the shoes.

The Problem: I work a shift from 2:00 PM to 12:00 AM. I proactively contacted Myntra support 6+ times to let them know I am only available for delivery BEFORE 2:00 PM.

The Service Failure Timeline:

Day 1: Delivery fails because of a vehicle breakdown. To cover their tracks, the Sholinganallur Hub (PAL\_SNG) marks the status as ""Open Box Verification Failed."" (A total lie—no attempt was even made).

Day 2: Escalation Desk (a ""Case Supervisor"") tells me to wait 48 hours. I explain my 2 PM cutoff again. They ignore it, attempt delivery at 5:30 PM, and it fails.

Day 3: The delivery agent calls me in the morning, admits he has the shoes, and promises a morning delivery. He doesn't show up. I call him at 1 PM; he says he'll only be in my area by 5:30 PM.

The Result: Even with an active National Consumer Helpline (NCH) docket, Myntra’s automated system triggered a Return to Origin (RTO) and cancelled my order while it was still ""Out for Delivery.""

When I finally got through to a senior agent, they admitted that Myntra has NO system for scheduling deliveries. They expect you to be a prisoner in your own home until the delivery guy decides to show up. If your work schedule doesn't align with their random route, your order is basically doomed.

The Resolution: Myntra’s response to my NCH grievance? A copy-pasted: ""Note feedback and close the task."" No price-match voucher, no re-order help, not even a ""sorry"". It was just ""our bad, buy it again.""

Conclusion: I ended up voting with my wallet and bought a pair of Bacca Buccis from a competitor instead. If you have a job that requires you to be away from home during ""standard"" hours, avoid Myntra’s high-value Open Box items. Their backend is a rigid machine that cannot handle basic human constraints.","coupon_rewards, availability, delivery, purchase_intent, customer_service",,delivery,customer_service; cancellation_refund,0.95,True
comment,MyntraSucks,t3_1t8zhej,ol52223,t1_okzj32i,,2,,,"I suggested that as well, to which I was told that information can't be provided by either the Escalation Desk, or the Customer care","Myntra’s ""Open Box Delivery"" nightmare TL;DR: Myntra logistics lied about delivery status, ignored a government grievance docket, and admitted they can't schedule deliveries, leading to an unwanted cancellation of a ₹9k order.

So I just spent three days in a battle of attrition with Myntra logistics, and I’m sharing this so others don't waste their time.

The Setup: I ordered a pair of Nike Air Jordan 1s (₹8995). Since it was ""Open Box Delivery,"" I had to be physically present to give the OTP after verifying the shoes.

The Problem: I work a shift from 2:00 PM to 12:00 AM. I proactively contacted Myntra support 6+ times to let them know I am only available for delivery BEFORE 2:00 PM.

The Service Failure Timeline:

Day 1: Delivery fails because of a vehicle breakdown. To cover their tracks, the Sholinganallur Hub (PAL\_SNG) marks the status as ""Open Box Verification Failed."" (A total lie—no attempt was even made).

Day 2: Escalation Desk (a ""Case Supervisor"") tells me to wait 48 hours. I explain my 2 PM cutoff again. They ignore it, attempt delivery at 5:30 PM, and it fails.

Day 3: The delivery agent calls me in the morning, admits he has the shoes, and promises a morning delivery. He doesn't show up. I call him at 1 PM; he says he'll only be in my area by 5:30 PM.

The Result: Even with an active National Consumer Helpline (NCH) docket, Myntra’s automated system triggered a Return to Origin (RTO) and cancelled my order while it was still ""Out for Delivery.""

When I finally got through to a senior agent, they admitted that Myntra has NO system for scheduling deliveries. They expect you to be a prisoner in your own home until the delivery guy decides to show up. If your work schedule doesn't align with their random route, your order is basically doomed.

The Resolution: Myntra’s response to my NCH grievance? A copy-pasted: ""Note feedback and close the task."" No price-match voucher, no re-order help, not even a ""sorry"". It was just ""our bad, buy it again.""

Conclusion: I ended up voting with my wallet and bought a pair of Bacca Buccis from a competitor instead. If you have a job that requires you to be away from home during ""standard"" hours, avoid Myntra’s high-value Open Box items. Their backend is a rigid machine that cannot handle basic human constraints.","coupon_rewards, availability, delivery, purchase_intent, customer_service",,delivery,customer_service; cancellation_refund,0.95,True
comment,MyntraSucks,t3_1t8zhej,ol561sq,t1_ol52223,,1,,,Yes. You need to find that the next time you see a myntra or Flipkart delivery guy,"Myntra’s ""Open Box Delivery"" nightmare TL;DR: Myntra logistics lied about delivery status, ignored a government grievance docket, and admitted they can't schedule deliveries, leading to an unwanted cancellation of a ₹9k order.

So I just spent three days in a battle of attrition with Myntra logistics, and I’m sharing this so others don't waste their time.

The Setup: I ordered a pair of Nike Air Jordan 1s (₹8995). Since it was ""Open Box Delivery,"" I had to be physically present to give the OTP after verifying the shoes.

The Problem: I work a shift from 2:00 PM to 12:00 AM. I proactively contacted Myntra support 6+ times to let them know I am only available for delivery BEFORE 2:00 PM.

The Service Failure Timeline:

Day 1: Delivery fails because of a vehicle breakdown. To cover their tracks, the Sholinganallur Hub (PAL\_SNG) marks the status as ""Open Box Verification Failed."" (A total lie—no attempt was even made).

Day 2: Escalation Desk (a ""Case Supervisor"") tells me to wait 48 hours. I explain my 2 PM cutoff again. They ignore it, attempt delivery at 5:30 PM, and it fails.

Day 3: The delivery agent calls me in the morning, admits he has the shoes, and promises a morning delivery. He doesn't show up. I call him at 1 PM; he says he'll only be in my area by 5:30 PM.

The Result: Even with an active National Consumer Helpline (NCH) docket, Myntra’s automated system triggered a Return to Origin (RTO) and cancelled my order while it was still ""Out for Delivery.""

When I finally got through to a senior agent, they admitted that Myntra has NO system for scheduling deliveries. They expect you to be a prisoner in your own home until the delivery guy decides to show up. If your work schedule doesn't align with their random route, your order is basically doomed.

The Resolution: Myntra’s response to my NCH grievance? A copy-pasted: ""Note feedback and close the task."" No price-match voucher, no re-order help, not even a ""sorry"". It was just ""our bad, buy it again.""

Conclusion: I ended up voting with my wallet and bought a pair of Bacca Buccis from a competitor instead. If you have a job that requires you to be away from home during ""standard"" hours, avoid Myntra’s high-value Open Box items. Their backend is a rigid machine that cannot handle basic human constraints.","coupon_rewards, availability, delivery, purchase_intent, customer_service",,delivery,customer_service; cancellation_refund,0.95,True
comment,MyntraSucks,t3_1t8zhej,olc37lf,t1_ol52223,,1,,,"Try to realize that delivery logistics are like that and scheduling may not exist for most ecommerce entities. 

Ps: Maybe have a family member or friend trained for hours you are not at home. 

Or given your schedule maybe have it delivered at your office / workplace. 

Lots of people even with regular schedule deliver at office if no one’s home. ","Myntra’s ""Open Box Delivery"" nightmare TL;DR: Myntra logistics lied about delivery status, ignored a government grievance docket, and admitted they can't schedule deliveries, leading to an unwanted cancellation of a ₹9k order.

So I just spent three days in a battle of attrition with Myntra logistics, and I’m sharing this so others don't waste their time.

The Setup: I ordered a pair of Nike Air Jordan 1s (₹8995). Since it was ""Open Box Delivery,"" I had to be physically present to give the OTP after verifying the shoes.

The Problem: I work a shift from 2:00 PM to 12:00 AM. I proactively contacted Myntra support 6+ times to let them know I am only available for delivery BEFORE 2:00 PM.

The Service Failure Timeline:

Day 1: Delivery fails because of a vehicle breakdown. To cover their tracks, the Sholinganallur Hub (PAL\_SNG) marks the status as ""Open Box Verification Failed."" (A total lie—no attempt was even made).

Day 2: Escalation Desk (a ""Case Supervisor"") tells me to wait 48 hours. I explain my 2 PM cutoff again. They ignore it, attempt delivery at 5:30 PM, and it fails.

Day 3: The delivery agent calls me in the morning, admits he has the shoes, and promises a morning delivery. He doesn't show up. I call him at 1 PM; he says he'll only be in my area by 5:30 PM.

The Result: Even with an active National Consumer Helpline (NCH) docket, Myntra’s automated system triggered a Return to Origin (RTO) and cancelled my order while it was still ""Out for Delivery.""

When I finally got through to a senior agent, they admitted that Myntra has NO system for scheduling deliveries. They expect you to be a prisoner in your own home until the delivery guy decides to show up. If your work schedule doesn't align with their random route, your order is basically doomed.

The Resolution: Myntra’s response to my NCH grievance? A copy-pasted: ""Note feedback and close the task."" No price-match voucher, no re-order help, not even a ""sorry"". It was just ""our bad, buy it again.""

Conclusion: I ended up voting with my wallet and bought a pair of Bacca Buccis from a competitor instead. If you have a job that requires you to be away from home during ""standard"" hours, avoid Myntra’s high-value Open Box items. Their backend is a rigid machine that cannot handle basic human constraints.","coupon_rewards, availability, delivery, purchase_intent, customer_service",,delivery,customer_service; cancellation_refund,0.95,True
comment,MyntraSucks,t3_1t8zhej,ol5fwla,t3_1t8zhej,,1,,,"MYntra cannot do anything in this case, neither can any other shopping platform in a similar scenario. Delivery timings totally depends on delivery boy, they dont listen to anyone, no customer care or support would help. They can't even fix dates let alone delivery timings","Myntra’s ""Open Box Delivery"" nightmare TL;DR: Myntra logistics lied about delivery status, ignored a government grievance docket, and admitted they can't schedule deliveries, leading to an unwanted cancellation of a ₹9k order.

So I just spent three days in a battle of attrition with Myntra logistics, and I’m sharing this so others don't waste their time.

The Setup: I ordered a pair of Nike Air Jordan 1s (₹8995). Since it was ""Open Box Delivery,"" I had to be physically present to give the OTP after verifying the shoes.

The Problem: I work a shift from 2:00 PM to 12:00 AM. I proactively contacted Myntra support 6+ times to let them know I am only available for delivery BEFORE 2:00 PM.

The Service Failure Timeline:

Day 1: Delivery fails because of a vehicle breakdown. To cover their tracks, the Sholinganallur Hub (PAL\_SNG) marks the status as ""Open Box Verification Failed."" (A total lie—no attempt was even made).

Day 2: Escalation Desk (a ""Case Supervisor"") tells me to wait 48 hours. I explain my 2 PM cutoff again. They ignore it, attempt delivery at 5:30 PM, and it fails.

Day 3: The delivery agent calls me in the morning, admits he has the shoes, and promises a morning delivery. He doesn't show up. I call him at 1 PM; he says he'll only be in my area by 5:30 PM.

The Result: Even with an active National Consumer Helpline (NCH) docket, Myntra’s automated system triggered a Return to Origin (RTO) and cancelled my order while it was still ""Out for Delivery.""

When I finally got through to a senior agent, they admitted that Myntra has NO system for scheduling deliveries. They expect you to be a prisoner in your own home until the delivery guy decides to show up. If your work schedule doesn't align with their random route, your order is basically doomed.

The Resolution: Myntra’s response to my NCH grievance? A copy-pasted: ""Note feedback and close the task."" No price-match voucher, no re-order help, not even a ""sorry"". It was just ""our bad, buy it again.""

Conclusion: I ended up voting with my wallet and bought a pair of Bacca Buccis from a competitor instead. If you have a job that requires you to be away from home during ""standard"" hours, avoid Myntra’s high-value Open Box items. Their backend is a rigid machine that cannot handle basic human constraints.","coupon_rewards, availability, delivery, purchase_intent, customer_service",,delivery,customer_service; cancellation_refund,0.95,True
comment,MyntraSucks,t3_1t8zhej,olizbtq,t3_1t8zhej,,1,,,"It is a shitty situation no matter what.  Amazon has certain products that has option to choose your delivery slot, but other than that your only option is Quick commerce. We live in a low trust society (at least in terms of e-commerce) which is why companies are opting for Open box delivery.  While I was living alone, I used to order at my office address to mitigate the issue. 

Your only other option is to go offline mode. 

PS: I hate open box delivery. And I hate flipkart and it's other companies. ","Myntra’s ""Open Box Delivery"" nightmare TL;DR: Myntra logistics lied about delivery status, ignored a government grievance docket, and admitted they can't schedule deliveries, leading to an unwanted cancellation of a ₹9k order.

So I just spent three days in a battle of attrition with Myntra logistics, and I’m sharing this so others don't waste their time.

The Setup: I ordered a pair of Nike Air Jordan 1s (₹8995). Since it was ""Open Box Delivery,"" I had to be physically present to give the OTP after verifying the shoes.

The Problem: I work a shift from 2:00 PM to 12:00 AM. I proactively contacted Myntra support 6+ times to let them know I am only available for delivery BEFORE 2:00 PM.

The Service Failure Timeline:

Day 1: Delivery fails because of a vehicle breakdown. To cover their tracks, the Sholinganallur Hub (PAL\_SNG) marks the status as ""Open Box Verification Failed."" (A total lie—no attempt was even made).

Day 2: Escalation Desk (a ""Case Supervisor"") tells me to wait 48 hours. I explain my 2 PM cutoff again. They ignore it, attempt delivery at 5:30 PM, and it fails.

Day 3: The delivery agent calls me in the morning, admits he has the shoes, and promises a morning delivery. He doesn't show up. I call him at 1 PM; he says he'll only be in my area by 5:30 PM.

The Result: Even with an active National Consumer Helpline (NCH) docket, Myntra’s automated system triggered a Return to Origin (RTO) and cancelled my order while it was still ""Out for Delivery.""

When I finally got through to a senior agent, they admitted that Myntra has NO system for scheduling deliveries. They expect you to be a prisoner in your own home until the delivery guy decides to show up. If your work schedule doesn't align with their random route, your order is basically doomed.

The Resolution: Myntra’s response to my NCH grievance? A copy-pasted: ""Note feedback and close the task."" No price-match voucher, no re-order help, not even a ""sorry"". It was just ""our bad, buy it again.""

Conclusion: I ended up voting with my wallet and bought a pair of Bacca Buccis from a competitor instead. If you have a job that requires you to be away from home during ""standard"" hours, avoid Myntra’s high-value Open Box items. Their backend is a rigid machine that cannot handle basic human constraints.","coupon_rewards, availability, delivery, purchase_intent, customer_service",,delivery,customer_service; cancellation_refund,0.95,True
comment,MyntraSucks,t3_1tuggcp,op9dym9,t3_1tuggcp,,1,,,"so sorry this happened to you,hopefully it gets resolved soon",A heartbroken first CH haul.. hate myntraaa for it.. my morning was ruineddd..😭😭😭😭😭😭 My ch good girl perfume came totally broken.. paid 1930rs for thiss crap.. it smells good but not a drop is left.. thanks to my instinct made an uncut unboxing video and the blush isn't shipped yet😭😭😭.. Haye myntra for ruining my morningg,,,other,,0.50,True
comment,MyntraSucks,t3_1tuggcp,op9fb6b,t1_op9dym9,,1,,,Thank uu💖💖.. Hopefully 😭😭😭😭.. I'm sad.. it came without even a sturdy box.. never buying from myntra again,A heartbroken first CH haul.. hate myntraaa for it.. my morning was ruineddd..😭😭😭😭😭😭 My ch good girl perfume came totally broken.. paid 1930rs for thiss crap.. it smells good but not a drop is left.. thanks to my instinct made an uncut unboxing video and the blush isn't shipped yet😭😭😭.. Haye myntra for ruining my morningg,purchase_intent,,other,,0.50,True
comment,MyntraSucks,t3_1tuggcp,op9z1ud,t3_1tuggcp,,1,,,Sue them ,A heartbroken first CH haul.. hate myntraaa for it.. my morning was ruineddd..😭😭😭😭😭😭 My ch good girl perfume came totally broken.. paid 1930rs for thiss crap.. it smells good but not a drop is left.. thanks to my instinct made an uncut unboxing video and the blush isn't shipped yet😭😭😭.. Haye myntra for ruining my morningg,,,other,,0.50,True
comment,MyntraSucks,t3_1tuggcp,op9zj79,t1_op9z1ud,,1,,,Really want to😭😭💖,A heartbroken first CH haul.. hate myntraaa for it.. my morning was ruineddd..😭😭😭😭😭😭 My ch good girl perfume came totally broken.. paid 1930rs for thiss crap.. it smells good but not a drop is left.. thanks to my instinct made an uncut unboxing video and the blush isn't shipped yet😭😭😭.. Haye myntra for ruining my morningg,,,other,,0.50,True
comment,MyntraSucks,t3_1tuggcp,optcd00,t3_1tuggcp,,1,,,"I am sorry you had to experience this...

Myntra is the new Flipkart now. I don't trust Myntra anymore, so, I can understand how you feel.🥺",A heartbroken first CH haul.. hate myntraaa for it.. my morning was ruineddd..😭😭😭😭😭😭 My ch good girl perfume came totally broken.. paid 1930rs for thiss crap.. it smells good but not a drop is left.. thanks to my instinct made an uncut unboxing video and the blush isn't shipped yet😭😭😭.. Haye myntra for ruining my morningg,,,other,,0.50,True
comment,MyntraSucks,t3_1tuggcp,opw7ur6,t3_1tuggcp,,1,,,"Same thing happend with me too, i orderd laneige and myntra sent it to me in a paper bag packaging and not the box one. The product box was completely destroyed 😭 thankfully the product was safe",A heartbroken first CH haul.. hate myntraaa for it.. my morning was ruineddd..😭😭😭😭😭😭 My ch good girl perfume came totally broken.. paid 1930rs for thiss crap.. it smells good but not a drop is left.. thanks to my instinct made an uncut unboxing video and the blush isn't shipped yet😭😭😭.. Haye myntra for ruining my morningg,,,other,,0.50,True
post,,,t3_1t101mu,,2026-05-01T17:29:49.000Z,16,16.0,I absolutely hate it when myntra does this🥲 (Rant),"I’ve noticed something really frustrating with Myntra. Every time I add a product to my wishlist or cart, planning to buy it after a few days or during a sale, the price suddenly increases, or the product becomes unavailable in my area, or just goes out of stock for a long time. It feels way too coincidental.

Sometimes I get impatient and end up buying the same product from another platform at a higher price. But then, the very next day, when I check Myntra again, it’s suddenly back in stock and even available at a lower, discounted price. I genuinely don’t understand how or why this keeps happening, but it’s extremely annoying. I honestly hate this experience with Myntra, I absolutely hate myntra!😭 ","I absolutely hate it when myntra does this🥲 (Rant) I’ve noticed something really frustrating with Myntra. Every time I add a product to my wishlist or cart, planning to buy it after a few days or during a sale, the price suddenly increases, or the product becomes unavailable in my area, or just goes out of stock for a long time. It feels way too coincidental.

Sometimes I get impatient and end up buying the same product from another platform at a higher price. But then, the very next day, when I check Myntra again, it’s suddenly back in stock and even available at a lower, discounted price. I genuinely don’t understand how or why this keeps happening, but it’s extremely annoying. I honestly hate this experience with Myntra, I absolutely hate myntra!😭 ","wishlist, price_change, sale_discount, availability, purchase_intent",https://www.reddit.com/r/MyntraSucks/comments/1t101mu/i_absolutely_hate_it_when_myntra_does_this_rant/,restock_availability,purchase_intent; wishlist,0.95,True
post,,,t3_1sv35cf,,2026-04-25T05:20:15.000Z,4,4.0,Is this fraud by myntra?,"I had ordered a pair of shoes (kozasko) from Myntra. It was on sale, after the offer I got them at 10800. Then there was a size mismatch when I received the order. Tried to exchange but they said, the price has increased so I have to reorder. I returned the order and reordered at 11400. Then after two weeks of delivery time mentioned it was delayed. Reached out to customer care they said to wait for 4 days more. I tried cancelling, then it said cancellation is on hold from seller. Now the price has increased again to 12500. Is kozasko a fraud or myntra?","Is this fraud by myntra? I had ordered a pair of shoes (kozasko) from Myntra. It was on sale, after the offer I got them at 10800. Then there was a size mismatch when I received the order. Tried to exchange but they said, the price has increased so I have to reorder. I returned the order and reordered at 11400. Then after two weeks of delivery time mentioned it was delayed. Reached out to customer care they said to wait for 4 days more. I tried cancelling, then it said cancellation is on hold from seller. Now the price has increased again to 12500. Is kozasko a fraud or myntra?","sale_discount, delivery, purchase_intent, product_quality, customer_service",https://i.redd.it/4nqbnxt2u9xg1.jpeg,sale_discount,customer_service,0.95,True
comment,MyntraSucks,t3_1t6zacd,okl8qtk,t3_1t6zacd,,2,,,Myntra has gone to shit in the past year or so. ,"Myntra cancelled my confirmed Puma sneaker order due to a “technical issue” and denied the compensation they promised I ordered Puma Blktop Rider Suede Sneakers from Myntra at a heavily discounted price. The order was successfully confirmed and everything looked normal initially. Later, Myntra cancelled the order from their side and stated that it happened due to a technical issue.

What frustrated me more was the customer support experience. One support agent clearly told me that I would receive a ₹599 compensation coupon for the inconvenience caused. But when I contacted support again later, another senior agent completely denied it and refused to provide either the coupon or any proper resolution.

I understand stock issues can happen, but cancelling a confirmed order due to a platform issue and then backing out from the promised compensation feels unfair.

Anything anyone can suggest show that I can get this order or at same price?","sale_discount, coupon_rewards, delivery, purchase_intent, customer_service",,customer_service,cancellation_refund,0.95,True
comment,MyntraSucks,t3_1t6zacd,okl71hs,t3_1t6zacd,,1,,,[removed],"Myntra cancelled my confirmed Puma sneaker order due to a “technical issue” and denied the compensation they promised I ordered Puma Blktop Rider Suede Sneakers from Myntra at a heavily discounted price. The order was successfully confirmed and everything looked normal initially. Later, Myntra cancelled the order from their side and stated that it happened due to a technical issue.

What frustrated me more was the customer support experience. One support agent clearly told me that I would receive a ₹599 compensation coupon for the inconvenience caused. But when I contacted support again later, another senior agent completely denied it and refused to provide either the coupon or any proper resolution.

I understand stock issues can happen, but cancelling a confirmed order due to a platform issue and then backing out from the promised compensation feels unfair.

Anything anyone can suggest show that I can get this order or at same price?","sale_discount, coupon_rewards, delivery, purchase_intent, customer_service",,customer_service,cancellation_refund,0.95,True
comment,MyntraSucks,t3_1t6zacd,okl72rx,t1_okl71hs,,1,,,[removed],"Myntra cancelled my confirmed Puma sneaker order due to a “technical issue” and denied the compensation they promised I ordered Puma Blktop Rider Suede Sneakers from Myntra at a heavily discounted price. The order was successfully confirmed and everything looked normal initially. Later, Myntra cancelled the order from their side and stated that it happened due to a technical issue.

What frustrated me more was the customer support experience. One support agent clearly told me that I would receive a ₹599 compensation coupon for the inconvenience caused. But when I contacted support again later, another senior agent completely denied it and refused to provide either the coupon or any proper resolution.

I understand stock issues can happen, but cancelling a confirmed order due to a platform issue and then backing out from the promised compensation feels unfair.

Anything anyone can suggest show that I can get this order or at same price?","sale_discount, coupon_rewards, delivery, purchase_intent, customer_service",,customer_service,cancellation_refund,0.95,True
comment,MyntraSucks,t3_1t6zacd,okla7pr,t1_okl72rx,,2,,,"These customer agent also be like we don't have any options showing, then why the fuck they are sitting there if they don't any any option except saying sorry","Myntra cancelled my confirmed Puma sneaker order due to a “technical issue” and denied the compensation they promised I ordered Puma Blktop Rider Suede Sneakers from Myntra at a heavily discounted price. The order was successfully confirmed and everything looked normal initially. Later, Myntra cancelled the order from their side and stated that it happened due to a technical issue.

What frustrated me more was the customer support experience. One support agent clearly told me that I would receive a ₹599 compensation coupon for the inconvenience caused. But when I contacted support again later, another senior agent completely denied it and refused to provide either the coupon or any proper resolution.

I understand stock issues can happen, but cancelling a confirmed order due to a platform issue and then backing out from the promised compensation feels unfair.

Anything anyone can suggest show that I can get this order or at same price?","sale_discount, coupon_rewards, delivery, purchase_intent, customer_service",,customer_service,cancellation_refund,0.95,True
comment,MyntraSucks,t3_1t6zacd,oks649r,t3_1t6zacd,,1,,,"I have faced similar issue few weeks back..I was also promised around 200rs of refund..but they sent only 70-80rs. Anyways, everyone who ordered this shoe got cancelled. I saw in other places.","Myntra cancelled my confirmed Puma sneaker order due to a “technical issue” and denied the compensation they promised I ordered Puma Blktop Rider Suede Sneakers from Myntra at a heavily discounted price. The order was successfully confirmed and everything looked normal initially. Later, Myntra cancelled the order from their side and stated that it happened due to a technical issue.

What frustrated me more was the customer support experience. One support agent clearly told me that I would receive a ₹599 compensation coupon for the inconvenience caused. But when I contacted support again later, another senior agent completely denied it and refused to provide either the coupon or any proper resolution.

I understand stock issues can happen, but cancelling a confirmed order due to a platform issue and then backing out from the promised compensation feels unfair.

Anything anyone can suggest show that I can get this order or at same price?","sale_discount, coupon_rewards, delivery, purchase_intent, customer_service",,cancellation_refund,customer_service,0.95,True
comment,MyntraSucks,t3_1t6zacd,okt6di2,t3_1t6zacd,,1,,,I ordered the same from puma website! Was delivered properly and before time,"Myntra cancelled my confirmed Puma sneaker order due to a “technical issue” and denied the compensation they promised I ordered Puma Blktop Rider Suede Sneakers from Myntra at a heavily discounted price. The order was successfully confirmed and everything looked normal initially. Later, Myntra cancelled the order from their side and stated that it happened due to a technical issue.

What frustrated me more was the customer support experience. One support agent clearly told me that I would receive a ₹599 compensation coupon for the inconvenience caused. But when I contacted support again later, another senior agent completely denied it and refused to provide either the coupon or any proper resolution.

I understand stock issues can happen, but cancelling a confirmed order due to a platform issue and then backing out from the promised compensation feels unfair.

Anything anyone can suggest show that I can get this order or at same price?","sale_discount, coupon_rewards, delivery, purchase_intent, customer_service",,purchase_intent,customer_service; cancellation_refund,0.95,True
comment,MyntraSucks,t3_1t6zacd,oktc6tp,t1_okt6di2,,1,,,At what price?,"Myntra cancelled my confirmed Puma sneaker order due to a “technical issue” and denied the compensation they promised I ordered Puma Blktop Rider Suede Sneakers from Myntra at a heavily discounted price. The order was successfully confirmed and everything looked normal initially. Later, Myntra cancelled the order from their side and stated that it happened due to a technical issue.

What frustrated me more was the customer support experience. One support agent clearly told me that I would receive a ₹599 compensation coupon for the inconvenience caused. But when I contacted support again later, another senior agent completely denied it and refused to provide either the coupon or any proper resolution.

I understand stock issues can happen, but cancelling a confirmed order due to a platform issue and then backing out from the promised compensation feels unfair.

Anything anyone can suggest show that I can get this order or at same price?","sale_discount, coupon_rewards, delivery, purchase_intent, customer_service",,customer_service,cancellation_refund,0.95,True
comment,MyntraSucks,t3_1t6zacd,okyfflv,t1_oktc6tp,,1,,,3400,"Myntra cancelled my confirmed Puma sneaker order due to a “technical issue” and denied the compensation they promised I ordered Puma Blktop Rider Suede Sneakers from Myntra at a heavily discounted price. The order was successfully confirmed and everything looked normal initially. Later, Myntra cancelled the order from their side and stated that it happened due to a technical issue.

What frustrated me more was the customer support experience. One support agent clearly told me that I would receive a ₹599 compensation coupon for the inconvenience caused. But when I contacted support again later, another senior agent completely denied it and refused to provide either the coupon or any proper resolution.

I understand stock issues can happen, but cancelling a confirmed order due to a platform issue and then backing out from the promised compensation feels unfair.

Anything anyone can suggest show that I can get this order or at same price?","sale_discount, coupon_rewards, delivery, purchase_intent, customer_service",,customer_service,cancellation_refund,0.95,True
comment,MyntraSucks,t3_1t6zacd,olc5uy4,t3_1t6zacd,,1,,,"All companies running this. Only bigbasket has delivered all the pricing errors or sale items. I got sketchers for 2000, normally more than 5000. It was even a Myntra now order to be delivered in 2 hours. 4 hours later, cancelled. Fuckers did not even grant any compensation. Got a friend to file an issue in consumer court. Mainly cause it was a Myntra now order so I can claim that since I ordered it I did not look further to buy elsewhere cause I needed to wear them tonight. ","Myntra cancelled my confirmed Puma sneaker order due to a “technical issue” and denied the compensation they promised I ordered Puma Blktop Rider Suede Sneakers from Myntra at a heavily discounted price. The order was successfully confirmed and everything looked normal initially. Later, Myntra cancelled the order from their side and stated that it happened due to a technical issue.

What frustrated me more was the customer support experience. One support agent clearly told me that I would receive a ₹599 compensation coupon for the inconvenience caused. But when I contacted support again later, another senior agent completely denied it and refused to provide either the coupon or any proper resolution.

I understand stock issues can happen, but cancelling a confirmed order due to a platform issue and then backing out from the promised compensation feels unfair.

Anything anyone can suggest show that I can get this order or at same price?","sale_discount, coupon_rewards, delivery, purchase_intent, customer_service",,customer_service,cancellation_refund,0.95,True
comment,MyntraSucks,t3_1sv35cf,oi5o9yv,t3_1sv35cf,,1,,,"myntra has recently done the same with me I was ordering a wishcare product but after a while the coupon was gone and price went up, but you'll find cheaper rates on myntra than any other platform.","Is this fraud by myntra? I had ordered a pair of shoes (kozasko) from Myntra. It was on sale, after the offer I got them at 10800. Then there was a size mismatch when I received the order. Tried to exchange but they said, the price has increased so I have to reorder. I returned the order and reordered at 11400. Then after two weeks of delivery time mentioned it was delayed. Reached out to customer care they said to wait for 4 days more. I tried cancelling, then it said cancellation is on hold from seller. Now the price has increased again to 12500. Is kozasko a fraud or myntra?","price_change, sale_discount, coupon_rewards, delivery, purchase_intent, product_quality, customer_service",,sale_discount,customer_service,0.95,True
comment,MyntraSucks,t3_1sv35cf,oid1ws9,t3_1sv35cf,,1,,,I think it’s absolutely ridiculous that they expect us to return and re-order a product for which they clearly state that exchange is available just because the price has gone up. How is that our fault? And why even advertise that exchange is available? Drives me up the wall ,"Is this fraud by myntra? I had ordered a pair of shoes (kozasko) from Myntra. It was on sale, after the offer I got them at 10800. Then there was a size mismatch when I received the order. Tried to exchange but they said, the price has increased so I have to reorder. I returned the order and reordered at 11400. Then after two weeks of delivery time mentioned it was delayed. Reached out to customer care they said to wait for 4 days more. I tried cancelling, then it said cancellation is on hold from seller. Now the price has increased again to 12500. Is kozasko a fraud or myntra?","sale_discount, availability, delivery, purchase_intent, product_quality, customer_service",,sale_discount,customer_service,0.95,True
comment,MyntraSucks,t3_1t101mu,ojh7fcv,t3_1t101mu,,2,,,"This brand glitchez doesnt deliver any new styles to my pincode dude till like 3-4 months , then when its old it starts delivering 😭","I absolutely hate it when myntra does this🥲 (Rant) I’ve noticed something really frustrating with Myntra. Every time I add a product to my wishlist or cart, planning to buy it after a few days or during a sale, the price suddenly increases, or the product becomes unavailable in my area, or just goes out of stock for a long time. It feels way too coincidental.

Sometimes I get impatient and end up buying the same product from another platform at a higher price. But then, the very next day, when I check Myntra again, it’s suddenly back in stock and even available at a lower, discounted price. I genuinely don’t understand how or why this keeps happening, but it’s extremely annoying. I honestly hate this experience with Myntra, I absolutely hate myntra!😭 ","wishlist, price_change, sale_discount, availability, purchase_intent",,restock_availability,purchase_intent; wishlist,0.95,True
comment,MyntraSucks,t3_1t101mu,ojfxru5,t3_1t101mu,,1,,,That sucks ,"I absolutely hate it when myntra does this🥲 (Rant) I’ve noticed something really frustrating with Myntra. Every time I add a product to my wishlist or cart, planning to buy it after a few days or during a sale, the price suddenly increases, or the product becomes unavailable in my area, or just goes out of stock for a long time. It feels way too coincidental.

Sometimes I get impatient and end up buying the same product from another platform at a higher price. But then, the very next day, when I check Myntra again, it’s suddenly back in stock and even available at a lower, discounted price. I genuinely don’t understand how or why this keeps happening, but it’s extremely annoying. I honestly hate this experience with Myntra, I absolutely hate myntra!😭 ","wishlist, price_change, sale_discount, availability, purchase_intent",,restock_availability,purchase_intent; wishlist,0.95,True
comment,MyntraSucks,t3_1t101mu,ojr1qm6,t3_1t101mu,,1,,,bro same shit happens all of a sudden the product is not available for my pincode. I have stopped buying from myntra honestly ass app ,"I absolutely hate it when myntra does this🥲 (Rant) I’ve noticed something really frustrating with Myntra. Every time I add a product to my wishlist or cart, planning to buy it after a few days or during a sale, the price suddenly increases, or the product becomes unavailable in my area, or just goes out of stock for a long time. It feels way too coincidental.

Sometimes I get impatient and end up buying the same product from another platform at a higher price. But then, the very next day, when I check Myntra again, it’s suddenly back in stock and even available at a lower, discounted price. I genuinely don’t understand how or why this keeps happening, but it’s extremely annoying. I honestly hate this experience with Myntra, I absolutely hate myntra!😭 ","wishlist, price_change, sale_discount, availability, purchase_intent",,restock_availability,purchase_intent; wishlist,0.95,True
post,,,t3_1opdzff,,2025-11-05T20:20:41.000Z,3,3.0,Why myntra? Why?,"Ordered from myntra instead of amazon cause they showed express one day delivery, the order reached extremely near but still got delayed and now they're giving automated responses. The price has been increased as well so I can't order it again without paying extra. Why the hell they mislead consumers with fake delivery dates and later delay it while it's in the nearest hub?","Why myntra? Why? Ordered from myntra instead of amazon cause they showed express one day delivery, the order reached extremely near but still got delayed and now they're giving automated responses. The price has been increased as well so I can't order it again without paying extra. Why the hell they mislead consumers with fake delivery dates and later delay it while it's in the nearest hub?","delivery, purchase_intent, product_quality",https://www.reddit.com/gallery/1opdzff,other,,0.50,True
comment,MyntraSucks,t3_1opdzff,nnass3p,t3_1opdzff,,3,,,"Their customer service is the worse. I don’t understand where their convenience fee goes, probably in the pockets of their investors.","Why myntra? Why? Ordered from myntra instead of amazon cause they showed express one day delivery, the order reached extremely near but still got delayed and now they're giving automated responses. The price has been increased as well so I can't order it again without paying extra. Why the hell they mislead consumers with fake delivery dates and later delay it while it's in the nearest hub?","delivery, purchase_intent, product_quality, customer_service",,customer_service,,0.95,True
comment,MyntraSucks,t3_1opdzff,nnatag0,t1_nnass3p,,1,,,"https://preview.redd.it/h6a397hjzhzf1.png?width=1260&format=png&auto=webp&s=edfcdaf72e2020ac5d4097635f16c3600b162aaf

Absolutely :)","Why myntra? Why? Ordered from myntra instead of amazon cause they showed express one day delivery, the order reached extremely near but still got delayed and now they're giving automated responses. The price has been increased as well so I can't order it again without paying extra. Why the hell they mislead consumers with fake delivery dates and later delay it while it's in the nearest hub?","delivery, purchase_intent, product_quality",,other,,0.50,True
comment,MyntraSucks,t3_1opdzff,nnavc9h,t1_nnatag0,,1,,,They will give you big words but no work. Just talk.,"Why myntra? Why? Ordered from myntra instead of amazon cause they showed express one day delivery, the order reached extremely near but still got delayed and now they're giving automated responses. The price has been increased as well so I can't order it again without paying extra. Why the hell they mislead consumers with fake delivery dates and later delay it while it's in the nearest hub?","delivery, purchase_intent, product_quality",,other,,0.50,True
comment,MyntraSucks,t3_1opdzff,nnawgcm,t1_nnavc9h,,1,,,"They aren't even giving me words anymore (⁠╥⁠﹏⁠╥⁠)
Literally didn't text back even after the texts I sent","Why myntra? Why? Ordered from myntra instead of amazon cause they showed express one day delivery, the order reached extremely near but still got delayed and now they're giving automated responses. The price has been increased as well so I can't order it again without paying extra. Why the hell they mislead consumers with fake delivery dates and later delay it while it's in the nearest hub?","delivery, purchase_intent, product_quality",,other,,0.50,True
comment,MyntraSucks,t3_1opdzff,nnax0eb,t1_nnawgcm,,1,,,Mail them - customergrievance@myntra.com,"Why myntra? Why? Ordered from myntra instead of amazon cause they showed express one day delivery, the order reached extremely near but still got delayed and now they're giving automated responses. The price has been increased as well so I can't order it again without paying extra. Why the hell they mislead consumers with fake delivery dates and later delay it while it's in the nearest hub?","delivery, purchase_intent, product_quality, customer_service",,other,,0.50,True
comment,MyntraSucks,t3_1opdzff,nnaxbbb,t1_nnax0eb,,1,,,Did that as well :(,"Why myntra? Why? Ordered from myntra instead of amazon cause they showed express one day delivery, the order reached extremely near but still got delayed and now they're giving automated responses. The price has been increased as well so I can't order it again without paying extra. Why the hell they mislead consumers with fake delivery dates and later delay it while it's in the nearest hub?","delivery, purchase_intent, product_quality",,other,,0.50,True
comment,MyntraSucks,t3_1opdzff,nnccxkc,t3_1opdzff,,1,,,"This order will get cancelled eventually, just cancel it on your own and ask for refund. Same happened with me a week ago.","Why myntra? Why? Ordered from myntra instead of amazon cause they showed express one day delivery, the order reached extremely near but still got delayed and now they're giving automated responses. The price has been increased as well so I can't order it again without paying extra. Why the hell they mislead consumers with fake delivery dates and later delay it while it's in the nearest hub?","delivery, purchase_intent, product_quality, customer_service",,cancellation_refund,,0.95,True
comment,MyntraSucks,t3_1opdzff,nndpf9n,t1_nnccxkc,,1,,,"Ugh wtf is wrong with myntra istg they're giving out these deals and whatnot and not even delivering the items🤦🏻‍♀️ what a waste of time, energy and money","Why myntra? Why? Ordered from myntra instead of amazon cause they showed express one day delivery, the order reached extremely near but still got delayed and now they're giving automated responses. The price has been increased as well so I can't order it again without paying extra. Why the hell they mislead consumers with fake delivery dates and later delay it while it's in the nearest hub?","sale_discount, delivery, purchase_intent, product_quality",,other,,0.50,True
comment,MyntraSucks,t3_1opdzff,nndqt0h,t1_nndpf9n,,1,,,Exactly it’s just a trap to get more people engagement,"Why myntra? Why? Ordered from myntra instead of amazon cause they showed express one day delivery, the order reached extremely near but still got delayed and now they're giving automated responses. The price has been increased as well so I can't order it again without paying extra. Why the hell they mislead consumers with fake delivery dates and later delay it while it's in the nearest hub?","delivery, purchase_intent, product_quality",,other,,0.50,True
comment,MyntraSucks,t3_1opdzff,nndr2ke,t1_nndqt0h,,1,,,"Ugh these websites these days. Didn't expect it from myntra tbh, it was supposed to be a reliable site","Why myntra? Why? Ordered from myntra instead of amazon cause they showed express one day delivery, the order reached extremely near but still got delayed and now they're giving automated responses. The price has been increased as well so I can't order it again without paying extra. Why the hell they mislead consumers with fake delivery dates and later delay it while it's in the nearest hub?","delivery, purchase_intent, product_quality",,other,,0.50,True
comment,MyntraSucks,t3_1opdzff,nnertpx,t1_nndr2ke,,1,,,"It isn’t anymore, i was so disappointed when this happened. I posted this on reddit and got to know there are many more who faced the same issue","Why myntra? Why? Ordered from myntra instead of amazon cause they showed express one day delivery, the order reached extremely near but still got delayed and now they're giving automated responses. The price has been increased as well so I can't order it again without paying extra. Why the hell they mislead consumers with fake delivery dates and later delay it while it's in the nearest hub?","delivery, purchase_intent, product_quality",,other,,0.50,True
comment,MyntraSucks,t3_1opdzff,nnesgse,t1_nnertpx,,1,,,Oooof I got my order thankfully,"Why myntra? Why? Ordered from myntra instead of amazon cause they showed express one day delivery, the order reached extremely near but still got delayed and now they're giving automated responses. The price has been increased as well so I can't order it again without paying extra. Why the hell they mislead consumers with fake delivery dates and later delay it while it's in the nearest hub?","delivery, purchase_intent, product_quality",,other,,0.50,True
comment,MyntraSucks,t3_1opdzff,nneye5r,t1_nnesgse,,1,,,Lucky u,"Why myntra? Why? Ordered from myntra instead of amazon cause they showed express one day delivery, the order reached extremely near but still got delayed and now they're giving automated responses. The price has been increased as well so I can't order it again without paying extra. Why the hell they mislead consumers with fake delivery dates and later delay it while it's in the nearest hub?","delivery, purchase_intent, product_quality",,other,,0.50,True
comment,MyntraSucks,t3_1opdzff,nngm16n,t1_nneye5r,,1,,,Indeed lmao!,"Why myntra? Why? Ordered from myntra instead of amazon cause they showed express one day delivery, the order reached extremely near but still got delayed and now they're giving automated responses. The price has been increased as well so I can't order it again without paying extra. Why the hell they mislead consumers with fake delivery dates and later delay it while it's in the nearest hub?","delivery, purchase_intent, product_quality",,other,,0.50,True
post,,,t3_1sfr5jv,,2026-04-08T12:17:01.000Z,75,75.0,Myntra quality has seriously gone downhill lately?,"Is it just me, or has the quality of clothes on Myntra dropped a lot recently?

I’ve been ordering from Myntra for years because it used to feel more reliable than other platforms. But lately, the clothes I’m receiving feel very similar to what you’d get on cheaper apps—thin fabric, poor stitching, and not matching the images properly.

The weird part is the pricing. You’re still paying premium prices, but the quality feels like it doesn’t justify it anymore.

I’m not saying everything is awful, but the consistency is definitely not what it used to be. Has anyone else experienced this situation? Or am I just getting unlucky with my orders?

Would like to know if others are facing the same issue or if there are better alternatives now.","Myntra quality has seriously gone downhill lately? Is it just me, or has the quality of clothes on Myntra dropped a lot recently?

I’ve been ordering from Myntra for years because it used to feel more reliable than other platforms. But lately, the clothes I’m receiving feel very similar to what you’d get on cheaper apps—thin fabric, poor stitching, and not matching the images properly.

The weird part is the pricing. You’re still paying premium prices, but the quality feels like it doesn’t justify it anymore.

I’m not saying everything is awful, but the consistency is definitely not what it used to be. Has anyone else experienced this situation? Or am I just getting unlucky with my orders?

Would like to know if others are facing the same issue or if there are better alternatives now.","price_change, delivery, purchase_intent, product_quality",https://www.reddit.com/r/MyntraSucks/comments/1sfr5jv/myntra_quality_has_seriously_gone_downhill_lately/,product_quality,,0.85,True
comment,MyntraSucks,t3_1sfr5jv,oeze612,t3_1sfr5jv,,5,,,"Every brand on Myntra is sourcing clothes from other countries, which look good in pictures but are really cheap in real. ","Myntra quality has seriously gone downhill lately? Is it just me, or has the quality of clothes on Myntra dropped a lot recently?

I’ve been ordering from Myntra for years because it used to feel more reliable than other platforms. But lately, the clothes I’m receiving feel very similar to what you’d get on cheaper apps—thin fabric, poor stitching, and not matching the images properly.

The weird part is the pricing. You’re still paying premium prices, but the quality feels like it doesn’t justify it anymore.

I’m not saying everything is awful, but the consistency is definitely not what it used to be. Has anyone else experienced this situation? Or am I just getting unlucky with my orders?

Would like to know if others are facing the same issue or if there are better alternatives now.","price_change, delivery, purchase_intent, product_quality",,product_quality,,0.85,True
comment,MyntraSucks,t3_1sfr5jv,oezxwtg,t3_1sfr5jv,,7,,,Today I received my order from Rubans and the product was completely different.  I mean meesho does this types of shit but myntra is doing this shit? Sending completely wrong product and Brand like Rubans ? It is really shameful ,"Myntra quality has seriously gone downhill lately? Is it just me, or has the quality of clothes on Myntra dropped a lot recently?

I’ve been ordering from Myntra for years because it used to feel more reliable than other platforms. But lately, the clothes I’m receiving feel very similar to what you’d get on cheaper apps—thin fabric, poor stitching, and not matching the images properly.

The weird part is the pricing. You’re still paying premium prices, but the quality feels like it doesn’t justify it anymore.

I’m not saying everything is awful, but the consistency is definitely not what it used to be. Has anyone else experienced this situation? Or am I just getting unlucky with my orders?

Would like to know if others are facing the same issue or if there are better alternatives now.","price_change, delivery, purchase_intent, product_quality",,product_quality,,0.85,True
comment,MyntraSucks,t3_1sfr5jv,of0v8zp,t1_oezxwtg,,1,,,"Same with me, one different product no brand tag and one product was missing and it was showing delivered.  But they solved the issue and returned the money as well.","Myntra quality has seriously gone downhill lately? Is it just me, or has the quality of clothes on Myntra dropped a lot recently?

I’ve been ordering from Myntra for years because it used to feel more reliable than other platforms. But lately, the clothes I’m receiving feel very similar to what you’d get on cheaper apps—thin fabric, poor stitching, and not matching the images properly.

The weird part is the pricing. You’re still paying premium prices, but the quality feels like it doesn’t justify it anymore.

I’m not saying everything is awful, but the consistency is definitely not what it used to be. Has anyone else experienced this situation? Or am I just getting unlucky with my orders?

Would like to know if others are facing the same issue or if there are better alternatives now.","price_change, delivery, purchase_intent, product_quality, customer_service",,product_quality,,0.85,True
comment,MyntraSucks,t3_1sfr5jv,of0wv69,t3_1sfr5jv,,4,,,I ordered a Wrogn shirt but received a Tommy Hilfiger one instead. Imagine how cooked Myntra is right now....... 😐,"Myntra quality has seriously gone downhill lately? Is it just me, or has the quality of clothes on Myntra dropped a lot recently?

I’ve been ordering from Myntra for years because it used to feel more reliable than other platforms. But lately, the clothes I’m receiving feel very similar to what you’d get on cheaper apps—thin fabric, poor stitching, and not matching the images properly.

The weird part is the pricing. You’re still paying premium prices, but the quality feels like it doesn’t justify it anymore.

I’m not saying everything is awful, but the consistency is definitely not what it used to be. Has anyone else experienced this situation? Or am I just getting unlucky with my orders?

Would like to know if others are facing the same issue or if there are better alternatives now.","price_change, delivery, purchase_intent, product_quality",,product_quality,,0.85,True
comment,MyntraSucks,t3_1sfr5jv,of1274m,t3_1sfr5jv,,3,,,"Yeah, I agree. Myntra was one of the few platforms that got it right from the very beginning. Everything about the platform felt perfect, especially when people were just starting to try ordering clothes online. Now, unfortunately, the experience doesn’t feel the same anymore.","Myntra quality has seriously gone downhill lately? Is it just me, or has the quality of clothes on Myntra dropped a lot recently?

I’ve been ordering from Myntra for years because it used to feel more reliable than other platforms. But lately, the clothes I’m receiving feel very similar to what you’d get on cheaper apps—thin fabric, poor stitching, and not matching the images properly.

The weird part is the pricing. You’re still paying premium prices, but the quality feels like it doesn’t justify it anymore.

I’m not saying everything is awful, but the consistency is definitely not what it used to be. Has anyone else experienced this situation? Or am I just getting unlucky with my orders?

Would like to know if others are facing the same issue or if there are better alternatives now.","price_change, delivery, purchase_intent, product_quality",,product_quality,,0.85,True
comment,MyntraSucks,t3_1sfr5jv,of4glcw,t1_of1274m,,1,,,True ,"Myntra quality has seriously gone downhill lately? Is it just me, or has the quality of clothes on Myntra dropped a lot recently?

I’ve been ordering from Myntra for years because it used to feel more reliable than other platforms. But lately, the clothes I’m receiving feel very similar to what you’d get on cheaper apps—thin fabric, poor stitching, and not matching the images properly.

The weird part is the pricing. You’re still paying premium prices, but the quality feels like it doesn’t justify it anymore.

I’m not saying everything is awful, but the consistency is definitely not what it used to be. Has anyone else experienced this situation? Or am I just getting unlucky with my orders?

Would like to know if others are facing the same issue or if there are better alternatives now.","price_change, delivery, purchase_intent, product_quality",,product_quality,,0.85,True
comment,MyntraSucks,t3_1sfr5jv,of2fnel,t3_1sfr5jv,,2,,,Any1 remembers Jabong? That was my myntra,"Myntra quality has seriously gone downhill lately? Is it just me, or has the quality of clothes on Myntra dropped a lot recently?

I’ve been ordering from Myntra for years because it used to feel more reliable than other platforms. But lately, the clothes I’m receiving feel very similar to what you’d get on cheaper apps—thin fabric, poor stitching, and not matching the images properly.

The weird part is the pricing. You’re still paying premium prices, but the quality feels like it doesn’t justify it anymore.

I’m not saying everything is awful, but the consistency is definitely not what it used to be. Has anyone else experienced this situation? Or am I just getting unlucky with my orders?

Would like to know if others are facing the same issue or if there are better alternatives now.","price_change, delivery, purchase_intent, product_quality",,product_quality,,0.85,True
comment,MyntraSucks,t3_1sfr5jv,of2p5g6,t1_of2fnel,,2,,,I got the cutest pair of sneakers from there. Unfortunately they got stolen in 2019 and jabong also disappeared by then ,"Myntra quality has seriously gone downhill lately? Is it just me, or has the quality of clothes on Myntra dropped a lot recently?

I’ve been ordering from Myntra for years because it used to feel more reliable than other platforms. But lately, the clothes I’m receiving feel very similar to what you’d get on cheaper apps—thin fabric, poor stitching, and not matching the images properly.

The weird part is the pricing. You’re still paying premium prices, but the quality feels like it doesn’t justify it anymore.

I’m not saying everything is awful, but the consistency is definitely not what it used to be. Has anyone else experienced this situation? Or am I just getting unlucky with my orders?

Would like to know if others are facing the same issue or if there are better alternatives now.","price_change, delivery, purchase_intent, product_quality",,product_quality,,0.85,True
comment,MyntraSucks,t3_1sfr5jv,of6n14g,t1_of2fnel,,1,,,Jabong is Myntra. It was merged with Myntra in 2016.,"Myntra quality has seriously gone downhill lately? Is it just me, or has the quality of clothes on Myntra dropped a lot recently?

I’ve been ordering from Myntra for years because it used to feel more reliable than other platforms. But lately, the clothes I’m receiving feel very similar to what you’d get on cheaper apps—thin fabric, poor stitching, and not matching the images properly.

The weird part is the pricing. You’re still paying premium prices, but the quality feels like it doesn’t justify it anymore.

I’m not saying everything is awful, but the consistency is definitely not what it used to be. Has anyone else experienced this situation? Or am I just getting unlucky with my orders?

Would like to know if others are facing the same issue or if there are better alternatives now.","price_change, delivery, purchase_intent, product_quality",,product_quality,,0.85,True
comment,MyntraSucks,t3_1sfr5jv,of3trx0,t3_1sfr5jv,,2,,,Ordered a kurta set worth 4.5k from myntra (Anouk) and received a sweaty stinky piece of same design from another brand just a night before the event.. Man I'm so disappointed. The worst part is I have 15k in myntra credit and I'm forced to use it. I'm gonna kill myself now,"Myntra quality has seriously gone downhill lately? Is it just me, or has the quality of clothes on Myntra dropped a lot recently?

I’ve been ordering from Myntra for years because it used to feel more reliable than other platforms. But lately, the clothes I’m receiving feel very similar to what you’d get on cheaper apps—thin fabric, poor stitching, and not matching the images properly.

The weird part is the pricing. You’re still paying premium prices, but the quality feels like it doesn’t justify it anymore.

I’m not saying everything is awful, but the consistency is definitely not what it used to be. Has anyone else experienced this situation? Or am I just getting unlucky with my orders?

Would like to know if others are facing the same issue or if there are better alternatives now.","price_change, delivery, purchase_intent, product_quality",,product_quality,,0.85,True
comment,MyntraSucks,t3_1sfr5jv,of4gh3w,t1_of3trx0,,1,,,"Same with that’s what I have to shop, but I have less amount.","Myntra quality has seriously gone downhill lately? Is it just me, or has the quality of clothes on Myntra dropped a lot recently?

I’ve been ordering from Myntra for years because it used to feel more reliable than other platforms. But lately, the clothes I’m receiving feel very similar to what you’d get on cheaper apps—thin fabric, poor stitching, and not matching the images properly.

The weird part is the pricing. You’re still paying premium prices, but the quality feels like it doesn’t justify it anymore.

I’m not saying everything is awful, but the consistency is definitely not what it used to be. Has anyone else experienced this situation? Or am I just getting unlucky with my orders?

Would like to know if others are facing the same issue or if there are better alternatives now.","price_change, delivery, purchase_intent, product_quality",,product_quality,,0.85,True
comment,MyntraSucks,t3_1sfr5jv,of7bm68,t3_1sfr5jv,,1,,,It was always a hit and miss,"Myntra quality has seriously gone downhill lately? Is it just me, or has the quality of clothes on Myntra dropped a lot recently?

I’ve been ordering from Myntra for years because it used to feel more reliable than other platforms. But lately, the clothes I’m receiving feel very similar to what you’d get on cheaper apps—thin fabric, poor stitching, and not matching the images properly.

The weird part is the pricing. You’re still paying premium prices, but the quality feels like it doesn’t justify it anymore.

I’m not saying everything is awful, but the consistency is definitely not what it used to be. Has anyone else experienced this situation? Or am I just getting unlucky with my orders?

Would like to know if others are facing the same issue or if there are better alternatives now.","price_change, delivery, purchase_intent, product_quality",,product_quality,,0.85,True
comment,MyntraSucks,t3_1sfr5jv,of8xrf9,t3_1sfr5jv,,1,,,Yess. Quality has really Downgraded over past few years,"Myntra quality has seriously gone downhill lately? Is it just me, or has the quality of clothes on Myntra dropped a lot recently?

I’ve been ordering from Myntra for years because it used to feel more reliable than other platforms. But lately, the clothes I’m receiving feel very similar to what you’d get on cheaper apps—thin fabric, poor stitching, and not matching the images properly.

The weird part is the pricing. You’re still paying premium prices, but the quality feels like it doesn’t justify it anymore.

I’m not saying everything is awful, but the consistency is definitely not what it used to be. Has anyone else experienced this situation? Or am I just getting unlucky with my orders?

Would like to know if others are facing the same issue or if there are better alternatives now.","price_change, delivery, purchase_intent, product_quality",,product_quality,,0.85,True
comment,MyntraSucks,t3_1sfr5jv,ofcchva,t3_1sfr5jv,,1,,,Absolutely! That is exactly the reason why I avoid myntra for clothes now and prefer offline shopping. ,"Myntra quality has seriously gone downhill lately? Is it just me, or has the quality of clothes on Myntra dropped a lot recently?

I’ve been ordering from Myntra for years because it used to feel more reliable than other platforms. But lately, the clothes I’m receiving feel very similar to what you’d get on cheaper apps—thin fabric, poor stitching, and not matching the images properly.

The weird part is the pricing. You’re still paying premium prices, but the quality feels like it doesn’t justify it anymore.

I’m not saying everything is awful, but the consistency is definitely not what it used to be. Has anyone else experienced this situation? Or am I just getting unlucky with my orders?

Would like to know if others are facing the same issue or if there are better alternatives now.","price_change, delivery, purchase_intent, product_quality",,product_quality,,0.85,True
comment,MyntraSucks,t3_1sfr5jv,ofi9b3w,t3_1sfr5jv,,1,,,"I don’t know man I’m still consistently ordering from myntra without issue, recently got good quality tommy hilfiger shoes and asics gel contend at good discounts.","Myntra quality has seriously gone downhill lately? Is it just me, or has the quality of clothes on Myntra dropped a lot recently?

I’ve been ordering from Myntra for years because it used to feel more reliable than other platforms. But lately, the clothes I’m receiving feel very similar to what you’d get on cheaper apps—thin fabric, poor stitching, and not matching the images properly.

The weird part is the pricing. You’re still paying premium prices, but the quality feels like it doesn’t justify it anymore.

I’m not saying everything is awful, but the consistency is definitely not what it used to be. Has anyone else experienced this situation? Or am I just getting unlucky with my orders?

Would like to know if others are facing the same issue or if there are better alternatives now.","price_change, sale_discount, delivery, purchase_intent, product_quality",,product_quality,,0.85,True
comment,MyntraSucks,t3_1sfr5jv,ofim5of,t1_ofi9b3w,,1,,,Check if it’s made in India or Vietnam for ASICS shoes. ,"Myntra quality has seriously gone downhill lately? Is it just me, or has the quality of clothes on Myntra dropped a lot recently?

I’ve been ordering from Myntra for years because it used to feel more reliable than other platforms. But lately, the clothes I’m receiving feel very similar to what you’d get on cheaper apps—thin fabric, poor stitching, and not matching the images properly.

The weird part is the pricing. You’re still paying premium prices, but the quality feels like it doesn’t justify it anymore.

I’m not saying everything is awful, but the consistency is definitely not what it used to be. Has anyone else experienced this situation? Or am I just getting unlucky with my orders?

Would like to know if others are facing the same issue or if there are better alternatives now.","price_change, delivery, purchase_intent, product_quality",,product_quality,,0.85,True
comment,MyntraSucks,t3_1sfr5jv,ofmoaey,t3_1sfr5jv,,1,,,True my last 2 orders from Myntra was bad. Received stinking products literally. I have uninstalled the app. ,"Myntra quality has seriously gone downhill lately? Is it just me, or has the quality of clothes on Myntra dropped a lot recently?

I’ve been ordering from Myntra for years because it used to feel more reliable than other platforms. But lately, the clothes I’m receiving feel very similar to what you’d get on cheaper apps—thin fabric, poor stitching, and not matching the images properly.

The weird part is the pricing. You’re still paying premium prices, but the quality feels like it doesn’t justify it anymore.

I’m not saying everything is awful, but the consistency is definitely not what it used to be. Has anyone else experienced this situation? Or am I just getting unlucky with my orders?

Would like to know if others are facing the same issue or if there are better alternatives now.","price_change, delivery, purchase_intent, product_quality",,product_quality,,0.85,True
comment,MyntraSucks,t3_1sfr5jv,ofr63bb,t3_1sfr5jv,,1,,,"I bought Tommy hilfigher tee, it was made in India, extremely flimsy, felt like 100 bucks wala cheap","Myntra quality has seriously gone downhill lately? Is it just me, or has the quality of clothes on Myntra dropped a lot recently?

I’ve been ordering from Myntra for years because it used to feel more reliable than other platforms. But lately, the clothes I’m receiving feel very similar to what you’d get on cheaper apps—thin fabric, poor stitching, and not matching the images properly.

The weird part is the pricing. You’re still paying premium prices, but the quality feels like it doesn’t justify it anymore.

I’m not saying everything is awful, but the consistency is definitely not what it used to be. Has anyone else experienced this situation? Or am I just getting unlucky with my orders?

Would like to know if others are facing the same issue or if there are better alternatives now.","price_change, delivery, purchase_intent, product_quality",,product_quality,,0.85,True
comment,MyntraSucks,t3_1sfr5jv,og3yoas,t3_1sfr5jv,,1,,,[removed],"Myntra quality has seriously gone downhill lately? Is it just me, or has the quality of clothes on Myntra dropped a lot recently?

I’ve been ordering from Myntra for years because it used to feel more reliable than other platforms. But lately, the clothes I’m receiving feel very similar to what you’d get on cheaper apps—thin fabric, poor stitching, and not matching the images properly.

The weird part is the pricing. You’re still paying premium prices, but the quality feels like it doesn’t justify it anymore.

I’m not saying everything is awful, but the consistency is definitely not what it used to be. Has anyone else experienced this situation? Or am I just getting unlucky with my orders?

Would like to know if others are facing the same issue or if there are better alternatives now.","price_change, delivery, purchase_intent, product_quality",,product_quality,,0.85,True
comment,MyntraSucks,t3_1sfr5jv,og3yyp1,t1_og3yoas,,1,,,True ,"Myntra quality has seriously gone downhill lately? Is it just me, or has the quality of clothes on Myntra dropped a lot recently?

I’ve been ordering from Myntra for years because it used to feel more reliable than other platforms. But lately, the clothes I’m receiving feel very similar to what you’d get on cheaper apps—thin fabric, poor stitching, and not matching the images properly.

The weird part is the pricing. You’re still paying premium prices, but the quality feels like it doesn’t justify it anymore.

I’m not saying everything is awful, but the consistency is definitely not what it used to be. Has anyone else experienced this situation? Or am I just getting unlucky with my orders?

Would like to know if others are facing the same issue or if there are better alternatives now.","price_change, delivery, purchase_intent, product_quality",,product_quality,,0.85,True
comment,MyntraSucks,t3_1sfr5jv,ohes014,t3_1sfr5jv,,1,,,True !! Facing this since past 3-4 months,"Myntra quality has seriously gone downhill lately? Is it just me, or has the quality of clothes on Myntra dropped a lot recently?

I’ve been ordering from Myntra for years because it used to feel more reliable than other platforms. But lately, the clothes I’m receiving feel very similar to what you’d get on cheaper apps—thin fabric, poor stitching, and not matching the images properly.

The weird part is the pricing. You’re still paying premium prices, but the quality feels like it doesn’t justify it anymore.

I’m not saying everything is awful, but the consistency is definitely not what it used to be. Has anyone else experienced this situation? Or am I just getting unlucky with my orders?

Would like to know if others are facing the same issue or if there are better alternatives now.","price_change, delivery, purchase_intent, product_quality",,product_quality,,0.85,True
comment,MyntraSucks,t3_1sfr5jv,olgkzq1,t3_1sfr5jv,,1,,,"I've been shopping on Myntra for over 10 years. It used to be really good with authentic brands, products matching the specs and the pictures. But recently they started to really suck. Sending wrong items, poor quality fabrics, stupid useless AI made videos, etc etc. Everything right from the apps interface to the entire shopping experience has degraded so badly. I don't understand how shopping from good brands like Anouk etc is also going bad. Are they misusing the brand names? Or the brands themselves have become bad?It is better to completely avoid Myntra. ","Myntra quality has seriously gone downhill lately? Is it just me, or has the quality of clothes on Myntra dropped a lot recently?

I’ve been ordering from Myntra for years because it used to feel more reliable than other platforms. But lately, the clothes I’m receiving feel very similar to what you’d get on cheaper apps—thin fabric, poor stitching, and not matching the images properly.

The weird part is the pricing. You’re still paying premium prices, but the quality feels like it doesn’t justify it anymore.

I’m not saying everything is awful, but the consistency is definitely not what it used to be. Has anyone else experienced this situation? Or am I just getting unlucky with my orders?

Would like to know if others are facing the same issue or if there are better alternatives now.","price_change, delivery, purchase_intent, product_quality",,product_quality,,0.95,True
comment,MyntraSucks,t3_1sfr5jv,owhso09,t3_1sfr5jv,,1,,,"Absolutely pathetic service from Myntra. This was my first order, and it will definitely be my last.  
I ordered Nike SB shoes on **3rd July** and paid in full because I needed them for my event. For the last **2 days**, I’ve been constantly chasing updates. I even offered to collect the package myself from the delivery hub, but that wasn’t allowed either.  
What’s even more frustrating is that every time I contact customer support, I seem to know more about my order than they do. No one has a clear answer, no one takes responsibility, and all they keep saying is, **“Please wait another 5 days for an update.”** An update? I already paid for the product. Why should customers suffer because of your logistics failures?  
I’ve been mentally drained dealing with this. Instead of being excited for my event, I’ve spent my time calling support and getting the same useless responses over and over again.  
Customers pay on time, but Myntra can’t deliver on time or provide basic customer support. This is not just a delay—it’s complete negligence and a terrible customer experience.  
**0/10 service. Never ordering from Myntra again.**","Myntra quality has seriously gone downhill lately? Is it just me, or has the quality of clothes on Myntra dropped a lot recently?

I’ve been ordering from Myntra for years because it used to feel more reliable than other platforms. But lately, the clothes I’m receiving feel very similar to what you’d get on cheaper apps—thin fabric, poor stitching, and not matching the images properly.

The weird part is the pricing. You’re still paying premium prices, but the quality feels like it doesn’t justify it anymore.

I’m not saying everything is awful, but the consistency is definitely not what it used to be. Has anyone else experienced this situation? Or am I just getting unlucky with my orders?

Would like to know if others are facing the same issue or if there are better alternatives now.","price_change, sale_discount, delivery, purchase_intent, product_quality, customer_service",,customer_service,product_quality,0.95,True
comment,MyntraSucks,t3_1sfr5jv,owizgqd,t1_owhso09,,1,,,"I feel not to order online only, it’s better to go out and buy.","Myntra quality has seriously gone downhill lately? Is it just me, or has the quality of clothes on Myntra dropped a lot recently?

I’ve been ordering from Myntra for years because it used to feel more reliable than other platforms. But lately, the clothes I’m receiving feel very similar to what you’d get on cheaper apps—thin fabric, poor stitching, and not matching the images properly.

The weird part is the pricing. You’re still paying premium prices, but the quality feels like it doesn’t justify it anymore.

I’m not saying everything is awful, but the consistency is definitely not what it used to be. Has anyone else experienced this situation? Or am I just getting unlucky with my orders?

Would like to know if others are facing the same issue or if there are better alternatives now.","price_change, delivery, purchase_intent, product_quality",,product_quality,,0.85,True
comment,MyntraSucks,t3_1sfr5jv,p0exjlj,t3_1sfr5jv,,1,,,"Especially for ethnic wear- it has "" scam""  written all-over. Multiple brands (at times more than 5) using the exact same stock image to advertise something as their product when it clearly is not, mislabeling product material (labeling polyester as chanderi silk), showing pictures of good quality clothes and delivering a ""dupe"" with somewhat similar design but horrendous quality, zero fineness, markedly different detailing, different color and material etc  Brands like Anouk, libas, sangria used to be reliable untill few years back. Not anymore. Seems Myntra is now only usefull to buy global brands like Mango, Levis etc. When there are better discounts than physical stores.  This is so sad. If is as if they think Indian consumer would just take the finger with smile.  If anyone stumbles upon an alternate for online shoppers, would appreciate passing it forward.","Myntra quality has seriously gone downhill lately? Is it just me, or has the quality of clothes on Myntra dropped a lot recently?

I’ve been ordering from Myntra for years because it used to feel more reliable than other platforms. But lately, the clothes I’m receiving feel very similar to what you’d get on cheaper apps—thin fabric, poor stitching, and not matching the images properly.

The weird part is the pricing. You’re still paying premium prices, but the quality feels like it doesn’t justify it anymore.

I’m not saying everything is awful, but the consistency is definitely not what it used to be. Has anyone else experienced this situation? Or am I just getting unlucky with my orders?

Would like to know if others are facing the same issue or if there are better alternatives now.","price_change, sale_discount, delivery, purchase_intent, product_quality",,product_quality,,0.85,True
comment,MyntraSucks,t3_1sfr5jv,p0nqjzt,t1_p0exjlj,,1,,,true ,"Myntra quality has seriously gone downhill lately? Is it just me, or has the quality of clothes on Myntra dropped a lot recently?

I’ve been ordering from Myntra for years because it used to feel more reliable than other platforms. But lately, the clothes I’m receiving feel very similar to what you’d get on cheaper apps—thin fabric, poor stitching, and not matching the images properly.

The weird part is the pricing. You’re still paying premium prices, but the quality feels like it doesn’t justify it anymore.

I’m not saying everything is awful, but the consistency is definitely not what it used to be. Has anyone else experienced this situation? Or am I just getting unlucky with my orders?

Would like to know if others are facing the same issue or if there are better alternatives now.","price_change, delivery, purchase_intent, product_quality",,product_quality,,0.85,True
comment,MyntraSucks,t3_1sfr5jv,p2a4cwt,t3_1sfr5jv,,1,,,"100%. The operational issues are on rise with Myntra. Every now and then a wrong delivery and it takes them ages to approve a return and another few decades to pick the product back up.

I also feel the style of clothes has degraded. My feed ends up showing only formal / office wear genres. Nothing fancy and cool, and don't even get me started on their dresses collection.","Myntra quality has seriously gone downhill lately? Is it just me, or has the quality of clothes on Myntra dropped a lot recently?

I’ve been ordering from Myntra for years because it used to feel more reliable than other platforms. But lately, the clothes I’m receiving feel very similar to what you’d get on cheaper apps—thin fabric, poor stitching, and not matching the images properly.

The weird part is the pricing. You’re still paying premium prices, but the quality feels like it doesn’t justify it anymore.

I’m not saying everything is awful, but the consistency is definitely not what it used to be. Has anyone else experienced this situation? Or am I just getting unlucky with my orders?

Would like to know if others are facing the same issue or if there are better alternatives now.","price_change, delivery, purchase_intent, product_quality, customer_service",,product_quality,,0.85,True
comment,MyntraSucks,t3_1sfr5jv,p2abcho,t1_p2a4cwt,,1,,,I just deleted the app 😂,"Myntra quality has seriously gone downhill lately? Is it just me, or has the quality of clothes on Myntra dropped a lot recently?

I’ve been ordering from Myntra for years because it used to feel more reliable than other platforms. But lately, the clothes I’m receiving feel very similar to what you’d get on cheaper apps—thin fabric, poor stitching, and not matching the images properly.

The weird part is the pricing. You’re still paying premium prices, but the quality feels like it doesn’t justify it anymore.

I’m not saying everything is awful, but the consistency is definitely not what it used to be. Has anyone else experienced this situation? Or am I just getting unlucky with my orders?

Would like to know if others are facing the same issue or if there are better alternatives now.","price_change, delivery, purchase_intent, product_quality",,product_quality,,0.85,True
post,,,t3_1sb7oi7,,2026-04-03T08:18:51.000Z,1,1.0,[IN] Are they high on something??,"I was scrolling on Myntra to find budget sneakers then I landed on this page when I clicked on it price was 1,004 and when I switched to my size it went to 1,741. What is this ?? Scam or what? ","[IN] Are they high on something?? I was scrolling on Myntra to find budget sneakers then I landed on this page when I clicked on it price was 1,004 and when I switched to my size it went to 1,741. What is this ?? Scam or what? ",product_quality,https://www.myntra.com/30059692?query=%7B%22sellerId%22%3A%2222596%22%2C%22skuId%22%3A%2296707434%22%7D,other,,0.50,True
comment,MyntraSucks,t3_1sb7oi7,oedljjz,t3_1sb7oi7,,3,,,"This is quite a common thing to do. When a size is almost sold out, they will reduce the price of THAT SIZE to clear stock. ","[IN] Are they high on something?? I was scrolling on Myntra to find budget sneakers then I landed on this page when I clicked on it price was 1,004 and when I switched to my size it went to 1,741. What is this ?? Scam or what? ","availability, product_quality",,other,,0.50,True
comment,MyntraSucks,t3_1sb7oi7,oe1mqhh,t3_1sb7oi7,,1,,,Yup it happened with me also ,"[IN] Are they high on something?? I was scrolling on Myntra to find budget sneakers then I landed on this page when I clicked on it price was 1,004 and when I switched to my size it went to 1,741. What is this ?? Scam or what? ",product_quality,,other,,0.50,True
comment,MyntraSucks,t3_1sb7oi7,oe25fwt,t1_oe1mqhh,,1,,,"Ecommerce is a scam , i was scrolling on Instagram and got a good offer on Flipkart when I went for payment it was showing 199 handling fees more than the product price itself ","[IN] Are they high on something?? I was scrolling on Myntra to find budget sneakers then I landed on this page when I clicked on it price was 1,004 and when I switched to my size it went to 1,741. What is this ?? Scam or what? ","sale_discount, product_quality",,other,,0.50,True
post,,,t3_1ry7cdq,,2026-03-19T17:49:00.000Z,4,4.0,Beware of Myntra birthday deal paid didn’t receive the product yetScammers,"I want to share my recent experience with Myntra so others don’t face the same frustration.

I ordered a Wildcraft  on 9 March, supposed to be delivered by 12 March. When I didn’t get it, I contacted customer care on 13 March. They told me the delay was due to a “delivery partner issue” and assured me the product had reached my location, promising resolution by 17 March.

Today is 19 March, and I still haven’t received my order. My money is with them, but I haven’t received my product. When I called customer care again, I was told to wait another 2–3 days.

**Here’s the kicker: on 13 March, I also ordered the exact same item via COD at a higher price (₹2080). This COD order arrived on 19 March as scheduled. So the prepaid, discounted “Birthday Deal” order is delayed while the higher-priced COD one is delivered** on time. This feels like selective fulfillment and misleading promotion.

I’ve spent over 4 hours on calls, and the case manager Jitendra was unprofessional, dismissive, and kept asking me to disconnect the call instead of helping.

I’m extremely disappointed and feel cheated. Now I am considering taking this to consumer court, while sharing my experience publicly.","Beware of Myntra birthday deal paid didn’t receive the product yetScammers I want to share my recent experience with Myntra so others don’t face the same frustration.

I ordered a Wildcraft  on 9 March, supposed to be delivered by 12 March. When I didn’t get it, I contacted customer care on 13 March. They told me the delay was due to a “delivery partner issue” and assured me the product had reached my location, promising resolution by 17 March.

Today is 19 March, and I still haven’t received my order. My money is with them, but I haven’t received my product. When I called customer care again, I was told to wait another 2–3 days.

**Here’s the kicker: on 13 March, I also ordered the exact same item via COD at a higher price (₹2080). This COD order arrived on 19 March as scheduled. So the prepaid, discounted “Birthday Deal” order is delayed while the higher-priced COD one is delivered** on time. This feels like selective fulfillment and misleading promotion.

I’ve spent over 4 hours on calls, and the case manager Jitendra was unprofessional, dismissive, and kept asking me to disconnect the call instead of helping.

I’m extremely disappointed and feel cheated. Now I am considering taking this to consumer court, while sharing my experience publicly.","price_change, sale_discount, delivery, purchase_intent, customer_service",https://www.reddit.com/r/MyntraSucks/comments/1ry7cdq/beware_of_myntra_birthday_deal_paid_didnt_receive/,customer_service,,0.95,True
post,,,t3_1rw1zon,,2026-03-17T09:43:22.000Z,8,8.0,"""not deliverable to your pincode"" issue",why does myntra randomly decide to not be able to ship to my pincode when literally a day ago it was fine and as soon as the price dropped they cant ship??? idk if this intentional but its very annoying.,"""not deliverable to your pincode"" issue why does myntra randomly decide to not be able to ship to my pincode when literally a day ago it was fine and as soon as the price dropped they cant ship??? idk if this intentional but its very annoying.","price_change, availability",https://www.reddit.com/r/MyntraSucks/comments/1rw1zon/not_deliverable_to_your_pincode_issue/,price_drop,,0.95,True
post,,,t3_1qm8ban,,2026-01-25T03:45:41.000Z,62,62.0,Is this for real? 363000?,Am I only one seeing this price range on myntra?? WOAH next waiting for Manish Malhotra coming up with new range and many more,Is this for real? 363000? Am I only one seeing this price range on myntra?? WOAH next waiting for Manish Malhotra coming up with new range and many more,,https://i.redd.it/8yrqn1063ffg1.png,other,,0.50,True
post,,,t3_1vir0q1,,2026-08-08T08:57:44.000Z,158,158.0,This much for a F**king platform fee ?,,This much for a F**king platform fee ? ,,https://i.redd.it/k0sjnicl84ih1.jpeg,other,,0.00,False
comment,MyntraSucks,t3_1rw1zon,oawkeh0,t3_1rw1zon,,2,,,"This happened to me a lot past few months 
If I ordered two products one will be delivered the the other will be cancelled saying that same excuse ","""not deliverable to your pincode"" issue why does myntra randomly decide to not be able to ship to my pincode when literally a day ago it was fine and as soon as the price dropped they cant ship??? idk if this intentional but its very annoying.","price_change, availability, delivery, purchase_intent, customer_service",,price_drop,cancellation_refund,0.95,True
comment,MyntraSucks,t3_1rw1zon,oax7lhr,t3_1rw1zon,,1,,,Same Happened with Me 😐,"""not deliverable to your pincode"" issue why does myntra randomly decide to not be able to ship to my pincode when literally a day ago it was fine and as soon as the price dropped they cant ship??? idk if this intentional but its very annoying.","price_change, availability",,price_drop,,0.95,True
comment,MyntraSucks,t3_1rw1zon,oazhydc,t3_1rw1zon,,1,,,Usually it's the change in sellers. But there may be something going on in the background.,"""not deliverable to your pincode"" issue why does myntra randomly decide to not be able to ship to my pincode when literally a day ago it was fine and as soon as the price dropped they cant ship??? idk if this intentional but its very annoying.","price_change, availability",,price_drop,,0.95,True
comment,MyntraSucks,t3_1rw1zon,ob6nt3a,t3_1rw1zon,,1,,,I guess it's mostly because the product is out of stock ,"""not deliverable to your pincode"" issue why does myntra randomly decide to not be able to ship to my pincode when literally a day ago it was fine and as soon as the price dropped they cant ship??? idk if this intentional but its very annoying.","price_change, availability",,price_drop,restock_availability,0.95,True
comment,MyntraSucks,t3_1qm8ban,o1qo9w3,t3_1qm8ban,,8,,,"My ROOH Will probably leave my body.  
Is the embroidery made with gold threads or what?",Is this for real? 363000? Am I only one seeing this price range on myntra?? WOAH next waiting for Manish Malhotra coming up with new range and many more,,,other,,0.50,True
comment,MyntraSucks,t3_1qm8ban,o1siufc,t3_1qm8ban,,2,,,us didi,Is this for real? 363000? Am I only one seeing this price range on myntra?? WOAH next waiting for Manish Malhotra coming up with new range and many more,,,other,,0.50,True
comment,MyntraSucks,t3_1qm8ban,o1tae9h,t3_1qm8ban,,2,,,"Kapde ka 5k 
Baki ka paise rooh ka",Is this for real? 363000? Am I only one seeing this price range on myntra?? WOAH next waiting for Manish Malhotra coming up with new range and many more,,,other,,0.50,True
comment,MyntraSucks,t3_1qm8ban,o1xvnvn,t3_1qm8ban,,2,,,Will I get the model too?,Is this for real? 363000? Am I only one seeing this price range on myntra?? WOAH next waiting for Manish Malhotra coming up with new range and many more,,,other,,0.50,True
comment,MyntraSucks,t3_1qm8ban,o1sl6mg,t3_1qm8ban,,1,,,Kohinoor jada hai kya isme?,Is this for real? 363000? Am I only one seeing this price range on myntra?? WOAH next waiting for Manish Malhotra coming up with new range and many more,,,other,,0.50,True
comment,MyntraSucks,t3_1qm8ban,o1t5au9,t3_1qm8ban,,1,,,wowww what a deal 😜😜,Is this for real? 363000? Am I only one seeing this price range on myntra?? WOAH next waiting for Manish Malhotra coming up with new range and many more,sale_discount,,other,,0.50,True
comment,MyntraSucks,t3_1qm8ban,o1yn7cl,t3_1qm8ban,,1,,,"I have the same thoughts when I look at a few brands selling ethnic kutra/ suit sets for exorbitant prices. Like, there is no way in the world how you could justify those prices.",Is this for real? 363000? Am I only one seeing this price range on myntra?? WOAH next waiting for Manish Malhotra coming up with new range and many more,,,other,,0.50,True
comment,MyntraSucks,t3_1qm8ban,o25cp7g,t3_1qm8ban,,1,,,Relax guys. Decimal point ki jagah comma dal diya hai,Is this for real? 363000? Am I only one seeing this price range on myntra?? WOAH next waiting for Manish Malhotra coming up with new range and many more,,,other,,0.50,True
comment,MyntraSucks,t3_1qm8ban,o26xfhg,t3_1qm8ban,,1,,,It seems like a smart way to make black money white…. hawala scheme via myntra,Is this for real? 363000? Am I only one seeing this price range on myntra?? WOAH next waiting for Manish Malhotra coming up with new range and many more,,,other,,0.50,True
comment,MyntraSucks,t3_1qm8ban,o289lhg,t3_1qm8ban,,1,,,Why ?? Is it embroidered in gold and studded with real gemstones? What’s so special here 😩,Is this for real? 363000? Am I only one seeing this price range on myntra?? WOAH next waiting for Manish Malhotra coming up with new range and many more,,,other,,0.50,True
comment,MyntraSucks,t3_1qm8ban,o28mz4x,t3_1qm8ban,,1,,,Thank God for the bank offer else I wouldn't have been able to afford it,Is this for real? 363000? Am I only one seeing this price range on myntra?? WOAH next waiting for Manish Malhotra coming up with new range and many more,sale_discount,,coupon,,0.95,True
comment,MyntraSucks,t3_1qm8ban,o2ab74b,t3_1qm8ban,,1,,,Actually I read about it somewhere that it’s a trick for when a product is out of stock. They strike up the price instead of showing it’s oos. There was a logical reason behind it too which I cannot exactly remember🥲,Is this for real? 363000? Am I only one seeing this price range on myntra?? WOAH next waiting for Manish Malhotra coming up with new range and many more,availability,,restock_availability,,0.95,True
comment,MyntraSucks,t3_1qm8ban,o2c0a6o,t3_1qm8ban,,1,,,Does this come with  riyal rooh or,Is this for real? 363000? Am I only one seeing this price range on myntra?? WOAH next waiting for Manish Malhotra coming up with new range and many more,,,other,,0.50,True
comment,MyntraSucks,t3_1qm8ban,o2falai,t3_1qm8ban,,1,,,You can buy legit luxury designer stuff off the runway for this price. Who in their right mind would spend on this? It’s not even cute.,Is this for real? 363000? Am I only one seeing this price range on myntra?? WOAH next waiting for Manish Malhotra coming up with new range and many more,purchase_intent,,other,,0.50,True
comment,MyntraSucks,t3_1qm8ban,o2jgjee,t3_1qm8ban,,1,,,Mai 200 me bhi na lu 🥀😔,Is this for real? 363000? Am I only one seeing this price range on myntra?? WOAH next waiting for Manish Malhotra coming up with new range and many more,,,other,,0.50,True
post,,,t3_1p31s53,,2025-11-21T15:36:57.000Z,11,11.0,The M in Myntra stands for M*****F****R 😒 Myntra canceled my freebie for no apparent reason & didn't provide any resolution 😤,"Jerks canceled my freebie & the main products are delivered & the customer care help is joke on another level, pls don't place orders from myntra if u are tempted by the freebie & only placing the order for that free product bc most probably they won't send it 😏

I ordered L'Oréal hair serum
only for the freebie from myntra otherwise I would've gotten it from nykaa or Amazon bcos they go down around the same price so no difference in the price but they lured me with the freebie & now I regret it 😬🙄","The M in Myntra stands for M*****F****R 😒 Myntra canceled my freebie for no apparent reason & didn't provide any resolution 😤 Jerks canceled my freebie & the main products are delivered & the customer care help is joke on another level, pls don't place orders from myntra if u are tempted by the freebie & only placing the order for that free product bc most probably they won't send it 😏

I ordered L'Oréal hair serum
only for the freebie from myntra otherwise I would've gotten it from nykaa or Amazon bcos they go down around the same price so no difference in the price but they lured me with the freebie & now I regret it 😬🙄","delivery, purchase_intent, customer_service",https://www.reddit.com/gallery/1p31s53,customer_service,,0.95,True
comment,MyntraSucks,t3_1vir0q1,p2fg0ts,t3_1vir0q1,,14,,,This much platform fee but still trash customer service. 😮‍💨😮‍💨,This much for a F**king platform fee ? ,customer_service,,other,,0.00,False
comment,MyntraSucks,t3_1vir0q1,p2fg87t,t1_p2fg0ts,,3,,,Literally ,This much for a F**king platform fee ? ,,,other,,0.00,False
comment,MyntraSucks,t3_1vir0q1,p2fp2eq,t3_1vir0q1,,3,,,Let's boycott online shopping and consumerism 🚩🚩,This much for a F**king platform fee ? ,,,other,,0.00,False
comment,MyntraSucks,t3_1vir0q1,p2u0vki,t1_p2fp2eq,,1,,,then how am i supposed to get what i want in a tier 2 city,This much for a F**king platform fee ? ,,,other,,0.00,False
comment,MyntraSucks,t3_1vir0q1,p314wz0,t1_p2fp2eq,,1,,,"If we really gave it a thought then it's the best things we could do for ourselves, boycotting amazon, zomato and online shopping websites and apps really benefits retail business and people stop paying only 1 person money and making him rich like dipinder goyal or Jeff Bezoz. Life was going well before these apps and websites came. They stole our business, they make us lazy at the cost of global warming and filling their pockets.",This much for a F**king platform fee ? ,product_quality,,other,,0.00,False
comment,MyntraSucks,t3_1vir0q1,p2fli7i,t3_1vir0q1,,2,,,"It's been long they are charging this , and recently I saw they increased the price to ₹29 also ajio charge ₹23+ ₹49 on order below 1k , myntra still doesn't charge delivery charge for now",This much for a F**king platform fee ? ,"delivery, purchase_intent",,coupon,,0.95,True
comment,MyntraSucks,t3_1vir0q1,p2flnqr,t1_p2fli7i,,1,,,Ohh i didn't knew this. Hasn't ordered a single thing from myntra for the past 1.5 years,This much for a F**king platform fee ? ,purchase_intent,,coupon,,0.95,True
comment,MyntraSucks,t3_1vir0q1,p2z64a2,t1_p2fli7i,,1,,,True ajio also charge delivery fee around 99,This much for a F**king platform fee ? ,delivery,,other,,0.00,False
comment,MyntraSucks,t3_1vir0q1,p2gcx24,t3_1vir0q1,,2,,,Can't even use myncash now unless its above a certain amount. Its getting so shit,This much for a F**king platform fee ? ,coupon_rewards,,other,,0.00,False
comment,MyntraSucks,t3_1vir0q1,p2ntrh2,t1_p2gcx24,,1,,,Ya this happened recently 😞 now it has to be ₹200 above to use my cash ,This much for a F**king platform fee ? ,,,other,,0.00,False
comment,MyntraSucks,t3_1vir0q1,p2rkane,t1_p2ntrh2,,1,,,Ehh really ? I have around 60 rupees In MyCash ,This much for a F**king platform fee ? ,,,other,,0.00,False
comment,MyntraSucks,t3_1vir0q1,p2rvffj,t1_p2rkane,,1,,,Yaa! That's Myntra's new update ,This much for a F**king platform fee ? ,,,coupon,,0.95,True
comment,MyntraSucks,t3_1vir0q1,p2tabxd,t1_p2rvffj,,1,,,"Can't use my cash? 
I can clearly use my myncash and even ordered just now using myncash and credit card ",This much for a F**king platform fee ? ,"coupon_rewards, purchase_intent",,other,,0.00,False
comment,MyntraSucks,t3_1vir0q1,p2wpxoq,t1_p2tabxd,,1,,,Don't updated that app unless it crashes,This much for a F**king platform fee ? ,,,other,,0.00,False
comment,MyntraSucks,t3_1vir0q1,p2gtkc6,t3_1vir0q1,,2,,,"Yes
But on a positive side my myntra orders have reduced significantly because of this. Earlier i would just see a 200-300 rs top and just do an impulse purchase especially late night. Now i wait for atleast 2-3 products to place a combined order. In this wait period i either change my mind or forget i wanted it. So thank you myntra I guess. ",This much for a F**king platform fee ? ,"delivery, purchase_intent",,coupon,,0.95,True
comment,MyntraSucks,t3_1vir0q1,p2j4n5i,t1_p2gtkc6,,1,,,Us bro,This much for a F**king platform fee ? ,,,other,,0.00,False
comment,MyntraSucks,t3_1vir0q1,p2ljg18,t1_p2gtkc6,,1,,,Same here. Used to order much more from Myntra when there was no platform fee. Now if I want to buy a lip liner for say 60/- paying 23/- extra seems too much and i just don't buy it,This much for a F**king platform fee ? ,purchase_intent,,purchase_intent,coupon,0.95,True
comment,MyntraSucks,t3_1vir0q1,p2lvgub,t1_p2gtkc6,,1,,,That’s why.. ,This much for a F**king platform fee ? ,,,other,,0.00,False
comment,MyntraSucks,t3_1vir0q1,p2z6eo7,t1_p2gtkc6,,1,,,Exactly! Before it was too frequent now i collect 2-3 stuffs atleast before ordering ,This much for a F**king platform fee ? ,purchase_intent,,other,,0.00,False
comment,MyntraSucks,t3_1vir0q1,p2ikggp,t3_1vir0q1,,2,,,Ajio sometimes charge 99 🙂,This much for a F**king platform fee ? ,,,other,,0.00,False
comment,MyntraSucks,t3_1vir0q1,p2fvjgl,t3_1vir0q1,,1,,,Wait until you find out 50rs return fee,This much for a F**king platform fee ? ,customer_service,,other,,0.00,False
comment,MyntraSucks,t3_1vir0q1,p2fx3t0,t1_p2fvjgl,,1,,,"The F ? 😭😭
",This much for a F**king platform fee ? ,,,other,,0.00,False
comment,MyntraSucks,t3_1vir0q1,p2h5crc,t1_p2fx3t0,,1,,,"No  
I don’t think that’s correct",This much for a F**king platform fee ? ,,,other,,0.00,False
comment,MyntraSucks,t3_1vir0q1,p2jxavj,t1_p2h5crc,,1,,,Yes it is if you are a frequent returner ,This much for a F**king platform fee ? ,customer_service,,other,,0.00,False
comment,MyntraSucks,t3_1vir0q1,p2p3ivf,t1_p2jxavj,,1,,,Yes they started applying this fee for me. I haven’t shopped from them in over a year. ,This much for a F**king platform fee ? ,,,other,,0.00,False
comment,MyntraSucks,t3_1vir0q1,p2p3zlm,t1_p2p3ivf,,1,,,"Till today I never faced this return fee issue, hopefully they don't apply for me in future even if I return a single item ",This much for a F**king platform fee ? ,customer_service,,other,,0.00,False
comment,MyntraSucks,t3_1vir0q1,p2xds87,t1_p2p3zlm,,1,,,"It's based on total returns data 
If your total return amount value>=70% of your order value you are marked as fraudulent that's why return fee is charged 

You can change by ordering and keeping some items (refreshes daily) 
",This much for a F**king platform fee ? ,"purchase_intent, customer_service",,other,,0.00,False
comment,MyntraSucks,t3_1vir0q1,p2gzibz,t3_1vir0q1,,1,,,"I buy when everyone else is pricey, as they have coupon code option for discount along with card ones, so it's just 2-3 orders in last 1 yr.",This much for a F**king platform fee ? ,"sale_discount, coupon_rewards, purchase_intent",,other,,0.00,False
comment,MyntraSucks,t3_1vir0q1,p2hyzcn,t3_1vir0q1,,1,,,"I stopped purchasing from Myntra. It was my fav app and had such good deals nowadays they just overprice every thing, even the basic tops are above 500 earlier casual tees etc were available for 200 or so.",This much for a F**king platform fee ? ,"sale_discount, availability",,coupon,,0.95,True
comment,MyntraSucks,t3_1vir0q1,p2lt65d,t1_p2hyzcn,,1,,,Try glitchez ,This much for a F**king platform fee ? ,,,other,,0.00,False
post,,,t3_1pb6j79,,2025-12-01T07:26:06.000Z,58,58.0,Mega Price Drop 🤡 Waah Myntra Waah 🥲,1% off bhi kyu hi de rahe ho woh bhi khud rakh lo myntra 🙄🙃,Mega Price Drop 🤡 Waah Myntra Waah 🥲 1% off bhi kyu hi de rahe ho woh bhi khud rakh lo myntra 🙄🙃,price_change,https://i.redd.it/fzcxiwucoj4g1.jpeg,price_drop,,0.95,True
post,,,t3_1raracl,,2026-02-21T13:36:22.000Z,5,5.0,Scam,"I ordered a pack of pimple patches and recieved wrong quantity wrong brand wrong design and therefore filed a return request since it showed non refundable and only exchange.. I called customer care and asked for resolution and they said they'll give me refund if I provide images of the wrong product i recieved, I emailed them the pictures due to technical issues with the application and no response.. called the next day, said upload on app and you'll get a solution within 24 hours.. no response and that I should make a exchange. 
Called the customer care, and I was talked down to.. the lady acted as if she was disgusted and as if it wasn't her job to literally assist people.. called again and was on call for 25minites only be told they can't do shit about it because it's in the non refundable category??? Gave me false hope for 2 days straight with the "" don't worry ma'am you will get your refund, pls provide images and wait"" 
Wasted my time and energy, genuinely hate myntra so much, the customer care assistants are absolute hypocrites. They basically scammed me with a product not even 1/4th the price and value. CAN WE DO SMTG ABOUT THIS?? it's obvious that the brand is awful and using our trust to their malpractices. 
I posted a review and they removed it once saying it's against guidelines but is it really against guidance if I'm just exposing their reality??? ","Scam I ordered a pack of pimple patches and recieved wrong quantity wrong brand wrong design and therefore filed a return request since it showed non refundable and only exchange.. I called customer care and asked for resolution and they said they'll give me refund if I provide images of the wrong product i recieved, I emailed them the pictures due to technical issues with the application and no response.. called the next day, said upload on app and you'll get a solution within 24 hours.. no response and that I should make a exchange. 
Called the customer care, and I was talked down to.. the lady acted as if she was disgusted and as if it wasn't her job to literally assist people.. called again and was on call for 25minites only be told they can't do shit about it because it's in the non refundable category??? Gave me false hope for 2 days straight with the "" don't worry ma'am you will get your refund, pls provide images and wait"" 
Wasted my time and energy, genuinely hate myntra so much, the customer care assistants are absolute hypocrites. They basically scammed me with a product not even 1/4th the price and value. CAN WE DO SMTG ABOUT THIS?? it's obvious that the brand is awful and using our trust to their malpractices. 
I posted a review and they removed it once saying it's against guidelines but is it really against guidance if I'm just exposing their reality??? ","purchase_intent, customer_service",https://i.redd.it/aapj3uw5pukg1.jpeg,customer_service,cancellation_refund,0.95,True
comment,MyntraSucks,t3_1p31s53,nq249qb,t3_1p31s53,,2,,,OP try to ask for compensation. Maybe you'll get a coupon.,"The M in Myntra stands for M*****F****R 😒 Myntra canceled my freebie for no apparent reason & didn't provide any resolution 😤 Jerks canceled my freebie & the main products are delivered & the customer care help is joke on another level, pls don't place orders from myntra if u are tempted by the freebie & only placing the order for that free product bc most probably they won't send it 😏

I ordered L'Oréal hair serum
only for the freebie from myntra otherwise I would've gotten it from nykaa or Amazon bcos they go down around the same price so no difference in the price but they lured me with the freebie & now I regret it 😬🙄","coupon_rewards, delivery, purchase_intent, customer_service",,customer_service,,0.95,True
comment,MyntraSucks,t3_1p31s53,nq2p6wo,t1_nq249qb,,1,,,I tried doing it but they gave me baba ji ka thulllu 🙃,"The M in Myntra stands for M*****F****R 😒 Myntra canceled my freebie for no apparent reason & didn't provide any resolution 😤 Jerks canceled my freebie & the main products are delivered & the customer care help is joke on another level, pls don't place orders from myntra if u are tempted by the freebie & only placing the order for that free product bc most probably they won't send it 😏

I ordered L'Oréal hair serum
only for the freebie from myntra otherwise I would've gotten it from nykaa or Amazon bcos they go down around the same price so no difference in the price but they lured me with the freebie & now I regret it 😬🙄","delivery, purchase_intent, customer_service",,customer_service,,0.95,True
comment,MyntraSucks,t3_1p31s53,nq4p6g3,t3_1p31s53,,1,,,This is so myntra strategy for make more extra money another then increasing platform fee.,"The M in Myntra stands for M*****F****R 😒 Myntra canceled my freebie for no apparent reason & didn't provide any resolution 😤 Jerks canceled my freebie & the main products are delivered & the customer care help is joke on another level, pls don't place orders from myntra if u are tempted by the freebie & only placing the order for that free product bc most probably they won't send it 😏

I ordered L'Oréal hair serum
only for the freebie from myntra otherwise I would've gotten it from nykaa or Amazon bcos they go down around the same price so no difference in the price but they lured me with the freebie & now I regret it 😬🙄","delivery, purchase_intent, customer_service",,customer_service,coupon,0.95,True
comment,MyntraSucks,t3_1p31s53,nq2fp8w,t3_1p31s53,,-1,,,Still far better than nykaa🫢,"The M in Myntra stands for M*****F****R 😒 Myntra canceled my freebie for no apparent reason & didn't provide any resolution 😤 Jerks canceled my freebie & the main products are delivered & the customer care help is joke on another level, pls don't place orders from myntra if u are tempted by the freebie & only placing the order for that free product bc most probably they won't send it 😏

I ordered L'Oréal hair serum
only for the freebie from myntra otherwise I would've gotten it from nykaa or Amazon bcos they go down around the same price so no difference in the price but they lured me with the freebie & now I regret it 😬🙄","delivery, purchase_intent, customer_service",,customer_service,,0.95,True
comment,MyntraSucks,t3_1p31s53,nq2oyod,t1_nq2fp8w,,2,,,Both are trash 🥲,"The M in Myntra stands for M*****F****R 😒 Myntra canceled my freebie for no apparent reason & didn't provide any resolution 😤 Jerks canceled my freebie & the main products are delivered & the customer care help is joke on another level, pls don't place orders from myntra if u are tempted by the freebie & only placing the order for that free product bc most probably they won't send it 😏

I ordered L'Oréal hair serum
only for the freebie from myntra otherwise I would've gotten it from nykaa or Amazon bcos they go down around the same price so no difference in the price but they lured me with the freebie & now I regret it 😬🙄","delivery, purchase_intent, customer_service",,customer_service,,0.95,True
post,,,t3_1quzgvf,,2026-02-03T18:11:45.000Z,45,45.0,I just Got scammed!,"So, I orderd few products from Myntra including this minimalist serum. It was recieved with my hair serum in the same box. 
This was the condition of packaging recieved. So, I raised complaint in the app as there was 5 day exchange policy mentioned on the product. 
My issue was declined one time. I called the customer service they raised my complaint again. I uploades these pictures too and they think that it was shipped in fine condition! Fine?? This looks fine. I thought maybe I should open the back and guess what the serum bottle was empty. Not a single drop of serum was present. I trusted this app. But this is absolutely pathetic. Anyways, they denied the issue again. I called them again they told me they're unable to do anything as it is in right condition. I didn't knew I was paying fugging 400 bucks for an empty bottle.  I had to call them again and again they told me that I will get a call from some senior which I never received. 
I'm so angry at them. Not ordering them from now. If this is how they treat their customers. 
Fugging hell! Bastards!!","I just Got scammed! So, I orderd few products from Myntra including this minimalist serum. It was recieved with my hair serum in the same box. 
This was the condition of packaging recieved. So, I raised complaint in the app as there was 5 day exchange policy mentioned on the product. 
My issue was declined one time. I called the customer service they raised my complaint again. I uploades these pictures too and they think that it was shipped in fine condition! Fine?? This looks fine. I thought maybe I should open the back and guess what the serum bottle was empty. Not a single drop of serum was present. I trusted this app. But this is absolutely pathetic. Anyways, they denied the issue again. I called them again they told me they're unable to do anything as it is in right condition. I didn't knew I was paying fugging 400 bucks for an empty bottle.  I had to call them again and again they told me that I will get a call from some senior which I never received. 
I'm so angry at them. Not ordering them from now. If this is how they treat their customers. 
Fugging hell! Bastards!!","purchase_intent, customer_service",https://www.reddit.com/gallery/1quzgvf,customer_service,,0.95,True
comment,MyntraSucks,t3_1raracl,o78mh7h,t3_1raracl,,1,,,File a compliment in NCH. Open their site and rest you'll know.,"Scam I ordered a pack of pimple patches and recieved wrong quantity wrong brand wrong design and therefore filed a return request since it showed non refundable and only exchange.. I called customer care and asked for resolution and they said they'll give me refund if I provide images of the wrong product i recieved, I emailed them the pictures due to technical issues with the application and no response.. called the next day, said upload on app and you'll get a solution within 24 hours.. no response and that I should make a exchange. 
Called the customer care, and I was talked down to.. the lady acted as if she was disgusted and as if it wasn't her job to literally assist people.. called again and was on call for 25minites only be told they can't do shit about it because it's in the non refundable category??? Gave me false hope for 2 days straight with the "" don't worry ma'am you will get your refund, pls provide images and wait"" 
Wasted my time and energy, genuinely hate myntra so much, the customer care assistants are absolute hypocrites. They basically scammed me with a product not even 1/4th the price and value. CAN WE DO SMTG ABOUT THIS?? it's obvious that the brand is awful and using our trust to their malpractices. 
I posted a review and they removed it once saying it's against guidelines but is it really against guidance if I'm just exposing their reality??? ","purchase_intent, customer_service",,customer_service,cancellation_refund,0.95,True
comment,MyntraSucks,t3_1raracl,o7phpfk,t1_o78mh7h,,1,,,Okk TYSM,"Scam I ordered a pack of pimple patches and recieved wrong quantity wrong brand wrong design and therefore filed a return request since it showed non refundable and only exchange.. I called customer care and asked for resolution and they said they'll give me refund if I provide images of the wrong product i recieved, I emailed them the pictures due to technical issues with the application and no response.. called the next day, said upload on app and you'll get a solution within 24 hours.. no response and that I should make a exchange. 
Called the customer care, and I was talked down to.. the lady acted as if she was disgusted and as if it wasn't her job to literally assist people.. called again and was on call for 25minites only be told they can't do shit about it because it's in the non refundable category??? Gave me false hope for 2 days straight with the "" don't worry ma'am you will get your refund, pls provide images and wait"" 
Wasted my time and energy, genuinely hate myntra so much, the customer care assistants are absolute hypocrites. They basically scammed me with a product not even 1/4th the price and value. CAN WE DO SMTG ABOUT THIS?? it's obvious that the brand is awful and using our trust to their malpractices. 
I posted a review and they removed it once saying it's against guidelines but is it really against guidance if I'm just exposing their reality??? ","purchase_intent, customer_service",,customer_service,cancellation_refund,0.95,True
comment,MyntraSucks,t3_1pb6j79,nrocg1w,t3_1pb6j79,,6,,,"Me to myntra:

https://preview.redd.it/7k8h68l8pj4g1.jpeg?width=681&format=pjpg&auto=webp&s=2f8df3742099a7ddfb0fb0d8414318590ffcb0cf",Mega Price Drop 🤡 Waah Myntra Waah 🥲 1% off bhi kyu hi de rahe ho woh bhi khud rakh lo myntra 🙄🙃,price_change,,price_drop,,0.95,True
comment,MyntraSucks,t3_1pb6j79,nrowccv,t1_nrocg1w,,3,,,Use a baseball bat instead of slipper 🤭,Mega Price Drop 🤡 Waah Myntra Waah 🥲 1% off bhi kyu hi de rahe ho woh bhi khud rakh lo myntra 🙄🙃,price_change,,price_drop,,0.95,True
comment,MyntraSucks,t3_1pb6j79,nroip8b,t3_1pb6j79,,3,,,On top of that they will charge 23 rupees,Mega Price Drop 🤡 Waah Myntra Waah 🥲 1% off bhi kyu hi de rahe ho woh bhi khud rakh lo myntra 🙄🙃,price_change,,price_drop,,0.95,True
comment,MyntraSucks,t3_1pb6j79,nroqf4f,t1_nroip8b,,2,,,Ikr myntra is a jerk,Mega Price Drop 🤡 Waah Myntra Waah 🥲 1% off bhi kyu hi de rahe ho woh bhi khud rakh lo myntra 🙄🙃,price_change,,price_drop,,0.95,True
comment,MyntraSucks,t3_1pb6j79,nsfhbbl,t3_1pb6j79,,3,,,"I'll show you even better.

https://preview.redd.it/ekre3fwice5g1.png?width=1080&format=png&auto=webp&s=658131fb3656c533d764190aeb3411e681ae2ca8",Mega Price Drop 🤡 Waah Myntra Waah 🥲 1% off bhi kyu hi de rahe ho woh bhi khud rakh lo myntra 🙄🙃,price_change,,price_drop,,0.95,True
comment,MyntraSucks,t3_1pb6j79,nsfki8g,t1_nsfhbbl,,1,,,Omg 💀😭🤡 is this myntra ?,Mega Price Drop 🤡 Waah Myntra Waah 🥲 1% off bhi kyu hi de rahe ho woh bhi khud rakh lo myntra 🙄🙃,price_change,,price_drop,,0.95,True
comment,MyntraSucks,t3_1pb6j79,nrqnvaw,t3_1pb6j79,,1,,,![gif](giphy|kC8N6DPOkbqWTxkNTe),Mega Price Drop 🤡 Waah Myntra Waah 🥲 1% off bhi kyu hi de rahe ho woh bhi khud rakh lo myntra 🙄🙃,price_change,,price_drop,,0.95,True
comment,MyntraSucks,t3_1pb6j79,nrqwewz,t1_nrqnvaw,,1,,,"![gif](giphy|Zsc4dATQgcBmU)

🙃💀🥲",Mega Price Drop 🤡 Waah Myntra Waah 🥲 1% off bhi kyu hi de rahe ho woh bhi khud rakh lo myntra 🙄🙃,price_change,,price_drop,,0.95,True
comment,MyntraSucks,t3_1quzgvf,o3kew7x,t3_1quzgvf,,6,,,"please guys learn the definition of scam, people keep using the word for anything, this is clearly a case of damaged packaging, the product wasn't sealed properly & it leaked","I just Got scammed! So, I orderd few products from Myntra including this minimalist serum. It was recieved with my hair serum in the same box. 
This was the condition of packaging recieved. So, I raised complaint in the app as there was 5 day exchange policy mentioned on the product. 
My issue was declined one time. I called the customer service they raised my complaint again. I uploades these pictures too and they think that it was shipped in fine condition! Fine?? This looks fine. I thought maybe I should open the back and guess what the serum bottle was empty. Not a single drop of serum was present. I trusted this app. But this is absolutely pathetic. Anyways, they denied the issue again. I called them again they told me they're unable to do anything as it is in right condition. I didn't knew I was paying fugging 400 bucks for an empty bottle.  I had to call them again and again they told me that I will get a call from some senior which I never received. 
I'm so angry at them. Not ordering them from now. If this is how they treat their customers. 
Fugging hell! Bastards!!","purchase_intent, customer_service",,customer_service,,0.95,True
comment,MyntraSucks,t3_1quzgvf,o3vfv33,t1_o3kew7x,,0,,,"Even if its a case of damaged packaging, if they don't respond at all or respond saying that the product is still fine even when the packaging looks like this and the bottle had no drop left in it, what are you going to call it? An accident? Something that's normal?","I just Got scammed! So, I orderd few products from Myntra including this minimalist serum. It was recieved with my hair serum in the same box. 
This was the condition of packaging recieved. So, I raised complaint in the app as there was 5 day exchange policy mentioned on the product. 
My issue was declined one time. I called the customer service they raised my complaint again. I uploades these pictures too and they think that it was shipped in fine condition! Fine?? This looks fine. I thought maybe I should open the back and guess what the serum bottle was empty. Not a single drop of serum was present. I trusted this app. But this is absolutely pathetic. Anyways, they denied the issue again. I called them again they told me they're unable to do anything as it is in right condition. I didn't knew I was paying fugging 400 bucks for an empty bottle.  I had to call them again and again they told me that I will get a call from some senior which I never received. 
I'm so angry at them. Not ordering them from now. If this is how they treat their customers. 
Fugging hell! Bastards!!","purchase_intent, customer_service",,customer_service,,0.95,True
comment,MyntraSucks,t3_1quzgvf,o3uitde,t3_1quzgvf,,2,,,I also got a watered down victoria secret tease mist from myntra. They didn't take it back. Awful,"I just Got scammed! So, I orderd few products from Myntra including this minimalist serum. It was recieved with my hair serum in the same box. 
This was the condition of packaging recieved. So, I raised complaint in the app as there was 5 day exchange policy mentioned on the product. 
My issue was declined one time. I called the customer service they raised my complaint again. I uploades these pictures too and they think that it was shipped in fine condition! Fine?? This looks fine. I thought maybe I should open the back and guess what the serum bottle was empty. Not a single drop of serum was present. I trusted this app. But this is absolutely pathetic. Anyways, they denied the issue again. I called them again they told me they're unable to do anything as it is in right condition. I didn't knew I was paying fugging 400 bucks for an empty bottle.  I had to call them again and again they told me that I will get a call from some senior which I never received. 
I'm so angry at them. Not ordering them from now. If this is how they treat their customers. 
Fugging hell! Bastards!!","purchase_intent, customer_service",,customer_service,,0.95,True
comment,MyntraSucks,t3_1quzgvf,o3uojkz,t1_o3uitde,,1,,,Oh no. I trusted this platform but now they are shit.,"I just Got scammed! So, I orderd few products from Myntra including this minimalist serum. It was recieved with my hair serum in the same box. 
This was the condition of packaging recieved. So, I raised complaint in the app as there was 5 day exchange policy mentioned on the product. 
My issue was declined one time. I called the customer service they raised my complaint again. I uploades these pictures too and they think that it was shipped in fine condition! Fine?? This looks fine. I thought maybe I should open the back and guess what the serum bottle was empty. Not a single drop of serum was present. I trusted this app. But this is absolutely pathetic. Anyways, they denied the issue again. I called them again they told me they're unable to do anything as it is in right condition. I didn't knew I was paying fugging 400 bucks for an empty bottle.  I had to call them again and again they told me that I will get a call from some senior which I never received. 
I'm so angry at them. Not ordering them from now. If this is how they treat their customers. 
Fugging hell! Bastards!!","purchase_intent, customer_service",,customer_service,,0.95,True
comment,MyntraSucks,t3_1quzgvf,o3w7bdy,t3_1quzgvf,,1,,,Govt Consumer complaint app! I recently faced a similar issue myself and went and formally filled out a form in their website. The responses and actions taken time but you should absolutely register a complaint there. Myntra is especially notorious for misleading products and what not. Don't let them evade this.,"I just Got scammed! So, I orderd few products from Myntra including this minimalist serum. It was recieved with my hair serum in the same box. 
This was the condition of packaging recieved. So, I raised complaint in the app as there was 5 day exchange policy mentioned on the product. 
My issue was declined one time. I called the customer service they raised my complaint again. I uploades these pictures too and they think that it was shipped in fine condition! Fine?? This looks fine. I thought maybe I should open the back and guess what the serum bottle was empty. Not a single drop of serum was present. I trusted this app. But this is absolutely pathetic. Anyways, they denied the issue again. I called them again they told me they're unable to do anything as it is in right condition. I didn't knew I was paying fugging 400 bucks for an empty bottle.  I had to call them again and again they told me that I will get a call from some senior which I never received. 
I'm so angry at them. Not ordering them from now. If this is how they treat their customers. 
Fugging hell! Bastards!!","purchase_intent, customer_service",,customer_service,,0.95,True
comment,MyntraSucks,t3_1quzgvf,o3x796y,t1_o3w7bdy,,1,,,Yeah. Can dm the whole procedure?,"I just Got scammed! So, I orderd few products from Myntra including this minimalist serum. It was recieved with my hair serum in the same box. 
This was the condition of packaging recieved. So, I raised complaint in the app as there was 5 day exchange policy mentioned on the product. 
My issue was declined one time. I called the customer service they raised my complaint again. I uploades these pictures too and they think that it was shipped in fine condition! Fine?? This looks fine. I thought maybe I should open the back and guess what the serum bottle was empty. Not a single drop of serum was present. I trusted this app. But this is absolutely pathetic. Anyways, they denied the issue again. I called them again they told me they're unable to do anything as it is in right condition. I didn't knew I was paying fugging 400 bucks for an empty bottle.  I had to call them again and again they told me that I will get a call from some senior which I never received. 
I'm so angry at them. Not ordering them from now. If this is how they treat their customers. 
Fugging hell! Bastards!!","purchase_intent, customer_service",,customer_service,,0.95,True
comment,MyntraSucks,t3_1quzgvf,o411ben,t1_o3w7bdy,,1,,,Dude go buy from a store,"I just Got scammed! So, I orderd few products from Myntra including this minimalist serum. It was recieved with my hair serum in the same box. 
This was the condition of packaging recieved. So, I raised complaint in the app as there was 5 day exchange policy mentioned on the product. 
My issue was declined one time. I called the customer service they raised my complaint again. I uploades these pictures too and they think that it was shipped in fine condition! Fine?? This looks fine. I thought maybe I should open the back and guess what the serum bottle was empty. Not a single drop of serum was present. I trusted this app. But this is absolutely pathetic. Anyways, they denied the issue again. I called them again they told me they're unable to do anything as it is in right condition. I didn't knew I was paying fugging 400 bucks for an empty bottle.  I had to call them again and again they told me that I will get a call from some senior which I never received. 
I'm so angry at them. Not ordering them from now. If this is how they treat their customers. 
Fugging hell! Bastards!!","purchase_intent, customer_service",,customer_service,,0.95,True
comment,MyntraSucks,t3_1quzgvf,o41694z,t1_o3x796y,,2,,,"Actually there's not much in the way of procedure. You sign in and fill in the details on a form that appears. They provide all the instructions required. And you register your grievance. Make sure to keep receipts of all interactions you had bw you and the customer care and also the bill summary etc. Upload every document you have while registering the complaint. Once the complaint is registered wait for the correspondence. You can also check under the grievances tab to see the status of your complaint.


I'll leave the link here in case anyone else wants it.

https://consumerhelpline.gov.in/user/index.php","I just Got scammed! So, I orderd few products from Myntra including this minimalist serum. It was recieved with my hair serum in the same box. 
This was the condition of packaging recieved. So, I raised complaint in the app as there was 5 day exchange policy mentioned on the product. 
My issue was declined one time. I called the customer service they raised my complaint again. I uploades these pictures too and they think that it was shipped in fine condition! Fine?? This looks fine. I thought maybe I should open the back and guess what the serum bottle was empty. Not a single drop of serum was present. I trusted this app. But this is absolutely pathetic. Anyways, they denied the issue again. I called them again they told me they're unable to do anything as it is in right condition. I didn't knew I was paying fugging 400 bucks for an empty bottle.  I had to call them again and again they told me that I will get a call from some senior which I never received. 
I'm so angry at them. Not ordering them from now. If this is how they treat their customers. 
Fugging hell! Bastards!!","purchase_intent, customer_service",,customer_service,,0.95,True
comment,MyntraSucks,t3_1quzgvf,o415q1r,t1_o411ben,,1,,,"Not all of us are privileged enough to be able to travel physically to a store and buy things. Besides, regardless of if a thing is store bought or online brought, if a consumer has a complaint regarding a product they can and should escalate it to the right authorities to prevent others from having the same experience. It's a social responsibility you're obligated to follow when living in a civilised society.

What an a-whole","I just Got scammed! So, I orderd few products from Myntra including this minimalist serum. It was recieved with my hair serum in the same box. 
This was the condition of packaging recieved. So, I raised complaint in the app as there was 5 day exchange policy mentioned on the product. 
My issue was declined one time. I called the customer service they raised my complaint again. I uploades these pictures too and they think that it was shipped in fine condition! Fine?? This looks fine. I thought maybe I should open the back and guess what the serum bottle was empty. Not a single drop of serum was present. I trusted this app. But this is absolutely pathetic. Anyways, they denied the issue again. I called them again they told me they're unable to do anything as it is in right condition. I didn't knew I was paying fugging 400 bucks for an empty bottle.  I had to call them again and again they told me that I will get a call from some senior which I never received. 
I'm so angry at them. Not ordering them from now. If this is how they treat their customers. 
Fugging hell! Bastards!!","delivery, purchase_intent, customer_service",,customer_service,,0.95,True
comment,MyntraSucks,t3_1quzgvf,o41qkbx,t1_o41694z,,1,,,"Sure, thanks. I have the receipt and the chats but I don't have phone recordings. Most of the interactions were on the call.","I just Got scammed! So, I orderd few products from Myntra including this minimalist serum. It was recieved with my hair serum in the same box. 
This was the condition of packaging recieved. So, I raised complaint in the app as there was 5 day exchange policy mentioned on the product. 
My issue was declined one time. I called the customer service they raised my complaint again. I uploades these pictures too and they think that it was shipped in fine condition! Fine?? This looks fine. I thought maybe I should open the back and guess what the serum bottle was empty. Not a single drop of serum was present. I trusted this app. But this is absolutely pathetic. Anyways, they denied the issue again. I called them again they told me they're unable to do anything as it is in right condition. I didn't knew I was paying fugging 400 bucks for an empty bottle.  I had to call them again and again they told me that I will get a call from some senior which I never received. 
I'm so angry at them. Not ordering them from now. If this is how they treat their customers. 
Fugging hell! Bastards!!","purchase_intent, customer_service",,customer_service,,0.95,True
comment,MyntraSucks,t3_1quzgvf,o41856h,t1_o415q1r,,1,,,Lolllll,"I just Got scammed! So, I orderd few products from Myntra including this minimalist serum. It was recieved with my hair serum in the same box. 
This was the condition of packaging recieved. So, I raised complaint in the app as there was 5 day exchange policy mentioned on the product. 
My issue was declined one time. I called the customer service they raised my complaint again. I uploades these pictures too and they think that it was shipped in fine condition! Fine?? This looks fine. I thought maybe I should open the back and guess what the serum bottle was empty. Not a single drop of serum was present. I trusted this app. But this is absolutely pathetic. Anyways, they denied the issue again. I called them again they told me they're unable to do anything as it is in right condition. I didn't knew I was paying fugging 400 bucks for an empty bottle.  I had to call them again and again they told me that I will get a call from some senior which I never received. 
I'm so angry at them. Not ordering them from now. If this is how they treat their customers. 
Fugging hell! Bastards!!","purchase_intent, customer_service",,customer_service,,0.95,True
comment,MyntraSucks,t3_1quzgvf,o41r84i,t1_o41qkbx,,2,,,"That's okay. THEY will have the recordings. They are by law, mandated to have the recordings on hand of every customer interaction (some companies like Swiggy even states it when you're calling that all calls are being recorded). If it escalates to that point.they will HAVE to produce those recordings. I hope it doesn't, for your sake. 

But do keep the receipts tight, and also keep track of all the dates and all and any details you may need, that you can have. These are big corporate companies. They don't like their integrity questioned and to them 400 rs is a trivial sum. They may settle it immediately. Trust the policies put in place for consumer protection to do their job but also keep track of everything on your own. Hope you get back your money xxx","I just Got scammed! So, I orderd few products from Myntra including this minimalist serum. It was recieved with my hair serum in the same box. 
This was the condition of packaging recieved. So, I raised complaint in the app as there was 5 day exchange policy mentioned on the product. 
My issue was declined one time. I called the customer service they raised my complaint again. I uploades these pictures too and they think that it was shipped in fine condition! Fine?? This looks fine. I thought maybe I should open the back and guess what the serum bottle was empty. Not a single drop of serum was present. I trusted this app. But this is absolutely pathetic. Anyways, they denied the issue again. I called them again they told me they're unable to do anything as it is in right condition. I didn't knew I was paying fugging 400 bucks for an empty bottle.  I had to call them again and again they told me that I will get a call from some senior which I never received. 
I'm so angry at them. Not ordering them from now. If this is how they treat their customers. 
Fugging hell! Bastards!!","delivery, purchase_intent, customer_service",,customer_service,,0.95,True
comment,MyntraSucks,t3_1quzgvf,o4233sd,t1_o41r84i,,2,,,"Got it, got it. I'm doing it right now. Thak you for helping;)","I just Got scammed! So, I orderd few products from Myntra including this minimalist serum. It was recieved with my hair serum in the same box. 
This was the condition of packaging recieved. So, I raised complaint in the app as there was 5 day exchange policy mentioned on the product. 
My issue was declined one time. I called the customer service they raised my complaint again. I uploades these pictures too and they think that it was shipped in fine condition! Fine?? This looks fine. I thought maybe I should open the back and guess what the serum bottle was empty. Not a single drop of serum was present. I trusted this app. But this is absolutely pathetic. Anyways, they denied the issue again. I called them again they told me they're unable to do anything as it is in right condition. I didn't knew I was paying fugging 400 bucks for an empty bottle.  I had to call them again and again they told me that I will get a call from some senior which I never received. 
I'm so angry at them. Not ordering them from now. If this is how they treat their customers. 
Fugging hell! Bastards!!","purchase_intent, customer_service",,customer_service,,0.95,True
comment,MyntraSucks,t3_1quzgvf,o3z8d36,t3_1quzgvf,,1,,,Raise a complaint in the NCH application,"I just Got scammed! So, I orderd few products from Myntra including this minimalist serum. It was recieved with my hair serum in the same box. 
This was the condition of packaging recieved. So, I raised complaint in the app as there was 5 day exchange policy mentioned on the product. 
My issue was declined one time. I called the customer service they raised my complaint again. I uploades these pictures too and they think that it was shipped in fine condition! Fine?? This looks fine. I thought maybe I should open the back and guess what the serum bottle was empty. Not a single drop of serum was present. I trusted this app. But this is absolutely pathetic. Anyways, they denied the issue again. I called them again they told me they're unable to do anything as it is in right condition. I didn't knew I was paying fugging 400 bucks for an empty bottle.  I had to call them again and again they told me that I will get a call from some senior which I never received. 
I'm so angry at them. Not ordering them from now. If this is how they treat their customers. 
Fugging hell! Bastards!!","purchase_intent, customer_service",,customer_service,,0.95,True
post,,,t3_1vh7d3w,,2026-08-06T15:25:01.000Z,7,7.0,So Myntra now wants cart value of 176 to use Myncash?,,So Myntra now wants cart value of 176 to use Myncash? ,coupon_rewards,https://www.reddit.com/gallery/1vh7d3w,coupon,,0.85,True
comment,MyntraSucks,t3_1vh7d3w,p22t2n6,t3_1vh7d3w,,2,,,"try myntra website

",So Myntra now wants cart value of 176 to use Myncash? ,coupon_rewards,,coupon,,0.85,True
comment,MyntraSucks,t3_1vh7d3w,p24480r,t1_p22t2n6,,2,,,Website pe mycash show nhi ho rha aapne kaise kra ,So Myntra now wants cart value of 176 to use Myncash? ,coupon_rewards,,coupon,,0.85,True
comment,MyntraSucks,t3_1vh7d3w,p27iroo,t1_p22t2n6,,1,,,"It worked, thanks!!",So Myntra now wants cart value of 176 to use Myncash? ,coupon_rewards,,coupon,,0.85,True
comment,MyntraSucks,t3_1vh7d3w,p2459l0,t1_p24480r,,2,,,jab payment mode p jao tab option dikha rha hai,So Myntra now wants cart value of 176 to use Myncash? ,coupon_rewards,,coupon,,0.85,True
comment,MyntraSucks,t3_1vh7d3w,p2bikuo,t1_p27iroo,,1,,,Abhi v work kr rha ky website pe? Kyunki mere me to 200 ke niche products pe mycash show hi nhi kr rha website pe v,So Myntra now wants cart value of 176 to use Myncash? ,coupon_rewards,,coupon,,0.85,True
comment,MyntraSucks,t3_1vh7d3w,p245x2r,t1_p2459l0,,1,,,https://preview.redd.it/64gf42b7wshh1.jpeg?width=3472&format=pjpg&auto=webp&s=a5e5bd729603d6286d607fdffac3b4efa97cc15b,So Myntra now wants cart value of 176 to use Myncash? ,coupon_rewards,,coupon,,0.85,True
comment,MyntraSucks,t3_1vh7d3w,p247tbb,t1_p245x2r,,1,,,"place order p click karo, phir address select karo, then payment mode pe dekho show kar rha kyaa",So Myntra now wants cart value of 176 to use Myncash? ,"coupon_rewards, purchase_intent",,coupon,,0.85,True
comment,MyntraSucks,t3_1vh7d3w,p24arqu,t1_p247tbb,,1,,,"Yupp ho gyaa
TYSM♥️",So Myntra now wants cart value of 176 to use Myncash? ,coupon_rewards,,coupon,,0.85,True
post,,,t3_1v99tfc,,2026-07-28T20:12:00.000Z,6,6.0,Fuck myntra!! I waited 1 month for a single order!!,"I've ordered this towel and it's been one month since they are making me wait for it!! First when i ordered everything was good! It was a bit delayed but finally out for delivery and i called that delivery person and he's like I'm coming then he didn't come at all, then they marked it as we've tried to reach you but you were unavailable WHEN I WAS CLEARLY AVAILABLE THEY DIDN'T CONTACTED ME AT ALL!!!!!! Then they continued this for 2 weeks, it was showing out for delivery at 10pm and you were unavailable as soon as it was 12! In between i contacted myntra they are like we've put your case on priority and they'll deliver within 24hrs , 4 days later i again called them they pasted the same dialogue and i was like okk maybe this time I'll get my product but nah after 2 days they cancelled my order and mailed me and gave me a coupon which is clearly not working. The T&C says minimum purchase 599 but when i apply coupon it's like you have to add 289 worth more items and I'll basically buy 1000 rupees items and then get 100 rupees off??! MYNTRA THIS WAS YOUR FUCKING COUPON AS A APOLOGY?! STUFF IT IN YOU A$$ !!

I freshly ordered my towel again thinking it might be the fault of the logistics partner but no I was wrong they did the same thing again made me wait for 2 weeks for my order but this time the delivery was delayed (this was the status show previous one at least went out for delivery tho they never contacted me but atleast i got the agents number- this one didn't even try straight away cancelled and again gave me a trash coupon). 

Myntra helpline is so shit y'all, this app will be uninstalled from my device and from each of my family members device and i would suggest y'all don't buy from them they are really unprofessional and don't take customers seriously!","Fuck myntra!! I waited 1 month for a single order!! I've ordered this towel and it's been one month since they are making me wait for it!! First when i ordered everything was good! It was a bit delayed but finally out for delivery and i called that delivery person and he's like I'm coming then he didn't come at all, then they marked it as we've tried to reach you but you were unavailable WHEN I WAS CLEARLY AVAILABLE THEY DIDN'T CONTACTED ME AT ALL!!!!!! Then they continued this for 2 weeks, it was showing out for delivery at 10pm and you were unavailable as soon as it was 12! In between i contacted myntra they are like we've put your case on priority and they'll deliver within 24hrs , 4 days later i again called them they pasted the same dialogue and i was like okk maybe this time I'll get my product but nah after 2 days they cancelled my order and mailed me and gave me a coupon which is clearly not working. The T&C says minimum purchase 599 but when i apply coupon it's like you have to add 289 worth more items and I'll basically buy 1000 rupees items and then get 100 rupees off??! MYNTRA THIS WAS YOUR FUCKING COUPON AS A APOLOGY?! STUFF IT IN YOU A$$ !!

I freshly ordered my towel again thinking it might be the fault of the logistics partner but no I was wrong they did the same thing again made me wait for 2 weeks for my order but this time the delivery was delayed (this was the status show previous one at least went out for delivery tho they never contacted me but atleast i got the agents number- this one didn't even try straight away cancelled and again gave me a trash coupon). 

Myntra helpline is so shit y'all, this app will be uninstalled from my device and from each of my family members device and i would suggest y'all don't buy from them they are really unprofessional and don't take customers seriously!","coupon_rewards, availability, delivery, purchase_intent, customer_service",https://www.reddit.com/gallery/1v99tfc,delivery,cancellation_refund,0.95,True
comment,MyntraSucks,t3_1v99tfc,p0dvs1n,t3_1v99tfc,,1,,,More like ekart problem but yeah myntra sucks ,"Fuck myntra!! I waited 1 month for a single order!! I've ordered this towel and it's been one month since they are making me wait for it!! First when i ordered everything was good! It was a bit delayed but finally out for delivery and i called that delivery person and he's like I'm coming then he didn't come at all, then they marked it as we've tried to reach you but you were unavailable WHEN I WAS CLEARLY AVAILABLE THEY DIDN'T CONTACTED ME AT ALL!!!!!! Then they continued this for 2 weeks, it was showing out for delivery at 10pm and you were unavailable as soon as it was 12! In between i contacted myntra they are like we've put your case on priority and they'll deliver within 24hrs , 4 days later i again called them they pasted the same dialogue and i was like okk maybe this time I'll get my product but nah after 2 days they cancelled my order and mailed me and gave me a coupon which is clearly not working. The T&C says minimum purchase 599 but when i apply coupon it's like you have to add 289 worth more items and I'll basically buy 1000 rupees items and then get 100 rupees off??! MYNTRA THIS WAS YOUR FUCKING COUPON AS A APOLOGY?! STUFF IT IN YOU A$$ !!

I freshly ordered my towel again thinking it might be the fault of the logistics partner but no I was wrong they did the same thing again made me wait for 2 weeks for my order but this time the delivery was delayed (this was the status show previous one at least went out for delivery tho they never contacted me but atleast i got the agents number- this one didn't even try straight away cancelled and again gave me a trash coupon). 

Myntra helpline is so shit y'all, this app will be uninstalled from my device and from each of my family members device and i would suggest y'all don't buy from them they are really unprofessional and don't take customers seriously!","coupon_rewards, availability, delivery, purchase_intent, customer_service",,delivery,cancellation_refund,0.95,True
comment,MyntraSucks,t3_1v99tfc,p0dxjcj,t1_p0dvs1n,,2,,,Ekart deserves a new fuck Ekart soon,"Fuck myntra!! I waited 1 month for a single order!! I've ordered this towel and it's been one month since they are making me wait for it!! First when i ordered everything was good! It was a bit delayed but finally out for delivery and i called that delivery person and he's like I'm coming then he didn't come at all, then they marked it as we've tried to reach you but you were unavailable WHEN I WAS CLEARLY AVAILABLE THEY DIDN'T CONTACTED ME AT ALL!!!!!! Then they continued this for 2 weeks, it was showing out for delivery at 10pm and you were unavailable as soon as it was 12! In between i contacted myntra they are like we've put your case on priority and they'll deliver within 24hrs , 4 days later i again called them they pasted the same dialogue and i was like okk maybe this time I'll get my product but nah after 2 days they cancelled my order and mailed me and gave me a coupon which is clearly not working. The T&C says minimum purchase 599 but when i apply coupon it's like you have to add 289 worth more items and I'll basically buy 1000 rupees items and then get 100 rupees off??! MYNTRA THIS WAS YOUR FUCKING COUPON AS A APOLOGY?! STUFF IT IN YOU A$$ !!

I freshly ordered my towel again thinking it might be the fault of the logistics partner but no I was wrong they did the same thing again made me wait for 2 weeks for my order but this time the delivery was delayed (this was the status show previous one at least went out for delivery tho they never contacted me but atleast i got the agents number- this one didn't even try straight away cancelled and again gave me a trash coupon). 

Myntra helpline is so shit y'all, this app will be uninstalled from my device and from each of my family members device and i would suggest y'all don't buy from them they are really unprofessional and don't take customers seriously!","coupon_rewards, availability, delivery, purchase_intent, customer_service",,delivery,cancellation_refund,0.95,True
comment,MyntraSucks,t3_1v99tfc,p0eqhol,t1_p0dvs1n,,1,,,"Yea, but myntra helpline doesn't work either!!! The second time i ordered the parcel didn't even got shipped they straight away cancelled it from their side!","Fuck myntra!! I waited 1 month for a single order!! I've ordered this towel and it's been one month since they are making me wait for it!! First when i ordered everything was good! It was a bit delayed but finally out for delivery and i called that delivery person and he's like I'm coming then he didn't come at all, then they marked it as we've tried to reach you but you were unavailable WHEN I WAS CLEARLY AVAILABLE THEY DIDN'T CONTACTED ME AT ALL!!!!!! Then they continued this for 2 weeks, it was showing out for delivery at 10pm and you were unavailable as soon as it was 12! In between i contacted myntra they are like we've put your case on priority and they'll deliver within 24hrs , 4 days later i again called them they pasted the same dialogue and i was like okk maybe this time I'll get my product but nah after 2 days they cancelled my order and mailed me and gave me a coupon which is clearly not working. The T&C says minimum purchase 599 but when i apply coupon it's like you have to add 289 worth more items and I'll basically buy 1000 rupees items and then get 100 rupees off??! MYNTRA THIS WAS YOUR FUCKING COUPON AS A APOLOGY?! STUFF IT IN YOU A$$ !!

I freshly ordered my towel again thinking it might be the fault of the logistics partner but no I was wrong they did the same thing again made me wait for 2 weeks for my order but this time the delivery was delayed (this was the status show previous one at least went out for delivery tho they never contacted me but atleast i got the agents number- this one didn't even try straight away cancelled and again gave me a trash coupon). 

Myntra helpline is so shit y'all, this app will be uninstalled from my device and from each of my family members device and i would suggest y'all don't buy from them they are really unprofessional and don't take customers seriously!","coupon_rewards, availability, delivery, purchase_intent, customer_service",,delivery,cancellation_refund,0.95,True
comment,MyntraSucks,t3_1v99tfc,p0eu7p1,t3_1v99tfc,,1,,,Same happened with me 😫,"Fuck myntra!! I waited 1 month for a single order!! I've ordered this towel and it's been one month since they are making me wait for it!! First when i ordered everything was good! It was a bit delayed but finally out for delivery and i called that delivery person and he's like I'm coming then he didn't come at all, then they marked it as we've tried to reach you but you were unavailable WHEN I WAS CLEARLY AVAILABLE THEY DIDN'T CONTACTED ME AT ALL!!!!!! Then they continued this for 2 weeks, it was showing out for delivery at 10pm and you were unavailable as soon as it was 12! In between i contacted myntra they are like we've put your case on priority and they'll deliver within 24hrs , 4 days later i again called them they pasted the same dialogue and i was like okk maybe this time I'll get my product but nah after 2 days they cancelled my order and mailed me and gave me a coupon which is clearly not working. The T&C says minimum purchase 599 but when i apply coupon it's like you have to add 289 worth more items and I'll basically buy 1000 rupees items and then get 100 rupees off??! MYNTRA THIS WAS YOUR FUCKING COUPON AS A APOLOGY?! STUFF IT IN YOU A$$ !!

I freshly ordered my towel again thinking it might be the fault of the logistics partner but no I was wrong they did the same thing again made me wait for 2 weeks for my order but this time the delivery was delayed (this was the status show previous one at least went out for delivery tho they never contacted me but atleast i got the agents number- this one didn't even try straight away cancelled and again gave me a trash coupon). 

Myntra helpline is so shit y'all, this app will be uninstalled from my device and from each of my family members device and i would suggest y'all don't buy from them they are really unprofessional and don't take customers seriously!","coupon_rewards, availability, delivery, purchase_intent, customer_service",,delivery,cancellation_refund,0.95,True
comment,MyntraSucks,t3_1v99tfc,p0mocx1,t1_p0eu7p1,,1,,,Really? Did you get solution?,"Fuck myntra!! I waited 1 month for a single order!! I've ordered this towel and it's been one month since they are making me wait for it!! First when i ordered everything was good! It was a bit delayed but finally out for delivery and i called that delivery person and he's like I'm coming then he didn't come at all, then they marked it as we've tried to reach you but you were unavailable WHEN I WAS CLEARLY AVAILABLE THEY DIDN'T CONTACTED ME AT ALL!!!!!! Then they continued this for 2 weeks, it was showing out for delivery at 10pm and you were unavailable as soon as it was 12! In between i contacted myntra they are like we've put your case on priority and they'll deliver within 24hrs , 4 days later i again called them they pasted the same dialogue and i was like okk maybe this time I'll get my product but nah after 2 days they cancelled my order and mailed me and gave me a coupon which is clearly not working. The T&C says minimum purchase 599 but when i apply coupon it's like you have to add 289 worth more items and I'll basically buy 1000 rupees items and then get 100 rupees off??! MYNTRA THIS WAS YOUR FUCKING COUPON AS A APOLOGY?! STUFF IT IN YOU A$$ !!

I freshly ordered my towel again thinking it might be the fault of the logistics partner but no I was wrong they did the same thing again made me wait for 2 weeks for my order but this time the delivery was delayed (this was the status show previous one at least went out for delivery tho they never contacted me but atleast i got the agents number- this one didn't even try straight away cancelled and again gave me a trash coupon). 

Myntra helpline is so shit y'all, this app will be uninstalled from my device and from each of my family members device and i would suggest y'all don't buy from them they are really unprofessional and don't take customers seriously!","coupon_rewards, availability, delivery, purchase_intent, customer_service",,delivery,cancellation_refund,0.95,True
comment,MyntraSucks,t3_1v99tfc,p0n6n45,t3_1v99tfc,,1,,,"Same situation as yours ,,At first they cancelled my order then,they gave me the cupon","Fuck myntra!! I waited 1 month for a single order!! I've ordered this towel and it's been one month since they are making me wait for it!! First when i ordered everything was good! It was a bit delayed but finally out for delivery and i called that delivery person and he's like I'm coming then he didn't come at all, then they marked it as we've tried to reach you but you were unavailable WHEN I WAS CLEARLY AVAILABLE THEY DIDN'T CONTACTED ME AT ALL!!!!!! Then they continued this for 2 weeks, it was showing out for delivery at 10pm and you were unavailable as soon as it was 12! In between i contacted myntra they are like we've put your case on priority and they'll deliver within 24hrs , 4 days later i again called them they pasted the same dialogue and i was like okk maybe this time I'll get my product but nah after 2 days they cancelled my order and mailed me and gave me a coupon which is clearly not working. The T&C says minimum purchase 599 but when i apply coupon it's like you have to add 289 worth more items and I'll basically buy 1000 rupees items and then get 100 rupees off??! MYNTRA THIS WAS YOUR FUCKING COUPON AS A APOLOGY?! STUFF IT IN YOU A$$ !!

I freshly ordered my towel again thinking it might be the fault of the logistics partner but no I was wrong they did the same thing again made me wait for 2 weeks for my order but this time the delivery was delayed (this was the status show previous one at least went out for delivery tho they never contacted me but atleast i got the agents number- this one didn't even try straight away cancelled and again gave me a trash coupon). 

Myntra helpline is so shit y'all, this app will be uninstalled from my device and from each of my family members device and i would suggest y'all don't buy from them they are really unprofessional and don't take customers seriously!","coupon_rewards, availability, delivery, purchase_intent, customer_service",,delivery,cancellation_refund,0.95,True
comment,MyntraSucks,t3_1v99tfc,p0u8kj5,t1_p0n6n45,,1,,,They did to me twice for the same order! 😭,"Fuck myntra!! I waited 1 month for a single order!! I've ordered this towel and it's been one month since they are making me wait for it!! First when i ordered everything was good! It was a bit delayed but finally out for delivery and i called that delivery person and he's like I'm coming then he didn't come at all, then they marked it as we've tried to reach you but you were unavailable WHEN I WAS CLEARLY AVAILABLE THEY DIDN'T CONTACTED ME AT ALL!!!!!! Then they continued this for 2 weeks, it was showing out for delivery at 10pm and you were unavailable as soon as it was 12! In between i contacted myntra they are like we've put your case on priority and they'll deliver within 24hrs , 4 days later i again called them they pasted the same dialogue and i was like okk maybe this time I'll get my product but nah after 2 days they cancelled my order and mailed me and gave me a coupon which is clearly not working. The T&C says minimum purchase 599 but when i apply coupon it's like you have to add 289 worth more items and I'll basically buy 1000 rupees items and then get 100 rupees off??! MYNTRA THIS WAS YOUR FUCKING COUPON AS A APOLOGY?! STUFF IT IN YOU A$$ !!

I freshly ordered my towel again thinking it might be the fault of the logistics partner but no I was wrong they did the same thing again made me wait for 2 weeks for my order but this time the delivery was delayed (this was the status show previous one at least went out for delivery tho they never contacted me but atleast i got the agents number- this one didn't even try straight away cancelled and again gave me a trash coupon). 

Myntra helpline is so shit y'all, this app will be uninstalled from my device and from each of my family members device and i would suggest y'all don't buy from them they are really unprofessional and don't take customers seriously!","coupon_rewards, availability, delivery, purchase_intent, customer_service",,delivery,cancellation_refund,0.95,True
comment,MyntraSucks,t3_1v99tfc,p0o4zxl,t3_1v99tfc,,1,,,They are literally testing how bottom of the bas service they can get ,"Fuck myntra!! I waited 1 month for a single order!! I've ordered this towel and it's been one month since they are making me wait for it!! First when i ordered everything was good! It was a bit delayed but finally out for delivery and i called that delivery person and he's like I'm coming then he didn't come at all, then they marked it as we've tried to reach you but you were unavailable WHEN I WAS CLEARLY AVAILABLE THEY DIDN'T CONTACTED ME AT ALL!!!!!! Then they continued this for 2 weeks, it was showing out for delivery at 10pm and you were unavailable as soon as it was 12! In between i contacted myntra they are like we've put your case on priority and they'll deliver within 24hrs , 4 days later i again called them they pasted the same dialogue and i was like okk maybe this time I'll get my product but nah after 2 days they cancelled my order and mailed me and gave me a coupon which is clearly not working. The T&C says minimum purchase 599 but when i apply coupon it's like you have to add 289 worth more items and I'll basically buy 1000 rupees items and then get 100 rupees off??! MYNTRA THIS WAS YOUR FUCKING COUPON AS A APOLOGY?! STUFF IT IN YOU A$$ !!

I freshly ordered my towel again thinking it might be the fault of the logistics partner but no I was wrong they did the same thing again made me wait for 2 weeks for my order but this time the delivery was delayed (this was the status show previous one at least went out for delivery tho they never contacted me but atleast i got the agents number- this one didn't even try straight away cancelled and again gave me a trash coupon). 

Myntra helpline is so shit y'all, this app will be uninstalled from my device and from each of my family members device and i would suggest y'all don't buy from them they are really unprofessional and don't take customers seriously!","coupon_rewards, availability, delivery, purchase_intent, customer_service",,delivery,cancellation_refund,0.95,True
comment,MyntraSucks,t3_1v99tfc,p0u8m3l,t1_p0o4zxl,,2,,,Fr!!,"Fuck myntra!! I waited 1 month for a single order!! I've ordered this towel and it's been one month since they are making me wait for it!! First when i ordered everything was good! It was a bit delayed but finally out for delivery and i called that delivery person and he's like I'm coming then he didn't come at all, then they marked it as we've tried to reach you but you were unavailable WHEN I WAS CLEARLY AVAILABLE THEY DIDN'T CONTACTED ME AT ALL!!!!!! Then they continued this for 2 weeks, it was showing out for delivery at 10pm and you were unavailable as soon as it was 12! In between i contacted myntra they are like we've put your case on priority and they'll deliver within 24hrs , 4 days later i again called them they pasted the same dialogue and i was like okk maybe this time I'll get my product but nah after 2 days they cancelled my order and mailed me and gave me a coupon which is clearly not working. The T&C says minimum purchase 599 but when i apply coupon it's like you have to add 289 worth more items and I'll basically buy 1000 rupees items and then get 100 rupees off??! MYNTRA THIS WAS YOUR FUCKING COUPON AS A APOLOGY?! STUFF IT IN YOU A$$ !!

I freshly ordered my towel again thinking it might be the fault of the logistics partner but no I was wrong they did the same thing again made me wait for 2 weeks for my order but this time the delivery was delayed (this was the status show previous one at least went out for delivery tho they never contacted me but atleast i got the agents number- this one didn't even try straight away cancelled and again gave me a trash coupon). 

Myntra helpline is so shit y'all, this app will be uninstalled from my device and from each of my family members device and i would suggest y'all don't buy from them they are really unprofessional and don't take customers seriously!","coupon_rewards, availability, delivery, purchase_intent, customer_service",,delivery,cancellation_refund,0.95,True
post,,,t3_1uo2147,,2026-07-05T13:18:57.000Z,9,9.0,Myntra is running a scam under the guise of online shopping,"Okay, this is a rant. I ordered a dress for my niece's birthday from mynta on june 2, 2026. This product was probably imported from china and i didnt have a problem coz this WAS a chinese style dress for little babies. It is from some YK brand. It was supposed to be delivered on 29th of june. On the 26th of june i started getting a little anxious as the order hadn't been shipped. And after raising tickets and a RESOUNDING call with the customer care executive, \**drumroll sounds*\*. My order was royally cancelled as the seller didnt import the product at all. Then they gave me a sorry coupon and i reordered 2 products for her (still within a window of her nearing birthday), 1 from H&M, which is getting delivered today, and another is still packed in a warehouse. Shipping date was 2nd july, today's the 5th, customer exec says we will deliver it by 8th (estimated delivery date). In 3 days?. WOW! Is myntra in a harry potter universe or something?  

And this problem is recurring and constant in myntra. There were so many instances where i had to collect my orders from the delivery warehouse. There was this time when i ordered pants for my spouse for the birthday last year and due to the same above reason i had to cancel the order. Then the same happened this year, product sat in the delivery warehouse for 3 days until i went in there and tackled them, it got delivered the next day. What is myntra doing? If they cant handle business better shut it down. 

\#myntrasucks😡","Myntra is running a scam under the guise of online shopping Okay, this is a rant. I ordered a dress for my niece's birthday from mynta on june 2, 2026. This product was probably imported from china and i didnt have a problem coz this WAS a chinese style dress for little babies. It is from some YK brand. It was supposed to be delivered on 29th of june. On the 26th of june i started getting a little anxious as the order hadn't been shipped. And after raising tickets and a RESOUNDING call with the customer care executive, \**drumroll sounds*\*. My order was royally cancelled as the seller didnt import the product at all. Then they gave me a sorry coupon and i reordered 2 products for her (still within a window of her nearing birthday), 1 from H&M, which is getting delivered today, and another is still packed in a warehouse. Shipping date was 2nd july, today's the 5th, customer exec says we will deliver it by 8th (estimated delivery date). In 3 days?. WOW! Is myntra in a harry potter universe or something?  

And this problem is recurring and constant in myntra. There were so many instances where i had to collect my orders from the delivery warehouse. There was this time when i ordered pants for my spouse for the birthday last year and due to the same above reason i had to cancel the order. Then the same happened this year, product sat in the delivery warehouse for 3 days until i went in there and tackled them, it got delivered the next day. What is myntra doing? If they cant handle business better shut it down. 

\#myntrasucks😡","coupon_rewards, delivery, purchase_intent, customer_service",https://www.reddit.com/gallery/1uo2147,delivery,customer_service; cancellation_refund,0.95,True
comment,MyntraSucks,t3_1uo2147,ovordkv,t3_1uo2147,,2,,,"Same experience for me also 
I ordered 2 here& now shirt from myntra with my coupon (which i got from Flipkart with my supercoin). After 15 days of ordering it was cancelled even without shipping saying seller failed to supply.

When tried to order same shirt again with that coupon it is coupon is not valid 

I contact cc they said they can't do anything it is their policy 

No new coupon provided or no compensation 

I lost supercoin and my coupon 🥲","Myntra is running a scam under the guise of online shopping Okay, this is a rant. I ordered a dress for my niece's birthday from mynta on june 2, 2026. This product was probably imported from china and i didnt have a problem coz this WAS a chinese style dress for little babies. It is from some YK brand. It was supposed to be delivered on 29th of june. On the 26th of june i started getting a little anxious as the order hadn't been shipped. And after raising tickets and a RESOUNDING call with the customer care executive, \**drumroll sounds*\*. My order was royally cancelled as the seller didnt import the product at all. Then they gave me a sorry coupon and i reordered 2 products for her (still within a window of her nearing birthday), 1 from H&M, which is getting delivered today, and another is still packed in a warehouse. Shipping date was 2nd july, today's the 5th, customer exec says we will deliver it by 8th (estimated delivery date). In 3 days?. WOW! Is myntra in a harry potter universe or something?  

And this problem is recurring and constant in myntra. There were so many instances where i had to collect my orders from the delivery warehouse. There was this time when i ordered pants for my spouse for the birthday last year and due to the same above reason i had to cancel the order. Then the same happened this year, product sat in the delivery warehouse for 3 days until i went in there and tackled them, it got delivered the next day. What is myntra doing? If they cant handle business better shut it down. 

\#myntrasucks😡","coupon_rewards, delivery, purchase_intent, customer_service",,delivery,customer_service; cancellation_refund,0.95,True
comment,MyntraSucks,t3_1uo2147,ovpjxpg,t1_ovordkv,,1,,,😲,"Myntra is running a scam under the guise of online shopping Okay, this is a rant. I ordered a dress for my niece's birthday from mynta on june 2, 2026. This product was probably imported from china and i didnt have a problem coz this WAS a chinese style dress for little babies. It is from some YK brand. It was supposed to be delivered on 29th of june. On the 26th of june i started getting a little anxious as the order hadn't been shipped. And after raising tickets and a RESOUNDING call with the customer care executive, \**drumroll sounds*\*. My order was royally cancelled as the seller didnt import the product at all. Then they gave me a sorry coupon and i reordered 2 products for her (still within a window of her nearing birthday), 1 from H&M, which is getting delivered today, and another is still packed in a warehouse. Shipping date was 2nd july, today's the 5th, customer exec says we will deliver it by 8th (estimated delivery date). In 3 days?. WOW! Is myntra in a harry potter universe or something?  

And this problem is recurring and constant in myntra. There were so many instances where i had to collect my orders from the delivery warehouse. There was this time when i ordered pants for my spouse for the birthday last year and due to the same above reason i had to cancel the order. Then the same happened this year, product sat in the delivery warehouse for 3 days until i went in there and tackled them, it got delivered the next day. What is myntra doing? If they cant handle business better shut it down. 

\#myntrasucks😡","coupon_rewards, delivery, purchase_intent, customer_service",,delivery,customer_service; cancellation_refund,0.95,True
comment,MyntraSucks,t3_1uo2147,ovok78r,t3_1uo2147,,1,,,Yeah they suck. I had such a bad experience and decided to never order from them again I deleted the app,"Myntra is running a scam under the guise of online shopping Okay, this is a rant. I ordered a dress for my niece's birthday from mynta on june 2, 2026. This product was probably imported from china and i didnt have a problem coz this WAS a chinese style dress for little babies. It is from some YK brand. It was supposed to be delivered on 29th of june. On the 26th of june i started getting a little anxious as the order hadn't been shipped. And after raising tickets and a RESOUNDING call with the customer care executive, \**drumroll sounds*\*. My order was royally cancelled as the seller didnt import the product at all. Then they gave me a sorry coupon and i reordered 2 products for her (still within a window of her nearing birthday), 1 from H&M, which is getting delivered today, and another is still packed in a warehouse. Shipping date was 2nd july, today's the 5th, customer exec says we will deliver it by 8th (estimated delivery date). In 3 days?. WOW! Is myntra in a harry potter universe or something?  

And this problem is recurring and constant in myntra. There were so many instances where i had to collect my orders from the delivery warehouse. There was this time when i ordered pants for my spouse for the birthday last year and due to the same above reason i had to cancel the order. Then the same happened this year, product sat in the delivery warehouse for 3 days until i went in there and tackled them, it got delivered the next day. What is myntra doing? If they cant handle business better shut it down. 

\#myntrasucks😡","coupon_rewards, delivery, purchase_intent, customer_service",,delivery,customer_service; cancellation_refund,0.95,True
comment,MyntraSucks,t3_1uo2147,ovpg16q,t1_ovok78r,,2,,,Im waiting for an update on the current order. After that even im deleting the app. Im done with myntra.,"Myntra is running a scam under the guise of online shopping Okay, this is a rant. I ordered a dress for my niece's birthday from mynta on june 2, 2026. This product was probably imported from china and i didnt have a problem coz this WAS a chinese style dress for little babies. It is from some YK brand. It was supposed to be delivered on 29th of june. On the 26th of june i started getting a little anxious as the order hadn't been shipped. And after raising tickets and a RESOUNDING call with the customer care executive, \**drumroll sounds*\*. My order was royally cancelled as the seller didnt import the product at all. Then they gave me a sorry coupon and i reordered 2 products for her (still within a window of her nearing birthday), 1 from H&M, which is getting delivered today, and another is still packed in a warehouse. Shipping date was 2nd july, today's the 5th, customer exec says we will deliver it by 8th (estimated delivery date). In 3 days?. WOW! Is myntra in a harry potter universe or something?  

And this problem is recurring and constant in myntra. There were so many instances where i had to collect my orders from the delivery warehouse. There was this time when i ordered pants for my spouse for the birthday last year and due to the same above reason i had to cancel the order. Then the same happened this year, product sat in the delivery warehouse for 3 days until i went in there and tackled them, it got delivered the next day. What is myntra doing? If they cant handle business better shut it down. 

\#myntrasucks😡","coupon_rewards, delivery, purchase_intent, customer_service",,delivery,customer_service; cancellation_refund,0.95,True
comment,MyntraSucks,t3_1uo2147,ovop0s9,t3_1uo2147,,1,,,Was it one of those International shipped brands? Happened with me once too. Ordered in the start of December and delivery said Jan. I ignored it coz I wasn't in a hurry to get it. During Jan I get the message that order is delayed and will be delivered in Feb. Start of Feb they just cancelled the order and refunded me in credit. ,"Myntra is running a scam under the guise of online shopping Okay, this is a rant. I ordered a dress for my niece's birthday from mynta on june 2, 2026. This product was probably imported from china and i didnt have a problem coz this WAS a chinese style dress for little babies. It is from some YK brand. It was supposed to be delivered on 29th of june. On the 26th of june i started getting a little anxious as the order hadn't been shipped. And after raising tickets and a RESOUNDING call with the customer care executive, \**drumroll sounds*\*. My order was royally cancelled as the seller didnt import the product at all. Then they gave me a sorry coupon and i reordered 2 products for her (still within a window of her nearing birthday), 1 from H&M, which is getting delivered today, and another is still packed in a warehouse. Shipping date was 2nd july, today's the 5th, customer exec says we will deliver it by 8th (estimated delivery date). In 3 days?. WOW! Is myntra in a harry potter universe or something?  

And this problem is recurring and constant in myntra. There were so many instances where i had to collect my orders from the delivery warehouse. There was this time when i ordered pants for my spouse for the birthday last year and due to the same above reason i had to cancel the order. Then the same happened this year, product sat in the delivery warehouse for 3 days until i went in there and tackled them, it got delivered the next day. What is myntra doing? If they cant handle business better shut it down. 

\#myntrasucks😡","coupon_rewards, delivery, purchase_intent, customer_service",,delivery,customer_service; cancellation_refund,0.95,True
comment,MyntraSucks,t3_1uo2147,ovpfm0t,t1_ovop0s9,,1,,,"Yes, it is one of those international shipped brands. So now i avoid those brands including lulu & sky. ","Myntra is running a scam under the guise of online shopping Okay, this is a rant. I ordered a dress for my niece's birthday from mynta on june 2, 2026. This product was probably imported from china and i didnt have a problem coz this WAS a chinese style dress for little babies. It is from some YK brand. It was supposed to be delivered on 29th of june. On the 26th of june i started getting a little anxious as the order hadn't been shipped. And after raising tickets and a RESOUNDING call with the customer care executive, \**drumroll sounds*\*. My order was royally cancelled as the seller didnt import the product at all. Then they gave me a sorry coupon and i reordered 2 products for her (still within a window of her nearing birthday), 1 from H&M, which is getting delivered today, and another is still packed in a warehouse. Shipping date was 2nd july, today's the 5th, customer exec says we will deliver it by 8th (estimated delivery date). In 3 days?. WOW! Is myntra in a harry potter universe or something?  

And this problem is recurring and constant in myntra. There were so many instances where i had to collect my orders from the delivery warehouse. There was this time when i ordered pants for my spouse for the birthday last year and due to the same above reason i had to cancel the order. Then the same happened this year, product sat in the delivery warehouse for 3 days until i went in there and tackled them, it got delivered the next day. What is myntra doing? If they cant handle business better shut it down. 

\#myntrasucks😡","coupon_rewards, delivery, purchase_intent, customer_service",,delivery,customer_service; cancellation_refund,0.95,True
comment,MyntraSucks,t3_1uo2147,ovuqwmp,t1_ovop0s9,,1,,,"We need affordable consumer lawyers tbh. That is a clear case of deficiency in service and if we do file a consumer case, court will most definitely award additional compensation with interest. Simply refunding the paid amount is not good enough. What about interest on the money that Myntra held on to for 2 months?","Myntra is running a scam under the guise of online shopping Okay, this is a rant. I ordered a dress for my niece's birthday from mynta on june 2, 2026. This product was probably imported from china and i didnt have a problem coz this WAS a chinese style dress for little babies. It is from some YK brand. It was supposed to be delivered on 29th of june. On the 26th of june i started getting a little anxious as the order hadn't been shipped. And after raising tickets and a RESOUNDING call with the customer care executive, \**drumroll sounds*\*. My order was royally cancelled as the seller didnt import the product at all. Then they gave me a sorry coupon and i reordered 2 products for her (still within a window of her nearing birthday), 1 from H&M, which is getting delivered today, and another is still packed in a warehouse. Shipping date was 2nd july, today's the 5th, customer exec says we will deliver it by 8th (estimated delivery date). In 3 days?. WOW! Is myntra in a harry potter universe or something?  

And this problem is recurring and constant in myntra. There were so many instances where i had to collect my orders from the delivery warehouse. There was this time when i ordered pants for my spouse for the birthday last year and due to the same above reason i had to cancel the order. Then the same happened this year, product sat in the delivery warehouse for 3 days until i went in there and tackled them, it got delivered the next day. What is myntra doing? If they cant handle business better shut it down. 

\#myntrasucks😡","coupon_rewards, delivery, purchase_intent, customer_service",,delivery,customer_service; cancellation_refund,0.95,True
comment,MyntraSucks,t3_1uo2147,ovowtoq,t3_1uo2147,,1,,,"Same thing happened to me, i ordered a puma shoe and some makeup during sale season and it sat in the warehouse for weeks( i tired to go get it myself but sadly the warehouse location changed and nobody knows where the new warehouse is ) then it got cancelled, the customer service saud the same 24 hours excuse every damn time. I deleted the app after that. Myntra is the worst online shopping app ever","Myntra is running a scam under the guise of online shopping Okay, this is a rant. I ordered a dress for my niece's birthday from mynta on june 2, 2026. This product was probably imported from china and i didnt have a problem coz this WAS a chinese style dress for little babies. It is from some YK brand. It was supposed to be delivered on 29th of june. On the 26th of june i started getting a little anxious as the order hadn't been shipped. And after raising tickets and a RESOUNDING call with the customer care executive, \**drumroll sounds*\*. My order was royally cancelled as the seller didnt import the product at all. Then they gave me a sorry coupon and i reordered 2 products for her (still within a window of her nearing birthday), 1 from H&M, which is getting delivered today, and another is still packed in a warehouse. Shipping date was 2nd july, today's the 5th, customer exec says we will deliver it by 8th (estimated delivery date). In 3 days?. WOW! Is myntra in a harry potter universe or something?  

And this problem is recurring and constant in myntra. There were so many instances where i had to collect my orders from the delivery warehouse. There was this time when i ordered pants for my spouse for the birthday last year and due to the same above reason i had to cancel the order. Then the same happened this year, product sat in the delivery warehouse for 3 days until i went in there and tackled them, it got delivered the next day. What is myntra doing? If they cant handle business better shut it down. 

\#myntrasucks😡","sale_discount, coupon_rewards, delivery, purchase_intent, customer_service",,customer_service,sale_discount; delivery; cancellation_refund,0.95,True
comment,MyntraSucks,t3_1uo2147,ovpehox,t1_ovowtoq,,1,,,"Oh my god, same! The warehouse location changed, i had to ask around and travel 7.5 kms in rain to tackle those guys just go get informed that they lock off deliveries after 1000 products everyday. So there's 99.9% chance of ur order being cancelled or sent back by the time they reach to ur order.","Myntra is running a scam under the guise of online shopping Okay, this is a rant. I ordered a dress for my niece's birthday from mynta on june 2, 2026. This product was probably imported from china and i didnt have a problem coz this WAS a chinese style dress for little babies. It is from some YK brand. It was supposed to be delivered on 29th of june. On the 26th of june i started getting a little anxious as the order hadn't been shipped. And after raising tickets and a RESOUNDING call with the customer care executive, \**drumroll sounds*\*. My order was royally cancelled as the seller didnt import the product at all. Then they gave me a sorry coupon and i reordered 2 products for her (still within a window of her nearing birthday), 1 from H&M, which is getting delivered today, and another is still packed in a warehouse. Shipping date was 2nd july, today's the 5th, customer exec says we will deliver it by 8th (estimated delivery date). In 3 days?. WOW! Is myntra in a harry potter universe or something?  

And this problem is recurring and constant in myntra. There were so many instances where i had to collect my orders from the delivery warehouse. There was this time when i ordered pants for my spouse for the birthday last year and due to the same above reason i had to cancel the order. Then the same happened this year, product sat in the delivery warehouse for 3 days until i went in there and tackled them, it got delivered the next day. What is myntra doing? If they cant handle business better shut it down. 

\#myntrasucks😡","coupon_rewards, delivery, purchase_intent, customer_service",,delivery,customer_service; cancellation_refund,0.95,True
comment,MyntraSucks,t3_1uo2147,ovpgdc5,t1_ovpehox,,1,,,"Ya i travelled far to get to the google address and then the workers informed me the location changed, they gave me some vague direction on the new location but they didn’t know for sure and it was very far so i decided to just cut my losses and uninstalled soon after ","Myntra is running a scam under the guise of online shopping Okay, this is a rant. I ordered a dress for my niece's birthday from mynta on june 2, 2026. This product was probably imported from china and i didnt have a problem coz this WAS a chinese style dress for little babies. It is from some YK brand. It was supposed to be delivered on 29th of june. On the 26th of june i started getting a little anxious as the order hadn't been shipped. And after raising tickets and a RESOUNDING call with the customer care executive, \**drumroll sounds*\*. My order was royally cancelled as the seller didnt import the product at all. Then they gave me a sorry coupon and i reordered 2 products for her (still within a window of her nearing birthday), 1 from H&M, which is getting delivered today, and another is still packed in a warehouse. Shipping date was 2nd july, today's the 5th, customer exec says we will deliver it by 8th (estimated delivery date). In 3 days?. WOW! Is myntra in a harry potter universe or something?  

And this problem is recurring and constant in myntra. There were so many instances where i had to collect my orders from the delivery warehouse. There was this time when i ordered pants for my spouse for the birthday last year and due to the same above reason i had to cancel the order. Then the same happened this year, product sat in the delivery warehouse for 3 days until i went in there and tackled them, it got delivered the next day. What is myntra doing? If they cant handle business better shut it down. 

\#myntrasucks😡","coupon_rewards, delivery, purchase_intent, customer_service",,delivery,customer_service; cancellation_refund,0.95,True
comment,MyntraSucks,t3_1uo2147,ovsoatv,t3_1uo2147,,1,,,"This seems to be an ubiquitous problem in the myntra warehouses. No valid address. Orders kept in hold for weeks and then cancelled and returned without calling or contacting the recipient. Their useless customer care and their 24 hours wait stretch on every call. Not even providing a warehouse address so that the shit is solved by waiting customers themselves. 

I had ordered gifts in pretty advance for some visiting relative kids from the last EORS sale and grabbed perfume at a pretty decent discount for myself. It took days to ship. Then everything stayed for more than 12 days in my city and later got canceled without any notice or msg. Made endless calls to Myntra helpline while being down with a fever myself. At the last moment had to run to the local market and go grab random gifts for them whereas earlier I had chosen as per kids likings and choices. I felt so bad about the whole situation. Never going to trust myntra especially for the gifts ever again.","Myntra is running a scam under the guise of online shopping Okay, this is a rant. I ordered a dress for my niece's birthday from mynta on june 2, 2026. This product was probably imported from china and i didnt have a problem coz this WAS a chinese style dress for little babies. It is from some YK brand. It was supposed to be delivered on 29th of june. On the 26th of june i started getting a little anxious as the order hadn't been shipped. And after raising tickets and a RESOUNDING call with the customer care executive, \**drumroll sounds*\*. My order was royally cancelled as the seller didnt import the product at all. Then they gave me a sorry coupon and i reordered 2 products for her (still within a window of her nearing birthday), 1 from H&M, which is getting delivered today, and another is still packed in a warehouse. Shipping date was 2nd july, today's the 5th, customer exec says we will deliver it by 8th (estimated delivery date). In 3 days?. WOW! Is myntra in a harry potter universe or something?  

And this problem is recurring and constant in myntra. There were so many instances where i had to collect my orders from the delivery warehouse. There was this time when i ordered pants for my spouse for the birthday last year and due to the same above reason i had to cancel the order. Then the same happened this year, product sat in the delivery warehouse for 3 days until i went in there and tackled them, it got delivered the next day. What is myntra doing? If they cant handle business better shut it down. 

\#myntrasucks😡","sale_discount, coupon_rewards, delivery, purchase_intent, customer_service",,delivery,customer_service; sale_discount; cancellation_refund,0.95,True
comment,MyntraSucks,t3_1uo2147,ovveenv,t3_1uo2147,,1,,,"They did the same during my birthday month.  
I was expecting to wear that dress on my birthday and suddenly one week before they canceled the order ","Myntra is running a scam under the guise of online shopping Okay, this is a rant. I ordered a dress for my niece's birthday from mynta on june 2, 2026. This product was probably imported from china and i didnt have a problem coz this WAS a chinese style dress for little babies. It is from some YK brand. It was supposed to be delivered on 29th of june. On the 26th of june i started getting a little anxious as the order hadn't been shipped. And after raising tickets and a RESOUNDING call with the customer care executive, \**drumroll sounds*\*. My order was royally cancelled as the seller didnt import the product at all. Then they gave me a sorry coupon and i reordered 2 products for her (still within a window of her nearing birthday), 1 from H&M, which is getting delivered today, and another is still packed in a warehouse. Shipping date was 2nd july, today's the 5th, customer exec says we will deliver it by 8th (estimated delivery date). In 3 days?. WOW! Is myntra in a harry potter universe or something?  

And this problem is recurring and constant in myntra. There were so many instances where i had to collect my orders from the delivery warehouse. There was this time when i ordered pants for my spouse for the birthday last year and due to the same above reason i had to cancel the order. Then the same happened this year, product sat in the delivery warehouse for 3 days until i went in there and tackled them, it got delivered the next day. What is myntra doing? If they cant handle business better shut it down. 

\#myntrasucks😡","coupon_rewards, delivery, purchase_intent, customer_service",,delivery,customer_service; cancellation_refund,0.95,True
post,,,t3_1rgycnf,,2026-02-28T09:29:21.000Z,19,19.0,Myntra inflated MRP scam,"I order the product -Bombae Shea butter hair removal cream from Myntra where it is listed with MRP of Rs 255. However, when I received the product, the MRP mentioned was Rs 199 (inclusive of all taxes)

Additionally, myntra separately charges platform  fee of Rs 23 on all orders.

Isn't charging above MRP comes under unfair trade practice?
Please suggest what can be done in this case.

Guys, Beware from ordering from Myntra , they have many such cases.
","Myntra inflated MRP scam I order the product -Bombae Shea butter hair removal cream from Myntra where it is listed with MRP of Rs 255. However, when I received the product, the MRP mentioned was Rs 199 (inclusive of all taxes)

Additionally, myntra separately charges platform  fee of Rs 23 on all orders.

Isn't charging above MRP comes under unfair trade practice?
Please suggest what can be done in this case.

Guys, Beware from ordering from Myntra , they have many such cases.
","delivery, purchase_intent",https://www.reddit.com/gallery/1rgycnf,other,,0.50,True
post,,,t3_1tw2ohx,,2026-06-03T21:05:22.000Z,9,9.0,Myntra coupons not showing ( even after buying VIP pass),,Myntra coupons not showing ( even after buying VIP pass) ,"coupon_rewards, purchase_intent",https://i.redd.it/qx89m66cs45h1.jpeg,other,,0.50,True
post,,,t3_1tqs7dv,,2026-05-29T05:34:59.000Z,3,3.0,Is it a good deal at Rs 1405? End of reason sale..,,Is it a good deal at Rs 1405? End of reason sale.. ,sale_discount,https://i.redd.it/ys70prggi04h1.jpeg,other,,0.00,False
post,,,t3_1sptri9,,2026-04-19T14:00:13.000Z,6,6.0,are these legit??,"are these legit? these are from stylecast and literally my type but ive seen some mixed reviews like some be getting literally a whole ahh diff product, some have a different color and style but there ARE ppl who got the SAME thing and i can see in some of the reviews the fit varies like ppl who got (waist) 30 in jeans they look more straight wide leg

and ppl who got less it looks more baggy. ive waist 26 ( most of these dont have that size) but im manifesting itd be better 

ifsmone has got denims from here leave a honest review😭🙏🙏
and are there any other apps aur stores that has jeans like this(but affordable obv)
","are these legit?? are these legit? these are from stylecast and literally my type but ive seen some mixed reviews like some be getting literally a whole ahh diff product, some have a different color and style but there ARE ppl who got the SAME thing and i can see in some of the reviews the fit varies like ppl who got (waist) 30 in jeans they look more straight wide leg

and ppl who got less it looks more baggy. ive waist 26 ( most of these dont have that size) but im manifesting itd be better 

ifsmone has got denims from here leave a honest review😭🙏🙏
and are there any other apps aur stores that has jeans like this(but affordable obv)
",product_quality,https://www.reddit.com/gallery/1sptri9,other,,0.00,False
comment,MyntraSucks,t3_1rgycnf,o7urgbk,t3_1rgycnf,,6,,,Disgusting Myntra 🤬,"Myntra inflated MRP scam I order the product -Bombae Shea butter hair removal cream from Myntra where it is listed with MRP of Rs 255. However, when I received the product, the MRP mentioned was Rs 199 (inclusive of all taxes)

Additionally, myntra separately charges platform  fee of Rs 23 on all orders.

Isn't charging above MRP comes under unfair trade practice?
Please suggest what can be done in this case.

Guys, Beware from ordering from Myntra , they have many such cases.
","delivery, purchase_intent",,other,,0.50,True
comment,MyntraSucks,t3_1rgycnf,o7uu1ra,t3_1rgycnf,,7,,,Plus they changed 23 rs platform fees and 10 rs for COD so total  33 rs,"Myntra inflated MRP scam I order the product -Bombae Shea butter hair removal cream from Myntra where it is listed with MRP of Rs 255. However, when I received the product, the MRP mentioned was Rs 199 (inclusive of all taxes)

Additionally, myntra separately charges platform  fee of Rs 23 on all orders.

Isn't charging above MRP comes under unfair trade practice?
Please suggest what can be done in this case.

Guys, Beware from ordering from Myntra , they have many such cases.
","delivery, purchase_intent",,other,,0.50,True
comment,MyntraSucks,t3_1rgycnf,o7v5vmv,t3_1rgycnf,,3,,,"I would suggest filing a complaint with consumer forum. It’s not just about a few ₹, it is illegal to charge more than mrp and if they try saying it was because of gst and all they should have pasted another sticker over this one and not just changed it online","Myntra inflated MRP scam I order the product -Bombae Shea butter hair removal cream from Myntra where it is listed with MRP of Rs 255. However, when I received the product, the MRP mentioned was Rs 199 (inclusive of all taxes)

Additionally, myntra separately charges platform  fee of Rs 23 on all orders.

Isn't charging above MRP comes under unfair trade practice?
Please suggest what can be done in this case.

Guys, Beware from ordering from Myntra , they have many such cases.
","delivery, purchase_intent, customer_service",,other,,0.50,True
comment,MyntraSucks,t3_1rgycnf,o811wy9,t3_1rgycnf,,2,,,Don't buy from the brand who's founder is a pos,"Myntra inflated MRP scam I order the product -Bombae Shea butter hair removal cream from Myntra where it is listed with MRP of Rs 255. However, when I received the product, the MRP mentioned was Rs 199 (inclusive of all taxes)

Additionally, myntra separately charges platform  fee of Rs 23 on all orders.

Isn't charging above MRP comes under unfair trade practice?
Please suggest what can be done in this case.

Guys, Beware from ordering from Myntra , they have many such cases.
","delivery, purchase_intent",,other,,0.50,True
comment,MyntraSucks,t3_1rgycnf,o85pwfd,t1_o811wy9,,1,,,Pos?,"Myntra inflated MRP scam I order the product -Bombae Shea butter hair removal cream from Myntra where it is listed with MRP of Rs 255. However, when I received the product, the MRP mentioned was Rs 199 (inclusive of all taxes)

Additionally, myntra separately charges platform  fee of Rs 23 on all orders.

Isn't charging above MRP comes under unfair trade practice?
Please suggest what can be done in this case.

Guys, Beware from ordering from Myntra , they have many such cases.
","delivery, purchase_intent",,other,,0.50,True
comment,MyntraSucks,t3_1rgycnf,o7vqxyc,t3_1rgycnf,,1,,,[removed],"Myntra inflated MRP scam I order the product -Bombae Shea butter hair removal cream from Myntra where it is listed with MRP of Rs 255. However, when I received the product, the MRP mentioned was Rs 199 (inclusive of all taxes)

Additionally, myntra separately charges platform  fee of Rs 23 on all orders.

Isn't charging above MRP comes under unfair trade practice?
Please suggest what can be done in this case.

Guys, Beware from ordering from Myntra , they have many such cases.
","delivery, purchase_intent",,other,,0.50,True
comment,MyntraSucks,t3_1rgycnf,o87bnxx,t3_1rgycnf,,1,,,remember to check the pricing from the og website as well,"Myntra inflated MRP scam I order the product -Bombae Shea butter hair removal cream from Myntra where it is listed with MRP of Rs 255. However, when I received the product, the MRP mentioned was Rs 199 (inclusive of all taxes)

Additionally, myntra separately charges platform  fee of Rs 23 on all orders.

Isn't charging above MRP comes under unfair trade practice?
Please suggest what can be done in this case.

Guys, Beware from ordering from Myntra , they have many such cases.
","delivery, purchase_intent",,other,,0.50,True
comment,MyntraSucks,t3_1rgycnf,o8bfy0x,t3_1rgycnf,,1,,,how’s the cream tho??,"Myntra inflated MRP scam I order the product -Bombae Shea butter hair removal cream from Myntra where it is listed with MRP of Rs 255. However, when I received the product, the MRP mentioned was Rs 199 (inclusive of all taxes)

Additionally, myntra separately charges platform  fee of Rs 23 on all orders.

Isn't charging above MRP comes under unfair trade practice?
Please suggest what can be done in this case.

Guys, Beware from ordering from Myntra , they have many such cases.
","delivery, purchase_intent",,other,,0.50,True
comment,MyntraSucks,t3_1tw2ohx,oplrq6a,t3_1tw2ohx,,3,,,Same!shit ass app and the fact that i bought even before sale started,Myntra coupons not showing ( even after buying VIP pass) ,"sale_discount, coupon_rewards, purchase_intent",,other,,0.50,True
comment,MyntraSucks,t3_1tw2ohx,opls4ph,t1_oplrq6a,,1,,,Me too and now idk what to do. ,Myntra coupons not showing ( even after buying VIP pass) ,"coupon_rewards, purchase_intent",,other,,0.50,True
comment,MyntraSucks,t3_1tw2ohx,oplsj2s,t1_opls4ph,,1,,,Btw what coupon are we supposed to get?10%off?,Myntra coupons not showing ( even after buying VIP pass) ,"coupon_rewards, purchase_intent",,other,,0.50,True
comment,MyntraSucks,t3_1tw2ohx,opnqp4y,t3_1tw2ohx,,2,,,I think the vip pass worked for 28th may because vip pass is supposed to give u access to the sale prior 29th because i shopped on 28th and i got 600rs vip coupons,Myntra coupons not showing ( even after buying VIP pass) ,"sale_discount, coupon_rewards, purchase_intent",,other,,0.50,True
comment,MyntraSucks,t3_1sptri9,oh32mw8,t3_1sptri9,,3,,,[removed],"are these legit?? are these legit? these are from stylecast and literally my type but ive seen some mixed reviews like some be getting literally a whole ahh diff product, some have a different color and style but there ARE ppl who got the SAME thing and i can see in some of the reviews the fit varies like ppl who got (waist) 30 in jeans they look more straight wide leg

and ppl who got less it looks more baggy. ive waist 26 ( most of these dont have that size) but im manifesting itd be better 

ifsmone has got denims from here leave a honest review😭🙏🙏
and are there any other apps aur stores that has jeans like this(but affordable obv)
",product_quality,,other,,0.00,False
comment,MyntraSucks,t3_1sptri9,oh3ptba,t1_oh32mw8,,2,,,im crineee😭😭😭...is there any other place where you can get jeans like this :=,"are these legit?? are these legit? these are from stylecast and literally my type but ive seen some mixed reviews like some be getting literally a whole ahh diff product, some have a different color and style but there ARE ppl who got the SAME thing and i can see in some of the reviews the fit varies like ppl who got (waist) 30 in jeans they look more straight wide leg

and ppl who got less it looks more baggy. ive waist 26 ( most of these dont have that size) but im manifesting itd be better 

ifsmone has got denims from here leave a honest review😭🙏🙏
and are there any other apps aur stores that has jeans like this(but affordable obv)
",product_quality,,other,,0.00,False
comment,MyntraSucks,t3_1sptri9,oh3sqol,t3_1sptri9,,1,,,Quality upar niche hogi ,"are these legit?? are these legit? these are from stylecast and literally my type but ive seen some mixed reviews like some be getting literally a whole ahh diff product, some have a different color and style but there ARE ppl who got the SAME thing and i can see in some of the reviews the fit varies like ppl who got (waist) 30 in jeans they look more straight wide leg

and ppl who got less it looks more baggy. ive waist 26 ( most of these dont have that size) but im manifesting itd be better 

ifsmone has got denims from here leave a honest review😭🙏🙏
and are there any other apps aur stores that has jeans like this(but affordable obv)
",product_quality,,other,,0.00,False
comment,MyntraSucks,t3_1sptri9,oh3su4p,t1_oh3sqol,,2,,,Try savana sis ,"are these legit?? are these legit? these are from stylecast and literally my type but ive seen some mixed reviews like some be getting literally a whole ahh diff product, some have a different color and style but there ARE ppl who got the SAME thing and i can see in some of the reviews the fit varies like ppl who got (waist) 30 in jeans they look more straight wide leg

and ppl who got less it looks more baggy. ive waist 26 ( most of these dont have that size) but im manifesting itd be better 

ifsmone has got denims from here leave a honest review😭🙏🙏
and are there any other apps aur stores that has jeans like this(but affordable obv)
",product_quality,,other,,0.00,False
comment,MyntraSucks,t3_1sptri9,ohswq0q,t1_oh3su4p,,1,,,it doesn't has the same EDGY kinda style:<,"are these legit?? are these legit? these are from stylecast and literally my type but ive seen some mixed reviews like some be getting literally a whole ahh diff product, some have a different color and style but there ARE ppl who got the SAME thing and i can see in some of the reviews the fit varies like ppl who got (waist) 30 in jeans they look more straight wide leg

and ppl who got less it looks more baggy. ive waist 26 ( most of these dont have that size) but im manifesting itd be better 

ifsmone has got denims from here leave a honest review😭🙏🙏
and are there any other apps aur stores that has jeans like this(but affordable obv)
",product_quality,,other,,0.00,False
comment,MyntraSucks,t3_1sptri9,ohudg9y,t1_ohswq0q,,1,,,I get it 😭😭,"are these legit?? are these legit? these are from stylecast and literally my type but ive seen some mixed reviews like some be getting literally a whole ahh diff product, some have a different color and style but there ARE ppl who got the SAME thing and i can see in some of the reviews the fit varies like ppl who got (waist) 30 in jeans they look more straight wide leg

and ppl who got less it looks more baggy. ive waist 26 ( most of these dont have that size) but im manifesting itd be better 

ifsmone has got denims from here leave a honest review😭🙏🙏
and are there any other apps aur stores that has jeans like this(but affordable obv)
",product_quality,,other,,0.00,False
comment,MyntraSucks,t3_1sptri9,oh416ko,t3_1sptri9,,1,,,Try savana or new me or urbanic..,"are these legit?? are these legit? these are from stylecast and literally my type but ive seen some mixed reviews like some be getting literally a whole ahh diff product, some have a different color and style but there ARE ppl who got the SAME thing and i can see in some of the reviews the fit varies like ppl who got (waist) 30 in jeans they look more straight wide leg

and ppl who got less it looks more baggy. ive waist 26 ( most of these dont have that size) but im manifesting itd be better 

ifsmone has got denims from here leave a honest review😭🙏🙏
and are there any other apps aur stores that has jeans like this(but affordable obv)
",product_quality,,other,,0.00,False
comment,MyntraSucks,t3_1sptri9,oh4o17u,t3_1sptri9,,1,,,Don’t risk it ,"are these legit?? are these legit? these are from stylecast and literally my type but ive seen some mixed reviews like some be getting literally a whole ahh diff product, some have a different color and style but there ARE ppl who got the SAME thing and i can see in some of the reviews the fit varies like ppl who got (waist) 30 in jeans they look more straight wide leg

and ppl who got less it looks more baggy. ive waist 26 ( most of these dont have that size) but im manifesting itd be better 

ifsmone has got denims from here leave a honest review😭🙏🙏
and are there any other apps aur stores that has jeans like this(but affordable obv)
",product_quality,,other,,0.00,False
comment,MyntraSucks,t3_1sptri9,ok4ivpr,t3_1sptri9,,1,,,Try yesstyle ,"are these legit?? are these legit? these are from stylecast and literally my type but ive seen some mixed reviews like some be getting literally a whole ahh diff product, some have a different color and style but there ARE ppl who got the SAME thing and i can see in some of the reviews the fit varies like ppl who got (waist) 30 in jeans they look more straight wide leg

and ppl who got less it looks more baggy. ive waist 26 ( most of these dont have that size) but im manifesting itd be better 

ifsmone has got denims from here leave a honest review😭🙏🙏
and are there any other apps aur stores that has jeans like this(but affordable obv)
",product_quality,,other,,0.00,False
comment,MyntraSucks,t3_1tqs7dv,ookzpau,t3_1tqs7dv,,1,,,Yes it is a great deal,Is it a good deal at Rs 1405? End of reason sale.. ,sale_discount,,other,,0.00,False
post,,,t3_1ptve3m,,2025-12-23T14:33:00.000Z,3,3.0,Received package with Items missing.,"I ordered this kurta set on myntra. The actual MRP is 1300 on max, i had coupons and cashback and i ended up paying only 500 for the order. I guess it was too good to be true, because those dumbasses did not send the kurta!!! There's only the pant and no tags on it. So i raised an issue and talked to the customer care which was a fucking hassle and they said they'll take return. However the ekart person who came to pickup the order said the kurta is missing ffs. I tried explaining the whole thing and i talked to customer care again and this time they said the pickup person will pick up the package and the refund will be reflected. 
So here's the thing, after going through this sub i highly doubt they'll give me a refund. So should i risk it and give away the package or just keep the pants? 
 The pant isn't damaged n'all, just that it's part of a set. Please help. Thanks! ","Received package with Items missing. I ordered this kurta set on myntra. The actual MRP is 1300 on max, i had coupons and cashback and i ended up paying only 500 for the order. I guess it was too good to be true, because those dumbasses did not send the kurta!!! There's only the pant and no tags on it. So i raised an issue and talked to the customer care which was a fucking hassle and they said they'll take return. However the ekart person who came to pickup the order said the kurta is missing ffs. I tried explaining the whole thing and i talked to customer care again and this time they said the pickup person will pick up the package and the refund will be reflected. 
So here's the thing, after going through this sub i highly doubt they'll give me a refund. So should i risk it and give away the package or just keep the pants? 
 The pant isn't damaged n'all, just that it's part of a set. Please help. Thanks! ","coupon_rewards, purchase_intent, customer_service",https://www.reddit.com/r/MyntraSucks/comments/1ptve3m/received_package_with_items_missing/,customer_service,delivery; cancellation_refund,0.95,True
post,,,t3_1t7ud2g,,2026-05-09T04:13:05.000Z,9,9.0,Why is Myntra Deducting Money on Refunds?,"Hi,

I ordered some products together through Myntra. Now, when I return one of the products from my order, an amount around 20-25₹ is deducted on it. Why is this happening? I didn't apply any coupon codes or order it via COD. Why don't I get the exact amount of the product as refund? I feel this is unfair Myntra. ","Why is Myntra Deducting Money on Refunds? Hi,

I ordered some products together through Myntra. Now, when I return one of the products from my order, an amount around 20-25₹ is deducted on it. Why is this happening? I didn't apply any coupon codes or order it via COD. Why don't I get the exact amount of the product as refund? I feel this is unfair Myntra. ","coupon_rewards, purchase_intent, customer_service",https://www.reddit.com/r/MyntraSucks/comments/1t7ud2g/why_is_myntra_deducting_money_on_refunds/,cancellation_refund,,0.85,True
comment,MyntraSucks,t3_1ptve3m,nvjtepa,t3_1ptve3m,,1,,,"Just ensure that when the package is handed over, the pickup agent marks it as picked up.","Received package with Items missing. I ordered this kurta set on myntra. The actual MRP is 1300 on max, i had coupons and cashback and i ended up paying only 500 for the order. I guess it was too good to be true, because those dumbasses did not send the kurta!!! There's only the pant and no tags on it. So i raised an issue and talked to the customer care which was a fucking hassle and they said they'll take return. However the ekart person who came to pickup the order said the kurta is missing ffs. I tried explaining the whole thing and i talked to customer care again and this time they said the pickup person will pick up the package and the refund will be reflected. 
So here's the thing, after going through this sub i highly doubt they'll give me a refund. So should i risk it and give away the package or just keep the pants? 
 The pant isn't damaged n'all, just that it's part of a set. Please help. Thanks! ","coupon_rewards, purchase_intent, customer_service",,customer_service,delivery; cancellation_refund,0.95,True
comment,MyntraSucks,t3_1ptve3m,nvkilhn,t3_1ptve3m,,1,,,"Dubara se customer care par call karke ye jarur bata dijega ki pickup ho gya Hai.... Around 1 week Tak apko customer care par issue raise karte rehna hai, tab jake apko refund milega..
Bohut dikkat hai in sab me 😥
Mujhe to two orders me tracksuit ki jagah fati hui jeans aur jacket ki jagah kisi bachche ka purana inner Bhej diya tha.....total around 5000 ka order tha.... bohut muskil se in logo ne refund Kiya....","Received package with Items missing. I ordered this kurta set on myntra. The actual MRP is 1300 on max, i had coupons and cashback and i ended up paying only 500 for the order. I guess it was too good to be true, because those dumbasses did not send the kurta!!! There's only the pant and no tags on it. So i raised an issue and talked to the customer care which was a fucking hassle and they said they'll take return. However the ekart person who came to pickup the order said the kurta is missing ffs. I tried explaining the whole thing and i talked to customer care again and this time they said the pickup person will pick up the package and the refund will be reflected. 
So here's the thing, after going through this sub i highly doubt they'll give me a refund. So should i risk it and give away the package or just keep the pants? 
 The pant isn't damaged n'all, just that it's part of a set. Please help. Thanks! ","coupon_rewards, purchase_intent, customer_service",,customer_service,delivery; cancellation_refund,0.95,True
comment,MyntraSucks,t3_1ptve3m,nw1rdo6,t3_1ptve3m,,1,,,"It’s strange the pick up person noticed Kurta was missing, the person in my area never check what I am giving him maybe just check the color, apart from that he never he even take the cloth out to verify","Received package with Items missing. I ordered this kurta set on myntra. The actual MRP is 1300 on max, i had coupons and cashback and i ended up paying only 500 for the order. I guess it was too good to be true, because those dumbasses did not send the kurta!!! There's only the pant and no tags on it. So i raised an issue and talked to the customer care which was a fucking hassle and they said they'll take return. However the ekart person who came to pickup the order said the kurta is missing ffs. I tried explaining the whole thing and i talked to customer care again and this time they said the pickup person will pick up the package and the refund will be reflected. 
So here's the thing, after going through this sub i highly doubt they'll give me a refund. So should i risk it and give away the package or just keep the pants? 
 The pant isn't damaged n'all, just that it's part of a set. Please help. Thanks! ","coupon_rewards, purchase_intent, customer_service",,customer_service,delivery; cancellation_refund,0.95,True
comment,MyntraSucks,t3_1t7ud2g,okrnha7,t3_1t7ud2g,,7,,,exact thing happened for me also i think its the the delivery fee of ₨ 23 ,"Why is Myntra Deducting Money on Refunds? Hi,

I ordered some products together through Myntra. Now, when I return one of the products from my order, an amount around 20-25₹ is deducted on it. Why is this happening? I didn't apply any coupon codes or order it via COD. Why don't I get the exact amount of the product as refund? I feel this is unfair Myntra. ","coupon_rewards, delivery, purchase_intent, customer_service",,cancellation_refund,,0.85,True
comment,MyntraSucks,t3_1t7ud2g,oksjg9r,t3_1t7ud2g,,7,,,That's why I use this hack - instead of return/exchange go for style exchange and get something in the equivalent/a little more amount . Your 23 wont go anywhere in it . Since I use myncash if I opt for a return it completely gets deducted as it expires in a week,"Why is Myntra Deducting Money on Refunds? Hi,

I ordered some products together through Myntra. Now, when I return one of the products from my order, an amount around 20-25₹ is deducted on it. Why is this happening? I didn't apply any coupon codes or order it via COD. Why don't I get the exact amount of the product as refund? I feel this is unfair Myntra. ","coupon_rewards, purchase_intent, customer_service",,coupon,cancellation_refund,0.85,True
comment,MyntraSucks,t3_1t7ud2g,okswn06,t1_oksjg9r,,1,,,"Got it..
Suppose the dress I ordered cost 1000₹, and the one I chose with style exchange costs 900₹. So what happens to the remaining 100₹? ","Why is Myntra Deducting Money on Refunds? Hi,

I ordered some products together through Myntra. Now, when I return one of the products from my order, an amount around 20-25₹ is deducted on it. Why is this happening? I didn't apply any coupon codes or order it via COD. Why don't I get the exact amount of the product as refund? I feel this is unfair Myntra. ","coupon_rewards, purchase_intent, customer_service",,cancellation_refund,,0.85,True
comment,MyntraSucks,t3_1t7ud2g,okyuam7,t1_oksjg9r,,1,,,Not sure if you're saying the same thing but if you use Myncash and then try to return the item the amount of myncash you use gets credited back to myncash only. You cannot get the myncash credited back as credit or back to source. ,"Why is Myntra Deducting Money on Refunds? Hi,

I ordered some products together through Myntra. Now, when I return one of the products from my order, an amount around 20-25₹ is deducted on it. Why is this happening? I didn't apply any coupon codes or order it via COD. Why don't I get the exact amount of the product as refund? I feel this is unfair Myntra. ","coupon_rewards, purchase_intent, customer_service",,coupon,cancellation_refund,0.85,True
comment,MyntraSucks,t3_1t7ud2g,okti6wj,t1_okswn06,,1,,,"After pickup of the old one and when the new one is delivered to you , the balance is refunded to your myntra credit mostly","Why is Myntra Deducting Money on Refunds? Hi,

I ordered some products together through Myntra. Now, when I return one of the products from my order, an amount around 20-25₹ is deducted on it. Why is this happening? I didn't apply any coupon codes or order it via COD. Why don't I get the exact amount of the product as refund? I feel this is unfair Myntra. ","coupon_rewards, delivery, purchase_intent, customer_service",,cancellation_refund,,0.85,True
comment,MyntraSucks,t3_1t7ud2g,okyug4b,t1_okyuam7,,1,,,Actually myncash is only valid for 7 days so the whole return process in my area takes around 5-6 days plus I gather as much myncash as I can and use it before expiry so whenever I return I dont get my myncash back in the myncash section,"Why is Myntra Deducting Money on Refunds? Hi,

I ordered some products together through Myntra. Now, when I return one of the products from my order, an amount around 20-25₹ is deducted on it. Why is this happening? I didn't apply any coupon codes or order it via COD. Why don't I get the exact amount of the product as refund? I feel this is unfair Myntra. ","coupon_rewards, purchase_intent, customer_service",,coupon,cancellation_refund,0.85,True
comment,MyntraSucks,t3_1t7ud2g,ol0ljp7,t1_okyug4b,,1,,,yeah i will also do the same thing ,"Why is Myntra Deducting Money on Refunds? Hi,

I ordered some products together through Myntra. Now, when I return one of the products from my order, an amount around 20-25₹ is deducted on it. Why is this happening? I didn't apply any coupon codes or order it via COD. Why don't I get the exact amount of the product as refund? I feel this is unfair Myntra. ","coupon_rewards, purchase_intent, customer_service",,cancellation_refund,,0.85,True
comment,MyntraSucks,t3_1t7ud2g,okrnht2,t3_1t7ud2g,,2,,,exact thing happened for me also i think its the the delivery fee of ₨ 23 ,"Why is Myntra Deducting Money on Refunds? Hi,

I ordered some products together through Myntra. Now, when I return one of the products from my order, an amount around 20-25₹ is deducted on it. Why is this happening? I didn't apply any coupon codes or order it via COD. Why don't I get the exact amount of the product as refund? I feel this is unfair Myntra. ","coupon_rewards, delivery, purchase_intent, customer_service",,cancellation_refund,,0.85,True
comment,MyntraSucks,t3_1t7ud2g,okry885,t3_1t7ud2g,,2,,,"It's the ""platform fee"" 

","Why is Myntra Deducting Money on Refunds? Hi,

I ordered some products together through Myntra. Now, when I return one of the products from my order, an amount around 20-25₹ is deducted on it. Why is this happening? I didn't apply any coupon codes or order it via COD. Why don't I get the exact amount of the product as refund? I feel this is unfair Myntra. ","coupon_rewards, purchase_intent, customer_service",,coupon,cancellation_refund,0.95,True
comment,MyntraSucks,t3_1t7ud2g,oks6p2z,t1_okry885,,2,,,"But what's the sense of charging the whole platform fee on the return of just one product? It feels really unfair. 

Is there a way to prevent this? Or should we stop ordering from Myntra?","Why is Myntra Deducting Money on Refunds? Hi,

I ordered some products together through Myntra. Now, when I return one of the products from my order, an amount around 20-25₹ is deducted on it. Why is this happening? I didn't apply any coupon codes or order it via COD. Why don't I get the exact amount of the product as refund? I feel this is unfair Myntra. ","coupon_rewards, purchase_intent, customer_service",,coupon,cancellation_refund,0.95,True
comment,MyntraSucks,t3_1t7ud2g,ol0j4zi,t3_1t7ud2g,,1,,,Myntra don't refund convenience fee it is mentioned at payment page I think so,"Why is Myntra Deducting Money on Refunds? Hi,

I ordered some products together through Myntra. Now, when I return one of the products from my order, an amount around 20-25₹ is deducted on it. Why is this happening? I didn't apply any coupon codes or order it via COD. Why don't I get the exact amount of the product as refund? I feel this is unfair Myntra. ","coupon_rewards, purchase_intent, customer_service",,cancellation_refund,,0.85,True
post,,,t3_1pi30k3,,2025-12-09T09:18:29.000Z,57,57.0,Does myntra wants me to order every stuff individually ? A dark pattern,"If im purchasing it all at once , the total is higer by at leat 500 rs. After applying coupon 
 
And if i order it one by one it totals to 3550 instead of 4200 , what do i do ? 

Pretty dumbass and a dark pattern by myntra if this is the case.","Does myntra wants me to order every stuff individually ? A dark pattern If im purchasing it all at once , the total is higer by at leat 500 rs. After applying coupon 
 
And if i order it one by one it totals to 3550 instead of 4200 , what do i do ? 

Pretty dumbass and a dark pattern by myntra if this is the case.","coupon_rewards, purchase_intent",https://www.reddit.com/gallery/1pi30k3,other,,0.50,True
post,,,t3_1pm6f65,,2025-12-14T05:36:39.000Z,31,31.0,NEED HELP | FRAUD BY MYNTRA,"I have ordered kalyan jewellers gold coin on 30 oct. 45 days ago, 1.25 lakh prepaid order. Still parcel is not delivered and customer care is everyday asking for 24 hours.

I am also elite member of myntra still they are not providing any updates.


Should i do police case?

#myntra #fraud #useless.
","NEED HELP | FRAUD BY MYNTRA I have ordered kalyan jewellers gold coin on 30 oct. 45 days ago, 1.25 lakh prepaid order. Still parcel is not delivered and customer care is everyday asking for 24 hours.

I am also elite member of myntra still they are not providing any updates.


Should i do police case?

#myntra #fraud #useless.
","delivery, purchase_intent, customer_service",https://www.reddit.com/gallery/1pm6f65,delivery,customer_service,0.95,True
post,,,t3_1oov1hp,,2025-11-05T05:53:59.000Z,3,3.0,Myncash is back lol,,Myncash is back lol ,coupon_rewards,https://i.redd.it/eyywoj23odzf1.jpeg,other,,0.00,False
comment,MyntraSucks,t3_1pi30k3,nt3922m,t3_1pi30k3,,4,,,How is platform fee free for you,"Does myntra wants me to order every stuff individually ? A dark pattern If im purchasing it all at once , the total is higer by at leat 500 rs. After applying coupon 
 
And if i order it one by one it totals to 3550 instead of 4200 , what do i do ? 

Pretty dumbass and a dark pattern by myntra if this is the case.","coupon_rewards, purchase_intent",,coupon,,0.95,True
comment,MyntraSucks,t3_1pi30k3,nt3ahhs,t1_nt3922m,,3,,,Lord knows bro but have you faced my problem too ? Is one by one ordering the way to go here?,"Does myntra wants me to order every stuff individually ? A dark pattern If im purchasing it all at once , the total is higer by at leat 500 rs. After applying coupon 
 
And if i order it one by one it totals to 3550 instead of 4200 , what do i do ? 

Pretty dumbass and a dark pattern by myntra if this is the case.","coupon_rewards, purchase_intent",,purchase_intent,,0.95,True
comment,MyntraSucks,t3_1pi30k3,nt3grxa,t1_nt3ahhs,,1,,,"There is some issue in your calculation

https://preview.redd.it/1hyeqktsy56g1.jpeg?width=1206&format=pjpg&auto=webp&s=b10f393d729118fe3191213510d41d1b15b63043","Does myntra wants me to order every stuff individually ? A dark pattern If im purchasing it all at once , the total is higer by at leat 500 rs. After applying coupon 
 
And if i order it one by one it totals to 3550 instead of 4200 , what do i do ? 

Pretty dumbass and a dark pattern by myntra if this is the case.","coupon_rewards, purchase_intent",,other,,0.50,True
comment,MyntraSucks,t3_1pi30k3,nt3hj8p,t1_nt3grxa,,2,,,"That is not what i calculated , this is the clumped together total , i removed all 3 items and added one by one to the bag and applied coupons and then added the individual prices on my calc. That is shown","Does myntra wants me to order every stuff individually ? A dark pattern If im purchasing it all at once , the total is higer by at leat 500 rs. After applying coupon 
 
And if i order it one by one it totals to 3550 instead of 4200 , what do i do ? 

Pretty dumbass and a dark pattern by myntra if this is the case.","coupon_rewards, delivery, purchase_intent",,other,,0.50,True
comment,MyntraSucks,t3_1pi30k3,nt3hp4p,t1_nt3hj8p,,2,,,"I did not got your point, the mrp shown here are wrong?","Does myntra wants me to order every stuff individually ? A dark pattern If im purchasing it all at once , the total is higer by at leat 500 rs. After applying coupon 
 
And if i order it one by one it totals to 3550 instead of 4200 , what do i do ? 

Pretty dumbass and a dark pattern by myntra if this is the case.","coupon_rewards, purchase_intent",,other,,0.50,True
comment,MyntraSucks,t3_1pi30k3,nt3i0fs,t1_nt3hj8p,,2,,,"Ok, but the coupon is one time use only , once you use it wil get disappeared, got your point","Does myntra wants me to order every stuff individually ? A dark pattern If im purchasing it all at once , the total is higer by at leat 500 rs. After applying coupon 
 
And if i order it one by one it totals to 3550 instead of 4200 , what do i do ? 

Pretty dumbass and a dark pattern by myntra if this is the case.","coupon_rewards, purchase_intent",,other,,0.50,True
comment,MyntraSucks,t3_1pi30k3,ntkpd27,t1_nt3hj8p,,1,,,"Coupon has upper limit for discount, If you add all 3 together, its reaching its max discount. So no further discount above Rs500.

When you add them individually, the coupon doesn't reach its max value. But its a one time use coupon and if you add the 3 coupon discounts when you add them individually, you are going above Rs500 which is the upper limit of this 1 time use coupon.","Does myntra wants me to order every stuff individually ? A dark pattern If im purchasing it all at once , the total is higer by at leat 500 rs. After applying coupon 
 
And if i order it one by one it totals to 3550 instead of 4200 , what do i do ? 

Pretty dumbass and a dark pattern by myntra if this is the case.","sale_discount, coupon_rewards, purchase_intent",,other,,0.50,True
comment,MyntraSucks,t3_1pi30k3,nt3icpc,t1_nt3hp4p,,2,,,"No the point is myntra shows 2 MRPs , one before applying coupon and one after  and theres a price difference of 650-700 rs if you order 3 together or 3 orders one by one","Does myntra wants me to order every stuff individually ? A dark pattern If im purchasing it all at once , the total is higer by at leat 500 rs. After applying coupon 
 
And if i order it one by one it totals to 3550 instead of 4200 , what do i do ? 

Pretty dumbass and a dark pattern by myntra if this is the case.","price_change, coupon_rewards, purchase_intent",,other,,0.50,True
comment,MyntraSucks,t3_1pi30k3,nt3d3t4,t3_1pi30k3,,3,,,Shame on Myntra for pulling this shit,"Does myntra wants me to order every stuff individually ? A dark pattern If im purchasing it all at once , the total is higer by at leat 500 rs. After applying coupon 
 
And if i order it one by one it totals to 3550 instead of 4200 , what do i do ? 

Pretty dumbass and a dark pattern by myntra if this is the case.","coupon_rewards, purchase_intent",,other,,0.50,True
comment,MyntraSucks,t3_1pi30k3,nt5il2f,t3_1pi30k3,,2,,,Some coupons are one time use only so if that's the case there might be an issue. If there's no limit to number of times you use a coupon then yea getting individually might be better. Same reason we sometimes split bigger zomato orders into 2 to get more discount. It's just math. Nothing myntra specific,"Does myntra wants me to order every stuff individually ? A dark pattern If im purchasing it all at once , the total is higer by at leat 500 rs. After applying coupon 
 
And if i order it one by one it totals to 3550 instead of 4200 , what do i do ? 

Pretty dumbass and a dark pattern by myntra if this is the case.","sale_discount, coupon_rewards, purchase_intent",,other,,0.50,True
comment,MyntraSucks,t3_1pi30k3,ntjt7pl,t3_1pi30k3,,2,,,Same issue on AJIO,"Does myntra wants me to order every stuff individually ? A dark pattern If im purchasing it all at once , the total is higer by at leat 500 rs. After applying coupon 
 
And if i order it one by one it totals to 3550 instead of 4200 , what do i do ? 

Pretty dumbass and a dark pattern by myntra if this is the case.","coupon_rewards, purchase_intent",,other,,0.50,True
comment,MyntraSucks,t3_1pi30k3,nty0jme,t3_1pi30k3,,2,,,I have been ordering with multiple carts for ages now.,"Does myntra wants me to order every stuff individually ? A dark pattern If im purchasing it all at once , the total is higer by at leat 500 rs. After applying coupon 
 
And if i order it one by one it totals to 3550 instead of 4200 , what do i do ? 

Pretty dumbass and a dark pattern by myntra if this is the case.","coupon_rewards, purchase_intent",,other,,0.50,True
comment,MyntraSucks,t3_1pi30k3,nt3d6xx,t3_1pi30k3,,1,,,The discount coupon you have used probably has a capped limit. You might not be able to use it 2 more times after you've already placed one order.,"Does myntra wants me to order every stuff individually ? A dark pattern If im purchasing it all at once , the total is higer by at leat 500 rs. After applying coupon 
 
And if i order it one by one it totals to 3550 instead of 4200 , what do i do ? 

Pretty dumbass and a dark pattern by myntra if this is the case.","sale_discount, coupon_rewards, purchase_intent",,other,,0.50,True
comment,MyntraSucks,t3_1pi30k3,nt3gvcw,t1_nt3d6xx,,1,,,Yeah you are right but its still better to order one by one as you get the 2nd best coupon after youve used the best one for first purchase which is just adding 50 extra rs .  To my 2nd order ....not 600-700 rs i.e if i buy em altogether!!,"Does myntra wants me to order every stuff individually ? A dark pattern If im purchasing it all at once , the total is higer by at leat 500 rs. After applying coupon 
 
And if i order it one by one it totals to 3550 instead of 4200 , what do i do ? 

Pretty dumbass and a dark pattern by myntra if this is the case.","coupon_rewards, purchase_intent",,other,,0.50,True
comment,MyntraSucks,t3_1pi30k3,ntskszs,t1_nt3gvcw,,1,,,Also some coupons are not applicable on some other garments ,"Does myntra wants me to order every stuff individually ? A dark pattern If im purchasing it all at once , the total is higer by at leat 500 rs. After applying coupon 
 
And if i order it one by one it totals to 3550 instead of 4200 , what do i do ? 

Pretty dumbass and a dark pattern by myntra if this is the case.","coupon_rewards, purchase_intent",,other,,0.50,True
comment,MyntraSucks,t3_1pi30k3,nt3wbxb,t3_1pi30k3,,1,,,I don’t see 839 mrp on either of those items ? Where did you get that number from in the calculator ?,"Does myntra wants me to order every stuff individually ? A dark pattern If im purchasing it all at once , the total is higer by at leat 500 rs. After applying coupon 
 
And if i order it one by one it totals to 3550 instead of 4200 , what do i do ? 

Pretty dumbass and a dark pattern by myntra if this is the case.","coupon_rewards, purchase_intent",,other,,0.50,True
comment,MyntraSucks,t3_1pi30k3,nt3xgdw,t1_nt3wbxb,,1,,,The 1199 decathlon jacket goes to 839 after applying coupon if bought individually,"Does myntra wants me to order every stuff individually ? A dark pattern If im purchasing it all at once , the total is higer by at leat 500 rs. After applying coupon 
 
And if i order it one by one it totals to 3550 instead of 4200 , what do i do ? 

Pretty dumbass and a dark pattern by myntra if this is the case.","coupon_rewards, purchase_intent",,other,,0.50,True
comment,MyntraSucks,t3_1pi30k3,nt3y4xj,t1_nt3xgdw,,1,,,Coupons are usually one time applicable per account. You can try placing separate orders 🤷🏻‍♀️ but not sure if the Same code can be applied to 2 orders back to back,"Does myntra wants me to order every stuff individually ? A dark pattern If im purchasing it all at once , the total is higer by at leat 500 rs. After applying coupon 
 
And if i order it one by one it totals to 3550 instead of 4200 , what do i do ? 

Pretty dumbass and a dark pattern by myntra if this is the case.","coupon_rewards, purchase_intent",,other,,0.50,True
comment,MyntraSucks,t3_1pi30k3,nt40ygz,t1_nt3y4xj,,1,,,You still get lot better deal on your 2nd order than if you buy altogether(atleast on my account) and then its just dumb tactics cuz Whats stopping me from ordering one by one on multiple accounts for better discounts? 15 mins of Time ?,"Does myntra wants me to order every stuff individually ? A dark pattern If im purchasing it all at once , the total is higer by at leat 500 rs. After applying coupon 
 
And if i order it one by one it totals to 3550 instead of 4200 , what do i do ? 

Pretty dumbass and a dark pattern by myntra if this is the case.","sale_discount, coupon_rewards, purchase_intent",,other,,0.50,True
comment,MyntraSucks,t3_1pi30k3,nt43qev,t1_nt40ygz,,1,,,"Dude if you are talking about Myntra500 coupon, I don’t think this is any tactic on Myntra’s part. If you order from 2 accounts you’ll get 500+500, one coupon per account. How is this deceitful ? There’s a cap of 500 on the coupon itself","Does myntra wants me to order every stuff individually ? A dark pattern If im purchasing it all at once , the total is higer by at leat 500 rs. After applying coupon 
 
And if i order it one by one it totals to 3550 instead of 4200 , what do i do ? 

Pretty dumbass and a dark pattern by myntra if this is the case.","coupon_rewards, purchase_intent",,other,,0.50,True
comment,MyntraSucks,t3_1pi30k3,nt458bc,t1_nt43qev,,1,,,"Actually i did purchase all the stuff on same account ordering one by one , the first order got the most discount  2nd order  i had to pay 60 rs. Extra and 3rd order i had to pay 90 extra , thats 150 rs extra i paid , when buying altogether it was 650 rs. xtra","Does myntra wants me to order every stuff individually ? A dark pattern If im purchasing it all at once , the total is higer by at leat 500 rs. After applying coupon 
 
And if i order it one by one it totals to 3550 instead of 4200 , what do i do ? 

Pretty dumbass and a dark pattern by myntra if this is the case.","sale_discount, coupon_rewards, purchase_intent",,other,,0.50,True
comment,MyntraSucks,t3_1pi30k3,nt52wi2,t3_1pi30k3,,1,,,"Thats a one time use coupon only, per account.","Does myntra wants me to order every stuff individually ? A dark pattern If im purchasing it all at once , the total is higer by at leat 500 rs. After applying coupon 
 
And if i order it one by one it totals to 3550 instead of 4200 , what do i do ? 

Pretty dumbass and a dark pattern by myntra if this is the case.","coupon_rewards, purchase_intent",,other,,0.50,True
comment,MyntraSucks,t3_1pi30k3,nt5vhzo,t3_1pi30k3,,1,,,"That's the trick! You either get coupon discount or you get bank discount.. you won't get both (which they advertise on the product page as ""get this for <price>""","Does myntra wants me to order every stuff individually ? A dark pattern If im purchasing it all at once , the total is higer by at leat 500 rs. After applying coupon 
 
And if i order it one by one it totals to 3550 instead of 4200 , what do i do ? 

Pretty dumbass and a dark pattern by myntra if this is the case.","sale_discount, coupon_rewards, purchase_intent",,other,,0.50,True
comment,MyntraSucks,t3_1pi30k3,nt5w8tr,t3_1pi30k3,,1,,,"What is dark pattern here?
Do you want them to have no capping on discount coupon?","Does myntra wants me to order every stuff individually ? A dark pattern If im purchasing it all at once , the total is higer by at leat 500 rs. After applying coupon 
 
And if i order it one by one it totals to 3550 instead of 4200 , what do i do ? 

Pretty dumbass and a dark pattern by myntra if this is the case.","sale_discount, coupon_rewards, purchase_intent",,other,,0.50,True
comment,MyntraSucks,t3_1pi30k3,nt8aqyu,t3_1pi30k3,,1,,,Did you check if the coupon is one time use or multiple time? Coz once you checkout the coupon can not be reused.,"Does myntra wants me to order every stuff individually ? A dark pattern If im purchasing it all at once , the total is higer by at leat 500 rs. After applying coupon 
 
And if i order it one by one it totals to 3550 instead of 4200 , what do i do ? 

Pretty dumbass and a dark pattern by myntra if this is the case.","coupon_rewards, purchase_intent",,other,,0.50,True
comment,MyntraSucks,t3_1pm6f65,ntxq55f,t3_1pm6f65,,7,,,[removed],"NEED HELP | FRAUD BY MYNTRA I have ordered kalyan jewellers gold coin on 30 oct. 45 days ago, 1.25 lakh prepaid order. Still parcel is not delivered and customer care is everyday asking for 24 hours.

I am also elite member of myntra still they are not providing any updates.


Should i do police case?

#myntra #fraud #useless.
","delivery, purchase_intent, customer_service",,delivery,customer_service,0.95,True
comment,MyntraSucks,t3_1pm6f65,ntxtdbt,t1_ntxq55f,,4,,,Sure. Thanks for your advice 👍,"NEED HELP | FRAUD BY MYNTRA I have ordered kalyan jewellers gold coin on 30 oct. 45 days ago, 1.25 lakh prepaid order. Still parcel is not delivered and customer care is everyday asking for 24 hours.

I am also elite member of myntra still they are not providing any updates.


Should i do police case?

#myntra #fraud #useless.
","delivery, purchase_intent, customer_service",,delivery,customer_service,0.95,True
comment,MyntraSucks,t3_1pm6f65,nukcpy8,t1_ntxq55f,,1,,,"Yes, be rude to the customer service person, who doesn't have any control over the company's policies.

Very room temperature IQ take.","NEED HELP | FRAUD BY MYNTRA I have ordered kalyan jewellers gold coin on 30 oct. 45 days ago, 1.25 lakh prepaid order. Still parcel is not delivered and customer care is everyday asking for 24 hours.

I am also elite member of myntra still they are not providing any updates.


Should i do police case?

#myntra #fraud #useless.
","delivery, purchase_intent, customer_service",,customer_service,delivery,0.95,True
comment,MyntraSucks,t3_1pm6f65,ntzznp1,t1_ntxtdbt,,1,,,"Yes. It is the only way, I think. I ordered a product, but I returned it the next day. On the app, it showed that they were not able to pick up the order and would try the next day. (I had the CCTV footage of the delivery boy picking it up.) After 4-5 calls, I started shouting and asking them to connect with the supervisor. I threatened them to take this on social media with the footage. They immediately transferred me to the customer head, and they gave me their customer grievance email. After mailing it, it got resolved in 2 days.","NEED HELP | FRAUD BY MYNTRA I have ordered kalyan jewellers gold coin on 30 oct. 45 days ago, 1.25 lakh prepaid order. Still parcel is not delivered and customer care is everyday asking for 24 hours.

I am also elite member of myntra still they are not providing any updates.


Should i do police case?

#myntra #fraud #useless.
","delivery, purchase_intent, customer_service",,customer_service,delivery,0.95,True
comment,MyntraSucks,t3_1pm6f65,nu0qzzy,t1_ntxtdbt,,1,,,Always threaten them that youd go to the consumer court. I got sm shit done just by saying that,"NEED HELP | FRAUD BY MYNTRA I have ordered kalyan jewellers gold coin on 30 oct. 45 days ago, 1.25 lakh prepaid order. Still parcel is not delivered and customer care is everyday asking for 24 hours.

I am also elite member of myntra still they are not providing any updates.


Should i do police case?

#myntra #fraud #useless.
","delivery, purchase_intent, customer_service",,delivery,customer_service,0.95,True
comment,MyntraSucks,t3_1pm6f65,ntxqgv5,t3_1pm6f65,,7,,,"They tell bluedart to reject the parcel, check bluedart tracking, what's it's showing","NEED HELP | FRAUD BY MYNTRA I have ordered kalyan jewellers gold coin on 30 oct. 45 days ago, 1.25 lakh prepaid order. Still parcel is not delivered and customer care is everyday asking for 24 hours.

I am also elite member of myntra still they are not providing any updates.


Should i do police case?

#myntra #fraud #useless.
","delivery, purchase_intent, customer_service",,delivery,customer_service,0.95,True
comment,MyntraSucks,t3_1pm6f65,ntxqbwf,t3_1pm6f65,,3,,,"Bro get this order cancelled, same issue my order was not getting delivered same place on 30th October kalyaan jewellers, even after multiple complaints no resolution, finally I asked to cancel, still took I week to even get refund. Kalyan is not delivering old gold orders as price has increased. 

Myntra customer support sucks. I learned my lessons not to trust myntra if delivery date is far. 

Get your order cancelled and get refund. No compunsation will be provided neither you will get your gold. 

If you want to keep waiting for another month and still get the same resolution, it up to you.","NEED HELP | FRAUD BY MYNTRA I have ordered kalyan jewellers gold coin on 30 oct. 45 days ago, 1.25 lakh prepaid order. Still parcel is not delivered and customer care is everyday asking for 24 hours.

I am also elite member of myntra still they are not providing any updates.


Should i do police case?

#myntra #fraud #useless.
","delivery, purchase_intent, customer_service",,delivery,customer_service; cancellation_refund,0.95,True
comment,MyntraSucks,t3_1pm6f65,ntxtm4a,t1_ntxqbwf,,2,,,Should i go to Consumer Protection Center for help?,"NEED HELP | FRAUD BY MYNTRA I have ordered kalyan jewellers gold coin on 30 oct. 45 days ago, 1.25 lakh prepaid order. Still parcel is not delivered and customer care is everyday asking for 24 hours.

I am also elite member of myntra still they are not providing any updates.


Should i do police case?

#myntra #fraud #useless.
","delivery, purchase_intent, customer_service",,delivery,customer_service,0.95,True
comment,MyntraSucks,t3_1pm6f65,ntxu7az,t1_ntxqbwf,,2,,,"Then it is fruad, because price is increased thats why they are not delivering and if price was decreased they will. It is loot from kalyan jewellers.","NEED HELP | FRAUD BY MYNTRA I have ordered kalyan jewellers gold coin on 30 oct. 45 days ago, 1.25 lakh prepaid order. Still parcel is not delivered and customer care is everyday asking for 24 hours.

I am also elite member of myntra still they are not providing any updates.


Should i do police case?

#myntra #fraud #useless.
","delivery, purchase_intent, customer_service",,delivery,customer_service,0.95,True
comment,MyntraSucks,t3_1pm6f65,ntycdof,t1_ntxqbwf,,1,,,"Myntra is such a sh*t company, I posted a review which I wanted to delete later, but there is no option in the app to delete your own review. Talked to their customer support and their team took 2 months to delete my review.","NEED HELP | FRAUD BY MYNTRA I have ordered kalyan jewellers gold coin on 30 oct. 45 days ago, 1.25 lakh prepaid order. Still parcel is not delivered and customer care is everyday asking for 24 hours.

I am also elite member of myntra still they are not providing any updates.


Should i do police case?

#myntra #fraud #useless.
","delivery, purchase_intent, customer_service",,customer_service,delivery,0.95,True
comment,MyntraSucks,t3_1pm6f65,ntxu54q,t1_ntxtm4a,,4,,,"Already did that, case pending since 20 days, they don't even bother to reply there and even if they reply it will be so vague, in the end you will bw forced to cancel only","NEED HELP | FRAUD BY MYNTRA I have ordered kalyan jewellers gold coin on 30 oct. 45 days ago, 1.25 lakh prepaid order. Still parcel is not delivered and customer care is everyday asking for 24 hours.

I am also elite member of myntra still they are not providing any updates.


Should i do police case?

#myntra #fraud #useless.
","delivery, purchase_intent, customer_service",,delivery,customer_service,0.95,True
comment,MyntraSucks,t3_1pm6f65,ntxucwl,t1_ntxu7az,,2,,,"Yes next time ensure a short delivery date then only order, these companies usually do this practice when rates increase","NEED HELP | FRAUD BY MYNTRA I have ordered kalyan jewellers gold coin on 30 oct. 45 days ago, 1.25 lakh prepaid order. Still parcel is not delivered and customer care is everyday asking for 24 hours.

I am also elite member of myntra still they are not providing any updates.


Should i do police case?

#myntra #fraud #useless.
","delivery, purchase_intent, customer_service",,delivery,customer_service,0.95,True
comment,MyntraSucks,t3_1pm6f65,ntxuech,t1_ntxu54q,,1,,,Ok,"NEED HELP | FRAUD BY MYNTRA I have ordered kalyan jewellers gold coin on 30 oct. 45 days ago, 1.25 lakh prepaid order. Still parcel is not delivered and customer care is everyday asking for 24 hours.

I am also elite member of myntra still they are not providing any updates.


Should i do police case?

#myntra #fraud #useless.
","delivery, purchase_intent, customer_service",,delivery,customer_service,0.95,True
comment,MyntraSucks,t3_1pm6f65,ntxum6j,t1_ntxucwl,,1,,,Ok,"NEED HELP | FRAUD BY MYNTRA I have ordered kalyan jewellers gold coin on 30 oct. 45 days ago, 1.25 lakh prepaid order. Still parcel is not delivered and customer care is everyday asking for 24 hours.

I am also elite member of myntra still they are not providing any updates.


Should i do police case?

#myntra #fraud #useless.
","delivery, purchase_intent, customer_service",,delivery,customer_service,0.95,True
comment,MyntraSucks,t3_1pm6f65,ntxu0sb,t3_1pm6f65,,3,,,"Tell them to cancel, they will take 5-7 days to cancel and initiate refund","NEED HELP | FRAUD BY MYNTRA I have ordered kalyan jewellers gold coin on 30 oct. 45 days ago, 1.25 lakh prepaid order. Still parcel is not delivered and customer care is everyday asking for 24 hours.

I am also elite member of myntra still they are not providing any updates.


Should i do police case?

#myntra #fraud #useless.
","delivery, purchase_intent, customer_service",,cancellation_refund,delivery; customer_service,0.95,True
comment,MyntraSucks,t3_1pm6f65,ntxubc3,t1_ntxu0sb,,1,,,Not able to cancel the order from app,"NEED HELP | FRAUD BY MYNTRA I have ordered kalyan jewellers gold coin on 30 oct. 45 days ago, 1.25 lakh prepaid order. Still parcel is not delivered and customer care is everyday asking for 24 hours.

I am also elite member of myntra still they are not providing any updates.


Should i do police case?

#myntra #fraud #useless.
","delivery, purchase_intent, customer_service",,delivery,customer_service,0.95,True
comment,MyntraSucks,t3_1pm6f65,ntxulia,t3_1pm6f65,,3,,,With so high prices and myntra and these jewellers taking money and bookings and then don't deliver is becoming a regular practice. I have stopped giving any orders for gold from online platforms for time being til rates stabilize,"NEED HELP | FRAUD BY MYNTRA I have ordered kalyan jewellers gold coin on 30 oct. 45 days ago, 1.25 lakh prepaid order. Still parcel is not delivered and customer care is everyday asking for 24 hours.

I am also elite member of myntra still they are not providing any updates.


Should i do police case?

#myntra #fraud #useless.
","delivery, purchase_intent, customer_service",,delivery,customer_service,0.95,True
comment,MyntraSucks,t3_1pm6f65,ntxxnc7,t3_1pm6f65,,3,,,"Just ask to cancel from Myntra.
Or call bluedart and say you will reject delivery so they can initiate return to sender themselves.

Give them hell. Get it cancelled. Mail them a cancellation email with reference number. Say something like 'Formal Cancellation of order xxxx due to indefinite delay in promised delivery'
Initiate refund, and on top of that, claim compensation for mental harassment and anxiety from Myntra as per Consumer Protection Rules 2020 and Consumer Protection Act.

Most importantly, do all of this on emails. If you have a phone call, ask them to send you an email confirming whatever is agreed between you and Myntra.
Written = Evidence.

Phone call = he said, she said.


NEVER FORGET.","NEED HELP | FRAUD BY MYNTRA I have ordered kalyan jewellers gold coin on 30 oct. 45 days ago, 1.25 lakh prepaid order. Still parcel is not delivered and customer care is everyday asking for 24 hours.

I am also elite member of myntra still they are not providing any updates.


Should i do police case?

#myntra #fraud #useless.
","delivery, purchase_intent, customer_service",,cancellation_refund,delivery; customer_service,0.95,True
comment,MyntraSucks,t3_1pm6f65,nty28kt,t1_ntxxnc7,,1,,,Thanks for your advice 👍 🙏,"NEED HELP | FRAUD BY MYNTRA I have ordered kalyan jewellers gold coin on 30 oct. 45 days ago, 1.25 lakh prepaid order. Still parcel is not delivered and customer care is everyday asking for 24 hours.

I am also elite member of myntra still they are not providing any updates.


Should i do police case?

#myntra #fraud #useless.
","delivery, purchase_intent, customer_service",,delivery,customer_service,0.95,True
comment,MyntraSucks,t3_1pm6f65,ntxtfpx,t3_1pm6f65,,2,,,You can cancel the order and they will refund,"NEED HELP | FRAUD BY MYNTRA I have ordered kalyan jewellers gold coin on 30 oct. 45 days ago, 1.25 lakh prepaid order. Still parcel is not delivered and customer care is everyday asking for 24 hours.

I am also elite member of myntra still they are not providing any updates.


Should i do police case?

#myntra #fraud #useless.
","delivery, purchase_intent, customer_service",,delivery,customer_service; cancellation_refund,0.95,True
comment,MyntraSucks,t3_1pm6f65,ntxtx6p,t1_ntxtfpx,,1,,,In app they are not allowing to cancel.,"NEED HELP | FRAUD BY MYNTRA I have ordered kalyan jewellers gold coin on 30 oct. 45 days ago, 1.25 lakh prepaid order. Still parcel is not delivered and customer care is everyday asking for 24 hours.

I am also elite member of myntra still they are not providing any updates.


Should i do police case?

#myntra #fraud #useless.
","delivery, purchase_intent, customer_service",,delivery,customer_service,0.95,True
comment,MyntraSucks,t3_1pm6f65,ntxuog1,t3_1pm6f65,,2,,,By the way what does bluedart tracking shows in your case??,"NEED HELP | FRAUD BY MYNTRA I have ordered kalyan jewellers gold coin on 30 oct. 45 days ago, 1.25 lakh prepaid order. Still parcel is not delivered and customer care is everyday asking for 24 hours.

I am also elite member of myntra still they are not providing any updates.


Should i do police case?

#myntra #fraud #useless.
","delivery, purchase_intent, customer_service",,delivery,customer_service,0.95,True
comment,MyntraSucks,t3_1pm6f65,ntxw5lz,t1_ntxuog1,,2,,,Rejected awb inscanned status,"NEED HELP | FRAUD BY MYNTRA I have ordered kalyan jewellers gold coin on 30 oct. 45 days ago, 1.25 lakh prepaid order. Still parcel is not delivered and customer care is everyday asking for 24 hours.

I am also elite member of myntra still they are not providing any updates.


Should i do police case?

#myntra #fraud #useless.
","delivery, purchase_intent, customer_service",,delivery,customer_service,0.95,True
comment,MyntraSucks,t3_1pm6f65,ntxwf05,t1_ntxw5lz,,3,,,"Then it won't be delivered by any means. Stop wasting time, just ask to cancel, new technique used by these guys recently","NEED HELP | FRAUD BY MYNTRA I have ordered kalyan jewellers gold coin on 30 oct. 45 days ago, 1.25 lakh prepaid order. Still parcel is not delivered and customer care is everyday asking for 24 hours.

I am also elite member of myntra still they are not providing any updates.


Should i do police case?

#myntra #fraud #useless.
","delivery, purchase_intent, customer_service",,delivery,customer_service,0.95,True
comment,MyntraSucks,t3_1pm6f65,nty209w,t3_1pm6f65,,2,,,"Write a mail to( ccmanager @ myntra . Com ) stating your issue, also mention at last ,if my order is not delivered in 1 week I will approach the national consumer helpline..
They will definitely help with it ,if no response or not delivered you can file complaint in NCH portal","NEED HELP | FRAUD BY MYNTRA I have ordered kalyan jewellers gold coin on 30 oct. 45 days ago, 1.25 lakh prepaid order. Still parcel is not delivered and customer care is everyday asking for 24 hours.

I am also elite member of myntra still they are not providing any updates.


Should i do police case?

#myntra #fraud #useless.
","delivery, purchase_intent, customer_service",,delivery,customer_service,0.95,True
comment,MyntraSucks,t3_1pm6f65,nty2aik,t1_nty209w,,1,,,Sure. Thanks,"NEED HELP | FRAUD BY MYNTRA I have ordered kalyan jewellers gold coin on 30 oct. 45 days ago, 1.25 lakh prepaid order. Still parcel is not delivered and customer care is everyday asking for 24 hours.

I am also elite member of myntra still they are not providing any updates.


Should i do police case?

#myntra #fraud #useless.
","delivery, purchase_intent, customer_service",,delivery,customer_service,0.95,True
comment,MyntraSucks,t3_1pm6f65,ntyf4ez,t3_1pm6f65,,2,,,"That’s a serious issue — a high-value prepaid order delayed this long qualifies as deficiency of service and potential breach of trust.

You can:

1. File a complaint at [consumerhelpline.gov.in](http://consumerhelpline.gov.in) with your order ID and screenshots.


2. If there’s still no response in 30 days, you can approach the local police’s cyber cell or District Consumer Commission.



You can also crosspost this on r/FlawtoFair — we help track verified e-commerce cases and guide users on next legal steps.","NEED HELP | FRAUD BY MYNTRA I have ordered kalyan jewellers gold coin on 30 oct. 45 days ago, 1.25 lakh prepaid order. Still parcel is not delivered and customer care is everyday asking for 24 hours.

I am also elite member of myntra still they are not providing any updates.


Should i do police case?

#myntra #fraud #useless.
","delivery, purchase_intent, customer_service",,delivery,customer_service,0.95,True
comment,MyntraSucks,t3_1pm6f65,ntz3bot,t1_ntyf4ez,,1,,,Sure,"NEED HELP | FRAUD BY MYNTRA I have ordered kalyan jewellers gold coin on 30 oct. 45 days ago, 1.25 lakh prepaid order. Still parcel is not delivered and customer care is everyday asking for 24 hours.

I am also elite member of myntra still they are not providing any updates.


Should i do police case?

#myntra #fraud #useless.
","delivery, purchase_intent, customer_service",,delivery,customer_service,0.95,True
comment,MyntraSucks,t3_1pm6f65,nty2vzn,t3_1pm6f65,,1,,,It happens when the package has been shipped to a different location or has been stolen,"NEED HELP | FRAUD BY MYNTRA I have ordered kalyan jewellers gold coin on 30 oct. 45 days ago, 1.25 lakh prepaid order. Still parcel is not delivered and customer care is everyday asking for 24 hours.

I am also elite member of myntra still they are not providing any updates.


Should i do police case?

#myntra #fraud #useless.
","delivery, purchase_intent, customer_service",,delivery,customer_service,0.95,True
comment,MyntraSucks,t3_1pm6f65,nty6i5l,t3_1pm6f65,,1,,,"No this a tactic used by kalyan and other companies, if u ask bluedart they will say kalyan never gave them the order and it's not with bluedart, they tell pickup guy to mark it as INSCAN rejected immediately after pickup and then it keeps stuck there for months, no action whatsoever, but the seller already has the package back from bluedart very next day","NEED HELP | FRAUD BY MYNTRA I have ordered kalyan jewellers gold coin on 30 oct. 45 days ago, 1.25 lakh prepaid order. Still parcel is not delivered and customer care is everyday asking for 24 hours.

I am also elite member of myntra still they are not providing any updates.


Should i do police case?

#myntra #fraud #useless.
","delivery, purchase_intent, customer_service",,delivery,customer_service,0.95,True
comment,MyntraSucks,t3_1oov1hp,nn6z30r,t3_1oov1hp,,5,,,"🤡

https://preview.redd.it/bjjrqd4qodzf1.jpeg?width=1170&format=pjpg&auto=webp&s=a78ab06274c6b9104e223c4d1ef283038dc764e4",Myncash is back lol ,coupon_rewards,,other,,0.00,False
comment,MyntraSucks,t3_1oov1hp,nn74z4k,t1_nn6z30r,,1,,,😭😭,Myncash is back lol ,coupon_rewards,,other,,0.00,False
comment,MyntraSucks,t3_1oov1hp,nn6z1zg,t3_1oov1hp,,3,,,"Yup it’s back 🥳🥳 calling these brands out works 🤗🤗

https://preview.redd.it/aupyj5lrodzf1.jpeg?width=1170&format=pjpg&auto=webp&s=e15a65102e404920a2cb6f59265ffdd51167867c",Myncash is back lol ,coupon_rewards,,other,,0.00,False
comment,MyntraSucks,t3_1oov1hp,nn7557b,t1_nn6z1zg,,1,,,Yess🎉,Myncash is back lol ,coupon_rewards,,other,,0.00,False
post,,,t3_1pexv5s,,2025-12-05T15:24:03.000Z,6,6.0,Waah Myntra Waah 😤🙄 on top it’s 30gm for 175 when u scroll down it becomes 10gm for 175 😬🙃,,Waah Myntra Waah 😤🙄 on top it’s 30gm for 175 when u scroll down it becomes 10gm for 175 😬🙃 ,,https://www.reddit.com/gallery/1pexv5s,other,,0.50,True
comment,MyntraSucks,t3_1pexv5s,nsg1w01,t3_1pexv5s,,2,,,Pagal bana raha myntra hume,Waah Myntra Waah 😤🙄 on top it’s 30gm for 175 when u scroll down it becomes 10gm for 175 😬🙃 ,,,other,,0.50,True
comment,MyntraSucks,t3_1pexv5s,nsgeyab,t1_nsg1w01,,1,,,Chu bana rahi h 😬,Waah Myntra Waah 😤🙄 on top it’s 30gm for 175 when u scroll down it becomes 10gm for 175 😬🙃 ,,,other,,0.50,True
