635d5742-6f30-4063-a2cf-dc69ec658fae,Ajio,Google Play,Review,https://play.google.com/store/apps/details?id=com.ril.ajio,Sonu Kids,2026-08-15 19:38:51,bad so bad 😡🤬🤬🤬,Ajio Google Play reviews,English
b4c3b07b-5a06-42a0-b38a-6268f12fca3e,Ajio,Google Play,Review,https://play.google.com/store/apps/details?id=com.ril.ajio,Abhay Niranjan,2026-08-15 19:36:59,good 😊💯,Ajio Google Play reviews,English
22c91c3c-dde2-4388-99c3-f8474637d93f,Ajio,Google Play,Review,https://play.google.com/store/apps/details?id=com.ril.ajio,ricky bawa,2026-08-15 19:33:04,good,Ajio Google Play reviews,English
c287a794-f287-407a-8bf0-66321dea9e66,Ajio,Google Play,Review,https://play.google.com/store/apps/details?id=com.ril.ajio,Sibam Kumar Maharana,2026-08-15 19:18:27,late delivery,Ajio Google Play reviews,English
54a017e3-0e8b-4a44-bb45-4eef91940b9b,Ajio,Google Play,Review,https://play.google.com/store/apps/details?id=com.ril.ajio,Mohd Mohsin,2026-08-15 19:14:39,good working,Ajio Google Play reviews,English
6d97f9f2-9341-46e9-bbbc-771c9c602082,Ajio,Google Play,Review,https://play.google.com/store/apps/details?id=com.ril.ajio,Sonal Malhotra,2026-08-15 19:14:14,best shopping app,Ajio Google Play reviews,English
9542155b-e0f8-4069-bcca-83acece1d29f,Ajio,Google Play,Review,https://play.google.com/store/apps/details?id=com.ril.ajio,Rohit Kumar,2026-08-15 19:06:39,Nice 👍👍,Ajio Google Play reviews,English
1db92b1e-c143-48de-b57c-53d9ed4e2010,Ajio,Google Play,Review,https://play.google.com/store/apps/details?id=com.ril.ajio,mohammed ghani,2026-08-15 18:38:26,very worst service not delivered any order after 10 days auto cancelled and refund amount take month company used our money growth him self,Ajio Google Play reviews,English
7155a11d-8b1c-4ba0-b507-768d7a1a2795,Ajio,Google Play,Review,https://play.google.com/store/apps/details?id=com.ril.ajio,Ranjithkumar O R,2026-08-15 18:30:19,super,Ajio Google Play reviews,English
bd918cab-799d-4ce6-9c42-4b29037acfca,Ajio,Google Play,Review,https://play.google.com/store/apps/details?id=com.ril.ajio,PRAVEEN KUMAR,2026-08-15 18:06:00,👍 good,Ajio Google Play reviews,English
543a14b6-1325-4cc8-81f9-57fa729a5253,Ajio,Google Play,Review,https://play.google.com/store/apps/details?id=com.ril.ajio,Yogesh Rikhari,2026-08-15 17:35:41,one of the worst apps. They haven't delivered my shirt for more than 20 days and cancellation isn't available 🤡,Ajio Google Play reviews,English
04be6fb5-e392-4609-96aa-e9a0a4fd75bb,Ajio,Google Play,Review,https://play.google.com/store/apps/details?id=com.ril.ajio,Tauqeer Ahmad,2026-08-15 17:35:36,good 👍,Ajio Google Play reviews,English
7128a689-adef-467f-b1f0-22e65232e61e,Ajio,Google Play,Review,https://play.google.com/store/apps/details?id=com.ril.ajio,Ajay Roat,2026-08-15 17:13:50,good,Ajio Google Play reviews,English
9b06862d-d89b-4933-8338-cec506966af3,Ajio,Google Play,Review,https://play.google.com/store/apps/details?id=com.ril.ajio,Minaxi Chaudhari,2026-08-15 17:12:38,yes best,Ajio Google Play reviews,English
3ef3a366-e68f-4171-8f5c-fbb9cacdcf73,Ajio,Google Play,Review,https://play.google.com/store/apps/details?id=com.ril.ajio,Sushmitha sudhakar,2026-08-15 16:38:11,good 👍,Ajio Google Play reviews,English
ea4e378c-dec3-4849-bc9a-1a5a15edf217,Ajio,Google Play,Review,https://play.google.com/store/apps/details?id=com.ril.ajio,Ayush Chaukarya,2026-08-15 16:35:39,worst app,Ajio Google Play reviews,English
bf8aa892-c95f-4fb6-98b5-668cffe2aef1,Ajio,Google Play,Review,https://play.google.com/store/apps/details?id=com.ril.ajio,vijay gharte,2026-08-15 16:31:16,थँक्स,Ajio Google Play reviews,English
8992ed64-53f1-41d7-a30a-35b8123dc57e,Ajio,Google Play,Review,https://play.google.com/store/apps/details?id=com.ril.ajio,Shivam Kumar,2026-08-15 16:16:34,best shopping app,Ajio Google Play reviews,English
7231cdb0-db0a-4ab6-8406-532367c8b789,Ajio,Google Play,Review,https://play.google.com/store/apps/details?id=com.ril.ajio,Akhileshwar Kumar,2026-08-15 16:14:44,good,Ajio Google Play reviews,English
c1959df1-be9c-4536-8b85-a8e6d4b86dff,Ajio,Google Play,Review,https://play.google.com/store/apps/details?id=com.ril.ajio,Ajay Thakor,2026-08-15 16:13:46,good,Ajio Google Play reviews,English
0c8d8d6e-fa2f-4073-98a7-8a19a6cdc668,Ajio,Google Play,Review,https://play.google.com/store/apps/details?id=com.ril.ajio,vishnu verma,2026-08-15 15:52:47,"The rate which is written on the product is never included in the rate, he asks for a higher rate than that.",Ajio Google Play reviews,English
95442f1c-1a06-4695-8a98-bb6e0319805e,Ajio,Google Play,Review,https://play.google.com/store/apps/details?id=com.ril.ajio,Bharat Mallaha,2026-08-15 15:52:16,good,Ajio Google Play reviews,English
adafb64a-3201-4340-a1e8-f949ce27f8d5,Ajio,Google Play,Review,https://play.google.com/store/apps/details?id=com.ril.ajio,Shanu Shanu,2026-08-15 15:34:33,good,Ajio Google Play reviews,English
bb2ac141-364a-4af8-a029-729965b21214,Ajio,Google Play,Review,https://play.google.com/store/apps/details?id=com.ril.ajio,Pruthiviraj,2026-08-15 14:59:43,i love ajio ..,Ajio Google Play reviews,English
f3ef0d16-a53f-4809-b13e-3d232e92e0d1,Ajio,Google Play,Review,https://play.google.com/store/apps/details?id=com.ril.ajio,bekomfort,2026-08-15 14:56:20,good,Ajio Google Play reviews,English
c701740f-cb57-48f8-9cec-d2743d7a03d2,Ajio,Google Play,Review,https://play.google.com/store/apps/details?id=com.ril.ajio,Praveen nath sisodiya,2026-08-15 14:47:51,👍,Ajio Google Play reviews,English
b173d4ee-a606-42cb-93e8-e05a3709cc3a,Ajio,Google Play,Review,https://play.google.com/store/apps/details?id=com.ril.ajio,Mir jeng Das,2026-08-15 14:22:46,nice,Ajio Google Play reviews,English
5459cec6-cb74-4d10-873d-b48dea7218a8,Ajio,Google Play,Review,https://play.google.com/store/apps/details?id=com.ril.ajio,Bojja Mallikarjuna,2026-08-15 14:14:49,👌,Ajio Google Play reviews,English
045743a1-808b-40e6-b414-df1e64a0cd75,Ajio,Google Play,Review,https://play.google.com/store/apps/details?id=com.ril.ajio,Anmol Semar,2026-08-15 14:13:17,good,Ajio Google Play reviews,English
b44a4884-30bf-4e1a-a191-28cebbc20a78,Ajio,Google Play,Review,https://play.google.com/store/apps/details?id=com.ril.ajio,Kuber kumar,2026-08-15 13:50:17,don't waste your time on this,Ajio Google Play reviews,English
d1428e33-88aa-4390-9bbe-c89382698327,Ajio,Google Play,Review,https://play.google.com/store/apps/details?id=com.ril.ajio,Srinivas Gadipelli,2026-08-15 13:48:02,nice collection,Ajio Google Play reviews,English
0e59be8a-3f5c-409e-a9e0-d2d8655f9083,Ajio,Google Play,Review,https://play.google.com/store/apps/details?id=com.ril.ajio,Mohan Kiran,2026-08-15 13:29:53,very poor payment interface,Ajio Google Play reviews,English
741a5137-5146-4627-b759-c0f8df04fa1b,Ajio,Google Play,Review,https://play.google.com/store/apps/details?id=com.ril.ajio,HARSH BHOY,2026-08-15 13:21:40,nice 👍🏻,Ajio Google Play reviews,English
948cecce-cb33-473d-91eb-bd3d58dbff6a,Ajio,Google Play,Review,https://play.google.com/store/apps/details?id=com.ril.ajio,Atharva Chaudhary,2026-08-15 13:14:24,tooo good,Ajio Google Play reviews,English
fe9b2b96-5518-4ede-9c49-46bdfc09527b,Ajio,Google Play,Review,https://play.google.com/store/apps/details?id=com.ril.ajio,Shaikappapurambashirunbi,2026-08-15 12:40:34,nice,Ajio Google Play reviews,English
2c76e89a-6ff1-4f0e-89f4-adb79037b04c,Ajio,Google Play,Review,https://play.google.com/store/apps/details?id=com.ril.ajio,Maong Imchen,2026-08-15 12:36:54,Probably the most bugged shopping app in Play Store.,Ajio Google Play reviews,English
0f4b60e3-d2f3-4e42-bcb5-097b02b18378,Ajio,Google Play,Review,https://play.google.com/store/apps/details?id=com.ril.ajio,abhijeet kamble,2026-08-15 12:26:10,happy,Ajio Google Play reviews,English
a846fb63-cd0f-4896-a0cc-feae355e9a69,Ajio,Google Play,Review,https://play.google.com/store/apps/details?id=com.ril.ajio,Dasari Sunny,2026-08-15 12:13:51,Nice,Ajio Google Play reviews,English
7cf3aba5-b5de-4e10-9dbb-75c5c699c899,Ajio,Google Play,Review,https://play.google.com/store/apps/details?id=com.ril.ajio,Saddam Patel,2026-08-15 12:05:00,ajio ke ander 15 20 ho jate to bhi refund nahi milta hai aur bekar app hai,Ajio Google Play reviews,English
e48ff420-da9f-4884-a69a-426157bb3090,Ajio,Google Play,Review,https://play.google.com/store/apps/details?id=com.ril.ajio,Pancham Newar,2026-08-15 12:03:45,full lagging,Ajio Google Play reviews,English
0d9ca787-afc4-47c5-adc3-494f880f502f,Ajio,Google Play,Review,https://play.google.com/store/apps/details?id=com.ril.ajio,Kriti Tandan,2026-08-15 11:57:45,good 👍,Ajio Google Play reviews,English
c61f05ff-a32e-473e-af69-d2dc54441cc2,Ajio,Google Play,Review,https://play.google.com/store/apps/details?id=com.ril.ajio,Akshansh Yadav,2026-08-15 11:49:35,👍,Ajio Google Play reviews,English
7bbe4e92-3866-4baa-b4ee-9801bb8c3c6d,Ajio,Google Play,Review,https://play.google.com/store/apps/details?id=com.ril.ajio,rakesh rahangdale,2026-08-15 11:45:11,good,Ajio Google Play reviews,English
eae84e6c-2b2d-4277-8e63-05e19da9ff78,Ajio,Google Play,Review,https://play.google.com/store/apps/details?id=com.ril.ajio,Manjay Rishi,2026-08-15 11:43:10,♥️♥️♥️,Ajio Google Play reviews,English
ad68564d-4981-4e29-964f-250d2d3d0297,Ajio,Google Play,Review,https://play.google.com/store/apps/details?id=com.ril.ajio,dipak nikam,2026-08-15 11:22:15,super,Ajio Google Play reviews,English
8dff885b-e34d-4c0f-a650-4ef1901e6f76,Ajio,Google Play,Review,https://play.google.com/store/apps/details?id=com.ril.ajio,Prachi Vaghela,2026-08-15 11:02:00,this is a scam you will order something and they will deliver something else you cannot exchange it because they will not let you do that and can't return also if you return their product the refund will never come back and you can't tell them your problem also because THEY JUST DON'T LISTEN!! it is clearly a scam after ordering any product you just can't get that or exchange or return they don't coordinate with costomers. never use this app it is horrible!,Ajio Google Play reviews,English
a0d614e1-e13e-40d7-a360-f43b8e1b3a6a,Ajio,Google Play,Review,https://play.google.com/store/apps/details?id=com.ril.ajio,Raj Singh,2026-08-15 10:48:46,good,Ajio Google Play reviews,English
c0bc4bec-593a-4acc-8487-5b67a7d74037,Ajio,Google Play,Review,https://play.google.com/store/apps/details?id=com.ril.ajio,Saheb Nawajul Haque,2026-08-15 10:41:22,cod not available,Ajio Google Play reviews,English
448786ee-008d-4cc4-93ac-abc7c9614023,Ajio,Google Play,Review,https://play.google.com/store/apps/details?id=com.ril.ajio,Tejaswini Ghan Kulkarni,2026-08-15 10:40:51,"Worst Experience Worst experience with AJIO! I neither received my product nor was I able to cancel the order. I tried contacting customer care multiple times, but they were unable to provide any proper help or resolution. Around ₹2,000 is stuck/lost because of this issue. Very disappointing customer service and extremely frustrating experience. I expected much better from AJIO. I would not recommend AJIO based on this experience.",Ajio Google Play reviews,English
6ea845c8-b94b-446a-803d-5404591c309d,Ajio,Google Play,Review,https://play.google.com/store/apps/details?id=com.ril.ajio,Avinash Dahifale,2026-08-15 10:19:00,this app refund policy is very very badd I am very disappointed ☹️💔,Ajio Google Play reviews,English
5ee7015c-29f9-4a1d-8d4d-14d94bbf422b,Ajio,Google Play,Review,https://play.google.com/store/apps/details?id=com.ril.ajio,OTR Stepgas,2026-08-15 10:12:27,nice quality normal price and ajio ❤️👍,Ajio Google Play reviews,English
40517056-f82d-4fe0-a46c-b57c930e2c60,Ajio,Google Play,Review,https://play.google.com/store/apps/details?id=com.ril.ajio,PRASHANT KUMAR,2026-08-15 10:12:21,good,Ajio Google Play reviews,English
3ee9d3a5-a871-439a-9dec-be0150dce226,Ajio,Google Play,Review,https://play.google.com/store/apps/details?id=com.ril.ajio,Naral Bhaskar,2026-08-15 09:42:35,good value,Ajio Google Play reviews,English
38f4cecb-2dc7-4605-82dd-dfc6ea21141f,Ajio,Google Play,Review,https://play.google.com/store/apps/details?id=com.ril.ajio,Jamila Rahim,2026-08-15 09:39:09,upi option doesn't work and also union bank card also not working. please check upi option and rectify it,Ajio Google Play reviews,English
243a737c-0be3-4edc-b8e2-632db27bde93,Ajio,Google Play,Review,https://play.google.com/store/apps/details?id=com.ril.ajio,Amreen Shariff,2026-08-15 09:09:55,nt bad,Ajio Google Play reviews,English
fb0677ae-4fc2-4654-a294-137db6a195ee,Ajio,Google Play,Review,https://play.google.com/store/apps/details?id=com.ril.ajio,Chanduchandu Pamena,2026-08-15 09:08:19,nice super,Ajio Google Play reviews,English
d8afba87-6143-4256-a4af-1e170bc86caf,Ajio,Google Play,Review,https://play.google.com/store/apps/details?id=com.ril.ajio,Chethan Chethu,2026-08-15 08:40:51,good product..😀👍,Ajio Google Play reviews,English
25e541f2-24f1-4fb0-b6ba-6ab3f5bac6c2,Ajio,Google Play,Review,https://play.google.com/store/apps/details?id=com.ril.ajio,Sachin Bhakare,2026-08-15 07:56:41,ajio ki product quality ekdam bekar hai,Ajio Google Play reviews,English
2d73e84e-91d9-4cce-ab41-9edd48248334,Ajio,Google Play,Review,https://play.google.com/store/apps/details?id=com.ril.ajio,Dinesh Dhakad,2026-08-15 07:51:33,best service,Ajio Google Play reviews,English
f82281fd-6f1c-4519-8753-02894b4f72f7,Ajio,Google Play,Review,https://play.google.com/store/apps/details?id=com.ril.ajio,Vinit Kumar,2026-08-15 07:47:20,aacha hai,Ajio Google Play reviews,English
05ca40ca-5413-4b54-b70e-445ef89451b8,Ajio,Google Play,Review,https://play.google.com/store/apps/details?id=com.ril.ajio,Sarwar Khalid,2026-08-15 07:32:44,very good,Ajio Google Play reviews,English
ad306083-e5a3-40db-9f55-a4d68fb51ac5,Ajio,Google Play,Review,https://play.google.com/store/apps/details?id=com.ril.ajio,lakshminarayana challa,2026-08-15 07:09:54,excellent offers,Ajio Google Play reviews,English
d9c2d68d-4295-4739-a84c-674961df9ebb,Ajio,Google Play,Review,https://play.google.com/store/apps/details?id=com.ril.ajio,Nitesh Subba,2026-08-15 03:39:16,Product are showing in good quality so this is my first order by ajio so I am excited to receive my parcel,Ajio Google Play reviews,English
6feb483c-78a5-4bff-b540-3101ad01513f,Ajio,Google Play,Review,https://play.google.com/store/apps/details?id=com.ril.ajio,Konduru Mukesh,2026-08-15 01:30:08,good,Ajio Google Play reviews,English
330971c7-5b96-4d1b-84e7-c3e905199631,Ajio,Google Play,Review,https://play.google.com/store/apps/details?id=com.ril.ajio,Dr.Shrinivas D Shinde,2026-08-15 01:09:37,"this app is very slow I always avoid using this app and website, poor UI",Ajio Google Play reviews,English
408f0cfe-29ab-4333-a9ee-fd13c038300d,Ajio,Google Play,Review,https://play.google.com/store/apps/details?id=com.ril.ajio,priyanka jawale,2026-08-15 00:56:50,very pathetic app and service I had ordered few tops from ajio at first they delayed delivery every single day and they couldn't delivered the product so they only decide to cancel without intimate me and same day thankfully they refunded never gone suggest this app i wasted my time on this app so uninstall it already,Ajio Google Play reviews,English
ac0fbea7-8adc-4e4d-a294-aa01ab9bcb52,Ajio,Google Play,Review,https://play.google.com/store/apps/details?id=com.ril.ajio,Harpreet Singh,2026-08-15 00:43:46,Good experience ❤️💯,Ajio Google Play reviews,English
e1ab6aac-7fa2-4faf-9027-7fa33865ea2f,Ajio,Google Play,Review,https://play.google.com/store/apps/details?id=com.ril.ajio,Aleek Saha,2026-08-15 00:09:08,Just awsome deal,Ajio Google Play reviews,English
55ee8b08-e118-4be0-91ab-eb136126fcd4,Ajio,Google Play,Review,https://play.google.com/store/apps/details?id=com.ril.ajio,Angou Oinam,2026-08-15 00:05:39,it is my first order. thanks for cod delivery confirm,Ajio Google Play reviews,English
3d109fe3-ad92-40f5-afcc-3eebe4142f68,Ajio,Google Play,Review,https://play.google.com/store/apps/details?id=com.ril.ajio,shraddha nagul,2026-08-15 00:05:36,Amazing Products,Ajio Google Play reviews,English
da0b53f1-36a7-4ffa-89ba-f65623e69894,Ajio,Google Play,Review,https://play.google.com/store/apps/details?id=com.ril.ajio,Aneesa P,2026-08-15 00:00:39,good,Ajio Google Play reviews,English
5d810ef0-a6c8-4145-8893-57996936bb5c,Ajio,Google Play,Review,https://play.google.com/store/apps/details?id=com.ril.ajio,Subhampradhan,2026-08-14 23:48:27,nice app,Ajio Google Play reviews,English
620d4fdf-e830-4aa6-9fb5-bdaec30c7f7c,Ajio,Google Play,Review,https://play.google.com/store/apps/details?id=com.ril.ajio,Debratan Karmakar,2026-08-14 23:48:09,awesome,Ajio Google Play reviews,English
2d7723dc-0cd8-4a47-b40b-ab5f6e6b02ff,Ajio,Google Play,Review,https://play.google.com/store/apps/details?id=com.ril.ajio,Chauhan Dasharath,2026-08-14 23:35:41,supar,Ajio Google Play reviews,English
2d37cd62-5801-4ac0-a5d4-0748190e7fc5,Ajio,Google Play,Review,https://play.google.com/store/apps/details?id=com.ril.ajio,Prajina O P,2026-08-14 23:25:35,when ever you write a bad review you wi get feedback submission failed due to technical issue. what an idea👎👎👎,Ajio Google Play reviews,English
6436e6ca-a868-43c7-8115-5b1971ed26a4,Ajio,Google Play,Review,https://play.google.com/store/apps/details?id=com.ril.ajio,Brahmananda Sahoo,2026-08-14 23:25:18,Very very scammed app..Don't order from this app..It has no delivery and very very poor customer service.Scammed me in my order and also not get refund.,Ajio Google Play reviews,English
8e56629f-afac-4c2b-9465-6b99441ab551,Ajio,Google Play,Review,https://play.google.com/store/apps/details?id=com.ril.ajio,Hdtji Fuihfd,2026-08-14 23:04:12,very good,Ajio Google Play reviews,English
8b8b1a88-73a6-4e66-a5c0-2fbae2831c00,Ajio,Google Play,Review,https://play.google.com/store/apps/details?id=com.ril.ajio,Amit Gawali,2026-08-14 22:45:34,good 👍,Ajio Google Play reviews,English
11a444d2-cb44-46e5-9fe1-183649cbab5c,Ajio,Google Play,Review,https://play.google.com/store/apps/details?id=com.ril.ajio,Dinabandhu Kanar,2026-08-14 22:26:17,good,Ajio Google Play reviews,English
f308abac-26f2-41cf-9452-a3f91e325586,Ajio,Google Play,Review,https://play.google.com/store/apps/details?id=com.ril.ajio,Sumittrader Holiwala,2026-08-14 22:21:16,Some hidden charges,Ajio Google Play reviews,English
34fc51e3-7ef2-425e-b073-4f2b5716e802,Ajio,Google Play,Review,https://play.google.com/store/apps/details?id=com.ril.ajio,Ranajit Barat,2026-08-14 22:17:08,good,Ajio Google Play reviews,English
c0464474-c8d5-4f0e-88e8-31394797fbe1,Ajio,Google Play,Review,https://play.google.com/store/apps/details?id=com.ril.ajio,Krishna kumar Singh,2026-08-14 22:07:59,so nice kucchu pucchu,Ajio Google Play reviews,English
56e49fef-7bac-4f50-a27d-9a50abf33461,Ajio,Google Play,Review,https://play.google.com/store/apps/details?id=com.ril.ajio,tulika singh,2026-08-14 21:51:00,ok,Ajio Google Play reviews,English
33ca6ac3-43d8-44e0-b736-35c6f1ac1b2d,Ajio,Google Play,Review,https://play.google.com/store/apps/details?id=com.ril.ajio,shobha vastarpara,2026-08-14 21:41:12,fine 👌,Ajio Google Play reviews,English
9e016e81-157f-4b10-b23c-cef5477dd282,Ajio,Google Play,Review,https://play.google.com/store/apps/details?id=com.ril.ajio,Jashwanthyadav Jashwanthyadav,2026-08-14 21:30:47,5 star,Ajio Google Play reviews,English
31a0d8ac-10fc-4cdf-bc4c-a0f8150e1783,Ajio,Google Play,Review,https://play.google.com/store/apps/details?id=com.ril.ajio,Shailesh Parmar,2026-08-14 21:28:58,mast 1 number hup..... halde .....,Ajio Google Play reviews,English
b9259900-8fa3-4ec9-b6a6-f7ebc0611349,Ajio,Google Play,Review,https://play.google.com/store/apps/details?id=com.ril.ajio,Kalyan,2026-08-14 21:25:29,🥰,Ajio Google Play reviews,English
8be2f080-2f94-4b4d-8f16-157aacc3f420,Ajio,Google Play,Review,https://play.google.com/store/apps/details?id=com.ril.ajio,Fardil Ashik,2026-08-14 21:24:51,very good,Ajio Google Play reviews,English
0d2c584b-4ab7-4442-9e63-4462def585af,Ajio,Google Play,Review,https://play.google.com/store/apps/details?id=com.ril.ajio,pravin Kawade,2026-08-14 21:09:38,bestttttttttt,Ajio Google Play reviews,English
456fb882-21db-4473-a330-85f733ba70ea,Ajio,Google Play,Review,https://play.google.com/store/apps/details?id=com.ril.ajio,Mohd Saqib,2026-08-14 21:05:04,very good 👍😊,Ajio Google Play reviews,English
bdd0ac31-5b9e-4af7-8a85-2c55d251d11c,Ajio,Google Play,Review,https://play.google.com/store/apps/details?id=com.ril.ajio,ravi tyagi,2026-08-14 21:04:49,i used to like shopping with Ajio but now it has became worst...,Ajio Google Play reviews,English
02ea17a5-2f03-4a64-9e34-6a3cb01e069a,Ajio,Google Play,Review,https://play.google.com/store/apps/details?id=com.ril.ajio,Bhavish R Billa,2026-08-14 20:57:28,super,Ajio Google Play reviews,English
e6d660ab-afa3-4a43-a2ea-ec985492d739,Ajio,Google Play,Review,https://play.google.com/store/apps/details?id=com.ril.ajio,Ravi Prasad S,2026-08-14 20:57:00,I am using app more than 4 years and I have purchasing my dress mostly here but I don't for last 4+ months the product price in product list page showing one price if click inside same product shows different price or sometimes showing out of stock most of the category is the same I also updated app restarted no change so I am writing here to kindly review the product list page and product page,Ajio Google Play reviews,English
a453f986-4088-4f33-8656-8d599bb5a214,Ajio,Google Play,Review,https://play.google.com/store/apps/details?id=com.ril.ajio,Sonu Batham,2026-08-14 20:17:40,good,Ajio Google Play reviews,English
6be5e9dc-3e74-4914-8127-f833ef3ff38d,Ajio,Google Play,Review,https://play.google.com/store/apps/details?id=com.ril.ajio,rakesh kumar,2026-08-14 20:08:21,good,Ajio Google Play reviews,English
34c1b288-3bda-4af9-a02a-9534aafd7cbf,Ajio,Google Play,Review,https://play.google.com/store/apps/details?id=com.ril.ajio,Shiv Borse,2026-08-14 19:51:30,Nice 👍👍,Ajio Google Play reviews,English
4a08895e-e95d-4df5-9ddd-7edd23a66622,Ajio,Google Play,Review,https://play.google.com/store/apps/details?id=com.ril.ajio,Tanvi Jamblekar,2026-08-14 19:42:21,ajio is perfect for shopping,Ajio Google Play reviews,English
18a22649-0596-4b19-89e4-d975256a9eb6,Ajio,Google Play,Review,https://play.google.com/store/apps/details?id=com.ril.ajio,Krishna Pardeshi Jr Kg,2026-08-14 19:31:53,lets see after receiving the order,Ajio Google Play reviews,English
7077a1e1-6ef4-4a83-9576-2f407110b71b,Ajio,Google Play,Review,https://play.google.com/store/apps/details?id=com.ril.ajio,MAHALAKSHMI DURGA HANUSVI PENNADA,2026-08-14 18:58:35,worst customer care and delivery services and the delay of delivery was three days due to delay of delivery I would have missed my dress code,Ajio Google Play reviews,English
3d295079-cc03-463d-9bf9-bda07fe30727,Ajio,Google Play,Review,https://play.google.com/store/apps/details?id=com.ril.ajio,Aayan GOUR,2026-08-14 18:56:34,good application,Ajio Google Play reviews,English
69461220-ead0-45f8-9003-04a9e2740f4a,Ajio,Google Play,Review,https://play.google.com/store/apps/details?id=com.ril.ajio,Suresh Michael,2026-08-14 18:41:56,like the dress will be there in before time,Ajio Google Play reviews,English
61e0feaa-4300-4f8b-9466-e609786b0493,Ajio,Google Play,Review,https://play.google.com/store/apps/details?id=com.ril.ajio,Pratibha Lodhi,2026-08-14 18:26:13,worst app ever customer care does not connect to the officials this our query remains unsolved.,Ajio Google Play reviews,English
2e967dfc-fc1d-4c1a-95a0-78683da92577,Ajio,Google Play,Review,https://play.google.com/store/apps/details?id=com.ril.ajio,Deepu Goswami,2026-08-14 18:22:13,fantastic features and the collection is amazing i adore this so much app,Ajio Google Play reviews,English
957b2fca-03a0-45bd-ba0a-a673e51e8c9b,Ajio,Google Play,Review,https://play.google.com/store/apps/details?id=com.ril.ajio,JIGNESH KANZARIYA,2026-08-14 18:22:03,"This is the worst shopping retail app I have ever used and experienced. There is no customer support or service, no accountibility.I placed very first order and delivery time line was 13th Aug provided. But product was not even distpatched till 13th. I raised complaint to customer care and they just given timeline wait till 14 for resolution of complaint. can you imagine that? they dont respect their commitments ans SLAs. as expected No redolution till 14th as well. Never buy any item from Ajio",Ajio Google Play reviews,English
75ab353f-d53f-4c1f-9256-6d627c1281f9,Ajio,Google Play,Review,https://play.google.com/store/apps/details?id=com.ril.ajio,Naresh Kumar,2026-08-14 18:21:17,good,Ajio Google Play reviews,English
a79ec24a-deda-4121-8a51-91b34a346395,Ajio,Google Play,Review,https://play.google.com/store/apps/details?id=com.ril.ajio,pathan imran khan,2026-08-14 18:20:14,trust in ajio and get your order cancelled after 5 days due to business reasons. had a chat with customer care. he could do nothing but a refund. I had planned a shirt for an occasion. ruined my plans.,Ajio Google Play reviews,English
fcdc7042-1d7d-42fa-9d51-60d26937dc2f,Ajio,Google Play,Review,https://play.google.com/store/apps/details?id=com.ril.ajio,Atharv Patel,2026-08-14 18:13:31,accha ha rate aur kam karoo,Ajio Google Play reviews,English
a24038cf-b57a-41b9-a44b-2643cdbbf540,Ajio,Google Play,Review,https://play.google.com/store/apps/details?id=com.ril.ajio,Rakesh Kumar,2026-08-14 18:07:03,good,Ajio Google Play reviews,English
66f837d9-b1c2-4086-8e8d-e43290890ba5,Ajio,Google Play,Review,https://play.google.com/store/apps/details?id=com.ril.ajio,Rishi Pandey,2026-08-14 17:55:24,food quality of clothes,Ajio Google Play reviews,English
6237dde1-1da3-44ca-a0bb-e2c1226dc961,Ajio,Google Play,Review,https://play.google.com/store/apps/details?id=com.ril.ajio,S. Varun Reddy,2026-08-14 17:47:53,worst customer care i cant even contact them i've got size 30 insted of 28 i want to exchange that and worst costumer care service. terrible experience,Ajio Google Play reviews,English
b00e32fd-6927-4e30-8bb4-d0501e784bd9,Ajio,Google Play,Review,https://play.google.com/store/apps/details?id=com.ril.ajio,Baldev Bapodra,2026-08-14 17:44:29,"worst shopping app ever ❌🚫❌🚫❌🚫❌🚫❌ don't west your time here and go other app, because costomer care system, return or exchange system are worse ever i seen , this worst ever you see ❌❌🚫🚫❌🚫🚫🚫🚫🚫",Ajio Google Play reviews,English
f76829d9-7421-4a4e-b615-0b1fdad24d99,Ajio,Google Play,Review,https://play.google.com/store/apps/details?id=com.ril.ajio,Manish Kumar,2026-08-14 17:43:08,Excellent,Ajio Google Play reviews,English
f4b54785-0539-4e93-8cec-080910e8b366,Ajio,Google Play,Review,https://play.google.com/store/apps/details?id=com.ril.ajio,Tejaswani Rani,2026-08-14 17:35:10,best,Ajio Google Play reviews,English
508e48a4-e3f0-4ba7-88aa-a22346a616ec,Ajio,Google Play,Review,https://play.google.com/store/apps/details?id=com.ril.ajio,Manisha Choudhary,2026-08-14 17:30:02,ok,Ajio Google Play reviews,English
e03712e2-2f57-4daf-bef6-c2154d66540d,Ajio,Google Play,Review,https://play.google.com/store/apps/details?id=com.ril.ajio,Deepak Pedada,2026-08-14 17:16:45,good,Ajio Google Play reviews,English
2e9fc838-fa96-493a-9c2b-db993496141b,Ajio,Google Play,Review,https://play.google.com/store/apps/details?id=com.ril.ajio,shreya prashar,2026-08-14 17:12:17,"absolute worst delivery experience. it takes weeks to deliver , keeps getting delayed and eventually gets cancelled. there are much much better platforms out there. this is truly horrible. I have newfound respect for myntra and nykka fashion.",Ajio Google Play reviews,English
f2dd0bfd-e4b4-4dbc-b2ad-414efdf90955,Ajio,Google Play,Review,https://play.google.com/store/apps/details?id=com.ril.ajio,swati storecell,2026-08-14 16:52:10,"i ordered a set which was sent by Ajio wrong size, after placed an exchange they said item returned to warehouse.worst customer care service.",Ajio Google Play reviews,English
19b367e1-51a8-4c87-ab6f-064aaeb6f1a1,Ajio,Google Play,Review,https://play.google.com/store/apps/details?id=com.ril.ajio,Technical Prabjot,2026-08-14 16:43:38,very good,Ajio Google Play reviews,English
69738727-94c3-4d93-8283-cbc1d8016d2f,Ajio,Google Play,Review,https://play.google.com/store/apps/details?id=com.ril.ajio,Back Bencher,2026-08-14 16:35:34,प्लेटफॉर्म फीस अरे इलीगल,Ajio Google Play reviews,English
06398547-2e05-4cd0-a134-8a966b732a01,Ajio,Google Play,Review,https://play.google.com/store/apps/details?id=com.ril.ajio,S.B RAJU,2026-08-14 16:19:47,👍,Ajio Google Play reviews,English
dcfd5f11-9c4d-4fd9-92f5-34eaef50f99a,Ajio,Google Play,Review,https://play.google.com/store/apps/details?id=com.ril.ajio,sachin Padvi,2026-08-14 16:18:17,nice app,Ajio Google Play reviews,English
90ce4652-a2a9-46ed-a7fb-ea222f7c7082,Ajio,Google Play,Review,https://play.google.com/store/apps/details?id=com.ril.ajio,Sonu Sharma,2026-08-14 16:11:14,very good,Ajio Google Play reviews,English
0a97c0db-b76c-48e2-b3df-c228dfd0dd4b,Ajio,Google Play,Review,https://play.google.com/store/apps/details?id=com.ril.ajio,Vijay Sharma,2026-08-14 16:08:38,ajio sy shoping me yr dilivery Charger jada lagta hai,Ajio Google Play reviews,English
27b37f33-b7f0-4989-ac98-ab92cbb166d7,Ajio,Google Play,Review,https://play.google.com/store/apps/details?id=com.ril.ajio,Rabbani Khan,2026-08-14 15:55:06,low quality product,Ajio Google Play reviews,English
9efefde6-6f47-4e36-bf2f-0ec791ab6946,Ajio,Google Play,Review,https://play.google.com/store/apps/details?id=com.ril.ajio,SAURAV KUMAR,2026-08-14 15:49:17,"Don't use ajio app for your essential ,fashion shopping because the return and exchange service is worst ,this is very worst app that I ever seen . there is no customer support. multiple time my exchange product cancel just before delivery. so I suggest don't use this.",Ajio Google Play reviews,English
48e66242-00d2-410a-a1ec-7d6d1d0a9851,Ajio,Google Play,Review,https://play.google.com/store/apps/details?id=com.ril.ajio,raghvendra singh,2026-08-14 15:44:07,Good,Ajio Google Play reviews,English
e61bf906-c916-4987-9f0b-a93263933399,Ajio,Google Play,Review,https://play.google.com/store/apps/details?id=com.ril.ajio,BIPEEN KUMAR,2026-08-14 15:33:49,good,Ajio Google Play reviews,English
d5dd331c-3b3d-4d50-9991-33d9a62b801a,Ajio,Google Play,Review,https://play.google.com/store/apps/details?id=com.ril.ajio,Chitranjan Kumar,2026-08-14 15:27:58,"I think who i wanted, I got it",Ajio Google Play reviews,English
7ffb822c-97b3-420a-9d9c-bb6176ce0368,Ajio,Google Play,Review,https://play.google.com/store/apps/details?id=com.ril.ajio,Mohd. arif,2026-08-14 15:27:12,very good clothes,Ajio Google Play reviews,English
7a9debd9-4a87-4437-8aec-cf11a0a3ed16,Ajio,Google Play,Review,https://play.google.com/store/apps/details?id=com.ril.ajio,Prashant Singh,2026-08-14 15:24:52,good,Ajio Google Play reviews,English
7aba1ed5-20f7-44ab-b184-15503d3d804d,Ajio,Google Play,Review,https://play.google.com/store/apps/details?id=com.ril.ajio,Hussain Soni,2026-08-14 15:09:29,"Extremely Disappointing One of the worst customer-service experiences I've had. AJIO sent me the wrong product and then made me repeatedly prove it by demanding more and more photographs. I have submitted the product, packaging, labels, front, back and every reasonable angle, yet they keep moving the goalposts. Customers shouldn't need a photography studio to return an incorrect item. This feels less like customer service and more like a deliberate attempt to exhaust the customer into giving up",Ajio Google Play reviews,English
9109202c-52cb-4209-88c2-5f5eb3dd9b14,Ajio,Google Play,Review,https://play.google.com/store/apps/details?id=com.ril.ajio,R RK,2026-08-14 15:09:17,"Ajio had good products with reasonable prices initially. Now the product pricing displayed even when coupons are applied keeps varying, the displayed price is different and at checkout price is different. You never get the discount which is mentioned. It's very unethical.",Ajio Google Play reviews,English
23fd9b6c-0e88-4e9a-8916-5abca6122105,Ajio,Google Play,Review,https://play.google.com/store/apps/details?id=com.ril.ajio,NavdeepSinh Dodiya,2026-08-14 15:08:57,"I ordered jeans from Ajio platform, which cost Rs 1335 but when I received the parcel I opened the parcel and found socks which cost only Rs 450 So since I received the wrong item I requested to return the product When the person came to take back the product he refused to accept the item he told me that you had ordered jeans and I have been asked to take back only the jeans Which I never got. so I wasted my valuable time and money and felt mentally exhausted because of this platform",Ajio Google Play reviews,English
81df65ee-f341-4cb9-b06a-29d3aa5e70b7,Ajio,Google Play,Review,https://play.google.com/store/apps/details?id=com.ril.ajio,T08G-DB8070 Aakash dole,2026-08-14 14:58:05,good,Ajio Google Play reviews,English
8d5d86bb-4529-46c6-b6fc-5886b011ba9a,Ajio,Google Play,Review,https://play.google.com/store/apps/details?id=com.ril.ajio,Vinnu Nagulu,2026-08-14 14:43:26,Good,Ajio Google Play reviews,English
774a09e8-b9c4-42bd-bdbf-c8913d8a0a09,Ajio,Google Play,Review,https://play.google.com/store/apps/details?id=com.ril.ajio,Reshmi Vijayan,2026-08-14 14:09:25,worst app.its not working,Ajio Google Play reviews,English
7d8cb1bd-cb75-41c3-9d08-26bc5b01571b,Ajio,Google Play,Review,https://play.google.com/store/apps/details?id=com.ril.ajio,Ajay singh Singh,2026-08-14 13:46:57,worst app ever I don't recommend this app,Ajio Google Play reviews,English
98ff6f81-f618-4ee7-84bb-e8675757165a,Ajio,Google Play,Review,https://play.google.com/store/apps/details?id=com.ril.ajio,Sezan Khokhar,2026-08-14 13:30:22,very well clothes,Ajio Google Play reviews,English
17f72ff5-172c-4051-8675-7cc47220ea60,Ajio,Google Play,Review,https://play.google.com/store/apps/details?id=com.ril.ajio,shravanakumar gijagannavar,2026-08-14 13:12:05,super,Ajio Google Play reviews,English
d2828f1c-6f4a-437c-ba05-71378879a9fe,Ajio,Google Play,Review,https://play.google.com/store/apps/details?id=com.ril.ajio,Suraj Joshi,2026-08-14 13:07:46,other charges very extra,Ajio Google Play reviews,English
207c05b6-c3f4-4206-9549-4b02c9c7f49a,Ajio,Google Play,Review,https://play.google.com/store/apps/details?id=com.ril.ajio,Yashodeep Gaikwad,2026-08-14 12:55:47,where slow and no use of gift cards,Ajio Google Play reviews,English
37b4253a-67e6-473f-95c0-c0e12eff6f4a,Ajio,Google Play,Review,https://play.google.com/store/apps/details?id=com.ril.ajio,Patel Kajal,2026-08-14 12:24:11,ok,Ajio Google Play reviews,English
4f7573f1-4e97-4c33-9ae5-bb0f1bbafa6a,Ajio,Google Play,Review,https://play.google.com/store/apps/details?id=com.ril.ajio,DASARI ANILKUMAR,2026-08-14 12:22:29,nice,Ajio Google Play reviews,English
19997d37-580b-434a-9f12-977bd01ea0b8,Ajio,Google Play,Review,https://play.google.com/store/apps/details?id=com.ril.ajio,Rohit singh,2026-08-14 12:14:47,😊,Ajio Google Play reviews,English
935a6089-a512-4e60-bb2c-078acdeb4765,Ajio,Google Play,Review,https://play.google.com/store/apps/details?id=com.ril.ajio,naim khan Saifi,2026-08-14 11:43:38,okay,Ajio Google Play reviews,English
d41ec22a-d3ff-4771-80ed-6a8149bf1702,Ajio,Google Play,Review,https://play.google.com/store/apps/details?id=com.ril.ajio,KARTHIK S R,2026-08-14 11:32:24,speed up the delivery,Ajio Google Play reviews,English
ba091637-e7b6-40fc-8516-528363799d98,Ajio,Google Play,Review,https://play.google.com/store/apps/details?id=com.ril.ajio,Athrav Jha,2026-08-14 11:10:16,delivery late and product is very bad quality 15 days for delivery 👎🏻👎🏻👎🏻,Ajio Google Play reviews,English
33f9916a-def8-4bb0-a70b-11d7c2e2c71b,Ajio,Google Play,Review,https://play.google.com/store/apps/details?id=com.ril.ajio,Priyanka Mahadik,2026-08-14 11:07:06,👍🏻,Ajio Google Play reviews,English
5ab004e4-849b-436a-8aac-0e59cf09aa71,Ajio,Google Play,Review,https://play.google.com/store/apps/details?id=com.ril.ajio,Gulshan Kushwaha,2026-08-14 11:03:35,super 😍,Ajio Google Play reviews,English
ed7fe5fc-7ad6-4b50-abfb-76282bbe9dd9,Ajio,Google Play,Review,https://play.google.com/store/apps/details?id=com.ril.ajio,Samrat Singh,2026-08-14 11:01:51,yes ok but delay the product,Ajio Google Play reviews,English
649d655d-2292-4598-9413-126be9391a0c,Ajio,Google Play,Review,https://play.google.com/store/apps/details?id=com.ril.ajio,Talib Khan,2026-08-14 10:47:52,achha,Ajio Google Play reviews,English
2523278e-1754-4f71-bf40-21af2575b4c2,Ajio,Google Play,Review,https://play.google.com/store/apps/details?id=com.ril.ajio,Balachandra ravipati,2026-08-14 10:36:41,worst app and the customer executive cannot help with order delivery. they always give the false delivery dates.how th ajio works is too bad they can't help with delivery as they use 3 party delivery partners which they cannot control and also the return policy is too bad one should wait until their system gets updated. their system gets updated only the product return to their origin if it is in between then you should be suffered. the customer executives are not responsive they tried to hungup,Ajio Google Play reviews,English
be11ff29-9d1d-439c-a7cb-b5b63067096e,Ajio,Google Play,Review,https://play.google.com/store/apps/details?id=com.ril.ajio,Sandip Kumar,2026-08-14 10:20:27,nice app,Ajio Google Play reviews,English
d453c0dd-b165-40ad-afd1-693ad6a17cf4,Ajio,Google Play,Review,https://play.google.com/store/apps/details?id=com.ril.ajio,Keerthi Kumar,2026-08-14 09:54:46,nice,Ajio Google Play reviews,English
fe97722f-6bee-4856-b72a-402f54584668,Ajio,Google Play,Review,https://play.google.com/store/apps/details?id=com.ril.ajio,Mandeep Pathania,2026-08-14 09:53:07,ajio is 1,Ajio Google Play reviews,English
89df6e11-df54-4fc6-a9d1-5128f0aa0fed,Ajio,Google Play,Review,https://play.google.com/store/apps/details?id=com.ril.ajio,Ratna Kumar Itikala,2026-08-14 09:51:57,very good,Ajio Google Play reviews,English
e05d7040-1290-41a3-9aea-1635356929b7,Ajio,Google Play,Review,https://play.google.com/store/apps/details?id=com.ril.ajio,Dipal,2026-08-14 09:08:33,great,Ajio Google Play reviews,English
7789ad82-de40-4842-923e-c4f458b5f2b8,Ajio,Google Play,Review,https://play.google.com/store/apps/details?id=com.ril.ajio,Tanuja Kumari,2026-08-14 09:04:53,excellent 👍,Ajio Google Play reviews,English
21ac59dd-df22-442d-8c89-778a8226c7a9,Ajio,Google Play,Review,https://play.google.com/store/apps/details?id=com.ril.ajio,Abhi Keshari,2026-08-14 08:54:24,Literally it too much time for dilevery and exchange,Ajio Google Play reviews,English
d47025c3-8b40-4f6a-b8e5-565035e03ff3,Ajio,Google Play,Review,https://play.google.com/store/apps/details?id=com.ril.ajio,sandeep sandeep,2026-08-14 08:14:10,good,Ajio Google Play reviews,English
425ae915-f512-4632-be65-3969f5955f9f,Ajio,Google Play,Review,https://play.google.com/store/apps/details?id=com.ril.ajio,bablu gupta,2026-08-14 08:04:47,very good and satisfying,Ajio Google Play reviews,English
5b8bb2fd-c4c4-47e6-83a0-e4811b4365be,Ajio,Google Play,Review,https://play.google.com/store/apps/details?id=com.ril.ajio,SUMAN LATA,2026-08-14 08:04:25,good quality,Ajio Google Play reviews,English
f8b0082b-320f-43b3-b7f1-d6f1dd8a4d64,Ajio,Google Play,Review,https://play.google.com/store/apps/details?id=com.ril.ajio,Nilay Shah,2026-08-14 07:46:29,"Title: AJIO Review Worst ever app and one of the most disappointing customer experiences. Online platforms are meant to sell products and allow customers to return them when needed. I once returned a few items and AJIO blocked me from placing any further orders — apparently for a lifetime! Why such an extreme approach? If returns were an issue, you could have implemented a penalty, return fee, or platform fee instead. Completely blocking a potential customer is simply poor customer experience.",Ajio Google Play reviews,English
f481b384-3f36-45f0-b93b-91a4908cd16c,Ajio,Google Play,Review,https://play.google.com/store/apps/details?id=com.ril.ajio,Neetha Manjunath,2026-08-14 07:42:41,it's good 👍🏻,Ajio Google Play reviews,English
be54d8d5-4d0b-4905-a1cb-13b969ddb21b,Ajio,Google Play,Review,https://play.google.com/store/apps/details?id=com.ril.ajio,akshaya,2026-08-14 06:12:54,it's not opening!,Ajio Google Play reviews,English
15bb14a8-fb58-4897-82eb-469e1323f38f,Ajio,Google Play,Review,https://play.google.com/store/apps/details?id=com.ril.ajio,V.Vikas07,2026-08-14 03:19:56,best,Ajio Google Play reviews,English
9c4ab306-879f-4433-87f9-b124e8102d89,Ajio,Google Play,Review,https://play.google.com/store/apps/details?id=com.ril.ajio,Ashok Saket,2026-08-14 01:48:00,☺️ thank you 👍,Ajio Google Play reviews,English
66fa073c-90f5-4b2a-bc42-8cbb7534cb47,Ajio,Google Play,Review,https://play.google.com/store/apps/details?id=com.ril.ajio,Priyanshu Kumar,2026-08-14 01:34:10,"If you want to live peacefully never shop here, i repeat never. They have fraud delivery system, some of the worst cloth design you can ever see. Zero customer support, laggy UI with no real people reviews at all.",Ajio Google Play reviews,English
d87ed9f4-02c0-400b-b540-b9d2fa55bd83,Ajio,Google Play,Review,https://play.google.com/store/apps/details?id=com.ril.ajio,Anurag RANA,2026-08-14 01:18:27,worst app I ever seen they always give wrong product and they don't give refund also,Ajio Google Play reviews,English
800ef454-205a-42b7-9aec-a82911bc39e4,Ajio,Google Play,Review,https://play.google.com/store/apps/details?id=com.ril.ajio,Johnson PS,2026-08-13 23:57:06,good,Ajio Google Play reviews,English
f6b552b0-6b23-4b17-9718-6be48e265b03,Ajio,Google Play,Review,https://play.google.com/store/apps/details?id=com.ril.ajio,Deepak Kumar,2026-08-13 23:48:12,Good,Ajio Google Play reviews,English
b7cd5794-538a-4a92-a3de-89204ec457c9,Ajio,Google Play,Review,https://play.google.com/store/apps/details?id=com.ril.ajio,Deepak kamble,2026-08-13 23:45:41,good,Ajio Google Play reviews,English
3a4f867d-16ae-4207-8b2d-fb5be7431875,Ajio,Google Play,Review,https://play.google.com/store/apps/details?id=com.ril.ajio,Shilpa Biyani,2026-08-13 23:45:37,why you are not allowing cod,Ajio Google Play reviews,English
db0c560e-082f-4c3e-844d-ad8e19b11ec3,Ajio,Google Play,Review,https://play.google.com/store/apps/details?id=com.ril.ajio,Narendra Kumar,2026-08-13 23:45:00,Nice 👍,Ajio Google Play reviews,English
b7e3bc45-2406-408f-9e6d-69096cde1df4,Ajio,Google Play,Review,https://play.google.com/store/apps/details?id=com.ril.ajio,Gourav more,2026-08-13 23:37:11,nice product,Ajio Google Play reviews,English
9a9e09b5-bbff-4cd4-962f-aaaac1fd95d0,Ajio,Google Play,Review,https://play.google.com/store/apps/details?id=com.ril.ajio,Mani Maran,2026-08-13 23:37:08,super,Ajio Google Play reviews,English
1c2b9f17-9303-44c2-86bd-bb1d7bfc06b6,Ajio,Google Play,Review,https://play.google.com/store/apps/details?id=com.ril.ajio,Nagasirisha Jinipe,2026-08-13 23:28:38,please updated. out of stock also showing in your app display. so waste of my time I am interested in out of stock product. but showing no stock availability in your pin code what is this nonsense please improve your app don't waste of customers time,Ajio Google Play reviews,English
437a9cf6-063f-4e8f-b990-0362bb7061e5,Ajio,Google Play,Review,https://play.google.com/store/apps/details?id=com.ril.ajio,Raj,2026-08-13 23:27:52,"fraud app , the delivery attempted was not even made and the order was cancelled directly.",Ajio Google Play reviews,English
b352ec82-bda6-48fa-8e9f-5a3bb2bae01b,Ajio,Google Play,Review,https://play.google.com/store/apps/details?id=com.ril.ajio,Prashant Naik,2026-08-13 22:54:19,Good,Ajio Google Play reviews,English
6ad32bed-4c44-41a3-9851-cf454b27068d,Ajio,Google Play,Review,https://play.google.com/store/apps/details?id=com.ril.ajio,pradeep chaudhari,2026-08-13 22:51:35,App get hang at some areas. when we click similar products in the product image.need improvement.,Ajio Google Play reviews,English
52e1cda2-8255-440f-9ca9-6e3c05786478,Ajio,Google Play,Review,https://play.google.com/store/apps/details?id=com.ril.ajio,Nahid Gaziani,2026-08-13 22:51:03,some of the clothes r on great discounts,Ajio Google Play reviews,English
f1bbe24f-07e8-44c3-a2f3-b4087d98efc4,Ajio,Google Play,Review,https://play.google.com/store/apps/details?id=com.ril.ajio,Tushar Sonawane,2026-08-13 22:50:15,nice 👍🏼,Ajio Google Play reviews,English
c9cc5b0b-292c-4972-a3b8-a8627fcc9b3c,Ajio,Google Play,Review,https://play.google.com/store/apps/details?id=com.ril.ajio,Sheeba K,2026-08-13 22:50:07,super,Ajio Google Play reviews,English
fd3f125f-384d-43fb-bf74-341279e3ff88,Ajio,Google Play,Review,https://play.google.com/store/apps/details?id=com.ril.ajio,Chetan Bhalerao,2026-08-13 22:30:46,thank you,Ajio Google Play reviews,English
df0fca23-5867-427d-8f28-e5fd7db9b8fa,Ajio,Google Play,Review,https://play.google.com/store/apps/details?id=com.ril.ajio,Rupak Roopu,2026-08-13 22:29:41,good,Ajio Google Play reviews,English
3a5520c5-5fc3-4331-8428-b7944c4b6ccd,Ajio,Google Play,Review,https://play.google.com/store/apps/details?id=com.ril.ajio,Manjit Pannu,2026-08-13 22:26:12,good app,Ajio Google Play reviews,English
64139107-e57e-42a9-8b5c-92ff509a4371,Ajio,Google Play,Review,https://play.google.com/store/apps/details?id=com.ril.ajio,Dipak Nimje,2026-08-13 22:24:34,"Returning a poor-quality or unsuitable product should be simple. Unfortunately, the return pickup process can create another headache. In some cases, the pickup person does not collect the product and the pickup is then marked as failed with a reason that the customer did not provide.The customer is left waiting, even though the customer has done everything correctly. This is completely unfair. If the pickup fails because of the logistics partner, the customer should not be blamed or forced wait",Ajio Google Play reviews,English
c2cf44a4-c47c-4602-998f-bec2560dc3ac,Ajio,Google Play,Review,https://play.google.com/store/apps/details?id=com.ril.ajio,VIMALA ASOKAN,2026-08-13 22:02:06,slow app when use take so much time to set up,Ajio Google Play reviews,English
cb8b402e-ab90-4203-972a-bbb6666ba59a,Ajio,Google Play,Review,https://play.google.com/store/apps/details?id=com.ril.ajio,Shivani Gupta,2026-08-13 21:58:12,good 👍,Ajio Google Play reviews,English
f0b64061-d3a8-427c-ac7f-52742f271ef6,Ajio,Google Play,Review,https://play.google.com/store/apps/details?id=com.ril.ajio,Sumit Upadhyay,2026-08-13 21:46:04,Bahut hi Ghatiya Aap hai Koi Bhi Order Mat Karo Isa aap ke Costomer Sports Service Bahut hi Bakabs hai Koi Help Nahi karta yaha Ghatiya,Ajio Google Play reviews,English
931dfcff-b012-431d-a606-634713f2eeae,Ajio,Google Play,Review,https://play.google.com/store/apps/details?id=com.ril.ajio,Tanaji Devkule,2026-08-13 21:44:23,good 😊👍🏻,Ajio Google Play reviews,English
1bd125a0-240b-4fe7-a6d7-14de9a8af18c,Ajio,Google Play,Review,https://play.google.com/store/apps/details?id=com.ril.ajio,Tushar Malviya,2026-08-13 21:40:48,good service,Ajio Google Play reviews,English
aaa9e83e-74a7-4929-af57-3688e0040c77,Ajio,Google Play,Review,https://play.google.com/store/apps/details?id=com.ril.ajio,INTEGRA,2026-08-13 21:16:10,"Extremely disappointing experience with AJIO. My watch order showed “Out for Delivery” yesterday. Customer care promised delivery by EOD and said a complaint was raised. It wasn't delivered. Today I received another “Out for Delivery” update, yet still nothing. Blue Dart tracking has shown the same status since yesterday. AJIO also says they don't have the courier's contact number. I've already paid for the order. Poor coordination and frustrating customer service.",Ajio Google Play reviews,English
045544ea-11ae-4e61-a2cc-43dd1346515c,Ajio,Google Play,Review,https://play.google.com/store/apps/details?id=com.ril.ajio,Poojasri Choudhury,2026-08-13 21:12:55,🥰,Ajio Google Play reviews,English
eefe8587-b7d1-48cd-946d-4d254b00aeff,Ajio,Google Play,Review,https://play.google.com/store/apps/details?id=com.ril.ajio,Ravi R Ravi R,2026-08-13 21:06:26,good,Ajio Google Play reviews,English
0b276434-aec9-4d9e-a11d-cdd324298d59,Ajio,Google Play,Review,https://play.google.com/store/apps/details?id=com.ril.ajio,Manzil Shaikh,2026-08-13 20:56:52,great 👍😃,Ajio Google Play reviews,English
134766df-a3c9-46d1-8680-c88f1764d5e7,Ajio,Google Play,Review,https://play.google.com/store/apps/details?id=com.ril.ajio,Aman Preet,2026-08-13 20:56:01,"can't cancel order even if it is stuck at delhivery side. no help watsover. low grade automated msgs as customer support. choppy UI, fraud pricing. pathetic",Ajio Google Play reviews,English
04ef14eb-113b-4947-aa32-e9bd9a9a1687,Ajio,Google Play,Review,https://play.google.com/store/apps/details?id=com.ril.ajio,Raziya Taslim,2026-08-13 20:54:22,good,Ajio Google Play reviews,English
caecae8c-65e3-4f4c-af37-f9b6e6ecbb7d,Ajio,Google Play,Review,https://play.google.com/store/apps/details?id=com.ril.ajio,Sahil Chowdhary,2026-08-13 20:53:45,Good,Ajio Google Play reviews,English
800bcbdc-87ac-42fc-8b13-b8c79d3779c3,Ajio,Google Play,Review,https://play.google.com/store/apps/details?id=com.ril.ajio,Arun Nandan,2026-08-13 20:50:50,Best,Ajio Google Play reviews,English
73abd7e5-235c-4707-a62d-aedd95397233,Ajio,Google Play,Review,https://play.google.com/store/apps/details?id=com.ril.ajio,Chetan Hc,2026-08-13 20:40:15,"worst app, if you made advance payment they not deliver your product, they made fake delivery attempt",Ajio Google Play reviews,English
50e9826a-9952-4d31-a924-bca27cf9bd7c,Ajio,Google Play,Review,https://play.google.com/store/apps/details?id=com.ril.ajio,Saurav Chaudhary 07,2026-08-13 20:35:32,very bad app and proud sesta ma dhakita ha or oder kero to mangha kar deta ha,Ajio Google Play reviews,English
338e8a79-9550-4ca3-a0e2-1c441c303029,Ajio,Google Play,Review,https://play.google.com/store/apps/details?id=com.ril.ajio,moyyi chandramouli,2026-08-13 20:30:17,nice,Ajio Google Play reviews,English
f2cdb8d4-2868-4da6-8deb-ca43abdfb7a8,Ajio,Google Play,Review,https://play.google.com/store/apps/details?id=com.ril.ajio,Dharmik Maniya,2026-08-13 20:13:38,good,Ajio Google Play reviews,English
be2e3d6b-9e7c-438f-90fe-308ac5e30ff7,Ajio,Google Play,Review,https://play.google.com/store/apps/details?id=com.ril.ajio,battala Manjula,2026-08-13 20:10:37,nice,Ajio Google Play reviews,English
9fb13fae-442e-44de-9507-7bb159c0416a,Ajio,Google Play,Review,https://play.google.com/store/apps/details?id=com.ril.ajio,Dipen Shah,2026-08-13 20:00:53,good purchase,Ajio Google Play reviews,English
98168312-605a-4bfd-801a-3e9b1a8b7749,Ajio,Google Play,Review,https://play.google.com/store/apps/details?id=com.ril.ajio,Chetan jetty Chethan,2026-08-13 19:54:03,good,Ajio Google Play reviews,English
94816b4f-e6ec-4b6b-8a45-426d04844953,Ajio,Google Play,Review,https://play.google.com/store/apps/details?id=com.ril.ajio,maruthu kvp,2026-08-13 19:51:43,super,Ajio Google Play reviews,English
d5f31f53-49fb-494f-ae7a-ab228330997c,Ajio,Google Play,Review,https://play.google.com/store/apps/details?id=com.ril.ajio,vaghela chandansinh,2026-08-13 19:51:05,good,Ajio Google Play reviews,English
68066ef5-7e8c-4da3-8509-b678693dd963,Ajio,Google Play,Review,https://play.google.com/store/apps/details?id=com.ril.ajio,Shridha Zala,2026-08-13 19:50:26,best app ever,Ajio Google Play reviews,English
11186f9a-6c3c-4bd5-b6ca-866009a14590,Ajio,Google Play,Review,https://play.google.com/store/apps/details?id=com.ril.ajio,sakshi nagose,2026-08-13 19:39:12,good 👍🏻,Ajio Google Play reviews,English
f024c909-bc65-4864-9344-0388fb28154e,Ajio,Google Play,Review,https://play.google.com/store/apps/details?id=com.ril.ajio,Yogesh Manne,2026-08-13 19:33:27,Good,Ajio Google Play reviews,English
7b597c8c-0f2d-45c0-9f7e-220239ab471b,Ajio,Google Play,Review,https://play.google.com/store/apps/details?id=com.ril.ajio,Dharmind giri Goswami,2026-08-13 19:12:50,The smoothest app I love this app it's features collection and material are all really fantastic,Ajio Google Play reviews,English
e9eb6e7d-3ede-4bb1-b92d-db9a89eb40fa,Ajio,Google Play,Review,https://play.google.com/store/apps/details?id=com.ril.ajio,Imran Khan,2026-08-13 19:06:51,very good experience,Ajio Google Play reviews,English
7c18e8e4-7e28-4a4f-b5c7-73552999a1eb,Ajio,Google Play,Review,https://play.google.com/store/apps/details?id=com.ril.ajio,Shreeganesh Naik,2026-08-13 18:47:59,Rude customer care support,Ajio Google Play reviews,English
412e15d9-ebbd-48c9-9a37-acd50a1047cf,Ajio,Google Play,Review,https://play.google.com/store/apps/details?id=com.ril.ajio,J Danu,2026-08-13 18:45:41,super Quality products,Ajio Google Play reviews,English
9ca55893-3ab3-4602-9fe0-926bd2ea7c91,Ajio,Google Play,Review,https://play.google.com/store/apps/details?id=com.ril.ajio,RUPARAM SUTHAR,2026-08-13 18:44:55,good ajio,Ajio Google Play reviews,English
fc752a22-0916-4877-b636-b04cc1d5ec69,Ajio,Google Play,Review,https://play.google.com/store/apps/details?id=com.ril.ajio,valiant citizen,2026-08-13 18:19:26,It's a non-trustable app. They sell customers info to Scammers and then u get a fake call regarding unrecieved payment n next moment u get scammed. Returning issue is also there. Poor customer care helpline. No easy Customer care help regarding orders. overall poor experience on this app. Your problems will never be sorted.,Ajio Google Play reviews,English
06347695-bbbc-4b79-aa3a-4e4c81a17cf0,Ajio,Google Play,Review,https://play.google.com/store/apps/details?id=com.ril.ajio,basit wandroo,2026-08-13 18:10:48,"wanted to shop from it outside India and get it delivered to my indian address too bad , app or website doesn't support , A shame",Ajio Google Play reviews,English
e229cf7a-c700-49ed-a2d7-eddeef29ce82,Ajio,Google Play,Review,https://play.google.com/store/apps/details?id=com.ril.ajio,Kalavati Devadiga,2026-08-13 17:59:40,why to charge extra for delivery,Ajio Google Play reviews,English
e0de74c0-5c6b-46da-a86e-27a84b4881d3,Ajio,Google Play,Review,https://play.google.com/store/apps/details?id=com.ril.ajio,Kartik Rajawat,2026-08-13 17:56:52,good,Ajio Google Play reviews,English
6744f2ef-4fc1-474a-9223-dcacb24024b4,Ajio,Google Play,Review,https://play.google.com/store/apps/details?id=com.ril.ajio,Sumit Patel,2026-08-13 17:36:38,awesome,Ajio Google Play reviews,English
0bc7d4ce-5065-4bee-9df8-6144cdaf4a1f,Ajio,Google Play,Review,https://play.google.com/store/apps/details?id=com.ril.ajio,Paddamma Chikiliakar,2026-08-13 17:27:16,great,Ajio Google Play reviews,English
d55cc068-9d5d-4f66-b85c-1ef4ea58eff1,Ajio,Google Play,Review,https://play.google.com/store/apps/details?id=com.ril.ajio,Jyothi Sarika,2026-08-13 17:21:44,order to ate i don't like plz fast delivery update,Ajio Google Play reviews,English
ee848321-7ce7-413a-9034-6f261f89f8e6,Ajio,Google Play,Review,https://play.google.com/store/apps/details?id=com.ril.ajio,shivam Yadav,2026-08-13 17:20:20,best,Ajio Google Play reviews,English
92838003-1c94-4a35-ac11-9b18c24b088c,Ajio,Google Play,Review,https://play.google.com/store/apps/details?id=com.ril.ajio,Sudhir Kumar,2026-08-13 17:19:26,"I have a very bad experience with ajio. Create an exchange due to a size issue, wait 1 week for it. but at the end you informed me that we couldn't deliver the exchange, please create a return request. In this deal i waste my time and block my money for almost 2 weeks.",Ajio Google Play reviews,English
9c594a1f-340d-4be8-b2f1-83e5567d6e8a,Ajio,Google Play,Review,https://play.google.com/store/apps/details?id=com.ril.ajio,Jos Harris,2026-08-13 17:04:47,"The application lacks user-friendliness, the service quality is subpar, and the search functionality is poorly optimized.",Ajio Google Play reviews,English
b1129bb7-33e3-4953-8dbc-75fc8191da85,Ajio,Google Play,Review,https://play.google.com/store/apps/details?id=com.ril.ajio,S B,2026-08-13 17:01:10,"Customer service is too bad, my refund amount is not transferred in my bank account yet,it has been 10 days since I returned my product. Very terrifying app...",Ajio Google Play reviews,English
f08f6261-bdc0-413c-9c7c-76b96c9fdcf5,Ajio,Google Play,Review,https://play.google.com/store/apps/details?id=com.ril.ajio,Akbar Hussain,2026-08-13 16:57:36,very very good 👍,Ajio Google Play reviews,English
f0655efa-7ae2-4b5e-9ae4-0437d77bfae1,Ajio,Google Play,Review,https://play.google.com/store/apps/details?id=com.ril.ajio,Mr Micky,2026-08-13 16:48:12,ok,Ajio Google Play reviews,English
abf68971-c10a-4cd2-9776-b61292a0a9a8,Ajio,Google Play,Review,https://play.google.com/store/apps/details?id=com.ril.ajio,kumar vijay,2026-08-13 16:25:44,good,Ajio Google Play reviews,English
5f17706c-901c-4287-8960-e2c0029f5679,Ajio,Google Play,Review,https://play.google.com/store/apps/details?id=com.ril.ajio,Sachin Rajpoot orai,2026-08-13 15:49:38,good,Ajio Google Play reviews,English
16f5a47d-9899-49e2-acf9-5e3da6e1a346,Ajio,Google Play,Review,https://play.google.com/store/apps/details?id=com.ril.ajio,Janardhan 630,2026-08-13 15:38:32,"Worst shopping app ever. It's literally scam. They will give discounts during sale period and after placing orders they will cancel the products saying the products didn't met our quality standards. Improve your business standards first. Worst experience, waste of time and efforts.",Ajio Google Play reviews,English
5f5714c4-900f-4d98-aa89-aa145751859c,Ajio,Google Play,Review,https://play.google.com/store/apps/details?id=com.ril.ajio,abhishek Sarkar,2026-08-13 15:36:24,Good 👍🏻,Ajio Google Play reviews,English
4654fbc2-4ac0-4f8b-9805-e175551dcaef,Ajio,Google Play,Review,https://play.google.com/store/apps/details?id=com.ril.ajio,Vijay Chaudhary,2026-08-13 15:22:44,Excellent,Ajio Google Play reviews,English
1aef2eca-d1db-40e6-be17-45213a1565ed,Ajio,Google Play,Review,https://play.google.com/store/apps/details?id=com.ril.ajio,Sirisha Athyala,2026-08-13 15:15:51,good,Ajio Google Play reviews,English
97e3e0a7-8927-416e-9cdb-cad36d4c487b,Ajio,Google Play,Review,https://play.google.com/store/apps/details?id=com.ril.ajio,rahat chanana,2026-08-13 14:55:13,AWESOME EXPERIENCE,Ajio Google Play reviews,English
07ffccf4-20e6-49e8-945d-bd5e2942b63e,Ajio,Google Play,Review,https://play.google.com/store/apps/details?id=com.ril.ajio,PRIYA KUMARI,2026-08-13 14:43:32,"This is a fraud app. I returned an order, but I still haven't received my money back. At the time of the return, it showed that a small amount would be deducted, but after the return was processed, even more money was cut, and there is no customer service available either.",Ajio Google Play reviews,English
7c02219b-3e1e-4d1a-b51c-d043b6dd72bd,Ajio,Google Play,Review,https://play.google.com/store/apps/details?id=com.ril.ajio,Shivam Thakur,2026-08-13 14:23:26,worst shopping app This apps logistics service is very bad,Ajio Google Play reviews,English
d5d88d92-eb31-424b-82aa-ed4f9bd81947,Ajio,Google Play,Review,https://play.google.com/store/apps/details?id=com.ril.ajio,Akhil Akhil7928,2026-08-13 14:14:45,good,Ajio Google Play reviews,English
f6c4aba5-e604-4b13-9210-1e1ee3942d8f,Ajio,Google Play,Review,https://play.google.com/store/apps/details?id=com.ril.ajio,Sekhar Busiraju,2026-08-13 14:09:39,very good,Ajio Google Play reviews,English
4e93d359-ea5f-4a44-a9b4-a59bc54591e1,Ajio,Google Play,Review,https://play.google.com/store/apps/details?id=com.ril.ajio,Mallikarjuna K,2026-08-13 14:03:06,super,Ajio Google Play reviews,English
b2446b4a-bc22-42d7-88c3-afa12966747e,Ajio,Google Play,Review,https://play.google.com/store/apps/details?id=com.ril.ajio,Mariyam Shaji,2026-08-13 13:58:19,slow app,Ajio Google Play reviews,English
21232e12-92df-4823-adec-fb6bb3334de2,Ajio,Google Play,Review,https://play.google.com/store/apps/details?id=com.ril.ajio,Pradeep Landge,2026-08-13 13:55:47,good 👍,Ajio Google Play reviews,English
d7f1179d-ed2b-4921-9891-f3397d9b82f9,Ajio,Google Play,Review,https://play.google.com/store/apps/details?id=com.ril.ajio,Vitthal Asode,2026-08-13 13:49:11,there are so much extra fees,Ajio Google Play reviews,English
52b51cd3-b0fe-49c5-9429-68b87dc21c9b,Ajio,Google Play,Review,https://play.google.com/store/apps/details?id=com.ril.ajio,Abbasali Dafedar,2026-08-13 13:13:42,best app,Ajio Google Play reviews,English
93c212de-2801-4914-87c8-79127fe6b8d0,Ajio,Google Play,Review,https://play.google.com/store/apps/details?id=com.ril.ajio,sirusolla jagadeesh,2026-08-13 13:00:52,good,Ajio Google Play reviews,English
fe42a709-2986-42a1-b71d-a69f8b9e2689,Ajio,Google Play,Review,https://play.google.com/store/apps/details?id=com.ril.ajio,Divya Sanjay,2026-08-13 12:33:17,"one of d 3rd rated app.. delivery s too worst.. i nearly lost my 4,000 rupees.. d dresses wt i ordered is completely damaged nd nt d dresses wt I hd booked.. dy hav evn cancelled my return request tlng dt i hv received crrct product.. nvr anybody book frm this app.. Nvr expected ds",Ajio Google Play reviews,English
e95ff985-9cbc-498f-86fc-733d25f0e0f8,Ajio,Google Play,Review,https://play.google.com/store/apps/details?id=com.ril.ajio,Arpit panwar,2026-08-13 12:30:13,good,Ajio Google Play reviews,English
9dc04fd4-2749-4fb5-a165-cb4e18a830f8,Ajio,Google Play,Review,https://play.google.com/store/apps/details?id=com.ril.ajio,Rakesh ranjan Sahu,2026-08-13 12:21:05,quality is very good but price is and discount not apply,Ajio Google Play reviews,English
3ba62e34-ad5a-4ad0-adf3-58da35ad20fa,Ajio,Google Play,Review,https://play.google.com/store/apps/details?id=com.ril.ajio,Jahangir Alam,2026-08-13 11:55:08,good,Ajio Google Play reviews,English
0eda325e-a7f1-4425-8626-f8ccfeb5ff3f,Ajio,Google Play,Review,https://play.google.com/store/apps/details?id=com.ril.ajio,Nasim Khan,2026-08-13 11:39:24,veery best,Ajio Google Play reviews,English
27cd84b1-9a30-452e-99a6-2e822e474f8d,Ajio,Google Play,Review,https://play.google.com/store/apps/details?id=com.ril.ajio,Bhavesh Pitroda,2026-08-13 11:35:21,good,Ajio Google Play reviews,English
603581aa-0656-4d52-9fc8-21e47e91751d,Ajio,Google Play,Review,https://play.google.com/store/apps/details?id=com.ril.ajio,Simbothula Naga vamsi,2026-08-13 11:34:30,nice,Ajio Google Play reviews,English
1d8129ab-62c9-40de-807f-51a2e39992b6,Ajio,Google Play,Review,https://play.google.com/store/apps/details?id=com.ril.ajio,Rakesh Kumar,2026-08-13 11:27:09,good,Ajio Google Play reviews,English
ae2c53d3-adb2-4baf-a4a9-fbb4b57b35f5,Ajio,Google Play,Review,https://play.google.com/store/apps/details?id=com.ril.ajio,Rahul Roy,2026-08-13 11:21:51,nice,Ajio Google Play reviews,English
f2146a8b-ed68-40cd-8d56-61c1e3fdaf8d,Ajio,Google Play,Review,https://play.google.com/store/apps/details?id=com.ril.ajio,Prosun Ghosh,2026-08-13 11:01:20,good 👍👍,Ajio Google Play reviews,English
2841d66c-fa2f-42f8-830a-c0280bc74e40,Ajio,Google Play,Review,https://play.google.com/store/apps/details?id=com.ril.ajio,Sanjay Divakar,2026-08-13 10:52:32,nice app and so happy shopping with ajio and abhi to start Kiya hai ab dekhte hai kaisa kya response rahta hai lagta to hai ki acchaa hi rhega ❤️😊,Ajio Google Play reviews,English
985e70c4-bcf0-4a37-bb42-a02811bb926a,Ajio,Google Play,Review,https://play.google.com/store/apps/details?id=com.ril.ajio,Priya attri,2026-08-13 10:36:27,good app,Ajio Google Play reviews,English
1f18017d-dc87-4bca-9b4a-21df5580fc2b,Ajio,Google Play,Review,https://play.google.com/store/apps/details?id=com.ril.ajio,swati sharma,2026-08-13 10:36:08,nice,Ajio Google Play reviews,English
bb386ef5-1185-4e94-929e-f6b7b8597f6a,Ajio,Google Play,Review,https://play.google.com/store/apps/details?id=com.ril.ajio,Kamal Sharma,2026-08-13 10:10:06,give more offers,Ajio Google Play reviews,English
bba5f813-4c86-413a-84da-54a062c572cf,Ajio,Google Play,Review,https://play.google.com/store/apps/details?id=com.ril.ajio,Mansi Shah,2026-08-13 09:52:10,v good,Ajio Google Play reviews,English
db1b90d7-dba5-45fb-a3d7-0345acb84e6c,Ajio,Google Play,Review,https://play.google.com/store/apps/details?id=com.ril.ajio,Jayu Wandhare,2026-08-13 09:35:16,good,Ajio Google Play reviews,English
a722a7ab-e35d-4fec-9594-8b544c98dd37,Ajio,Google Play,Review,https://play.google.com/store/apps/details?id=com.ril.ajio,Rakesh Saini,2026-08-13 09:31:19,very good app 👍👍👍👍,Ajio Google Play reviews,English
07a74f31-a411-4d05-a0f5-204319770aeb,Ajio,Google Play,Review,https://play.google.com/store/apps/details?id=com.ril.ajio,Lokesh Kapgate,2026-08-13 09:28:08,good,Ajio Google Play reviews,English
2e72b995-46b2-484a-b3b4-f6d1e3feabff,Ajio,Google Play,Review,https://play.google.com/store/apps/details?id=com.ril.ajio,Sk Akram,2026-08-13 09:09:52,bad app not money refund 👎👎,Ajio Google Play reviews,English
ce80cb2e-2f98-4f98-b94a-412e1b81347d,Ajio,Google Play,Review,https://play.google.com/store/apps/details?id=com.ril.ajio,Gopal Mocholu,2026-08-13 09:04:48,good,Ajio Google Play reviews,English
dfc0753b-6907-4caa-85b4-c39894940ef3,Ajio,Google Play,Review,https://play.google.com/store/apps/details?id=com.ril.ajio,Shyama Barik,2026-08-13 08:50:28,I regret trusting on this app..worst app ...worst products...worst offers...go for meesho and shopsy instead ..hate this app,Ajio Google Play reviews,English
9186f1fd-931c-40ac-8c4a-09d15c2d0b6a,Ajio,Google Play,Review,https://play.google.com/store/apps/details?id=com.ril.ajio,Nitheesh Pakku,2026-08-13 08:48:49,good shopping,Ajio Google Play reviews,English
162948d8-0042-4340-bb52-cbe60be666a8,Ajio,Google Play,Review,https://play.google.com/store/apps/details?id=com.ril.ajio,Dv Prasad,2026-08-13 08:37:13,good,Ajio Google Play reviews,English
f1791cdc-ddad-4a01-92fa-980192bd1a9e,Ajio,Google Play,Review,https://play.google.com/store/apps/details?id=com.ril.ajio,dharmendra kushwah,2026-08-13 08:21:22,Thankyou Ajio,Ajio Google Play reviews,English
c82f42fe-a830-4924-9821-e385a250557d,Ajio,Google Play,Review,https://play.google.com/store/apps/details?id=com.ril.ajio,B vasu V4506,2026-08-13 08:17:39,super,Ajio Google Play reviews,English
9154a9f3-85a9-4b68-9068-b9c58515f25f,Ajio,Google Play,Review,https://play.google.com/store/apps/details?id=com.ril.ajio,Anushka Choudhary,2026-08-13 08:03:24,its awesome,Ajio Google Play reviews,English
7b84feed-d256-4b54-b540-df624679be04,Ajio,Google Play,Review,https://play.google.com/store/apps/details?id=com.ril.ajio,Bobbala Govinda,2026-08-13 07:59:03,super,Ajio Google Play reviews,English
82a35db5-90dc-429e-931a-1768c8fe0087,Ajio,Google Play,Review,https://play.google.com/store/apps/details?id=com.ril.ajio,rahul rathod,2026-08-13 07:47:55,अब देखेंगे,Ajio Google Play reviews,English
bc9dfcfb-2bcd-4d42-97dc-fda2daf819a0,Ajio,Google Play,Review,https://play.google.com/store/apps/details?id=com.ril.ajio,kirtisingh,2026-08-13 07:28:32,very bad experience. customer service is worst.,Ajio Google Play reviews,English
c87b63b4-f3e0-4bb3-96a1-b2249ba75a52,Ajio,Google Play,Review,https://play.google.com/store/apps/details?id=com.ril.ajio,Amit Anal,2026-08-13 06:24:55,good 👍,Ajio Google Play reviews,English
02c88115-24a1-404e-870c-bb65adc1bf22,Ajio,Google Play,Review,https://play.google.com/store/apps/details?id=com.ril.ajio,yesu Pemmadi,2026-08-13 06:15:50,good gd,Ajio Google Play reviews,English
4e213534-b45e-43c7-9b8f-86162c0b7d16,Ajio,Google Play,Review,https://play.google.com/store/apps/details?id=com.ril.ajio,sarita patil,2026-08-13 05:45:14,good,Ajio Google Play reviews,English
df75874c-7c2d-4e3e-8236-3761000c3653,Ajio,Google Play,Review,https://play.google.com/store/apps/details?id=com.ril.ajio,Ananda Raj A,2026-08-13 03:04:08,Very Nice,Ajio Google Play reviews,English
b6ccade1-1e82-4670-8522-ed41f28c4907,Ajio,Google Play,Review,https://play.google.com/store/apps/details?id=com.ril.ajio,Saniya khan Saniya,2026-08-13 02:33:14,what a shopping aap I founded my heart is blessing for this aap,Ajio Google Play reviews,English
8d3c24b0-4825-4ec6-a7a0-37a037518f4a,Ajio,Google Play,Review,https://play.google.com/store/apps/details?id=com.ril.ajio,SGM Corp,2026-08-13 02:09:43,Great app,Ajio Google Play reviews,English
786d67da-61ea-42bd-ace4-7f9da798e9c0,Ajio,Google Play,Review,https://play.google.com/store/apps/details?id=com.ril.ajio,riya khurana,2026-08-13 01:02:51,"Worst experience with this app. Suggesting people not to buy anything from Ajio. Everyday they keep increasing my delivery fee from 29 to 49rs and then today its showing 59rs. No customer support, canceling orders anytime and increasing delivery fees everyday.",Ajio Google Play reviews,English
b1e40ccb-1768-4328-a907-579a2d1a93a3,Ajio,Google Play,Review,https://play.google.com/store/apps/details?id=com.ril.ajio,Shah Pooja,2026-08-13 00:52:55,awesome,Ajio Google Play reviews,English
c3d0f634-8434-4935-a34b-416960fcd083,Ajio,Google Play,Review,https://play.google.com/store/apps/details?id=com.ril.ajio,Ganesh Patil,2026-08-13 00:42:17,good 😊,Ajio Google Play reviews,English
454f9897-da5e-4b01-9871-f3b2221f0480,Ajio,Google Play,Review,https://play.google.com/store/apps/details?id=com.ril.ajio,Jayanthi Chander,2026-08-12 23:52:25,"Worst app I've ever used. They frequently send incorrect colors, and there is no exchange option for incorrect colors. We will be asked to return if we receive incorrect colors, so if you want to place an order again, you can no longer avail the same offer used the first time. Ajio is pakka SCAM.",Ajio Google Play reviews,English
eb846e0b-93eb-4bb5-9f0c-18308a0d630e,Ajio,Google Play,Review,https://play.google.com/store/apps/details?id=com.ril.ajio,Anik Sahani,2026-08-12 23:29:27,nice,Ajio Google Play reviews,English
83c60932-2d10-4bac-9d30-21405e1c1bad,Ajio,Google Play,Review,https://play.google.com/store/apps/details?id=com.ril.ajio,DHARMA RAJ.S,2026-08-12 23:27:54,good,Ajio Google Play reviews,English
9b23803a-e4fe-44ed-bb79-af8670d3e2a6,Ajio,Google Play,Review,https://play.google.com/store/apps/details?id=com.ril.ajio,Riza Fathima,2026-08-12 23:08:57,great!!,Ajio Google Play reviews,English
51377f69-57ae-4fd7-a96b-7ffa006c7d3a,Ajio,Google Play,Review,https://play.google.com/store/apps/details?id=com.ril.ajio,Abhishek Arya,2026-08-12 23:06:59,very good 💯,Ajio Google Play reviews,English
17bc999a-7589-47c3-a61f-f9e9033bb168,Ajio,Google Play,Review,https://play.google.com/store/apps/details?id=com.ril.ajio,vijay meena,2026-08-12 22:51:33,very slow and boring app,Ajio Google Play reviews,English
9926b3f6-fd51-4c93-8070-b86955116020,Ajio,Google Play,Review,https://play.google.com/store/apps/details?id=com.ril.ajio,Anil Kumar,2026-08-12 22:29:35,good service,Ajio Google Play reviews,English
2d3c3532-62b5-410c-8bdd-8d46eed7d735,Ajio,Google Play,Review,https://play.google.com/store/apps/details?id=com.ril.ajio,VINAY KUMAR,2026-08-12 22:11:54,service is good 👍,Ajio Google Play reviews,English
df71bd3b-079c-417c-8a54-4392da85c104,Ajio,Google Play,Review,https://play.google.com/store/apps/details?id=com.ril.ajio,Dhawan Badsiwal,2026-08-12 22:09:30,this is my first experience so I'm not sure about this app means i can't trust it 🙏,Ajio Google Play reviews,English
96a9816e-d35c-43bc-b717-1ea2520b2b69,Ajio,Google Play,Review,https://play.google.com/store/apps/details?id=com.ril.ajio,NEHA GUPTA,2026-08-12 22:04:37,sr thenku,Ajio Google Play reviews,English
4e118c80-7f9d-446c-b3d9-fd7a24c7f6af,Ajio,Google Play,Review,https://play.google.com/store/apps/details?id=com.ril.ajio,Rizu,2026-08-12 21:55:53,"WORST SHOPPING APP EVER !! whenever I'm trying to open cart to place an order, it says ""You can't place a new order"". What kind of shopping app is this?",Ajio Google Play reviews,English
f545fc6e-cc45-4cfb-b47d-35cadd988042,Ajio,Google Play,Review,https://play.google.com/store/apps/details?id=com.ril.ajio,Salam Sk,2026-08-12 21:50:49,good,Ajio Google Play reviews,English
bbea3411-22a5-4ae1-ad56-224d035c0af1,Ajio,Google Play,Review,https://play.google.com/store/apps/details?id=com.ril.ajio,Saddam Ali,2026-08-12 21:50:45,so beautiful ❤️,Ajio Google Play reviews,English
f08f0e6e-5df3-44f2-be5b-ba5694826a8a,Ajio,Google Play,Review,https://play.google.com/store/apps/details?id=com.ril.ajio,Rishabh Singh,2026-08-12 21:33:14,worst app nothing working properly even the tshirt which I had ordered was with holes and fully poor quality and no customer support.Never use this waste app.,Ajio Google Play reviews,English
8e891351-0029-4cda-a805-469174ef15be,Ajio,Google Play,Review,https://play.google.com/store/apps/details?id=com.ril.ajio,ganesh adari,2026-08-12 21:28:58,address not taken by current location,Ajio Google Play reviews,English
c53e348c-1d49-4627-97cd-762502dadc10,Ajio,Google Play,Review,https://play.google.com/store/apps/details?id=com.ril.ajio,Rajalingam_ webdeveloper.,2026-08-12 21:25:48,good,Ajio Google Play reviews,English
75d9aca4-8583-4843-bf69-ddeab90e308d,Ajio,Google Play,Review,https://play.google.com/store/apps/details?id=com.ril.ajio,Arun K.g,2026-08-12 21:18:58,nice 👍,Ajio Google Play reviews,English
3f774995-c237-41c4-9b66-fee4ee61dd6e,Ajio,Google Play,Review,https://play.google.com/store/apps/details?id=com.ril.ajio,Sudarshan,2026-08-12 21:08:17,"i didn't feel this is the suitable app for this generation(Gen Z) 1) It's delayed every time. 2) No cancel option 3) No proper guidelines provided to cancel or return I ordered a hoodie for my friend's bday, it didn't reach on time it said it's delayed for 3 days I am really disappointed 😞 with this app",Ajio Google Play reviews,English
97a63fad-1fe9-431e-9c1e-cdf7be84cacf,Ajio,Google Play,Review,https://play.google.com/store/apps/details?id=com.ril.ajio,Leena Rapeti,2026-08-12 20:59:09,good,Ajio Google Play reviews,English
846c32bb-5951-432d-a2f6-94ee6bd6edc4,Ajio,Google Play,Review,https://play.google.com/store/apps/details?id=com.ril.ajio,Ashvini Khairnar,2026-08-12 20:41:06,helpful,Ajio Google Play reviews,English
b9cdc5f2-7dfc-418c-9e09-e8577a7cc2d7,Ajio,Google Play,Review,https://play.google.com/store/apps/details?id=com.ril.ajio,Ramesh Gupta,2026-08-12 20:34:38,best clothes shopping aap 😁,Ajio Google Play reviews,English
5062c727-0ded-42dd-bdfa-16c5ffebdac9,Ajio,Google Play,Review,https://play.google.com/store/apps/details?id=com.ril.ajio,Vijay Meena,2026-08-12 20:32:37,i install this app in search of long bottoms mainly am actually tall around 183 cm and but I didn't got what I want i request ajio please do something about this,Ajio Google Play reviews,English
51eb5c75-02bc-4487-93b8-ab38a46b1e79,Ajio,Google Play,Review,https://play.google.com/store/apps/details?id=com.ril.ajio,Dilip Singh Devda,2026-08-12 19:55:47,nice,Ajio Google Play reviews,English
6d972419-6dd8-4c2b-9e48-176a36a9053f,Ajio,Google Play,Review,https://play.google.com/store/apps/details?id=com.ril.ajio,Akshita Acharya,2026-08-12 19:54:19,very affordable and good quality product,Ajio Google Play reviews,English
d58bb109-473a-4a1a-aa02-4ebd72f00e92,Ajio,Google Play,Review,https://play.google.com/store/apps/details?id=com.ril.ajio,Ravi Kumar,2026-08-12 19:52:02,good offer,Ajio Google Play reviews,English
18644328-37f1-43e2-821c-66250ce98b58,Ajio,Google Play,Review,https://play.google.com/store/apps/details?id=com.ril.ajio,Rajendra Prasad Bakam,2026-08-12 19:48:33,good,Ajio Google Play reviews,English
81ea46c8-d380-4532-9dc0-abb6475a6b12,Ajio,Google Play,Review,https://play.google.com/store/apps/details?id=com.ril.ajio,Shrikant Gole,2026-08-12 19:41:39,ok,Ajio Google Play reviews,English
9feed945-6383-4087-88c1-bb1c2562718e,Ajio,Google Play,Review,https://play.google.com/store/apps/details?id=com.ril.ajio,Nabanita Adhikari,2026-08-12 19:40:17,Good,Ajio Google Play reviews,English
47d6d19d-3e47-4e53-a512-75b7d3681f80,Ajio,Google Play,Review,https://play.google.com/store/apps/details?id=com.ril.ajio,Uddhavraj Yadav,2026-08-12 19:38:41,"First, change your delivery partner. Utterly useless, with no clear communication, and delivers very, very poor service.",Ajio Google Play reviews,English
4de76197-909e-4194-8e23-050ba23df681,Ajio,Google Play,Review,https://play.google.com/store/apps/details?id=com.ril.ajio,Pankaj Prajapati,2026-08-12 19:27:38,The material of the dresses and tops is very good and the features are wow,Ajio Google Play reviews,English
ffc78f7b-a6ff-4f1c-bbbb-3f13cbea2864,Ajio,Google Play,Review,https://play.google.com/store/apps/details?id=com.ril.ajio,Vishwa,2026-08-12 19:25:51,good 😊,Ajio Google Play reviews,English
137c5ddd-b3dc-4117-a40a-f7433807e52d,Ajio,Google Play,Review,https://play.google.com/store/apps/details?id=com.ril.ajio,Dharmendra Kushwah,2026-08-12 19:24:23,The application is fake I ordered 2 t sart and I got a t sart o wrong product whose quality was bad,Ajio Google Play reviews,English
3a67bd2d-a90f-4349-8443-3b039bb7d599,Ajio,Google Play,Review,https://play.google.com/store/apps/details?id=com.ril.ajio,Aizad Khursheed,2026-08-12 19:22:17,"Third class website. Takes a lot of time to load, navigating through the site is irritating. Description of items is incomplete, product quality is not up to the mark. Supercash is to make fool of you, so please don't be. No information is given to customer when they cancel order. Website does not reflect the amount returned, you have to ask them. No value of customer's time, effort and money. This site's MO is similar to Jiomart. Its obvious as both are of reliance. You can't rely on Reliance.",Ajio Google Play reviews,English
c209b499-052c-43d7-a028-6b2efd12c70f,Ajio,Google Play,Review,https://play.google.com/store/apps/details?id=com.ril.ajio,Spandana r Shetty,2026-08-12 19:21:21,good,Ajio Google Play reviews,English
2a0a133d-b981-4f22-828e-cfa56529e761,Ajio,Google Play,Review,https://play.google.com/store/apps/details?id=com.ril.ajio,sierra papa,2026-08-12 19:21:13,No customer care support,Ajio Google Play reviews,English
8fa1e73f-308c-4c2b-8e90-a28a52d34e4a,Ajio,Google Play,Review,https://play.google.com/store/apps/details?id=com.ril.ajio,Harshad Kumar,2026-08-12 19:05:42,nice,Ajio Google Play reviews,English
6a553e7b-f150-4929-b6c7-87cd3a698a2b,Ajio,Google Play,Review,https://play.google.com/store/apps/details?id=com.ril.ajio,Aditya Rai,2026-08-12 18:56:20,"Worst shopping aap I had used ever in life. There is no facility of costumer service and delivery is extremely late,it takes two weeks to deliver a single order.",Ajio Google Play reviews,English
131757d4-85b7-4f0c-9ada-ca7e02f820a1,Ajio,Google Play,Review,https://play.google.com/store/apps/details?id=com.ril.ajio,Pavankalyan Chittigori,2026-08-12 18:53:56,good i,Ajio Google Play reviews,English
275a5169-7f0c-4227-ae83-d94f8266f7a9,Ajio,Google Play,Review,https://play.google.com/store/apps/details?id=com.ril.ajio,Sahil Sekh,2026-08-12 18:44:48,good,Ajio Google Play reviews,English
3aad9fa9-fc1c-4078-945b-ce3389791584,Ajio,Google Play,Review,https://play.google.com/store/apps/details?id=com.ril.ajio,Nitin Gawande,2026-08-12 18:43:48,👍,Ajio Google Play reviews,English
6b87362e-c15f-47b0-b571-9dd4edb7225d,Ajio,Google Play,Review,https://play.google.com/store/apps/details?id=com.ril.ajio,gajanan trading,2026-08-12 18:13:12,it's my order i have placed let's see how it works. thinking for +Ve n proceeding it. 😊👍,Ajio Google Play reviews,English
fdb9d3e5-9ebb-4ac8-8af1-e4a154a5d9ad,Ajio,Google Play,Review,https://play.google.com/store/apps/details?id=com.ril.ajio,Shivam Gurjar,2026-08-12 18:10:42,good,Ajio Google Play reviews,English
29608cb1-e402-4551-8d0d-e1351f522eae,Ajio,Google Play,Review,https://play.google.com/store/apps/details?id=com.ril.ajio,HARSHKUMAR VANVI,2026-08-12 17:59:11,good 👍,Ajio Google Play reviews,English
c6eddd83-4ab9-4869-8a0e-a4ba5ca8f9ae,Ajio,Google Play,Review,https://play.google.com/store/apps/details?id=com.ril.ajio,Ultimate webhead 87,2026-08-12 17:51:25,This is literally one of the worst e-commerce app. The service is terrible the clothing quality is terrible. And don't forget they never timely deliver your product they alway delay it. The customer service is also terrible. Kindly save your data & storage and don't download this app,Ajio Google Play reviews,English
31daaffe-0dff-428d-881a-5028e79c5595,Ajio,Google Play,Review,https://play.google.com/store/apps/details?id=com.ril.ajio,ram manohar,2026-08-12 17:46:45,good,Ajio Google Play reviews,English
90f79ebe-51e9-4c0e-90cd-cc4218b02ac6,Ajio,Google Play,Review,https://play.google.com/store/apps/details?id=com.ril.ajio,Naga sathya durga Danda,2026-08-12 17:30:55,nice,Ajio Google Play reviews,English
0fc650ce-4e87-48eb-8e03-8b6548d87e17,Ajio,Google Play,Review,https://play.google.com/store/apps/details?id=com.ril.ajio,Shiva Mulinti,2026-08-12 17:29:06,good,Ajio Google Play reviews,English
6c60b8e8-015d-4b44-bd56-5c373ac23cd1,Ajio,Google Play,Review,https://play.google.com/store/apps/details?id=com.ril.ajio,Mãdhû Kv,2026-08-12 17:19:14,work service,Ajio Google Play reviews,English
9c66e358-8c06-4838-9cf1-1a504274b865,Ajio,Google Play,Review,https://play.google.com/store/apps/details?id=com.ril.ajio,Sharmishtha Chauhan,2026-08-12 17:10:13,it is good app for shopping 🛍️😁,Ajio Google Play reviews,English
3b976a9d-5bf6-4d3f-80c3-cd4f7eb6e16d,Ajio,Google Play,Review,https://play.google.com/store/apps/details?id=com.ril.ajio,Abdul Razak Shaikh,2026-08-12 17:08:42,nice,Ajio Google Play reviews,English
44083daa-e221-4c7f-9e8e-5203a574b1eb,Ajio,Google Play,Review,https://play.google.com/store/apps/details?id=com.ril.ajio,bijit nath,2026-08-12 16:48:24,good,Ajio Google Play reviews,English
f67b1e6b-1291-4d3b-a4d0-33440bd0c6d3,Ajio,Google Play,Review,https://play.google.com/store/apps/details?id=com.ril.ajio,Abhishek Kumar,2026-08-12 16:47:17,good,Ajio Google Play reviews,English
e7b135d5-ad98-4ef7-963d-0247898abc98,Ajio,Google Play,Review,https://play.google.com/store/apps/details?id=com.ril.ajio,Payal Panwar,2026-08-12 16:17:36,excellent,Ajio Google Play reviews,English
d0974451-05eb-460b-b24a-afbf03b4d4bc,Ajio,Google Play,Review,https://play.google.com/store/apps/details?id=com.ril.ajio,Manoj Pilli,2026-08-12 16:17:35,app working too slow,Ajio Google Play reviews,English
eceb44a9-7a63-46cb-9557-0e25432cd6c7,Ajio,Google Play,Review,https://play.google.com/store/apps/details?id=com.ril.ajio,Nandish M.r,2026-08-12 15:53:09,good clothes are giving must should try,Ajio Google Play reviews,English
f2a1c371-7f4d-4f63-9e40-c6ada2bcba2b,Ajio,Google Play,Review,https://play.google.com/store/apps/details?id=com.ril.ajio,Pavi Vishnu,2026-08-12 15:48:04,super nice,Ajio Google Play reviews,English
98f9ddbf-ea35-4c8b-b597-3dc0190854f0,Ajio,Google Play,Review,https://play.google.com/store/apps/details?id=com.ril.ajio,Prakash Prakash,2026-08-12 15:39:33,Good,Ajio Google Play reviews,English
8544226f-e86d-4f95-aa39-9b097905d5dd,Ajio,Google Play,Review,https://play.google.com/store/apps/details?id=com.ril.ajio,Vinay,2026-08-12 15:32:17,good,Ajio Google Play reviews,English
e8aeb78d-d0fb-4301-a1a0-aa8553ad94b7,Ajio,Google Play,Review,https://play.google.com/store/apps/details?id=com.ril.ajio,Pinky Gupta,2026-08-12 15:30:20,nice,Ajio Google Play reviews,English
1a05d974-595c-4428-9217-23988e26ddf8,Ajio,Google Play,Review,https://play.google.com/store/apps/details?id=com.ril.ajio,Saraswati Behera,2026-08-12 15:24:17,they will cancel the pre paid product from their own side and never give the refund! happened to me twice now,Ajio Google Play reviews,English
21a9e8ce-4016-4be0-a2b0-56cccb894a51,Ajio,Google Play,Review,https://play.google.com/store/apps/details?id=com.ril.ajio,Muhammadshafi K,2026-08-12 14:58:49,good,Ajio Google Play reviews,English
6b300be6-77ee-4dde-90f8-f0cd813dfbd4,Ajio,Google Play,Review,https://play.google.com/store/apps/details?id=com.ril.ajio,Shashikiran Jeppu,2026-08-12 14:58:23,"seems your systems are hacked. a scammer called me regarding my product and said due to server issues i need to repay for the order and within one min i will get a refund of the previous amount. she exactly knew what was the product and the amount. i asked why the app isnt updated, i will check and pay on the app for which she said we are directly calling from customer care qnd gave me some bs. this is crazy guys. ajio used to be good now it seems you are far far faaaar behing myntra too.",Ajio Google Play reviews,English
aeca2b68-cdd3-4932-9fc8-96ca25e14524,Ajio,Google Play,Review,https://play.google.com/store/apps/details?id=com.ril.ajio,Aiza Zarine,2026-08-12 14:46:32,"very worst experience...I have ordered first time and it became night mare to me...what you all guys are doing..I have ordered two gowns instead of giving me accurate tracking details...for continuous 10 days they were saying ...we understand this and resolve this issue immediately....so sad, so frustrating ...",Ajio Google Play reviews,English
4989999f-bede-4fba-94ed-6756944aef5a,Ajio,Google Play,Review,https://play.google.com/store/apps/details?id=com.ril.ajio,Virender Singh,2026-08-12 14:42:20,good,Ajio Google Play reviews,English
f0a2c5fe-1238-43d6-a88e-56d481d0bae8,Ajio,Google Play,Review,https://play.google.com/store/apps/details?id=com.ril.ajio,Rama Krishna Royal M.G,2026-08-12 14:12:36,don't believe in fast delivery you'll receive your product after 7days also don't do prepaid if you do that they won't deliver the product in the given time period.,Ajio Google Play reviews,English
4c134733-1bf5-488e-917a-f0159d71517c,Ajio,Google Play,Review,https://play.google.com/store/apps/details?id=com.ril.ajio,Noahas Kindo,2026-08-12 13:56:39,Ajio is good,Ajio Google Play reviews,English
ce345c77-cee9-49cd-8e86-3640f01130e5,Ajio,Google Play,Review,https://play.google.com/store/apps/details?id=com.ril.ajio,Anidhya Thapa,2026-08-12 13:00:17,"reliable, genuine, overall good.",Ajio Google Play reviews,English
0ed3d574-5b4e-4ca7-b1e2-aee2d95f1615,Ajio,Google Play,Review,https://play.google.com/store/apps/details?id=com.ril.ajio,Dipesh Dahiya,2026-08-12 12:55:44,amazing App for shopping,Ajio Google Play reviews,English
95b7ba39-30d1-40ae-b5b7-177b8803f336,Ajio,Google Play,Review,https://play.google.com/store/apps/details?id=com.ril.ajio,Khushi Wadhwani,2026-08-12 12:53:57,rturn k paise katate jai galat hai,Ajio Google Play reviews,English
5adf3450-7145-4189-88f1-42a0f74e5410,Ajio,Google Play,Review,https://play.google.com/store/apps/details?id=com.ril.ajio,Soham Chasiya,2026-08-12 12:43:22,worst app for customer because the return policy is very poor and customer care is not provide helpful solution! I received 4 out of product used ! please don't shop with this app !,Ajio Google Play reviews,English
af9e85e2-f1ec-4add-9a52-4deddd918061,Ajio,Google Play,Review,https://play.google.com/store/apps/details?id=com.ril.ajio,Priti Vattikutti,2026-08-12 12:20:27,love you❤,Ajio Google Play reviews,English
7869bcb9-c649-4ad8-bf18-12626e7b7a32,Ajio,Google Play,Review,https://play.google.com/store/apps/details?id=com.ril.ajio,Ramesh Kumar,2026-08-12 12:18:47,good,Ajio Google Play reviews,English
dc23e162-b0b8-47f5-a349-8298ef204243,Ajio,Google Play,Review,https://play.google.com/store/apps/details?id=com.ril.ajio,veena rk,2026-08-12 12:17:17,I don't see offers running in Ajio applicable for me ..and I have brought to your notice via the customer service earlier and more than once how ever no help has been offered on the same .. could you please look into this and make it available for me on my cart too... am aware of d conditions but this is like there is so much difference in how d offers r running and always out of stock etc .. it's like I see offers n stock are not made AVAILABLE to me.,Ajio Google Play reviews,English
40f6c690-dd1b-40dc-87ad-b16551bc94fb,Ajio,Google Play,Review,https://play.google.com/store/apps/details?id=com.ril.ajio,Deepak Roy,2026-08-12 11:53:19,good,Ajio Google Play reviews,English
eefe7b41-7e7a-4016-b0e7-5d2d026437bd,Ajio,Google Play,Review,https://play.google.com/store/apps/details?id=com.ril.ajio,pavan sidharth,2026-08-12 11:50:17,It's a genuine when it app was launched now it's going fraud I was ordered 3 items but I received 1 item even that product also not matched which item I was ordered this is not a first happening to me so many times I happened like this . such a worst app . Amazon and Flipkart is so much better than Ajio app,Ajio Google Play reviews,English
d7f7639e-0052-432b-a72c-ae666aefbbbe,Ajio,Google Play,Review,https://play.google.com/store/apps/details?id=com.ril.ajio,Kanak Jal,2026-08-12 11:35:22,wow,Ajio Google Play reviews,English
80215a2e-e425-4b22-9420-264670fe71b9,Ajio,Google Play,Review,https://play.google.com/store/apps/details?id=com.ril.ajio,JOYPROKASH MAHATO,2026-08-12 11:24:15,need More budget friendly garments,Ajio Google Play reviews,English
19ba9a5f-ffc6-4848-83df-11f1ea0edc9b,Ajio,Google Play,Review,https://play.google.com/store/apps/details?id=com.ril.ajio,SAGAR,2026-08-12 10:58:04,good,Ajio Google Play reviews,English
3b1c71bb-2a09-48e5-bbd1-b186be4731ea,Ajio,Google Play,Review,https://play.google.com/store/apps/details?id=com.ril.ajio,Tejashree Reddy,2026-08-12 10:41:50,"i recently ordered a product from AJIO, but unfortunately, the experience was extremely disappointing. The product I received was completely different from what I had ordered. This is a serious issue because customers trust the platform to deliver the exact product shown and selected while placing the order. What made the experience even worse was the customer service. When I contacted customer support to explain the issue, I did not receive the kind of assistance I expected. verydisappointed",Ajio Google Play reviews,English
76a64b30-aca5-4137-8cc0-94d76d577bf5,Ajio,Google Play,Review,https://play.google.com/store/apps/details?id=com.ril.ajio,garima gawshinde,2026-08-12 10:16:47,Just Awesome,Ajio Google Play reviews,English
740ac605-326b-4b52-a481-235585698b8f,Ajio,Google Play,Review,https://play.google.com/store/apps/details?id=com.ril.ajio,Hemanth,2026-08-12 10:13:20,good,Ajio Google Play reviews,English
923626ba-28a9-4c37-bee1-e2bb174e1e58,Ajio,Google Play,Review,https://play.google.com/store/apps/details?id=com.ril.ajio,Shashi Rathod,2026-08-12 09:56:12,Nice outfit,Ajio Google Play reviews,English
50618f23-b60e-4e0d-af11-14cbb69a6395,Ajio,Google Play,Review,https://play.google.com/store/apps/details?id=com.ril.ajio,Hari Kumar,2026-08-12 09:51:53,good,Ajio Google Play reviews,English
51160d4d-eb9e-465f-9b45-2864be0332a1,Ajio,Google Play,Review,https://play.google.com/store/apps/details?id=com.ril.ajio,Pawan Kumar,2026-08-12 09:47:17,18 और 19 तारीख का मेरा पहला ऑर्डर होगा देखते हैं कि कपड़ा कैसा आ रहा है अच्छा आएगा तो और ऑर्डर मारना है खराब आयेगा तो नहीं ऑर्डर मरेंगे विश्वास है अच्छा ही आयेगा 👍,Ajio Google Play reviews,English
451f862f-86d4-4d52-b4da-401f5e9c5814,Ajio,Google Play,Review,https://play.google.com/store/apps/details?id=com.ril.ajio,1 2,2026-08-12 09:30:33,Good Choice,Ajio Google Play reviews,English
3591bc97-c094-47d6-b5ba-b33b5759213c,Ajio,Google Play,Review,https://play.google.com/store/apps/details?id=com.ril.ajio,MadhuSudhakar Dhandu,2026-08-12 09:24:30,Good,Ajio Google Play reviews,English
aea33b7d-1211-4994-9ce6-afd9b988b82a,Ajio,Google Play,Review,https://play.google.com/store/apps/details?id=com.ril.ajio,రామాంజనేయులు పి అంజీ,2026-08-12 09:12:08,very nice,Ajio Google Play reviews,English
83969048-6007-4b1c-926e-fc0b50bfc193,Ajio,Google Play,Review,https://play.google.com/store/apps/details?id=com.ril.ajio,gautam jaisaval,2026-08-12 09:06:47,Good,Ajio Google Play reviews,English
fd8dc6a3-5a3f-4017-a633-73aae7a0ed49,Ajio,Google Play,Review,https://play.google.com/store/apps/details?id=com.ril.ajio,SANIA ANJUM,2026-08-12 09:02:01,happy,Ajio Google Play reviews,English
66c796a9-53dd-428d-a222-242cb96f9059,Ajio,Google Play,Review,https://play.google.com/store/apps/details?id=com.ril.ajio,Shekhar Domala,2026-08-12 08:59:33,worst experience with order cancel,Ajio Google Play reviews,English
9d751542-a132-4cb7-a155-d71d9c2479b5,Ajio,Google Play,Review,https://play.google.com/store/apps/details?id=com.ril.ajio,Sagar singh Nagar,2026-08-12 08:44:44,no COD,Ajio Google Play reviews,English
a3cdd1d3-a651-422c-8efc-28d5bbe2ff84,Ajio,Google Play,Review,https://play.google.com/store/apps/details?id=com.ril.ajio,Sakshi Mahale,2026-08-12 08:42:06,my experience with ajio is very bad they are not offering any returns and their service is very poor,Ajio Google Play reviews,English
8a7039f1-2c06-4c8b-844a-fdbd03816b4e,Ajio,Google Play,Review,https://play.google.com/store/apps/details?id=com.ril.ajio,smita modi,2026-08-12 08:38:08,nice,Ajio Google Play reviews,English
deaa6f85-0c05-49ad-b723-8256ea8fa189,Ajio,Google Play,Review,https://play.google.com/store/apps/details?id=com.ril.ajio,Sanket Tamore,2026-08-12 08:36:02,good,Ajio Google Play reviews,English
bd78885b-9fb8-436b-983b-2b7139746d09,Ajio,Google Play,Review,https://play.google.com/store/apps/details?id=com.ril.ajio,BHAVISHA MODASIYA,2026-08-12 08:18:49,good,Ajio Google Play reviews,English
facbd661-82aa-49a2-98e2-83e1ec118e53,Ajio,Google Play,Review,https://play.google.com/store/apps/details?id=com.ril.ajio,pankaj sharma,2026-08-12 08:15:11,frad frad frad sabse beekar App hai mane shoes odar kiya the 04/08/26 redtape dail lace black colour uski jagha aaye white simple shoes to jab mane return kiye to return hold m dal diye fir 4 din baad pickup kiya to payment hold m dal di 24 hour se jyda ho gya return pickup kiye hue abhi tak payment nahi aai hai app m 24 august show ho rha hai,Ajio Google Play reviews,English
3398c92a-f7ff-4c9c-8a66-e84f885568b9,Ajio,Google Play,Review,https://play.google.com/store/apps/details?id=com.ril.ajio,Rahul Singh,2026-08-12 08:13:31,"this was my first order and hence this is a fake 5 star rating , pls wait the real rating to come in future",Ajio Google Play reviews,English
39c698f9-90f2-46a7-b64a-3e711c28c687,Ajio,Google Play,Review,https://play.google.com/store/apps/details?id=com.ril.ajio,Barun Kumar mallik,2026-08-12 07:32:21,good,Ajio Google Play reviews,English
56a8a55f-5267-4876-b260-dfd24abfe890,Ajio,Google Play,Review,https://play.google.com/store/apps/details?id=com.ril.ajio,Preethi Gowda,2026-08-12 06:53:24,good,Ajio Google Play reviews,English
7cea0dfa-a751-4c0f-9f3a-5da5dda99e7f,Ajio,Google Play,Review,https://play.google.com/store/apps/details?id=com.ril.ajio,madaka Srinu,2026-08-12 06:14:27,gud,Ajio Google Play reviews,English
746dbedf-3637-41a7-aaef-b8c804c37db2,Ajio,Google Play,Review,https://play.google.com/store/apps/details?id=com.ril.ajio,A Google user,2026-08-12 04:08:51,wow super shoping platform,Ajio Google Play reviews,English
4f89dbbc-de5c-4442-be83-3373ba44fbef,Ajio,Google Play,Review,https://play.google.com/store/apps/details?id=com.ril.ajio,Riti,2026-08-12 02:14:45,"I am the regular user of the app, so it's my kind review of the app as the latest ui update is not comfortable to view It feels like un easy",Ajio Google Play reviews,English
c5d860cb-a360-4d05-a4b0-e82d58790770,Ajio,Google Play,Review,https://play.google.com/store/apps/details?id=com.ril.ajio,Prathap Thirisa,2026-08-12 02:06:18,super,Ajio Google Play reviews,English
d3e02f6c-4e92-483d-8893-0db273d96739,Ajio,Google Play,Review,https://play.google.com/store/apps/details?id=com.ril.ajio,Arshad Bhai,2026-08-12 02:06:05,bekar app hai,Ajio Google Play reviews,English
28207c6a-2192-4607-b398-dcc2b173095c,Ajio,Google Play,Review,https://play.google.com/store/apps/details?id=com.ril.ajio,Manish Patidar,2026-08-12 01:53:01,awesome 👍,Ajio Google Play reviews,English
d74ddf73-4c02-4267-8013-86c83bb66685,Ajio,Google Play,Review,https://play.google.com/store/apps/details?id=com.ril.ajio,Lokes Saini,2026-08-12 00:41:06,that is tha amazing platform 👏 🙌,Ajio Google Play reviews,English
92506833-3748-43a3-92df-25df183cd4f0,Ajio,Google Play,Review,https://play.google.com/store/apps/details?id=com.ril.ajio,Suhriday Barik,2026-08-12 00:31:07,best app.,Ajio Google Play reviews,English
0a6fffef-4cb3-446a-8a53-84356999e333,Ajio,Google Play,Review,https://play.google.com/store/apps/details?id=com.ril.ajio,Shobha Patil,2026-08-12 00:28:38,very nice,Ajio Google Play reviews,English
ad23e064-9f39-4fe8-87d4-02351d7601b1,Ajio,Google Play,Review,https://play.google.com/store/apps/details?id=com.ril.ajio,Mohd iqbal,2026-08-12 00:20:03,"Zero stars from my side. This is one of the worst applications I have ever used. What you see and order on the app is not what you actually receive. The products are often of cheap quality and do not match the quality shown on the app The customer service is extremely poor, and my refund experience has been even worse. It has been 3 days, and I still haven’t received my refund. There is no proper response or satisfactory support from customer service.Overall,AJIO’s service is extremely pathetic",Ajio Google Play reviews,English
5ee79052-acad-44b2-b26e-9d8ad6c7004f,Ajio,Google Play,Review,https://play.google.com/store/apps/details?id=com.ril.ajio,Ritika Mishra,2026-08-11 23:53:30,"Worst app ever! Nothing happens on time. You place an order and it takes almost 3 weeks to get delivered. If you return something, the refund takes almost a month. Customer support is of no real help either. This is extremely frustrating and such a waste of time. Definitely not recommended.",Ajio Google Play reviews,English
98e0bb29-5789-43c2-b564-ca37167440b6,Ajio,Google Play,Review,https://play.google.com/store/apps/details?id=com.ril.ajio,SAGAR BABU,2026-08-11 23:45:53,"Very disappointing experience with AJIO. My order was scheduled for delivery on 4th August. I missed the delivery agent’s call as I was in a meeting, but I called back multiple times and got no response. The date was postponed to 6th and then 9th August. Customer care assured delivery on 9th, but it wasn’t delivered. On 10th August, when I called customer care, they informed me that the product was returned to origin due to a technical error. Very poor service and no proper resolution.",Ajio Google Play reviews,English
a7e3fed1-55d8-4adb-992f-8500c6e0d9fc,Ajio,Google Play,Review,https://play.google.com/store/apps/details?id=com.ril.ajio,Manish Patidar,2026-08-11 23:37:34,good product ❤️,Ajio Google Play reviews,English
1474a86c-12b0-4572-9d6a-a49126f92d9a,Ajio,Google Play,Review,https://play.google.com/store/apps/details?id=com.ril.ajio,Kanha Soni,2026-08-11 23:32:29,👌 best,Ajio Google Play reviews,English
19454c09-7164-4dda-a05f-5b1dd0c86e52,Ajio,Google Play,Review,https://play.google.com/store/apps/details?id=com.ril.ajio,Syed Sarwar,2026-08-11 23:10:44,good work,Ajio Google Play reviews,English
a8748998-c928-4f30-a1c8-ed3c0ff9bffd,Ajio,Google Play,Review,https://play.google.com/store/apps/details?id=com.ril.ajio,Kitbok,2026-08-11 23:04:53,"App experience, not great, search took forever, every new click is greeted with an ad - why? my intention to use the app is to make a purchase, those ridiculous ad end up slowing the app beyond usability.",Ajio Google Play reviews,English
553464a7-b71d-4e8e-b233-b68af45d7a02,Ajio,Google Play,Review,https://play.google.com/store/apps/details?id=com.ril.ajio,Hasmitha Marella,2026-08-11 22:57:38,need reviews more,Ajio Google Play reviews,English
80300076-8304-455e-8579-0e0146990b91,Ajio,Google Play,Review,https://play.google.com/store/apps/details?id=com.ril.ajio,nee bee,2026-08-11 22:44:32,pathetic experience. i ordered from ajio but most of the times they cancelled my orders without any reason and even shipped order there delivery partners didn't attempt the delivery and their partners mentioned that delivery attempted and then cancelled the order. very bad experience from ajio. even one order they sent me wrong and i complained about it till now no response regarding that order. customer support is not at all helpful.,Ajio Google Play reviews,English
b07f3296-9e9e-4130-9231-f0d84d3f8d57,Ajio,Google Play,Review,https://play.google.com/store/apps/details?id=com.ril.ajio,Manish Verma,2026-08-11 22:30:45,good service 💯,Ajio Google Play reviews,English
a24b5752-99d7-4557-92a7-b3770486d359,Ajio,Google Play,Review,https://play.google.com/store/apps/details?id=com.ril.ajio,Sayali Chothe,2026-08-11 22:27:47,"app works too slow than others, online shopping should also be simple bit suggests to download app that also is very slow, ask too many details. which makes shopping harder. very slow app",Ajio Google Play reviews,English
b2ae078e-e992-4822-9b00-22f981133d45,Ajio,Google Play,Review,https://play.google.com/store/apps/details?id=com.ril.ajio,Punam Kumari,2026-08-11 22:27:38,ok,Ajio Google Play reviews,English
d2de5edf-600d-4c92-92e4-247957594866,Ajio,Google Play,Review,https://play.google.com/store/apps/details?id=com.ril.ajio,rajiv Bhairve,2026-08-11 22:22:30,Very good fast Pick up order,Ajio Google Play reviews,English
52f86aea-4356-41f5-8c10-0602d31e0231,Ajio,Google Play,Review,https://play.google.com/store/apps/details?id=com.ril.ajio,Chetanvarnika Chetanvarnika,2026-08-11 22:19:29,good,Ajio Google Play reviews,English
b1f3a82c-c3eb-46df-b558-c8a38c1a40b9,Ajio,Google Play,Review,https://play.google.com/store/apps/details?id=com.ril.ajio,Beenaveni Rajamani,2026-08-11 22:11:19,nice app,Ajio Google Play reviews,English
32d5aad8-0ec0-4052-a5ca-f2114820c893,Ajio,Google Play,Review,https://play.google.com/store/apps/details?id=com.ril.ajio,Hamavathi Magalingam,2026-08-11 22:09:22,All good,Ajio Google Play reviews,English
b003537e-3d02-4398-938a-2d58a051089b,Ajio,Google Play,Review,https://play.google.com/store/apps/details?id=com.ril.ajio,Nikhil Yadav,2026-08-11 22:08:53,This is the second time my order got auto cancelled after Waiting for so long. Worst app. don't get in their offer traps. it's just fake. Even the MEESHO app is 1000 times better than them. SHAME,Ajio Google Play reviews,English
33af712b-48a1-4107-aac0-e5f4a787beef,Ajio,Google Play,Review,https://play.google.com/store/apps/details?id=com.ril.ajio,Rajat Yadav,2026-08-11 22:05:06,wow,Ajio Google Play reviews,English
7e67c2e9-5c88-4e88-a234-b3701dfcfa4f,Ajio,Google Play,Review,https://play.google.com/store/apps/details?id=com.ril.ajio,Vikas Neluvigi,2026-08-11 22:00:31,one of the worst app,Ajio Google Play reviews,English
cae5bec0-f291-4f18-b2c1-df919e1c9f54,Ajio,Google Play,Review,https://play.google.com/store/apps/details?id=com.ril.ajio,srinivas saka,2026-08-11 21:59:53,good,Ajio Google Play reviews,English
f0c4c774-5539-4a85-a307-3a196dda4775,Ajio,Google Play,Review,https://play.google.com/store/apps/details?id=com.ril.ajio,Raju,2026-08-11 21:46:29,very good,Ajio Google Play reviews,English
e6eed4c8-d543-43fc-a638-66a303a2ca0e,Ajio,Google Play,Review,https://play.google.com/store/apps/details?id=com.ril.ajio,Virendar Singh,2026-08-11 21:43:19,orginal ajio,Ajio Google Play reviews,English
70a1e3dc-4cd7-4f4d-bb5d-d368bc752dad,Ajio,Google Play,Review,https://play.google.com/store/apps/details?id=com.ril.ajio,Saudamini Bisoyi,2026-08-11 21:41:05,very nice,Ajio Google Play reviews,English
0a3dbdc2-1139-4084-9ce9-000789fcbfb2,Ajio,Google Play,Review,https://play.google.com/store/apps/details?id=com.ril.ajio,Sravan Yadav,2026-08-11 21:40:04,super product's and happy customer's,Ajio Google Play reviews,English
8de55c91-7557-42e3-8ec8-c43c10e8cc7b,Ajio,Google Play,Review,https://play.google.com/store/apps/details?id=com.ril.ajio,Sakshi Shradha,2026-08-11 21:35:42,Wrost app among all the online shopping app..it shares the details of ordered products to other no privacy in this app Aaj cyber crime n mere prepaid kiye hue product ki details pta kr k mujhse 10k thga..Details transfer hui kaise?? no privacy in this app ....from today onwards I will never do any shopping from this useless app...,Ajio Google Play reviews,English
28e1426e-9e1e-4c8f-b33f-7d2cdf100999,Ajio,Google Play,Review,https://play.google.com/store/apps/details?id=com.ril.ajio,Arvind Prajapati,2026-08-11 21:26:22,good,Ajio Google Play reviews,English
b5b1d39c-c60a-4fb2-ac94-b4781c48f344,Ajio,Google Play,Review,https://play.google.com/store/apps/details?id=com.ril.ajio,Bhuwaneshwar Kumar,2026-08-11 21:16:18,good platform,Ajio Google Play reviews,English
4b6be6a4-1369-45f2-9943-8be0ea8ba583,Ajio,Google Play,Review,https://play.google.com/store/apps/details?id=com.ril.ajio,Leelavathi Birusu 16,2026-08-11 21:07:58,Worst app i have ever seen as it is showing that the kurtis are on offer but when we are placing the order then it is showing like it is not deliverable for this address.,Ajio Google Play reviews,English
53242947-b115-4f14-add3-26f71bb167ae,Ajio,Google Play,Review,https://play.google.com/store/apps/details?id=com.ril.ajio,Harish Alagangi,2026-08-11 21:05:59,nice,Ajio Google Play reviews,English
b8f84bbb-5b8c-4847-a226-69e149626315,Ajio,Google Play,Review,https://play.google.com/store/apps/details?id=com.ril.ajio,Amaan Ahmad,2026-08-11 21:03:47,good,Ajio Google Play reviews,English
6cab01c9-4b44-442e-8898-65320d09cda4,Ajio,Google Play,Review,https://play.google.com/store/apps/details?id=com.ril.ajio,Hukum Chand Yadav,2026-08-11 20:58:05,good,Ajio Google Play reviews,English
8d7fdbd8-6c4d-43ee-b71e-bf2da7201089,Ajio,Google Play,Review,https://play.google.com/store/apps/details?id=com.ril.ajio,Praveen Kumar,2026-08-11 20:52:47,nice,Ajio Google Play reviews,English
38fe0595-2e41-410c-93b7-07b956ea56f4,Ajio,Google Play,Review,https://play.google.com/store/apps/details?id=com.ril.ajio,Snehal Patil,2026-08-11 20:42:23,This is the third-class app. I have ordered a product and it have not delivered it. The delivery boy called once and not came. Very useless app this is. Don't deliver the order.,Ajio Google Play reviews,English
683d2e66-61e7-4772-a016-75190c82c2d0,Ajio,Google Play,Review,https://play.google.com/store/apps/details?id=com.ril.ajio,Jay Variya,2026-08-11 20:32:57,amazing 👏,Ajio Google Play reviews,English
20d696e5-327d-40de-bd34-58715996f5dc,Ajio,Google Play,Review,https://play.google.com/store/apps/details?id=com.ril.ajio,Rakesh Seth,2026-08-11 20:30:25,otp app or website par bhi nhi aaraha hai 😑😑,Ajio Google Play reviews,English
616c96d0-f693-4015-b548-9fd06f931546,Ajio,Google Play,Review,https://play.google.com/store/apps/details?id=com.ril.ajio,Deepak Kumarawat,2026-08-11 20:25:35,achcha Laga,Ajio Google Play reviews,English
d67e91a0-71a5-44dc-8ff4-c54758d9b6f6,Ajio,Google Play,Review,https://play.google.com/store/apps/details?id=com.ril.ajio,Rajeev Police Patil,2026-08-11 20:06:12,good product,Ajio Google Play reviews,English
cdd4e051-7231-41ed-8d3c-d4a0370a9a4f,Ajio,Google Play,Review,https://play.google.com/store/apps/details?id=com.ril.ajio,Pranav Singh,2026-08-11 20:01:28,No option for product review.,Ajio Google Play reviews,English
8e4bc998-01f8-41cb-8232-58c720643054,Ajio,Google Play,Review,https://play.google.com/store/apps/details?id=com.ril.ajio,firoz khan,2026-08-11 19:58:09,good 👍😊,Ajio Google Play reviews,English
d086349c-7128-4c59-9fbd-01e1f416607f,Ajio,Google Play,Review,https://play.google.com/store/apps/details?id=com.ril.ajio,vicky jain,2026-08-11 19:54:33,beat deals among all other platforms really amazing ..,Ajio Google Play reviews,English
1f25857e-ef04-43f7-b595-938fb73b87bd,Ajio,Google Play,Review,https://play.google.com/store/apps/details?id=com.ril.ajio,Ashutosh,2026-08-11 19:48:08,they don't show all reviews and photos provided by customer,Ajio Google Play reviews,English
cbb920a3-064f-4954-88ba-48ff9eb32292,Ajio,Google Play,Review,https://play.google.com/store/apps/details?id=com.ril.ajio,Kaif Ali,2026-08-11 19:32:29,Good 👍,Ajio Google Play reviews,English
bbd7c390-6028-45d7-b27d-d97a946f52f6,Ajio,Google Play,Review,https://play.google.com/store/apps/details?id=com.ril.ajio,Ravi Kushwah,2026-08-11 19:15:31,good,Ajio Google Play reviews,English
7cddfff1-1151-453e-a568-b2e4e9ed5c38,Ajio,Google Play,Review,https://play.google.com/store/apps/details?id=com.ril.ajio,ANUP KUMAR KUNDU,2026-08-11 19:01:37,"Most of the time, the goods are not delivered. The customer is given a bizarre excuse to cancel the order.",Ajio Google Play reviews,English
af71aeb4-5f9b-4a2e-8482-691ef84d3f9f,Ajio,Google Play,Review,https://play.google.com/store/apps/details?id=com.ril.ajio,Satyanarayana Kambhampati,2026-08-11 18:46:01,good,Ajio Google Play reviews,English
090e4366-f1f2-475e-a438-7c3ddb20d2a2,Ajio,Google Play,Review,https://play.google.com/store/apps/details?id=com.ril.ajio,Toshit Sanka,2026-08-11 18:33:11,waste products giving duplicate brands like buda jeans without brand logo,Ajio Google Play reviews,English
175bae99-c6c2-49af-a1d0-46429f752f70,Ajio,Google Play,Review,https://play.google.com/store/apps/details?id=com.ril.ajio,Arman Khan,2026-08-11 18:28:09,nice collection,Ajio Google Play reviews,English
0c42f3f3-84de-4836-b22c-f4d80578f403,Ajio,Google Play,Review,https://play.google.com/store/apps/details?id=com.ril.ajio,Preeti Behera,2026-08-11 18:26:57,Totally worst app there has been more than. thhe Daye of delivery and no updates on order and customer care is nonexistancial,Ajio Google Play reviews,English
04372b4a-9881-4ed5-bd58-a66b5461f197,Ajio,Google Play,Review,https://play.google.com/store/apps/details?id=com.ril.ajio,Shyam Undadi,2026-08-11 18:23:58,great,Ajio Google Play reviews,English
20006e82-881f-4b3c-b8e1-5176f1db938d,Ajio,Google Play,Review,https://play.google.com/store/apps/details?id=com.ril.ajio,Dhruvraj Vaishnav,2026-08-11 17:54:08,very good,Ajio Google Play reviews,English
a26106ad-2461-44be-8c0c-da209034bd86,Ajio,Google Play,Review,https://play.google.com/store/apps/details?id=com.ril.ajio,Sakshi Priya,2026-08-11 17:42:34,pls fast delivery,Ajio Google Play reviews,English
f374e31f-4388-4a69-b227-b269369a01eb,Ajio,Google Play,Review,https://play.google.com/store/apps/details?id=com.ril.ajio,MADABOENA RAVI,2026-08-11 17:28:43,very good,Ajio Google Play reviews,English
449e40fb-fbf3-422b-9031-7fa5867d64e8,Ajio,Google Play,Review,https://play.google.com/store/apps/details?id=com.ril.ajio,Prince Singh,2026-08-11 17:27:53,very good shopping app,Ajio Google Play reviews,English
24595c45-3aa3-488c-87f8-92333e483389,Ajio,Google Play,Review,https://play.google.com/store/apps/details?id=com.ril.ajio,Yash Sharma,2026-08-11 17:26:49,great app,Ajio Google Play reviews,English
4f7db4e8-eeab-4251-b1c7-2ffe4dbffd35,Ajio,Google Play,Review,https://play.google.com/store/apps/details?id=com.ril.ajio,Abhimanyu Singh,2026-08-11 17:22:43,"They use a third-party service for deliveries. My product was delayed by two days, even though the status kept showing ""out for delivery"" each day. When I called, the delivery person said he wouldn't come just to deliver a single item unless I paid for the fuel; when I pointed out that I had already paid the delivery charges to the company, he told me to take it up with them. When I asked if the company didn't pay him, he started using abusive language.",Ajio Google Play reviews,English
9bb4b30b-53a6-4a99-8ab0-406edb66157f,Ajio,Google Play,Review,https://play.google.com/store/apps/details?id=com.ril.ajio,Monu Babu,2026-08-11 17:13:18,good 😊,Ajio Google Play reviews,English
2c23930f-df02-4f79-a3a4-c37755a4f803,Ajio,Google Play,Review,https://play.google.com/store/apps/details?id=com.ril.ajio,babulal vishnoi,2026-08-11 16:39:41,i have ordered product but in package it was missing and garbage and plastic was there and i raised complaint but I got resolved and they said that product is delivered 😡 worst customer care 😡,Ajio Google Play reviews,English
658c170f-b670-427b-857b-506423d146e5,Ajio,Google Play,Review,https://play.google.com/store/apps/details?id=com.ril.ajio,Ambareesh.A Ambi,2026-08-11 15:45:55,good,Ajio Google Play reviews,English
e775035e-3bfb-4a41-8f62-6f7fd1a29500,Ajio,Google Play,Review,https://play.google.com/store/apps/details?id=com.ril.ajio,Dowlath Jahan,2026-08-11 15:32:44,"Very disappointing experience with AJIO. I placed a prepaid order, but AJIO cancelled it after accepting my payment, saying the product failed their quality check. The same product is now available at a higher price. I requested the product at my original order price since AJIO cancelled the order, but customer support did not resolve the issue and only focused on the refund. Refunding my money does not solve the actual problem. Very poor customer service.",Ajio Google Play reviews,English
11d9c3ea-afec-4909-828d-1406fae862a6,Ajio,Google Play,Review,https://play.google.com/store/apps/details?id=com.ril.ajio,vishal Rathod,2026-08-11 15:14:04,great,Ajio Google Play reviews,English
bb7354ce-a8d3-4797-8b35-c471fbd37b23,Ajio,Google Play,Review,https://play.google.com/store/apps/details?id=com.ril.ajio,Tshering choden Sherpa,2026-08-11 15:13:47,"actually doesnot deserve this one star as well. I do order regularly from ajio but now onwards after receiving my order nowon,(delayedd as well) I wouldnot continue with it. Extermely disappointed with the order i have received. Rheir is no customer care bo to complaint neither they respond to the emails. Please take back my order or refund it as soon as posibble I am student neither i have time nor mobey to waste further on this app. wouldnever recommebt it. pls refund my order",Ajio Google Play reviews,English
e6b1f22a-879b-47b8-bc58-8b2466346148,Ajio,Google Play,Review,https://play.google.com/store/apps/details?id=com.ril.ajio,anshu tamrakar,2026-08-11 15:10:27,itna ganda aap hai kuch bhi order kro to jaldi milta bhi nhi hai upper ja time ye log dete hai usme bhi product ni milta hai koi sarvice bhi achi ni costomer cear se bhi koi help ni milta hai total bakwas aap hai mera order tumlog aaj ke aaj de skte ho nhi de sakte qki ghatiya sarvice hai ajio ka,Ajio Google Play reviews,English
d3efc3ff-22f7-4d9a-b4ce-3d1eee9d856d,Ajio,Google Play,Review,https://play.google.com/store/apps/details?id=com.ril.ajio,vasu rajput,2026-08-11 14:57:30,thank you very useful application,Ajio Google Play reviews,English
ef9f2ffb-f0b8-4e22-84a4-487a1e8f9d7e,Ajio,Google Play,Review,https://play.google.com/store/apps/details?id=com.ril.ajio,Rani Devi,2026-08-11 14:42:31,superb,Ajio Google Play reviews,English
eb86d6e5-b60b-44a7-bb5f-79329fe9d46b,Ajio,Google Play,Review,https://play.google.com/store/apps/details?id=com.ril.ajio,Manas Ranjan Sahoo,2026-08-11 14:17:22,Rest rating after product delivery.,Ajio Google Play reviews,English
1651feda-38d3-4e39-b714-76db05ebe04e,Ajio,Google Play,Review,https://play.google.com/store/apps/details?id=com.ril.ajio,Piyush Bawne,2026-08-11 14:17:18,good,Ajio Google Play reviews,English
18587fe4-0244-40ca-a44c-cd19236a7edb,Ajio,Google Play,Review,https://play.google.com/store/apps/details?id=com.ril.ajio,PUJA DUTTA,2026-08-11 14:01:55,"Ajio has scammed me, sent a wrong product and then denied the refund.. Don't buy from their platform. Their customer service should take lessons from online retail like Myntra, Amazon, Flipkart.",Ajio Google Play reviews,English
ef34132c-643e-4f5e-8b35-275eef4346a4,Ajio,Google Play,Review,https://play.google.com/store/apps/details?id=com.ril.ajio,Reema W,2026-08-11 13:56:47,"Terrible app!! Myntra is any day better and that's telling. first y'all make it too complicated, I don't understand why kurtis and kurtas can't be listed separately. I'm a new user I will see if I can get used to this app otherwise I'll pass 🙏",Ajio Google Play reviews,English
16ccfd27-fd73-408b-9df7-c317fba40ad4,Ajio,Google Play,Review,https://play.google.com/store/apps/details?id=com.ril.ajio,RKL NAYAK,2026-08-11 13:52:55,good,Ajio Google Play reviews,English
fe938219-ae0a-42b3-b1c6-49477591f3fc,Ajio,Google Play,Review,https://play.google.com/store/apps/details?id=com.ril.ajio,Mr.Anil Behera,2026-08-11 13:47:36,good 👍,Ajio Google Play reviews,English
adea36a6-8369-45a7-8d15-f56fef2bf6ab,Ajio,Google Play,Review,https://play.google.com/store/apps/details?id=com.ril.ajio,nitin patel,2026-08-11 13:45:51,wrost delivery partner they have i hate bluedart delivery agents they are quite egoistic and tall rudely and he cancelled my 5 products and customer care wasn't any help to me he was saying mai gadi se nhi utru ga khud lene aao mere pas nice 👍🏻,Ajio Google Play reviews,English
327440ec-bc06-4593-90eb-de9091f36b09,Ajio,Google Play,Review,https://play.google.com/store/apps/details?id=com.ril.ajio,Ai Budha,2026-08-11 13:32:55,Content Not Loading. Testing team and production team not validating how mobile UI working. management needs to check,Ajio Google Play reviews,English
ec27eefe-9c17-4740-aad3-087474162d30,Ajio,Google Play,Review,https://play.google.com/store/apps/details?id=com.ril.ajio,Manali Palav,2026-08-11 13:32:39,in love with ajio,Ajio Google Play reviews,English
836fc9db-abd2-4beb-9495-cb87a4bc2263,Ajio,Google Play,Review,https://play.google.com/store/apps/details?id=com.ril.ajio,Vishal,2026-08-11 13:32:20,it is the one of the most trusted platform for affordable budget & specially good brands🤍,Ajio Google Play reviews,English
1de43f9c-d7cb-4ae4-b5cf-9b75eba5c923,Ajio,Google Play,Review,https://play.google.com/store/apps/details?id=com.ril.ajio,Raja Rayal,2026-08-11 13:22:39,good,Ajio Google Play reviews,English
6ba957b6-bad6-4c12-bab8-1af398fdef86,Ajio,Google Play,Review,https://play.google.com/store/apps/details?id=com.ril.ajio,Sidhartha Mazumdar,2026-08-11 12:51:46,good,Ajio Google Play reviews,English
62e11e1d-fa5f-4821-9cd2-8f979e3f2a2b,Ajio,Google Play,Review,https://play.google.com/store/apps/details?id=com.ril.ajio,Vicky Kamble,2026-08-11 12:28:43,nice,Ajio Google Play reviews,English
084a8dce-4460-413d-a03e-34b2e171e24b,Ajio,Google Play,Review,https://play.google.com/store/apps/details?id=com.ril.ajio,Siddaraju K,2026-08-11 11:52:04,after delivery experience added the feedback,Ajio Google Play reviews,English
18c1c219-1abb-46b8-9d02-6e16f36e6025,Ajio,Google Play,Review,https://play.google.com/store/apps/details?id=com.ril.ajio,ABlLIASH ABI,2026-08-11 11:27:18,hi 👍 good,Ajio Google Play reviews,English
e416ec1f-afa7-41f4-9dcb-f232da98f831,Ajio,Google Play,Review,https://play.google.com/store/apps/details?id=com.ril.ajio,WAZID SHAKIL,2026-08-11 11:18:45,perfect quality,Ajio Google Play reviews,English
979f23ab-7a78-469c-8233-21f93ba27a10,Ajio,Google Play,Review,https://play.google.com/store/apps/details?id=com.ril.ajio,Sahil garg,2026-08-11 10:57:53,"very poor service I ordered a gold coin 15 days ago and it was not delivered yet. I am just raising the complaints calling the customer care, but there was no answer or resolution. what is this behaviour. don't take orders if you can't deliver them. they are using my money for around more than 15 days.",Ajio Google Play reviews,English
a0553b23-0261-47f1-ae46-9dd5bda19cc2,Ajio,Google Play,Review,https://play.google.com/store/apps/details?id=com.ril.ajio,Abhimanyu Sahani,2026-08-11 10:44:10,not bad,Ajio Google Play reviews,English
f64c8b3d-3175-4002-ad7e-1d0ec5fd8d3a,Ajio,Google Play,Review,https://play.google.com/store/apps/details?id=com.ril.ajio,Nani Macharla,2026-08-11 10:26:21,It's Good,Ajio Google Play reviews,English
159537f8-cc88-4a36-a4c2-ac8a6807d8e0,Ajio,Google Play,Review,https://play.google.com/store/apps/details?id=com.ril.ajio,Afreen Naaz,2026-08-11 10:25:29,"Worst experience! Ordered my first ever product on Ajio and the exchange took forever and there are no proper updates/notifications on the status/tracking of the product. The Ajio chatboat or the Ajio Champ customer care service is also the worst! they don't respond to the messages on the go, it takes too much of our time.",Ajio Google Play reviews,English
150cc0d4-1a29-4829-bcde-2bedc98675b1,Ajio,Google Play,Review,https://play.google.com/store/apps/details?id=com.ril.ajio,Noushath Nousa,2026-08-11 09:55:08,super 😊,Ajio Google Play reviews,English
0596be56-5fdc-4513-9b38-7ee5528cdb8d,Ajio,Google Play,Review,https://play.google.com/store/apps/details?id=com.ril.ajio,Adarsha Suresh,2026-08-11 09:49:31,My experience with AJIO was really unacceptable. I had ordered 4 items from this platform and the first item I received had a missing item for which I contacted the customer care and no help was provided. The 2nd item couldn't be delivered and they returned it from their side and in the app its mentioned as I requested a return after so much wait for the item itself . This is the most pathetic online shopping app I've ever shopped from. I'm forced to escalate it further at this point.,Ajio Google Play reviews,English
802cb1a3-3609-41d3-aff5-a88f03d919d9,Ajio,Google Play,Review,https://play.google.com/store/apps/details?id=com.ril.ajio,karuna kumar chikatla,2026-08-11 09:44:54,good,Ajio Google Play reviews,English
e32c2bbe-6d14-4be4-8947-7816f5915074,Ajio,Google Play,Review,https://play.google.com/store/apps/details?id=com.ril.ajio,Faiz Khan,2026-08-11 09:44:52,nice quality product,Ajio Google Play reviews,English
ec9910ae-2729-4513-8073-dc1d6a32809f,Ajio,Google Play,Review,https://play.google.com/store/apps/details?id=com.ril.ajio,amit kumar,2026-08-11 09:40:31,I hope good shoping option,Ajio Google Play reviews,English
2031f18f-84c8-46d9-9ad1-b32f998e54f7,Ajio,Google Play,Review,https://play.google.com/store/apps/details?id=com.ril.ajio,Rashmi Ranjan Raut,2026-08-11 09:39:53,This is the best Shopping App,Ajio Google Play reviews,English
e7d7cbf4-4e10-4cf2-8d43-5721bd531787,Ajio,Google Play,Review,https://play.google.com/store/apps/details?id=com.ril.ajio,Sombir Khatkar,2026-08-11 09:28:03,"I ordered decathlon shoes I like to return shoes due some reason but they don't take return and return date 11 aug but no one is contacted with me , same on ajio app 🤬🤬🤬🤬",Ajio Google Play reviews,English
453441cc-31c6-406b-a6ff-81689d8c1fc1,Ajio,Google Play,Review,https://play.google.com/store/apps/details?id=com.ril.ajio,Yashwanth Yashu,2026-08-11 09:23:09,supper,Ajio Google Play reviews,English
40218375-4427-41e9-baa3-e1f03a93b454,Ajio,Google Play,Review,https://play.google.com/store/apps/details?id=com.ril.ajio,Naveen Jaiswal,2026-08-11 09:12:02,best application for online shopping,Ajio Google Play reviews,English
6c499f0f-d941-4494-b32e-9a3be54f632a,Ajio,Google Play,Review,https://play.google.com/store/apps/details?id=com.ril.ajio,ABHA SINGH,2026-08-11 09:02:14,schemes are total fake.... cannot be obtained,Ajio Google Play reviews,English
eef920bb-8081-47ba-9131-6bde95035df2,Ajio,Google Play,Review,https://play.google.com/store/apps/details?id=com.ril.ajio,RAJENDRA FARDE,2026-08-11 08:51:47,nice product Ajio,Ajio Google Play reviews,English
99d25ae6-64c4-4518-82d4-fcf4d9370ffa,Ajio,Google Play,Review,https://play.google.com/store/apps/details?id=com.ril.ajio,Ameenulla Syed,2026-08-11 08:40:46,great good,Ajio Google Play reviews,English
0889b103-fb78-47f5-a58b-672108deae48,Ajio,Google Play,Review,https://play.google.com/store/apps/details?id=com.ril.ajio,Yad Karan,2026-08-11 08:22:03,very nice 👍🙂,Ajio Google Play reviews,English
efff6e7a-921e-4b3c-9d65-c0f4c673e223,Ajio,Google Play,Review,https://play.google.com/store/apps/details?id=com.ril.ajio,Jagan Challa,2026-08-11 07:39:02,excellent,Ajio Google Play reviews,English
6e380f51-5469-413e-b9b2-24256309d406,Ajio,Google Play,Review,https://play.google.com/store/apps/details?id=com.ril.ajio,Zamil Sarosh,2026-08-11 07:31:11,Good Service,Ajio Google Play reviews,English
462d61b3-14f2-47ee-971b-02a93e236f04,Ajio,Google Play,Review,https://play.google.com/store/apps/details?id=com.ril.ajio,Suman Tantubay,2026-08-11 05:35:49,good product,Ajio Google Play reviews,English
26e43d7c-2195-450a-b1c9-ef211b8d264c,Ajio,Google Play,Review,https://play.google.com/store/apps/details?id=com.ril.ajio,Shivam Kumar,2026-08-11 05:08:11,because this is a gorgeous app because many of things search but things are very capable for all boys and and easy for buy very good quality ❤️😀,Ajio Google Play reviews,English
1ecd0439-5da5-436e-89ef-836f1922765e,Ajio,Google Play,Review,https://play.google.com/store/apps/details?id=com.ril.ajio,the ifritt,2026-08-11 03:10:18,after the new update i cannot pay online for my order.. very poor interface,Ajio Google Play reviews,English
b27497c5-0543-448d-b4f1-4695ece0e1be,Ajio,Google Play,Review,https://play.google.com/store/apps/details?id=com.ril.ajio,Subha Patra,2026-08-11 02:11:08,good product 👌,Ajio Google Play reviews,English
c52f8a82-3c63-4b7b-9aef-2d51d3bf9422,Ajio,Google Play,Review,https://play.google.com/store/apps/details?id=com.ril.ajio,Deepak Prajapati 7970,2026-08-11 01:26:50,good,Ajio Google Play reviews,English
10ee3b36-445f-4b37-9796-bdee96697471,Ajio,Google Play,Review,https://play.google.com/store/apps/details?id=com.ril.ajio,Abhishek Vishwakarma,2026-08-11 01:12:48,badiya hai,Ajio Google Play reviews,English
81442d64-3d34-4416-a8ff-4c38563716fe,Ajio,Google Play,Review,https://play.google.com/store/apps/details?id=com.ril.ajio,Ankit Raj,2026-08-11 00:42:59,good,Ajio Google Play reviews,English
694f88de-ff3d-4b7f-97b2-410b1dbb740c,Ajio,Google Play,Review,https://play.google.com/store/apps/details?id=com.ril.ajio,Dad little princess Angry girl,2026-08-11 00:20:28,good 😊,Ajio Google Play reviews,English
97a67729-179f-4fc9-aec0-4b770a63473a,Ajio,Google Play,Review,https://play.google.com/store/apps/details?id=com.ril.ajio,Vineeta,2026-08-11 00:04:57,"one of the WORST shopping app. ordered 1st time, just wanted to change the size of same product, it's been more than 18 days, u people are not delivering product, nothing is on ur app, no despatch, delivery update. ur customer support always says wait for 2-3 days more, after 2-3 days when I call they say same sentences, after 2-3 days they say to call after 2-3 days, reply on mail is same- call after 2-3 days. if I had seen the reviews earlier, i wouldn't have placed the order.",Ajio Google Play reviews,English
978905a6-3e61-4d10-a04b-2e252490dea7,Ajio,Google Play,Review,https://play.google.com/store/apps/details?id=com.ril.ajio,DASHRATH SINGH RAWAT,2026-08-11 00:03:22,good,Ajio Google Play reviews,English
c419117b-1af8-415b-bf3c-3dd9f24b34d7,Ajio,Google Play,Review,https://play.google.com/store/apps/details?id=com.ril.ajio,Imtiyaz Sadiq,2026-08-10 23:58:54,good 👍,Ajio Google Play reviews,English
90040cf2-7659-4be8-922e-e4dc4f7647dd,Ajio,Google Play,Review,https://play.google.com/store/apps/details?id=com.ril.ajio,Rajkumar Lodhi,2026-08-10 23:33:23,good,Ajio Google Play reviews,English
4ff16d8b-145e-4d07-9d69-4b76366b85f0,Ajio,Google Play,Review,https://play.google.com/store/apps/details?id=com.ril.ajio,Singh Rakesh,2026-08-10 23:29:53,excellent,Ajio Google Play reviews,English
15722622-f023-477b-a38c-0acac15f2463,Ajio,Google Play,Review,https://play.google.com/store/apps/details?id=com.ril.ajio,Ajit Yadav,2026-08-10 23:25:02,awesome,Ajio Google Play reviews,English
fa65e6f6-ee32-48e0-9433-983512233b39,Ajio,Google Play,Review,https://play.google.com/store/apps/details?id=com.ril.ajio,Gnanavel S (Gnanavel),2026-08-10 23:19:26,good,Ajio Google Play reviews,English
1057b33c-8a82-45f8-883c-b5f1a8a5b509,Ajio,Google Play,Review,https://play.google.com/store/apps/details?id=com.ril.ajio,VICKY BANSODE,2026-08-10 23:15:10,good,Ajio Google Play reviews,English
03601db7-9ac0-4dd7-8d3f-513209b275bd,Ajio,Google Play,Review,https://play.google.com/store/apps/details?id=com.ril.ajio,Prince R,2026-08-10 23:06:47,good,Ajio Google Play reviews,English
674164a3-8d9a-4b89-a9a3-8dfabaf0ad24,Ajio,Google Play,Review,https://play.google.com/store/apps/details?id=com.ril.ajio,Mangesh Shinde,2026-08-10 23:01:29,"Pathetic company. I placed an order on 4th Aug. Delivery date was 9th. Today it's the 10th and I haven't RCVD the order. If I wish to cancel then only the product cost will be refunded and the not hefty charge which they collect from you in the name of convenience fees. It's gone forever. Imagine if they play this trick with at least 1000 customers/day, how much money they generate without spending a penny.",Ajio Google Play reviews,English
ca966f64-dc6c-43dd-bd0e-f9ef823cd3e0,Ajio,Google Play,Review,https://play.google.com/store/apps/details?id=com.ril.ajio,Nandana Hareesh,2026-08-10 23:00:33,nice app..bt I can't open thz ..I don't know,Ajio Google Play reviews,English
1cbebc55-9f7e-4807-a7d1-866bb8fa6760,Ajio,Google Play,Review,https://play.google.com/store/apps/details?id=com.ril.ajio,akash kumarsah,2026-08-10 22:59:38,awesome,Ajio Google Play reviews,English
33953278-9c8c-4609-92b0-91ef1175d110,Ajio,Google Play,Review,https://play.google.com/store/apps/details?id=com.ril.ajio,Dushyant kumar,2026-08-10 22:55:20,very slow app and also very muchh higher prices to othe shipping app,Ajio Google Play reviews,English
f7d5bf72-6ad2-4cb1-b168-181e2d5fdd38,Ajio,Google Play,Review,https://play.google.com/store/apps/details?id=com.ril.ajio,Ashvitha Sarva,2026-08-10 22:49:58,good,Ajio Google Play reviews,English
6ca750be-6785-4a87-9575-761a581c156e,Ajio,Google Play,Review,https://play.google.com/store/apps/details?id=com.ril.ajio,Rahul Rajput,2026-08-10 22:44:12,refund process 10 days.. and exchange shoes not available plz do not usse this aap delayed delivery,Ajio Google Play reviews,English
378ee3cb-e65a-481d-b4b0-d8f2e692b746,Ajio,Google Play,Review,https://play.google.com/store/apps/details?id=com.ril.ajio,Md Ismail (Issu),2026-08-10 22:43:56,good,Ajio Google Play reviews,English
280d00ad-50c0-4fcb-9179-85caf05f8eef,Ajio,Google Play,Review,https://play.google.com/store/apps/details?id=com.ril.ajio,Mohd Ahmeduddin,2026-08-10 22:15:18,"""I am highly disappointed with my recent shopping experience. AJIO initially provided an excessively long, one-week delivery window, and has now failed to deliver the product on time. Furthermore, the delivery date was extended automatically without my consent or any prior notification. This lack of communication and poor service is unacceptable. I will not shop with AJIO again until appropriate action is taken and this issue is resolved.""",Ajio Google Play reviews,English
32dd545e-0b91-4ffe-8fa2-ca3347cd1621,Ajio,Google Play,Review,https://play.google.com/store/apps/details?id=com.ril.ajio,Shilpee Yadav,2026-08-10 22:10:16,poor app with no genuine or almost no reviews for the products. And delivery services are extremely poor.,Ajio Google Play reviews,English
54d0ac70-0fae-49e3-a366-779da9171fef,Ajio,Google Play,Review,https://play.google.com/store/apps/details?id=com.ril.ajio,SUNEELNAIK BHUKYA,2026-08-10 22:04:34,good,Ajio Google Play reviews,English
2577332b-9523-4b9a-8933-ebbb606ab47c,Ajio,Google Play,Review,https://play.google.com/store/apps/details?id=com.ril.ajio,Chandrasekhar Danthuri,2026-08-10 21:56:12,supper,Ajio Google Play reviews,English
93cb753f-8245-41b9-a6ea-c60a5e41af6b,Ajio,Google Play,Review,https://play.google.com/store/apps/details?id=com.ril.ajio,Niveditarajshekhara Niveditarajshekhara,2026-08-10 21:54:18,wow,Ajio Google Play reviews,English
f811b49d-fccf-4507-be8d-34daff858ec4,Ajio,Google Play,Review,https://play.google.com/store/apps/details?id=com.ril.ajio,Anuj Bhagwat,2026-08-10 21:53:05,worst app mostly u will receive wrong size old clothes or used and very late delivery not as shown by them .,Ajio Google Play reviews,English
3989a6c4-0874-4272-b205-f1da3bcb040b,Ajio,Google Play,Review,https://play.google.com/store/apps/details?id=com.ril.ajio,Girdhargopal sharma,2026-08-10 21:38:39,awesome 👍,Ajio Google Play reviews,English
406c4ba8-db29-4606-9965-096b436054f9,Ajio,Google Play,Review,https://play.google.com/store/apps/details?id=com.ril.ajio,Prasanthi N,2026-08-10 21:35:56,"Why ajio is not launching apparel like earlier through the brands like project eve andindiepicks , distortions made those brands loose their authencity .Hoping the revival of the brands",Ajio Google Play reviews,English
83725946-3d6b-4f08-9f75-f5d450777fbe,Ajio,Google Play,Review,https://play.google.com/store/apps/details?id=com.ril.ajio,Chinmaya,2026-08-10 21:28:20,good,Ajio Google Play reviews,English
790704b8-80d1-494d-a9bf-0bde9b487fb4,Ajio,Google Play,Review,https://play.google.com/store/apps/details?id=com.ril.ajio,Aditya Singh,2026-08-10 20:47:30,"free money debited automatically before due date ,I just click back before payment froud app don't download",Ajio Google Play reviews,English
61b36763-c5e0-4104-9b2f-11f582d67a20,Ajio,Google Play,Review,https://play.google.com/store/apps/details?id=com.ril.ajio,Ameer Ammi,2026-08-10 20:37:45,wow!,Ajio Google Play reviews,English
a0c4fbfe-0721-43f3-b061-1fc24c43ff3a,Ajio,Google Play,Review,https://play.google.com/store/apps/details?id=com.ril.ajio,Mrinmoy Maity,2026-08-10 20:37:25,"the worst app on the planet, can't even share a product link",Ajio Google Play reviews,English
41d00f33-2fcf-4d46-9f10-1853ebd92be6,Ajio,Google Play,Review,https://play.google.com/store/apps/details?id=com.ril.ajio,Prashanti Ponnada,2026-08-10 20:17:21,average,Ajio Google Play reviews,English
ca3edb00-fa61-4e96-83d2-e4967da300e5,Ajio,Google Play,Review,https://play.google.com/store/apps/details?id=com.ril.ajio,Hitesh Mukker,2026-08-10 20:10:59,best,Ajio Google Play reviews,English
e08c1397-8951-403a-b734-d2852dcf7a33,Ajio,Google Play,Review,https://play.google.com/store/apps/details?id=com.ril.ajio,Syed Saad,2026-08-10 20:09:54,good,Ajio Google Play reviews,English
33a9e7f7-5df5-4e7a-8f27-352eb367ca6e,Ajio,Google Play,Review,https://play.google.com/store/apps/details?id=com.ril.ajio,Shaik Bude,2026-08-10 20:00:11,Good 👍,Ajio Google Play reviews,English
844a5eb0-0067-4cc5-bf68-ee2b1c5947a6,Ajio,Google Play,Review,https://play.google.com/store/apps/details?id=com.ril.ajio,rishab pk,2026-08-10 19:38:01,amazing,Ajio Google Play reviews,English
9511e3ce-5f5c-4202-ad68-0b979329148c,Ajio,Google Play,Review,https://play.google.com/store/apps/details?id=com.ril.ajio,Anu Radha,2026-08-10 19:00:55,exllent,Ajio Google Play reviews,English
33d58b1c-8e97-4f93-8b05-775d954b699d,Ajio,Google Play,Review,https://play.google.com/store/apps/details?id=com.ril.ajio,Arhaan Khan,2026-08-10 19:00:53,Friendly prices,Ajio Google Play reviews,English
db5c6850-09aa-47c3-9b60-6aa6b0fcb220,Ajio,Google Play,Review,https://play.google.com/store/apps/details?id=com.ril.ajio,Jeevan Narla,2026-08-10 18:47:44,good,Ajio Google Play reviews,English
82a6254e-a443-4c21-b1da-3f491148388c,Ajio,Google Play,Review,https://play.google.com/store/apps/details?id=com.ril.ajio,Shilpa Thakur,2026-08-10 18:44:08,This app is fraud basically... they sell things in the name of non returnable items and sell something extremely dirty cheap level stuff and scam people!!! above all their customer service is beyond reach?!! so basically it's a fraud!!!,Ajio Google Play reviews,English
502cf914-d0ba-4924-bd37-cf35abcb8f64,Ajio,Google Play,Review,https://play.google.com/store/apps/details?id=com.ril.ajio,rajyalakshmi kanyadhara,2026-08-10 17:57:58,"worst retail app i have ever used. i have placed 5 orders. 3 of them are with xpressbess and all of the orders are delayed by a week later to promised delivery and still didn't deliver i had to cancel it.ajio has no control over it and are helpless. refund raised on aug1st and it's aug 10th not yet settled. i know 7-10 refund policy but unlike ajio, myntra nykaa and amazon are far far better in terms of delivery and quick refund. i hardly had issues them. AJIO successfully lost a customer.",Ajio Google Play reviews,English
51f89a7c-221f-4570-a36c-71de0d00860a,Ajio,Google Play,Review,https://play.google.com/store/apps/details?id=com.ril.ajio,Barsha rani Majhi,2026-08-10 17:57:37,didnot return refund,Ajio Google Play reviews,English
3019ef99-ff77-4619-acff-9d2a362be31e,Ajio,Google Play,Review,https://play.google.com/store/apps/details?id=com.ril.ajio,Mr vimal Vishwakarma,2026-08-10 17:56:04,The customer support is very nice and the quality of the fabric is also very good.,Ajio Google Play reviews,English
e4939f64-72f1-4301-8345-1b17c6ed7913,Ajio,Google Play,Review,https://play.google.com/store/apps/details?id=com.ril.ajio,Deepak,2026-08-10 17:53:46,Incredible features and the services are very amazing good app.,Ajio Google Play reviews,English
4ff0901a-09e5-44e6-a99e-a963dbb3c359,Ajio,Google Play,Review,https://play.google.com/store/apps/details?id=com.ril.ajio,Prakash Vala,2026-08-10 17:45:07,Good 👍,Ajio Google Play reviews,English
5ef82161-f418-4410-ae04-c6d2f1292266,Ajio,Google Play,Review,https://play.google.com/store/apps/details?id=com.ril.ajio,Abhilash Ravichandran,2026-08-10 17:32:59,no proper verified public reviews,Ajio Google Play reviews,English
391b6861-71bc-4503-be68-ab4607d49c41,Ajio,Google Play,Review,https://play.google.com/store/apps/details?id=com.ril.ajio,Suhail Chaudhary,2026-08-10 17:25:28,worst app very bad service don't order form here myntra is far better than ajio,Ajio Google Play reviews,English
fed390fd-c84b-423e-b00c-27ed4e3f1086,Ajio,Google Play,Review,https://play.google.com/store/apps/details?id=com.ril.ajio,Misba Pathan,2026-08-10 17:21:12,"I had very disappointing experience with Ajio. 1st time, I received wrong product, 2nd time, I ordered a 2 pc set but received only 1 pc. 3rd time, my oder was automatically marked as returned before it was even delivered 4th time, same thing happened again. I request your team to contact me directly and resolve this issue instead asking me to call the toll-free number or send emails. As a customer,I expect your support team to reach out and provide a proper solution. Thank You. Waiting ....",Ajio Google Play reviews,English
ddbb14a7-3204-48ef-b476-98feb775cba5,Ajio,Google Play,Review,https://play.google.com/store/apps/details?id=com.ril.ajio,Spoorthi Santosh,2026-08-10 17:20:17,This isn't a good app to order honestly delivery support isn't good . I thought itd be good n ordered for the first time but noo .,Ajio Google Play reviews,English
7f55f065-c6cb-42c6-8c13-575d96c09823,Ajio,Google Play,Review,https://play.google.com/store/apps/details?id=com.ril.ajio,Abhivyakti Nishad,2026-08-10 17:12:05,good,Ajio Google Play reviews,English
4c56d67f-0b5e-463d-94d8-3cf06c5e6c9b,Ajio,Google Play,Review,https://play.google.com/store/apps/details?id=com.ril.ajio,Jatinder Singh,2026-08-10 17:12:02,good 👍,Ajio Google Play reviews,English
3c36d575-f8ad-45d4-963e-d440f12db8a4,Ajio,Google Play,Review,https://play.google.com/store/apps/details?id=com.ril.ajio,Vivek Rabara,2026-08-10 17:11:58,"Update: Cleared cache, data etc and then Uninstalled and installed, same issue. Not able to place a single order. while making payment through any payment method it says: ""It Is Taking Longer Than Usual. We are unable to fetch shipping page, please go back to bag.""",Ajio Google Play reviews,English
33444660-09a1-4cab-955a-3d59bdbb1edd,Ajio,Google Play,Review,https://play.google.com/store/apps/details?id=com.ril.ajio,Varsha Singh,2026-08-10 16:58:23,nice,Ajio Google Play reviews,English
921ee050-ce26-46c9-a3f7-e32eee8b1346,Ajio,Google Play,Review,https://play.google.com/store/apps/details?id=com.ril.ajio,Satyanarayana Koppera,2026-08-10 16:54:00,Good,Ajio Google Play reviews,English
e0d39903-0ff3-4c9c-b2a8-322884568a75,Ajio,Google Play,Review,https://play.google.com/store/apps/details?id=com.ril.ajio,Arshil Qureshi,2026-08-10 16:36:26,very baad company they lie they are fraud,Ajio Google Play reviews,English
9fcc8330-acae-4370-99b8-c7fb4e973125,Ajio,Google Play,Review,https://play.google.com/store/apps/details?id=com.ril.ajio,Ismail Mulla,2026-08-10 16:26:32,very good,Ajio Google Play reviews,English
1fbdf1d0-9786-48a1-87ba-cdf4e428be58,Ajio,Google Play,Review,https://play.google.com/store/apps/details?id=com.ril.ajio,Ravi Raikwar,2026-08-10 16:17:45,"“Amazing app, great discounts and good quality products. Highly recommended!”",Ajio Google Play reviews,English
fdaa1d26-7240-4a11-b9fd-38e828ac2d58,Ajio,Google Play,Review,https://play.google.com/store/apps/details?id=com.ril.ajio,RAGHAVENDER K,2026-08-10 16:14:15,good,Ajio Google Play reviews,English
8773f1b1-d399-4148-bdac-fffa282015dc,Ajio,Google Play,Review,https://play.google.com/store/apps/details?id=com.ril.ajio,ABS Contractor,2026-08-10 15:34:39,Great discount,Ajio Google Play reviews,English
9f2a93ed-4c05-4437-8af3-7ff722afbd11,Ajio,Google Play,Review,https://play.google.com/store/apps/details?id=com.ril.ajio,Pritam Mohanty,2026-08-10 15:33:33,app is laggy & sluggish. UI feels very old school type to use,Ajio Google Play reviews,English
cecc3d7b-4012-432d-97b1-468c9ee89398,Ajio,Google Play,Review,https://play.google.com/store/apps/details?id=com.ril.ajio,Zahid Husen,2026-08-10 15:29:22,my first order experience is very bad I order shirt on 2 aug then show delivery date 9th August but still not receive and now show 12th & 13th August delivery place show my near city that 16km on 6th August but today 10th August but still not receive my order what is this,Ajio Google Play reviews,English
0cc774e7-0837-4051-aa39-e6a9f438c674,Ajio,Google Play,Review,https://play.google.com/store/apps/details?id=com.ril.ajio,O C C gaming,2026-08-10 15:07:21,this platform taken tomach extra charges,Ajio Google Play reviews,English
a588975a-6f57-4010-a464-4ec1a2101a6f,Ajio,Google Play,Review,https://play.google.com/store/apps/details?id=com.ril.ajio,Priya Dubey,2026-08-10 15:03:25,"This is extremely disappointing. My product was not exchanged, and despite contacting your customer support, my issue has still not been resolved. I have given AJIO enough opportunities to address this problem, but unfortunately, I have received neither a proper solution nor satisfactory support. This kind of customer service is completely unacceptable. At this point, I no longer want a solution to this issue. I have wasted enough time trying to get this resolved,",Ajio Google Play reviews,English
0ff772b5-e400-4f58-86e2-521f20a53ce9,Ajio,Google Play,Review,https://play.google.com/store/apps/details?id=com.ril.ajio,abhishek kumar,2026-08-10 14:49:47,good,Ajio Google Play reviews,English
0d03e5b6-8796-49c3-8e2c-778449771b7c,Ajio,Google Play,Review,https://play.google.com/store/apps/details?id=com.ril.ajio,Tanay Barman,2026-08-10 14:26:02,good,Ajio Google Play reviews,English
3ce326e2-78fb-4580-b393-dd8e6e89269b,Ajio,Google Play,Review,https://play.google.com/store/apps/details?id=com.ril.ajio,Seenu Upadhyay,2026-08-10 14:20:49,good 👍,Ajio Google Play reviews,English
fb244d46-42f2-48e0-ab52-3372a4bbddd8,Ajio,Google Play,Review,https://play.google.com/store/apps/details?id=com.ril.ajio,Anuja Deshmukh,2026-08-10 14:13:53,osm app love it,Ajio Google Play reviews,English
839bbd68-45c4-41e7-944c-24aae258e7c1,Ajio,Google Play,Review,https://play.google.com/store/apps/details?id=com.ril.ajio,akber khan,2026-08-10 14:10:20,good,Ajio Google Play reviews,English
db89391f-44e3-4bd9-b3ae-48c64c3f6021,Ajio,Google Play,Review,https://play.google.com/store/apps/details?id=com.ril.ajio,Vala Bhavyrajsinh,2026-08-10 14:08:53,good,Ajio Google Play reviews,English
9bb8fe05-13c6-467b-8564-39682742456c,Ajio,Google Play,Review,https://play.google.com/store/apps/details?id=com.ril.ajio,xm8 badshah,2026-08-10 14:02:32,nice,Ajio Google Play reviews,English
7fd612bb-902e-41aa-b4e2-02fb72f6bb99,Ajio,Google Play,Review,https://play.google.com/store/apps/details?id=com.ril.ajio,Arun R,2026-08-10 13:38:12,like this,Ajio Google Play reviews,English
2fea476f-99b0-4d6a-ae8d-77ac992e9e16,Ajio,Google Play,Review,https://play.google.com/store/apps/details?id=com.ril.ajio,Mushahid Qureshi,2026-08-10 13:30:00,badiya,Ajio Google Play reviews,English
cfe87363-744a-43da-b1fb-966d8c7dc6e8,Ajio,Google Play,Review,https://play.google.com/store/apps/details?id=com.ril.ajio,BALARAM PRADHAN,2026-08-10 13:29:23,👍🙂 pg,Ajio Google Play reviews,English
32c55a2f-9200-42c8-bcbb-c21f0bf7e89c,Ajio,Google Play,Review,https://play.google.com/store/apps/details?id=com.ril.ajio,Aayush Parikh,2026-08-10 13:08:36,one of the worst customer support and logistical experience. it's been 10 days I can't cancel my order nor get a refund and customer care is clueless. any promise made is never kept up and no resolution. Its disgusting how customers have the pay for mistakes made by Ajio and their team. still waiting for my refund :/,Ajio Google Play reviews,English
fd7e9c75-d27a-4b15-beff-500e7ca010b4,Ajio,Google Play,Review,https://play.google.com/store/apps/details?id=com.ril.ajio,Sheelu True Facts,2026-08-10 12:30:41,good,Ajio Google Play reviews,English
53e35751-469d-4fca-a210-055f35b7c6e1,Ajio,Google Play,Review,https://play.google.com/store/apps/details?id=com.ril.ajio,rupesh burman,2026-08-10 12:30:25,"what a pathetic app. how much slow it is. the amount of time it takes to move from 1one option to other, by that time we can even order anything in Amazon or Flipkart.",Ajio Google Play reviews,English
cb3f49d4-f842-48ad-bfaa-9b12c4fcb74a,Ajio,Google Play,Review,https://play.google.com/store/apps/details?id=com.ril.ajio,Asif Alvi,2026-08-10 12:21:56,nice awesome app,Ajio Google Play reviews,English
f1009977-b318-468c-9333-52170d7b3d6f,Ajio,Google Play,Review,https://play.google.com/store/apps/details?id=com.ril.ajio,Madhu Verma,2026-08-10 11:55:56,बहुत ही बकवास एप्लीकेशन है इससे सावधान रहें और इससे कुछ भी परचेस ना करें क्योंकि जो आप परचेस करोगे वह आपको नहीं मिलेगा गलत प्रोडक्ट मिलेगा और रिटर्न करने में बहुत समस्या आएगी एक्सचेंज करने बहुत समस्या आएगी बहुत दिनों तक वेट करवाते हैं इसलिए कृपया इसे परचेस ना करें,Ajio Google Play reviews,English
f18a9162-ebf4-460f-abbb-88098313f416,Ajio,Google Play,Review,https://play.google.com/store/apps/details?id=com.ril.ajio,Rahul solanki,2026-08-10 11:54:28,बहुत घटिया क्वालिटी भेजते हैं यह लोग,Ajio Google Play reviews,English
86a7adff-6c7f-4046-bad7-ed06038fb94e,Ajio,Google Play,Review,https://play.google.com/store/apps/details?id=com.ril.ajio,Amit Thakur,2026-08-10 11:48:02,happy,Ajio Google Play reviews,English
983cb6fb-a2b2-4a86-ba87-168044814fe0,Ajio,Google Play,Review,https://play.google.com/store/apps/details?id=com.ril.ajio,Suryansh Savita,2026-08-10 11:46:08,very food,Ajio Google Play reviews,English
da462189-1da2-4671-b633-7adff1373d8a,Ajio,Google Play,Review,https://play.google.com/store/apps/details?id=com.ril.ajio,abhishek kumar,2026-08-10 11:30:33,Excellent,Ajio Google Play reviews,English
c7ac071b-7180-4b8f-90b9-8670b651fc2e,Ajio,Google Play,Review,https://play.google.com/store/apps/details?id=com.ril.ajio,Krishna Gupta,2026-08-10 11:29:45,👍,Ajio Google Play reviews,English
0f8328ab-b71f-4642-b366-2d18fd6052cb,Ajio,Google Play,Review,https://play.google.com/store/apps/details?id=com.ril.ajio,Ravi,2026-08-10 10:55:01,good,Ajio Google Play reviews,English
e39a3be5-cf5c-4df2-bc1b-7fcb4d540723,Ajio,Google Play,Review,https://play.google.com/store/apps/details?id=com.ril.ajio,Amitaa Gupta,2026-08-10 10:47:27,Firstly I received the product.,Ajio Google Play reviews,English
67f76ab8-fdb1-4194-a8e5-984ed670cbd3,Ajio,Google Play,Review,https://play.google.com/store/apps/details?id=com.ril.ajio,Ananya A,2026-08-10 10:25:09,"i bought a product but its incomplete and now its neither returns nor exchange, never going to buy again from this site.",Ajio Google Play reviews,English
038c033e-9b4f-4cbe-952b-d9de7b6d641c,Ajio,Google Play,Review,https://play.google.com/store/apps/details?id=com.ril.ajio,Manjunatha Manju,2026-08-10 10:23:53,super,Ajio Google Play reviews,English
d54c7d4b-bc4d-4cf5-82f4-27fa0a927c53,Ajio,Google Play,Review,https://play.google.com/store/apps/details?id=com.ril.ajio,Nunny Vir Singh,2026-08-10 09:54:32,Living in Gurgaon. Ajio is too slow compared to competition. Hopeless. Deliveries take a decade. Useless,Ajio Google Play reviews,English
43366543-fe57-4b7a-aad6-4deac93311b0,Ajio,Google Play,Review,https://play.google.com/store/apps/details?id=com.ril.ajio,Aseem Siddiqui,2026-08-10 09:38:15,"Third-class app with third-class customer support! 😡 I ordered shoes for my daughter on 5th August, with a promised delivery date of 8th August. Today is 10th August, and the order is STILL showing “Shipped” with no proper update. I’ve already raised 2 complaints, but your customer support has absolutely no information or solution. On top of that, there isn’t even an option to cancel the order! What kind of service is this? No delivery, no cancellation, no accountability. @AJIO sucks!",Ajio Google Play reviews,English
7b50e6c0-df10-477c-8be2-316ec93f200a,Ajio,Google Play,Review,https://play.google.com/store/apps/details?id=com.ril.ajio,ANUSRI SIVANESAN,2026-08-10 09:32:37,i think this ajio will never send fake and disappointed for me so I'll give 5 star,Ajio Google Play reviews,English
4f2b1ce4-b902-44ef-8cde-114e2a1c9b50,Ajio,Google Play,Review,https://play.google.com/store/apps/details?id=com.ril.ajio,Prince Pandit,2026-08-10 08:40:29,platform fee too much high,Ajio Google Play reviews,English
31e51bc8-77cc-475b-b37c-6a91f3d78bd8,Ajio,Google Play,Review,https://play.google.com/store/apps/details?id=com.ril.ajio,Shahanas Shuhaib,2026-08-10 08:39:58,good 👍,Ajio Google Play reviews,English
05e19cf4-ef7e-41a2-b3ed-b23542a9d111,Ajio,Google Play,Review,https://play.google.com/store/apps/details?id=com.ril.ajio,Vedant Mate,2026-08-10 08:27:43,ok,Ajio Google Play reviews,English
a2282d9c-8c85-42bf-99ee-194c97690f8d,Ajio,Google Play,Review,https://play.google.com/store/apps/details?id=com.ril.ajio,Prasanna Lakshmi,2026-08-10 08:21:03,good 😊,Ajio Google Play reviews,English
ab661413-a6f6-4995-90a8-d573d80b4cf8,Ajio,Google Play,Review,https://play.google.com/store/apps/details?id=com.ril.ajio,Lingamgoud Bandakindhi,2026-08-10 08:09:41,nicee quality,Ajio Google Play reviews,English
7ef21796-b6a2-4b3f-b187-5ff8ed039a9c,Ajio,Google Play,Review,https://play.google.com/store/apps/details?id=com.ril.ajio,Vishnudas P R,2026-08-10 08:07:20,worst app not loading any content.. time worsting app. very lag. very disappointing customers valuable time. how many time installing and reinstalling. no changes... bad service.,Ajio Google Play reviews,English
0ce7189d-6bec-4227-b378-aaca0a533558,Ajio,Google Play,Review,https://play.google.com/store/apps/details?id=com.ril.ajio,Mausam kumar,2026-08-10 07:19:43,"better than tata zudio , Flipkart,amazon",Ajio Google Play reviews,English
277fbd67-a8f7-4be6-a537-f0dbfb14bc00,Ajio,Google Play,Review,https://play.google.com/store/apps/details?id=com.ril.ajio,Mohammad Afroz,2026-08-10 06:42:56,nice,Ajio Google Play reviews,English
e7791bdf-a8e8-4049-8c60-c43b14448a54,Ajio,Google Play,Review,https://play.google.com/store/apps/details?id=com.ril.ajio,Sha Hid,2026-08-10 06:10:30,third class app and third class dilevery service's,Ajio Google Play reviews,English
3a45a0e6-107e-428f-9313-45931e0a7b78,Ajio,Google Play,Review,https://play.google.com/store/apps/details?id=com.ril.ajio,Lavvina Dodaani,2026-08-10 05:47:30,yess..its THE WORST EVERR ONLINE SHOPPING APP...THEY JUST CANCEL AN ORDER AT THE LAST MINUTE AFTER YOU HAVE WAITED FOR NEARLY 10 DAYS ...AND THE APP IS ALSO NOT PROPER WITH THE PRICING..,Ajio Google Play reviews,English
2021f31a-3794-464f-aba4-28a546033826,Ajio,Google Play,Review,https://play.google.com/store/apps/details?id=com.ril.ajio,Vikas Jaat,2026-08-10 03:56:56,v good 👍,Ajio Google Play reviews,English
b48f816c-a91d-4028-b7c9-54ce7aff6c82,Ajio,Google Play,Review,https://play.google.com/store/apps/details?id=com.ril.ajio,Zaid Farooqui,2026-08-10 03:53:44,kya chahiye Ajio aaiye,Ajio Google Play reviews,English
4b3262f3-7f8c-4649-95d2-58c7f93891f6,Ajio,Google Play,Review,https://play.google.com/store/apps/details?id=com.ril.ajio,Shreeshantgouda Patil,2026-08-10 02:50:00,worst app ever don't buy anything in this app it is full of fraud if you order to sort of size l and they give you on shorts of a size in and another of the XXl,Ajio Google Play reviews,English
f5990faf-41b7-4384-a93a-cfbe34da4dee,Ajio,Google Play,Review,https://play.google.com/store/apps/details?id=com.ril.ajio,Asif Dongre,2026-08-10 02:12:25,Good,Ajio Google Play reviews,English
65f2e03e-778f-4327-b94d-ce32f3a8f7da,Ajio,Google Play,Review,https://play.google.com/store/apps/details?id=com.ril.ajio,Shivangi Goel,2026-08-10 01:27:09,good,Ajio Google Play reviews,English
735c67d9-ccab-4fd6-a994-1ca383b762d2,Ajio,Google Play,Review,https://play.google.com/store/apps/details?id=com.ril.ajio,VICKY T,2026-08-10 01:24:26,good,Ajio Google Play reviews,English
ee49fc0c-9796-4d6e-bb72-6aff8479c316,Ajio,Google Play,Review,https://play.google.com/store/apps/details?id=com.ril.ajio,Krishna Gupta,2026-08-10 01:14:12,good 👍,Ajio Google Play reviews,English
1679b3a7-e9f4-4410-98e4-1bbce1eef935,Ajio,Google Play,Review,https://play.google.com/store/apps/details?id=com.ril.ajio,Pavan Mallampati,2026-08-10 00:44:46,good app,Ajio Google Play reviews,English
68ed4435-9feb-41ea-bba7-ed05a9249891,Ajio,Google Play,Review,https://play.google.com/store/apps/details?id=com.ril.ajio,Vishal Miskin,2026-08-10 00:22:00,ok,Ajio Google Play reviews,English
9f1ff6a4-a4fb-4eec-8909-39105072c54d,Ajio,Google Play,Review,https://play.google.com/store/apps/details?id=com.ril.ajio,Krishna Kishore Poleboina,2026-08-10 00:11:27,good,Ajio Google Play reviews,English
4b83f7c2-a46f-4a2c-ac7c-07885198c4a8,Ajio,Google Play,Review,https://play.google.com/store/apps/details?id=com.ril.ajio,Sanjeev Kumar,2026-08-10 00:09:48,Good 👍🏻,Ajio Google Play reviews,English
d7eba082-57bc-4ea4-a6f7-ba1dc919fb37,Ajio,Google Play,Review,https://play.google.com/store/apps/details?id=com.ril.ajio,Raghuram Rasamshetty,2026-08-10 00:04:11,too much price compared to other sites,Ajio Google Play reviews,English
aaa50bb9-ca9d-46a7-a63c-37881b89555c,Ajio,Google Play,Review,https://play.google.com/store/apps/details?id=com.ril.ajio,Akshatha Anchan,2026-08-10 00:02:24,good,Ajio Google Play reviews,English
62979b8e-889a-41fb-a457-b5d80d2a87f2,Ajio,Google Play,Review,https://play.google.com/store/apps/details?id=com.ril.ajio,ANNU RADHA,2026-08-09 23:29:22,good,Ajio Google Play reviews,English
b7ec4aaf-a3e9-49ac-b769-b67e769690ae,Ajio,Google Play,Review,https://play.google.com/store/apps/details?id=com.ril.ajio,Life Line,2026-08-09 23:25:04,the loading time is so freaking long. even after having high quality 5G net its still buffering. i couldnt even search up a lip oil as it keeps showing me the loading sign,Ajio Google Play reviews,English
aa1d1c5e-c545-471e-aa55-242c2b234454,Ajio,Google Play,Review,https://play.google.com/store/apps/details?id=com.ril.ajio,Vasudev Upadhyay,2026-08-09 23:11:08,good,Ajio Google Play reviews,English
cc7cfe68-1e47-4e09-8620-e219f0b7c6e0,Ajio,Google Play,Review,https://play.google.com/store/apps/details?id=com.ril.ajio,sangeetha arun,2026-08-09 22:47:43,good,Ajio Google Play reviews,English
502d0cb4-732d-4b4d-b5b7-0bd2db531706,Ajio,Google Play,Review,https://play.google.com/store/apps/details?id=com.ril.ajio,Nitesh Nishad,2026-08-09 22:28:40,next time reply best Or not it is my first time order,Ajio Google Play reviews,English
c5b16ca4-7757-448d-be3f-52b2d9c9ef48,Ajio,Google Play,Review,https://play.google.com/store/apps/details?id=com.ril.ajio,Devanshu Sharma,2026-08-09 22:27:14,useful,Ajio Google Play reviews,English
f68ae892-09d5-4faa-ba30-dd66024aa63a,Ajio,Google Play,Review,https://play.google.com/store/apps/details?id=com.ril.ajio,mohanakumar kumbar,2026-08-09 22:22:00,good quality 👍,Ajio Google Play reviews,English
8ef5894a-3f07-4da7-b3c4-c3cac4626e15,Ajio,Google Play,Review,https://play.google.com/store/apps/details?id=com.ril.ajio,Amardeep Kumar,2026-08-09 22:19:47,Good 👍😊,Ajio Google Play reviews,English
b6a11924-8943-42ee-a9f4-5e685712a7d4,Ajio,Google Play,Review,https://play.google.com/store/apps/details?id=com.ril.ajio,Sanju Rajput,2026-08-09 22:11:32,good accessories,Ajio Google Play reviews,English
76b2c160-7667-4cc8-908d-fa7b32ce87e3,Ajio,Google Play,Review,https://play.google.com/store/apps/details?id=com.ril.ajio,Mihir Yadav,2026-08-09 22:04:58,very rude delivery partners and team ajio has not taken any action and the customer care is unresponsive,Ajio Google Play reviews,English
d602678c-7af8-4154-855b-ca98ab1a24bb,Ajio,Google Play,Review,https://play.google.com/store/apps/details?id=com.ril.ajio,Sayed Raja,2026-08-09 22:01:05,Nice,Ajio Google Play reviews,English
7b06d63e-744c-4be7-a62c-312a5530782b,Ajio,Google Play,Review,https://play.google.com/store/apps/details?id=com.ril.ajio,Abhimanyu Arora,2026-08-09 21:59:50,app is constantly crashing not working properly from last update,Ajio Google Play reviews,English
feb3155e-b718-40e1-818f-b8d8fd197ceb,Ajio,Google Play,Review,https://play.google.com/store/apps/details?id=com.ril.ajio,Gaurav Raut,2026-08-09 21:57:22,🙌🏻😊,Ajio Google Play reviews,English
c401c1bc-d05f-44a7-b919-4cdf0307823d,Ajio,Google Play,Review,https://play.google.com/store/apps/details?id=com.ril.ajio,Balu Friend,2026-08-09 21:53:29,good,Ajio Google Play reviews,English
9442ab71-bb06-46c2-9824-511dbba2cb5b,Ajio,Google Play,Review,https://play.google.com/store/apps/details?id=com.ril.ajio,Gourav Choudhary Laksar,2026-08-09 21:50:56,Good 👍,Ajio Google Play reviews,English
20e2b313-15c6-4894-87ea-f0890144ac7a,Ajio,Google Play,Review,https://play.google.com/store/apps/details?id=com.ril.ajio,Sufiyankoya24,2026-08-09 21:40:29,good shopping,Ajio Google Play reviews,English
28d795a5-80cd-4eed-86fc-3eef486c25b6,Ajio,Google Play,Review,https://play.google.com/store/apps/details?id=com.ril.ajio,jaheer ushane,2026-08-09 21:39:39,1st time order wait,Ajio Google Play reviews,English
db74a402-a253-4c79-a2a0-07811309a859,Ajio,Google Play,Review,https://play.google.com/store/apps/details?id=com.ril.ajio,rashmiranjan jena,2026-08-09 21:26:18,good,Ajio Google Play reviews,English
47506d59-4530-4c73-878f-e01330fc217c,Ajio,Google Play,Review,https://play.google.com/store/apps/details?id=com.ril.ajio,Ashok Kayala,2026-08-09 21:02:12,nice,Ajio Google Play reviews,English
3b522754-f8ee-49c1-af32-02f5b7459d97,Ajio,Google Play,Review,https://play.google.com/store/apps/details?id=com.ril.ajio,Kashish Srivastava,2026-08-09 20:47:13,i really like this app . so affordable brand in budget. txyu ajio,Ajio Google Play reviews,English
a84273ca-f006-405f-8cb6-c7e5813c5257,Ajio,Google Play,Review,https://play.google.com/store/apps/details?id=com.ril.ajio,surendhar D,2026-08-09 20:45:27,ok,Ajio Google Play reviews,English
16d38837-3858-4494-86d1-bed1329737bb,Ajio,Google Play,Review,https://play.google.com/store/apps/details?id=com.ril.ajio,NITHIN KUMAR M. N.,2026-08-09 20:41:23,nice 🙂,Ajio Google Play reviews,English
0ead0f23-f2b6-49da-8d54-638b964f675b,Ajio,Google Play,Review,https://play.google.com/store/apps/details?id=com.ril.ajio,Soni Bhadana,2026-08-09 20:35:19,good service 👍,Ajio Google Play reviews,English
086654d1-e6d8-4a6c-87dc-3917126d6154,Ajio,Google Play,Review,https://play.google.com/store/apps/details?id=com.ril.ajio,Pushkar Khatri,2026-08-09 20:14:29,NEW UPI ADD OPTION IS NOT THERE,Ajio Google Play reviews,English
834b69ae-05d7-45bb-9fa0-850d5b9b4d10,Ajio,Google Play,Review,https://play.google.com/store/apps/details?id=com.ril.ajio,Nirmal Kumar,2026-08-09 20:10:43,UPDATE: Even after reaching out to their all teams and their reply which has mentioned to rectify a delayed parcel which was delivered on 3rd August took 3 more days i.e 6 august to create a fake delivery and even after numerous escalations mails and calls with their customer care and escalation matrix parcel did not get delivered on evn 9th August... Horrible service,Ajio Google Play reviews,English
71dcfe8b-5205-441d-96ee-0ec86aeb0486,Ajio,Google Play,Review,https://play.google.com/store/apps/details?id=com.ril.ajio,SiddharthG SiddharthG,2026-08-09 19:59:45,super wowed,Ajio Google Play reviews,English
f578c1cc-25e6-42da-9220-8efe79b66abe,Ajio,Google Play,Review,https://play.google.com/store/apps/details?id=com.ril.ajio,Goutam Sardar,2026-08-09 19:14:15,good,Ajio Google Play reviews,English
c53320ad-d2bf-40f0-ac4c-6eaf2f1ada9a,Ajio,Google Play,Review,https://play.google.com/store/apps/details?id=com.ril.ajio,AP Agencies,2026-08-09 19:08:27,ajio is good but they collect more additional cash,Ajio Google Play reviews,English
14056611-82f3-4ac3-b387-e142693ef1d8,Ajio,Google Play,Review,https://play.google.com/store/apps/details?id=com.ril.ajio,Mukesh s,2026-08-09 19:06:36,"excellent app with marvelous customer care services loved the app most , they have politely solved my refund issues today thank you ajio",Ajio Google Play reviews,English
03eb42ad-d945-4681-b473-0ec1984cea28,Ajio,Google Play,Review,https://play.google.com/store/apps/details?id=com.ril.ajio,mohd Kaif,2026-08-09 19:00:07,Good quality 👍,Ajio Google Play reviews,English
c2de9277-a3ad-46c0-94a8-7e17d0e35d0a,Ajio,Google Play,Review,https://play.google.com/store/apps/details?id=com.ril.ajio,Harsh Pandey,2026-08-09 18:52:44,i don't have 0.5 star option,Ajio Google Play reviews,English
9cf2dc63-03d2-4719-b604-792345bf200e,Ajio,Google Play,Review,https://play.google.com/store/apps/details?id=com.ril.ajio,Ranjan Das,2026-08-09 18:52:21,nice,Ajio Google Play reviews,English
54658ef0-cbc1-4e3e-958f-c10cbde81114,Ajio,Google Play,Review,https://play.google.com/store/apps/details?id=com.ril.ajio,Syed Hussain,2026-08-09 18:39:34,nice app,Ajio Google Play reviews,English
323bc05b-6bcc-4d0a-a918-408cf841f439,Ajio,Google Play,Review,https://play.google.com/store/apps/details?id=com.ril.ajio,Jaya Biswas,2026-08-09 18:32:09,App is good,Ajio Google Play reviews,English
31657b7c-b26b-46f7-9f14-47dcef7699aa,Ajio,Google Play,Review,https://play.google.com/store/apps/details?id=com.ril.ajio,Santhosh Kumar,2026-08-09 18:26:29,Nice shopping.....,Ajio Google Play reviews,English
bbdd7368-a597-495a-9adf-5383a45a80d9,Ajio,Google Play,Review,https://play.google.com/store/apps/details?id=com.ril.ajio,Dinesh S Gowda,2026-08-09 18:00:44,nice,Ajio Google Play reviews,English
97fa8ef0-fd85-4832-acb6-c1dad17aebc6,Ajio,Google Play,Review,https://play.google.com/store/apps/details?id=com.ril.ajio,Sanjay Kumbhar,2026-08-09 17:49:30,on product page share option is not working properly,Ajio Google Play reviews,English
de6b421f-e6c2-46af-8ed3-c76cda9e8f1b,Ajio,Google Play,Review,https://play.google.com/store/apps/details?id=com.ril.ajio,DIKSHA SINGH,2026-08-09 17:39:23,app did fraudulent with people,Ajio Google Play reviews,English
c064adee-bd70-4c33-87bb-86f4b8920b9e,Ajio,Google Play,Review,https://play.google.com/store/apps/details?id=com.ril.ajio,Prince Kumar,2026-08-09 17:36:07,fraudulent with me send different item and after didn't return it,Ajio Google Play reviews,English
818529dd-e20d-48d8-a4ce-adfb78388f79,Ajio,Google Play,Review,https://play.google.com/store/apps/details?id=com.ril.ajio,Taran Dixit,2026-08-09 17:32:40,product seen are good,Ajio Google Play reviews,English
29c83f82-6b38-41cb-a5dc-3acc9809ade1,Ajio,Google Play,Review,https://play.google.com/store/apps/details?id=com.ril.ajio,Vishal Rathour,2026-08-09 17:23:55,good po,Ajio Google Play reviews,English
12e47b94-0082-4dec-b277-0dfaff174fa6,Ajio,Google Play,Review,https://play.google.com/store/apps/details?id=com.ril.ajio,dinesh khutad,2026-08-09 17:18:20,Nice,Ajio Google Play reviews,English
968612b9-62c4-4a11-a9b8-5b62b36b4afe,Ajio,Google Play,Review,https://play.google.com/store/apps/details?id=com.ril.ajio,Venkateswarlu Mekala Venkateswarlu Mekala,2026-08-09 17:15:17,good,Ajio Google Play reviews,English
173b8d4f-ff32-4126-b9fe-b047ab4c2541,Ajio,Google Play,Review,https://play.google.com/store/apps/details?id=com.ril.ajio,Mohan Nannam,2026-08-09 17:14:01,nice,Ajio Google Play reviews,English
89cbdc11-e14d-4a76-8e96-00469bc138a2,Ajio,Google Play,Review,https://play.google.com/store/apps/details?id=com.ril.ajio,Saru Bala,2026-08-09 17:07:19,protect nice but price expensive,Ajio Google Play reviews,English
48fb7056-6fe8-4152-9e8d-4d558a9beb70,Ajio,Google Play,Review,https://play.google.com/store/apps/details?id=com.ril.ajio,MALLA JAGADEESWARI,2026-08-09 17:04:34,good,Ajio Google Play reviews,English
d7e41286-1984-4df7-9132-c4a35874b024,Ajio,Google Play,Review,https://play.google.com/store/apps/details?id=com.ril.ajio,Subrajit Namasudra,2026-08-09 17:04:11,thank you ajio.,Ajio Google Play reviews,English
d5acfb05-ef2c-4cd7-bf59-aff56a9ab2a5,Ajio,Google Play,Review,https://play.google.com/store/apps/details?id=com.ril.ajio,Madhujya Mahanta,2026-08-09 16:52:21,It has been more than a month and the refund has not come till date. Customer care does not reply to the mail.,Ajio Google Play reviews,English
2b1207ad-1687-40b4-9372-82fe27aae4bc,Ajio,Google Play,Review,https://play.google.com/store/apps/details?id=com.ril.ajio,Alone Lover,2026-08-09 16:45:13,Good 👍😊,Ajio Google Play reviews,English
c372b598-9da0-48a6-86aa-3b4256eb6a41,Ajio,Google Play,Review,https://play.google.com/store/apps/details?id=com.ril.ajio,DEEP SINGH,2026-08-09 16:43:50,aaj tk ka sb se bekar shopping app h,Ajio Google Play reviews,English
7e71e461-bdd5-4019-b0a4-d39bf3318f15,Ajio,Google Play,Review,https://play.google.com/store/apps/details?id=com.ril.ajio,Mahendran Mahe,2026-08-09 16:26:28,useful,Ajio Google Play reviews,English
b8fe2ad0-c779-4fd4-adc5-2f5fa026d5b8,Ajio,Google Play,Review,https://play.google.com/store/apps/details?id=com.ril.ajio,padigela niveditha,2026-08-09 16:24:26,avaasa brand maximum out of stock. why are you maintaining this app. so irritated all are out of stock.,Ajio Google Play reviews,English
e96f2746-31d3-4ebb-ba68-d7461c23539f,Ajio,Google Play,Review,https://play.google.com/store/apps/details?id=com.ril.ajio,Murshida Nesri,2026-08-09 15:55:05,"Very disappointing experience with AJIO. The app is often not working properly, and most of the time I am unable to use it. It keeps loading or showing errors, which makes shopping very frustrating. Please fix these technical issues and improve the app’s performance.",Ajio Google Play reviews,English
99613bb4-921d-401b-bf74-f97ef5b24340,Ajio,Google Play,Review,https://play.google.com/store/apps/details?id=com.ril.ajio,Rupali Shewale,2026-08-09 15:32:12,nice,Ajio Google Play reviews,English
b2bb6e3e-3992-4ddf-9d89-0c855df6701c,Ajio,Google Play,Review,https://play.google.com/store/apps/details?id=com.ril.ajio,Bhumi More,2026-08-09 15:30:15,"I love Ajio , this my all time favorite app 🤗",Ajio Google Play reviews,English
39905b8a-0c09-40ac-839d-c747402e8589,Ajio,Google Play,Review,https://play.google.com/store/apps/details?id=com.ril.ajio,Anurag Sengar,2026-08-09 15:15:45,Very bad experience.,Ajio Google Play reviews,English
aeec0432-8af2-40d4-bbd8-5cdc2876de20,Ajio,Google Play,Review,https://play.google.com/store/apps/details?id=com.ril.ajio,Sachin Jayant,2026-08-09 15:01:48,supar,Ajio Google Play reviews,English
15b564a7-b760-4fc2-95e9-f0efff780548,Ajio,Google Play,Review,https://play.google.com/store/apps/details?id=com.ril.ajio,saeed.siraj Qaf,2026-08-09 15:01:43,very bad costmer service and worst app,Ajio Google Play reviews,English
0d4b4ec1-0383-4e3e-8f66-567060282b20,Ajio,Google Play,Review,https://play.google.com/store/apps/details?id=com.ril.ajio,ʟx_ᴢᴀᴄꜱɪ_09,2026-08-09 14:57:38,very nice app,Ajio Google Play reviews,English
560b1053-334c-458e-98f8-18eb36bac8b7,Ajio,Google Play,Review,https://play.google.com/store/apps/details?id=com.ril.ajio,Ap Electric,2026-08-09 14:50:29,not good,Ajio Google Play reviews,English
c8907d8c-fa94-4884-b21e-11bc0b9a742d,Ajio,Google Play,Review,https://play.google.com/store/apps/details?id=com.ril.ajio,Aditya Rathod,2026-08-09 14:46:58,nice,Ajio Google Play reviews,English
7f172ea0-9ae7-4f79-a43f-95953232e53f,Ajio,Google Play,Review,https://play.google.com/store/apps/details?id=com.ril.ajio,Shivani Singh,2026-08-09 14:39:18,👍,Ajio Google Play reviews,English
ecc7a9fd-94aa-41d0-984a-cd3a79d037f3,Ajio,Google Play,Review,https://play.google.com/store/apps/details?id=com.ril.ajio,Manish Yadav,2026-08-09 14:23:27,nice app and nice product in this app,Ajio Google Play reviews,English
97985164-ce88-426b-b805-db189fb33d5a,Ajio,Google Play,Review,https://play.google.com/store/apps/details?id=com.ril.ajio,Manju Rai,2026-08-09 14:17:39,good,Ajio Google Play reviews,English
f46879ce-3387-4805-8ad6-dffd7fd9267a,Ajio,Google Play,Review,https://play.google.com/store/apps/details?id=com.ril.ajio,SURAJ PASWAN,2026-08-09 14:09:33,good,Ajio Google Play reviews,English
bc3b294b-4809-45bb-8949-d57f4b9cbabf,Ajio,Google Play,Review,https://play.google.com/store/apps/details?id=com.ril.ajio,Yash Nishd,2026-08-09 13:58:11,nice aap,Ajio Google Play reviews,English
3ec2cdee-46d6-4640-8566-34464dd56553,Ajio,Google Play,Review,https://play.google.com/store/apps/details?id=com.ril.ajio,Cheluva Cheluva,2026-08-09 13:57:44,good,Ajio Google Play reviews,English
2808242d-b07b-474f-8c4e-3a0bb4a9dc23,Ajio,Google Play,Review,https://play.google.com/store/apps/details?id=com.ril.ajio,Rutuja Kumavat,2026-08-09 13:47:10,"I genuinely don’t want to give AJIO even 1 star. I wish there was a 0-star option! You sent me the WRONG jeans, your app isn’t even showing the order as delivered, so I CAN’T RETURN THEM. Your chat support is useless, and your helpline is a joke—just a recorded robot teaching me how to use an app I already know how to use! I called for a HUMAN to solve the issue, not a tutorial. Even the invoice isn’t available. THIS IS NOT CUSTOMER SERVICE. Absolutely pathetic!",Ajio Google Play reviews,English
6e1ff4f2-912f-4672-86cb-aeebceb1110a,Ajio,Google Play,Review,https://play.google.com/store/apps/details?id=com.ril.ajio,Cassia Thapa Namchyo,2026-08-09 13:44:50,"Delivery is not good,very bad experience of delivery,I uninstalled the app so that I don't have to deal with mannerless,rude ,careless delivery agents.",Ajio Google Play reviews,English
fc04dc5d-af9f-4467-a2c8-d060afebd974,Ajio,Google Play,Review,https://play.google.com/store/apps/details?id=com.ril.ajio,pravin khairkar,2026-08-09 13:39:26,veri good,Ajio Google Play reviews,English
3fa98918-d0d1-4a5a-b292-a7bd4093a397,Ajio,Google Play,Review,https://play.google.com/store/apps/details?id=com.ril.ajio,Priyanka Saha,2026-08-09 13:30:51,Not Bad,Ajio Google Play reviews,English
44a4215b-62b1-4244-ba88-0e87ad98b5e0,Ajio,Google Play,Review,https://play.google.com/store/apps/details?id=com.ril.ajio,Jerry Nåñō,2026-08-09 13:29:40,I love AJIO ❤️🫵🏻,Ajio Google Play reviews,English
4ec4da14-fa27-4f66-85d1-c5040765eaa1,Ajio,Google Play,Review,https://play.google.com/store/apps/details?id=com.ril.ajio,Nitesh Khapre,2026-08-09 13:29:08,worst application ever. I had ordered watch on 2nd August delivery time pn 7th August today is 9th August but still product is not received. even there is no option to discuss with customer care👎🏻,Ajio Google Play reviews,English
872b74b7-8377-4cf6-981e-ce1c8afbaeca,Ajio,Google Play,Review,https://play.google.com/store/apps/details?id=com.ril.ajio,Mahendra Ram,2026-08-09 13:27:47,good,Ajio Google Play reviews,English
d7c9691f-9acc-4837-ad0f-439c8a0e74b9,Ajio,Google Play,Review,https://play.google.com/store/apps/details?id=com.ril.ajio,shivakumar Kottha,2026-08-09 13:26:54,Good,Ajio Google Play reviews,English
6da3beee-15b0-4d58-bc67-e0dcc520a3aa,Ajio,Google Play,Review,https://play.google.com/store/apps/details?id=com.ril.ajio,Nirbhay Chauhan,2026-08-09 13:21:30,💯,Ajio Google Play reviews,English
e2aa0b84-27b4-45fb-a247-4cd757d1a8bd,Ajio,Google Play,Review,https://play.google.com/store/apps/details?id=com.ril.ajio,Sharat Rana,2026-08-09 13:17:46,very good,Ajio Google Play reviews,English
3812e6a6-5967-4448-be4f-95914909bb94,Ajio,Google Play,Review,https://play.google.com/store/apps/details?id=com.ril.ajio,Carolina Cc,2026-08-09 13:09:10,good,Ajio Google Play reviews,English
b971e1c6-dc7a-43bd-b0bf-3ea0e6743af0,Ajio,Google Play,Review,https://play.google.com/store/apps/details?id=com.ril.ajio,Anushka Somase,2026-08-09 13:07:42,it's very very greattttt,Ajio Google Play reviews,English
785f295d-dece-4653-8a18-021ebc036756,Ajio,Google Play,Review,https://play.google.com/store/apps/details?id=com.ril.ajio,Sachin Kumar,2026-08-09 13:05:24,gret,Ajio Google Play reviews,English
3561de07-f042-49ba-9a4a-541ab010b82a,Ajio,Google Play,Review,https://play.google.com/store/apps/details?id=com.ril.ajio,Meghana Sarode,2026-08-09 12:54:05,good,Ajio Google Play reviews,English
08fe06ac-c40f-41af-a43d-a067a618d31e,Ajio,Google Play,Review,https://play.google.com/store/apps/details?id=com.ril.ajio,Shubham Shukla,2026-08-09 12:52:33,ok,Ajio Google Play reviews,English
bd56c44c-b0e0-4126-b60c-1d0f84794c58,Ajio,Google Play,Review,https://play.google.com/store/apps/details?id=com.ril.ajio,I.R.M Mansuri,2026-08-09 12:45:13,good,Ajio Google Play reviews,English
6e47a3c0-4fb3-49c1-aafa-f5bc0683cd0d,Ajio,Google Play,Review,https://play.google.com/store/apps/details?id=com.ril.ajio,dharamendra chauhan,2026-08-09 12:37:21,Very Nice and Easy,Ajio Google Play reviews,English
5cb02a32-368f-4f2c-8bc3-e881d178e861,Ajio,Google Play,Review,https://play.google.com/store/apps/details?id=com.ril.ajio,Geo Jacob,2026-08-09 12:17:34,Good products,Ajio Google Play reviews,English
e85ac8e1-3007-4c04-9a5c-39d382478fe3,Ajio,Google Play,Review,https://play.google.com/store/apps/details?id=com.ril.ajio,Tyagi Kartik,2026-08-09 12:16:55,good,Ajio Google Play reviews,English
a3a2956b-3464-4ae9-a41b-b2f14302ada5,Ajio,Google Play,Review,https://play.google.com/store/apps/details?id=com.ril.ajio,Sankar Vadivelu,2026-08-09 12:12:26,thanks for your support sir,Ajio Google Play reviews,English
71a543da-665b-4ded-9076-b4d979da0163,Ajio,Google Play,Review,https://play.google.com/store/apps/details?id=com.ril.ajio,Shubham Upadhyay,2026-08-09 11:45:11,good,Ajio Google Play reviews,English
a152bfe4-dedb-4017-8655-38a032597bfc,Ajio,Google Play,Review,https://play.google.com/store/apps/details?id=com.ril.ajio,Samiksha Ganvir,2026-08-09 11:44:25,good,Ajio Google Play reviews,English
88a88f73-a647-46dc-8b8d-1d40d7b31417,Ajio,Google Play,Review,https://play.google.com/store/apps/details?id=com.ril.ajio,mukund patwardhan,2026-08-09 11:34:12,"discouraging policy of rating customer ,if product has to be returned for poor quality",Ajio Google Play reviews,English
be6a94fc-8bb9-4ba0-bfaa-bd17fef0a02c,Ajio,Google Play,Review,https://play.google.com/store/apps/details?id=com.ril.ajio,Bujji Bujji,2026-08-09 10:41:45,but late dilevery,Ajio Google Play reviews,English
21836de0-3dd5-4aca-b6de-a648a328298f,Ajio,Google Play,Review,https://play.google.com/store/apps/details?id=com.ril.ajio,Balathoti Vikram,2026-08-09 10:27:43,Good,Ajio Google Play reviews,English
c46af9a5-1e5a-49a9-9bb6-54090a1a75c9,Ajio,Google Play,Review,https://play.google.com/store/apps/details?id=com.ril.ajio,Padma Priya,2026-08-09 10:27:25,"Many times, quality of the product is not satisfactory and we are forced to return. so our return goes above average.",Ajio Google Play reviews,English
3c3e831b-7f36-40b2-8742-157f439c0f53,Ajio,Google Play,Review,https://play.google.com/store/apps/details?id=com.ril.ajio,Vishal Lokapur,2026-08-09 10:04:44,best,Ajio Google Play reviews,English
9f0a27f0-9dc7-4184-a154-ba5919ee9364,Ajio,Google Play,Review,https://play.google.com/store/apps/details?id=com.ril.ajio,Abhinandan Mishra,2026-08-09 10:04:09,good,Ajio Google Play reviews,English
2048e232-2864-4711-a91d-1a88d753e953,Ajio,Google Play,Review,https://play.google.com/store/apps/details?id=com.ril.ajio,chidanand naduvinamani,2026-08-09 09:51:35,product delivery is very bad self they are cancelled and ajio customer service said logistics issue only one reason,Ajio Google Play reviews,English
7907b739-7d18-4e9d-afdb-62a2bcbbafa2,Ajio,Google Play,Review,https://play.google.com/store/apps/details?id=com.ril.ajio,Manish Kumar,2026-08-09 09:49:56,best in quality with best discount,Ajio Google Play reviews,English
445bc48b-3318-47ad-bb29-ce15ede6f843,Ajio,Google Play,Review,https://play.google.com/store/apps/details?id=com.ril.ajio,Basanagouda Nagalapur,2026-08-09 09:34:10,Good,Ajio Google Play reviews,English
c5af76a8-bdbf-4ef2-a0d7-13b4dec59856,Ajio,Google Play,Review,https://play.google.com/store/apps/details?id=com.ril.ajio,Sanket Kavet,2026-08-09 09:31:12,best apps,Ajio Google Play reviews,English
e5856911-3b35-402a-a0d8-62226c7ce1bf,Ajio,Google Play,Review,https://play.google.com/store/apps/details?id=com.ril.ajio,Barnali Kalita,2026-08-09 09:23:11,one of the worst apps... I ordered a product and it delayed for so long and got returned automatically..worst customer service,Ajio Google Play reviews,English
ba09abbd-bc49-4872-9413-66e2451b63b4,Ajio,Google Play,Review,https://play.google.com/store/apps/details?id=com.ril.ajio,SNEHITH KANITHI,2026-08-09 09:18:13,excellent app,Ajio Google Play reviews,English
f75aabc9-4286-4dbb-8d3b-50110194ba57,Ajio,Google Play,Review,https://play.google.com/store/apps/details?id=com.ril.ajio,gan gan,2026-08-09 09:02:13,good,Ajio Google Play reviews,English
2957454f-e36d-43a5-9006-70fba0b31aeb,Ajio,Google Play,Review,https://play.google.com/store/apps/details?id=com.ril.ajio,Chitresh Belwal,2026-08-09 08:10:44,overall good but not spending a lot of time,Ajio Google Play reviews,English
d610c4a6-11aa-446a-817f-32ed23673e1a,Ajio,Google Play,Review,https://play.google.com/store/apps/details?id=com.ril.ajio,Rushang Karne,2026-08-09 07:58:38,good,Ajio Google Play reviews,English
43d7a19a-60ee-4af7-a14f-787ea229c78b,Ajio,Google Play,Review,https://play.google.com/store/apps/details?id=com.ril.ajio,Amol Patel,2026-08-09 07:53:31,bhut sandar,Ajio Google Play reviews,English
35ebb9ae-ffe4-400e-a098-4f7f865ab487,Ajio,Google Play,Review,https://play.google.com/store/apps/details?id=com.ril.ajio,Gangaraju Rampa,2026-08-09 07:27:50,even out of stock products are listing,Ajio Google Play reviews,English
7436cd41-2568-4974-a343-81ec347375ef,Ajio,Google Play,Review,https://play.google.com/store/apps/details?id=com.ril.ajio,Aishwarya S,2026-08-09 07:24:49,very good I'm late here but finally good app,Ajio Google Play reviews,English
7d6fc1ef-ccb0-4e3b-8c71-5b19393388f3,Ajio,Google Play,Review,https://play.google.com/store/apps/details?id=com.ril.ajio,Shivam Kourav,2026-08-09 07:24:17,good,Ajio Google Play reviews,English
1b275e71-6379-445f-bd7a-b3f5f07c5d9d,Ajio,Google Play,Review,https://play.google.com/store/apps/details?id=com.ril.ajio,sandeep singh,2026-08-09 07:00:21,good,Ajio Google Play reviews,English
6e8ab5c8-ea48-44c7-bc75-5d37b7cc8fe0,Ajio,Google Play,Review,https://play.google.com/store/apps/details?id=com.ril.ajio,Fareed Khan,2026-08-09 06:45:51,good,Ajio Google Play reviews,English
3aaaafcf-01ab-4c5f-9144-b581f4f57d9a,Ajio,Google Play,Review,https://play.google.com/store/apps/details?id=com.ril.ajio,Babita Rawat,2026-08-09 00:27:41,good 👍,Ajio Google Play reviews,English
88531700-51b9-4c0a-a58f-8d1263948f67,Ajio,Google Play,Review,https://play.google.com/store/apps/details?id=com.ril.ajio,Vishnu Bishnoi,2026-08-08 23:52:35,good,Ajio Google Play reviews,English
4e5ef4cd-3a81-4b77-985d-171920de5291,Ajio,Google Play,Review,https://play.google.com/store/apps/details?id=com.ril.ajio,Jitendra Dewangan,2026-08-08 23:00:46,good,Ajio Google Play reviews,English
e222b348-a517-470e-acc7-a82f212d0d06,Ajio,Google Play,Review,https://play.google.com/store/apps/details?id=com.ril.ajio,Malini Malini,2026-08-08 22:58:45,too costly we are not able affore the cost compare to other app and quality is also more or less same,Ajio Google Play reviews,English
03384025-520e-46e4-bc0d-289854c63ca6,Ajio,Google Play,Review,https://play.google.com/store/apps/details?id=com.ril.ajio,Beepin Ahlawat,2026-08-08 22:57:50,very good 👍,Ajio Google Play reviews,English
6db447c0-db45-4401-b9e9-2c8ed199c3b3,Ajio,Google Play,Review,https://play.google.com/store/apps/details?id=com.ril.ajio,upendar guntuka,2026-08-08 22:40:48,good,Ajio Google Play reviews,English
20baa38d-b338-4771-887a-5686e29418a9,Ajio,Google Play,Review,https://play.google.com/store/apps/details?id=com.ril.ajio,Tejraj L A,2026-08-08 22:26:37,good,Ajio Google Play reviews,English
7bcd6f4b-0c76-4049-a4eb-8d82207ba788,Ajio,Google Play,Review,https://play.google.com/store/apps/details?id=com.ril.ajio,Gani Killer,2026-08-08 22:21:26,good,Ajio Google Play reviews,English
705a320d-a01b-4b94-bae5-0f2e0644096d,Ajio,Google Play,Review,https://play.google.com/store/apps/details?id=com.ril.ajio,Akhil Mullangi,2026-08-08 22:10:05,this is amazing 🤩,Ajio Google Play reviews,English
dfd17847-f83f-4b3e-a2c0-3944c0773190,Ajio,Google Play,Review,https://play.google.com/store/apps/details?id=com.ril.ajio,Arun NS,2026-08-08 21:58:47,very good,Ajio Google Play reviews,English
861b7f3d-326c-4152-b95d-d0cfe845f77a,Ajio,Google Play,Review,https://play.google.com/store/apps/details?id=com.ril.ajio,Umar Khan,2026-08-08 21:56:48,super app,Ajio Google Play reviews,English
bc16a0de-397e-4946-8b07-f0928ecdb779,Ajio,Google Play,Review,https://play.google.com/store/apps/details?id=com.ril.ajio,ᴛᴀɴʙʜɪʀ ᴀꜰᴛᴀʙ,2026-08-08 21:50:23,perfect,Ajio Google Play reviews,English
dd802660-6f97-4c1d-b0de-887e0b93a71f,Ajio,Google Play,Review,https://play.google.com/store/apps/details?id=com.ril.ajio,SACHIN YADAV,2026-08-08 21:48:45,average to good 👍,Ajio Google Play reviews,English
7940bc7d-6321-4c54-863c-6bd2121cb87f,Ajio,Google Play,Review,https://play.google.com/store/apps/details?id=com.ril.ajio,Hridesh Bhardwaj,2026-08-08 21:46:22,Name takes only first name in address. it should take full name . rest is perfect,Ajio Google Play reviews,English
460a348e-1373-439f-8c2c-e6118a6ba8e6,Ajio,Google Play,Review,https://play.google.com/store/apps/details?id=com.ril.ajio,Alok Pandey,2026-08-08 21:46:00,good,Ajio Google Play reviews,English
a4859a0d-3d84-4bdc-8e67-68ab28d1125f,Ajio,Google Play,Review,https://play.google.com/store/apps/details?id=com.ril.ajio,Vishnu Priya,2026-08-08 21:37:56,very good 👍,Ajio Google Play reviews,English
353ce238-5f25-49c6-8de5-8b6de1d7d4c7,Ajio,Google Play,Review,https://play.google.com/store/apps/details?id=com.ril.ajio,Nishant Nayak,2026-08-08 21:18:38,I try this appo,Ajio Google Play reviews,English
6181e966-2a7e-4cc2-8c14-814a48c23a67,Ajio,Google Play,Review,https://play.google.com/store/apps/details?id=com.ril.ajio,Abhishek Kushwaha,2026-08-08 21:06:28,good,Ajio Google Play reviews,English
cff7a7a7-0760-4ec1-8a02-a9179935640a,Ajio,Google Play,Review,https://play.google.com/store/apps/details?id=com.ril.ajio,Charan Reddy. S,2026-08-08 20:59:33,super,Ajio Google Play reviews,English
c6558a5c-a734-4c49-b6d9-bbe74a8ffc11,Ajio,Google Play,Review,https://play.google.com/store/apps/details?id=com.ril.ajio,Sukhjinder Singh,2026-08-08 20:40:39,good,Ajio Google Play reviews,English
2efbf355-0fb6-4cea-a963-43c39183d25f,Ajio,Google Play,Review,https://play.google.com/store/apps/details?id=com.ril.ajio,vikas parewa,2026-08-08 20:38:47,Nice Collection,Ajio Google Play reviews,English
40eff574-cdaa-45a7-9750-614fc07d627a,Ajio,Google Play,Review,https://play.google.com/store/apps/details?id=com.ril.ajio,Shaheen Sadaf,2026-08-08 20:31:44,excellent,Ajio Google Play reviews,English
f1011491-08a0-46ad-b149-4b99ad5b048d,Ajio,Google Play,Review,https://play.google.com/store/apps/details?id=com.ril.ajio,Mithlesh Verma,2026-08-08 20:28:51,good product,Ajio Google Play reviews,English
bc400833-0fdb-42ae-86f4-b090a9ad761d,Ajio,Google Play,Review,https://play.google.com/store/apps/details?id=com.ril.ajio,Md golam Samdani,2026-08-08 20:19:10,you don't have any UPI option,Ajio Google Play reviews,English
cf89c2f9-99b3-4b16-918f-07ce52f5b8e9,Ajio,Google Play,Review,https://play.google.com/store/apps/details?id=com.ril.ajio,Alok Sinha,2026-08-08 20:05:11,"I am facing a serious issue with AJIO returns. Whenever I try to return a product, my return request gets cancelled repeatedly without any proper explanation. This is very frustrating, especially when the product is eligible for return. Please look into this issue and ensure that my return request is processed properly. I expect AJIO to provide a clear reason for the cancellation and resolve the issue as soon as possible.",Ajio Google Play reviews,English
8eb4037b-d49b-455d-858c-8e3873f63dce,Ajio,Google Play,Review,https://play.google.com/store/apps/details?id=com.ril.ajio,deepak e,2026-08-08 19:58:24,"fraudsters,money looters, i am unable change my contact number on the app or with customer care,they need 1 week to do the process,I don't recommend ajio for anyone till now am waiting for my order cancellation and the refund",Ajio Google Play reviews,English
06a8f1dd-a49e-4032-8849-fd25b44cb38e,Ajio,Google Play,Review,https://play.google.com/store/apps/details?id=com.ril.ajio,Kaneez Begum,2026-08-08 19:42:00,"Good app, thanks ajio",Ajio Google Play reviews,English
5647d602-5241-4095-be83-e0a095e69361,Ajio,Google Play,Review,https://play.google.com/store/apps/details?id=com.ril.ajio,Lakshman Kumar,2026-08-08 19:28:43,no offers and the price seems to be not worth,Ajio Google Play reviews,English
fe426ed3-7280-4f51-bee2-9fffc47dd76e,Ajio,Google Play,Review,https://play.google.com/store/apps/details?id=com.ril.ajio,Aakash Kumar,2026-08-08 19:22:53,nice 👍,Ajio Google Play reviews,English
7539dadd-6ee6-4392-8b29-8af57118b5fb,Ajio,Google Play,Review,https://play.google.com/store/apps/details?id=com.ril.ajio,Srinivas Bade,2026-08-08 19:13:44,customer service is worst and products are not getting delivered on time please don't use this app there are multiple apps for online shopping don't use this app my kindly request,Ajio Google Play reviews,English
d0de9fc7-abff-42a8-a86a-e71f1b5cdc66,Ajio,Google Play,Review,https://play.google.com/store/apps/details?id=com.ril.ajio,bharat S P,2026-08-08 19:12:20,"The app is buggy , miles away from other teleshopping apps needs improvement in product image quality.....",Ajio Google Play reviews,English
66f9d2e3-083a-4635-98de-925137e443fe,Ajio,Google Play,Review,https://play.google.com/store/apps/details?id=com.ril.ajio,pankaj vekariya,2026-08-08 19:10:48,good 👍,Ajio Google Play reviews,English
83ba60b8-9c06-48b2-8db8-4facc505bbee,Ajio,Google Play,Review,https://play.google.com/store/apps/details?id=com.ril.ajio,Radhe Kirar,2026-08-08 18:55:13,The services are the best and the material is super duper good,Ajio Google Play reviews,English
192d411b-9867-494a-900f-a95dcaebdbd9,Ajio,Google Play,Review,https://play.google.com/store/apps/details?id=com.ril.ajio,Md Mansur,2026-08-08 18:47:34,very nice app,Ajio Google Play reviews,English
41f5a98c-789f-4d2f-9307-321c2554e127,Ajio,Google Play,Review,https://play.google.com/store/apps/details?id=com.ril.ajio,Faheem Khan,2026-08-08 18:38:30,the collection is huge and wide and this app really fabulous to use,Ajio Google Play reviews,English
e47dcf8f-bc4e-4815-968c-4abea3146aeb,Ajio,Google Play,Review,https://play.google.com/store/apps/details?id=com.ril.ajio,H S PAL,2026-08-08 18:37:15,Just show the real delivery date instead of fooling customers. Products are good here but seriously they need to step up their delivery time,Ajio Google Play reviews,English
62b3ab72-9475-467c-a19a-1a0665130a87,Ajio,Google Play,Review,https://play.google.com/store/apps/details?id=com.ril.ajio,Siva Krishna,2026-08-08 18:28:45,good 👍,Ajio Google Play reviews,English
25ef747a-ee42-43a7-9ba2-6067b08a4201,Ajio,Google Play,Review,https://play.google.com/store/apps/details?id=com.ril.ajio,Sandip Pal,2026-08-08 18:14:01,very bad experience..the app was totally fake.. i have returned but they doesn't give return money.. they act like beggar.. everyone be careful doesn't use this app.,Ajio Google Play reviews,English
3d455309-77f6-47d2-bb49-ed0cd42b079d,Ajio,Google Play,Review,https://play.google.com/store/apps/details?id=com.ril.ajio,Vinod Mahajan,2026-08-08 17:30:20,"Absolute Nightmare, Terrible Delivery & Useless Customer Support If I could give zero stars, I would. This has been hands down the worst delivery experience I have ever had. My order was delayed well past the promised delivery window with zero proactive updates. When the tracking status finally updated, it claimed a ""delivery attempt was made""—a complete lie, as I was home all day and no one rang the doorbell, called, or came anywhere near my address. To make matters worse, customer support is",Ajio Google Play reviews,English
bfb085d5-3069-459e-8f59-6f8cd33fb770,Ajio,Google Play,Review,https://play.google.com/store/apps/details?id=com.ril.ajio,Ashan Bhatoa,2026-08-08 17:05:21,Nice,Ajio Google Play reviews,English
3990fb57-0684-404d-a0ca-52eb5d0cd914,Ajio,Google Play,Review,https://play.google.com/store/apps/details?id=com.ril.ajio,Aranyak Dev mishra G .,2026-08-08 17:04:26,"Worst app experience ever! I received AJIO cashback for referring a friend, and I had also earned some cashback from shopping. When I tried to make a payment, the transaction failed, and they took back my entire AJIO balance—including the coupon code! It clearly said the coupon could be used only once. When I contacted their customer support executive, they told me that the cashback validity had expired and that the voucher code was no longer available on my account. Like, seriously, man? 😂",Ajio Google Play reviews,English
0af46264-dbae-49a4-9d68-fbe67d9d0764,Ajio,Google Play,Review,https://play.google.com/store/apps/details?id=com.ril.ajio,Raja Abhishek,2026-08-08 16:43:23,nice,Ajio Google Play reviews,English
20c6ec90-83d5-4f48-a1a0-030a4b601989,Ajio,Google Play,Review,https://play.google.com/store/apps/details?id=com.ril.ajio,Shashank Hj,2026-08-08 16:40:00,good,Ajio Google Play reviews,English
bee919f9-eebc-492b-a95a-239f6b6a2e2d,Ajio,Google Play,Review,https://play.google.com/store/apps/details?id=com.ril.ajio,Aswani Ajithan,2026-08-08 16:35:52,"AJIO has become really disappointing lately. The prices are much higher now, and almost every product I like is out of stock. There used to be so many good options and offers, but now it doesn’t feel worth shopping on the app anymore. Please improve the pricing and product availability.",Ajio Google Play reviews,English
bfec258b-45c8-49e4-9baa-2514e21b0b9a,Ajio,Google Play,Review,https://play.google.com/store/apps/details?id=com.ril.ajio,Suman Swain,2026-08-08 16:21:09,this app is very well for shopping,Ajio Google Play reviews,English
7f8386d2-147e-44cb-9970-86e4cecce92e,Ajio,Google Play,Review,https://play.google.com/store/apps/details?id=com.ril.ajio,Himanshu Sharma,2026-08-08 16:11:12,"ordered more than one quantity, but got only one.. such a carelessness and non accountable behaviour by AJIO never gonna buy anything from these",Ajio Google Play reviews,English
520c8e77-5b21-4466-9a92-9a3a6815c7fc,Ajio,Google Play,Review,https://play.google.com/store/apps/details?id=com.ril.ajio,Vishnu Sms777,2026-08-08 16:03:03,ok,Ajio Google Play reviews,English
dd6abc53-b974-4aa8-ab61-b044ac2b45b6,Ajio,Google Play,Review,https://play.google.com/store/apps/details?id=com.ril.ajio,sonam jha,2026-08-08 16:01:49,very bad experience this app is totally wrost.. don't buy from ajio... refund nhi de raha 10 days se upr hone ko h jb ki main product receive v nhi kra address glt select hogya tha jiski wajah se cancel krna pda or abhi tk refund nhi de raha,Ajio Google Play reviews,English
abf7b943-b1b2-410b-8701-d5e30ac210fc,Ajio,Google Play,Review,https://play.google.com/store/apps/details?id=com.ril.ajio,Aadhi Gowtham,2026-08-08 16:00:54,good,Ajio Google Play reviews,English
932c60b3-02cc-49c9-ad1e-3796944a1440,Ajio,Google Play,Review,https://play.google.com/store/apps/details?id=com.ril.ajio,Kiran Martin,2026-08-08 15:58:54,worst delivery and return pickup service. shadofax is very worst. 🤮🤮🤮🤮🤮🤮,Ajio Google Play reviews,English
9b732c2c-00f1-4736-8035-1b300af40bd3,Ajio,Google Play,Review,https://play.google.com/store/apps/details?id=com.ril.ajio,Nilesh Kisku,2026-08-08 15:37:46,very good 👍😊,Ajio Google Play reviews,English
2da79a57-2742-4bb0-8182-f7bd7f0326d6,Ajio,Google Play,Review,https://play.google.com/store/apps/details?id=com.ril.ajio,meena reddy,2026-08-08 15:28:53,👍,Ajio Google Play reviews,English
bb54dade-6274-460b-a5d3-256ed8e59ca2,Ajio,Google Play,Review,https://play.google.com/store/apps/details?id=com.ril.ajio,Tushar Kumar,2026-08-08 15:13:40,good app,Ajio Google Play reviews,English
fb4e4037-e41a-4b28-a00a-db9e759e221a,Ajio,Google Play,Review,https://play.google.com/store/apps/details?id=com.ril.ajio,Shikha Singh,2026-08-08 15:03:08,Ajio is getting worse day by day and the worst part is their customer service. they don't reply on call and there is no option to even talk to a person. today I received the wrong item which was used women's suit instead of a bedsheet that I ordered. also yesterday I was trying to order 2 sarees in my app cause I had more than 1000 in my wallet from my refund items. and it got disappeared and no body is replying on call not on chat. I hate this app myntra is far better than their customer good.,Ajio Google Play reviews,English
62cdd8b6-667e-4188-993f-8f8403eec40d,Ajio,Google Play,Review,https://play.google.com/store/apps/details?id=com.ril.ajio,Dilshad Dilshad,2026-08-08 14:50:52,good 👍,Ajio Google Play reviews,English
f195e26c-b52d-4330-8ae9-2fc50d9ec32c,Ajio,Google Play,Review,https://play.google.com/store/apps/details?id=com.ril.ajio,Vikas Vicky,2026-08-08 14:37:36,worst app no delevery on time it will take more than 15 days to deliver a product don't buy any thing in this worst app,Ajio Google Play reviews,English
6e4a6255-775c-4132-8628-d6ddf4e14d7b,Ajio,Google Play,Review,https://play.google.com/store/apps/details?id=com.ril.ajio,Anitha devi Pugalraj,2026-08-08 14:14:48,refund was done within sec,Ajio Google Play reviews,English
2f7730a0-da0d-405d-a2a7-0decb543d59f,Ajio,Google Play,Review,https://play.google.com/store/apps/details?id=com.ril.ajio,Krish Singh,2026-08-08 14:10:00,cash on delivery not available,Ajio Google Play reviews,English
d71852b3-de7e-431a-9581-5a3edd719fdc,Ajio,Google Play,Review,https://play.google.com/store/apps/details?id=com.ril.ajio,Kaushik Dhali,2026-08-08 14:07:59,ok,Ajio Google Play reviews,English
9e932228-ce53-4623-974f-07a6f3747c4a,Ajio,Google Play,Review,https://play.google.com/store/apps/details?id=com.ril.ajio,nishu kansal,2026-08-08 13:52:00,worst service place something and got something else. even customer service is so delay no response,Ajio Google Play reviews,English
43420ff7-7566-4b3d-93d2-d9631f5fc9fc,Ajio,Google Play,Review,https://play.google.com/store/apps/details?id=com.ril.ajio,Mithil Chowdary,2026-08-08 13:41:38,great fashion,Ajio Google Play reviews,English
9e61e519-9dea-4d5d-a537-22a671a87ce8,Ajio,Google Play,Review,https://play.google.com/store/apps/details?id=com.ril.ajio,Sadhanandam M,2026-08-08 13:13:10,The best destination for online Shopping,Ajio Google Play reviews,English
aba99877-fa02-452b-813d-1f457616174e,Ajio,Google Play,Review,https://play.google.com/store/apps/details?id=com.ril.ajio,Bappa Mufti,2026-08-08 12:41:53,very nice,Ajio Google Play reviews,English
c4851469-2fdc-45fc-9bbd-2e4a3aeeb5f1,Ajio,Google Play,Review,https://play.google.com/store/apps/details?id=com.ril.ajio,Sagar Singh,2026-08-08 12:35:46,nice app,Ajio Google Play reviews,English
59f589d1-f0ae-477e-b28e-633c920d5d6e,Ajio,Google Play,Review,https://play.google.com/store/apps/details?id=com.ril.ajio,Prince Saurav,2026-08-08 12:22:46,ur delivery partner xpressbess is too wrost. every time order is being delayed,Ajio Google Play reviews,English
c505087e-6e6e-46b0-9165-0ca9d4d26c8a,Ajio,Google Play,Review,https://play.google.com/store/apps/details?id=com.ril.ajio,Rahul Yadav,2026-08-08 12:21:33,excellent,Ajio Google Play reviews,English
24c863dd-aa77-4afb-83a5-2620277151ff,Ajio,Google Play,Review,https://play.google.com/store/apps/details?id=com.ril.ajio,Manjiri AgnihotrI,2026-08-08 12:03:45,We get good quality products. nice,Ajio Google Play reviews,English
c49fdc6f-0635-4e53-90c1-a50cb828937e,Ajio,Google Play,Review,https://play.google.com/store/apps/details?id=com.ril.ajio,Laxami Chaurasiya,2026-08-08 11:12:31,Bhut accha hai,Ajio Google Play reviews,English
f5779238-1b61-4761-9eab-e57b51dddd20,Ajio,Google Play,Review,https://play.google.com/store/apps/details?id=com.ril.ajio,Bhavesh Mohanty,2026-08-08 11:11:31,late delivery,Ajio Google Play reviews,English
e22bbc3e-07b5-4803-a315-febc9728a368,Ajio,Google Play,Review,https://play.google.com/store/apps/details?id=com.ril.ajio,Prashant Khorkile,2026-08-08 11:03:31,nice,Ajio Google Play reviews,English
b9027b75-71a0-438a-b220-df8e6cf3af3d,Ajio,Google Play,Review,https://play.google.com/store/apps/details?id=com.ril.ajio,Harish G,2026-08-08 10:52:02,worst app delivery always delayed,Ajio Google Play reviews,English
c378832b-b3f6-4d41-87e3-15abc8372995,Ajio,Google Play,Review,https://play.google.com/store/apps/details?id=com.ril.ajio,Yash Sargara,2026-08-08 10:48:15,5 star,Ajio Google Play reviews,English
2340b192-a4d8-45e1-bf80-1a3cf8d09eff,Ajio,Google Play,Review,https://play.google.com/store/apps/details?id=com.ril.ajio,Ratheesh Kumar,2026-08-08 10:42:08,delivery issues,Ajio Google Play reviews,English
6097a73d-a84c-49da-ada5-1d228c42e523,Ajio,Google Play,Review,https://play.google.com/store/apps/details?id=com.ril.ajio,Z 09,2026-08-08 10:32:52,Good,Ajio Google Play reviews,English
1859065f-d79b-446e-b760-82004ea204ef,Ajio,Google Play,Review,https://play.google.com/store/apps/details?id=com.ril.ajio,pavan hajare,2026-08-08 10:26:17,good,Ajio Google Play reviews,English
caaa6135-c514-48d6-a1c2-b1c9069b67ea,Ajio,Google Play,Review,https://play.google.com/store/apps/details?id=com.ril.ajio,Sanjay Ghariwala,2026-08-08 10:24:22,delay - delay - delay - refund. (refund also delay),Ajio Google Play reviews,English
b8f0fe33-ae8c-4229-9d3d-af25ba7e3df5,Ajio,Google Play,Review,https://play.google.com/store/apps/details?id=com.ril.ajio,Empty User,2026-08-08 10:21:56,India's best shoping app,Ajio Google Play reviews,English
def5a06a-3ec8-4c31-a78c-6037bf986ebd,Ajio,Google Play,Review,https://play.google.com/store/apps/details?id=com.ril.ajio,Shivam Vishwakarma,2026-08-08 09:56:00,nice,Ajio Google Play reviews,English
110be1e4-da0d-46f3-bbb4-49d4fadfb611,Ajio,Google Play,Review,https://play.google.com/store/apps/details?id=com.ril.ajio,Pravesh Gurung,2026-08-08 09:42:54,all the things are genuine delivery in time..thank you Ajio,Ajio Google Play reviews,English
e4c3d991-88b3-4cf4-b2cb-2a24670bfbb0,Ajio,Google Play,Review,https://play.google.com/store/apps/details?id=com.ril.ajio,101 Stormborn,2026-08-08 09:38:01,"I had a worse experience with Ajio's choice of courier delivery services. In the normal world, Flipkart, Amazon, and Myntra take 2-3 days to deliver products, but Ajio took almost 10+ days to deliver the same product to the same address. How can you do that impossible thing? lol",Ajio Google Play reviews,English
e68dcfd2-3cf8-44d0-8cb4-0f223eda94e9,Ajio,Google Play,Review,https://play.google.com/store/apps/details?id=com.ril.ajio,Naman Verma,2026-08-08 09:26:39,amazing 🤩,Ajio Google Play reviews,English
399838fa-5cd2-4d81-83b7-6d2672e9422f,Ajio,Google Play,Review,https://play.google.com/store/apps/details?id=com.ril.ajio,ALL_GAMING_1,2026-08-08 09:23:46,best clothes,Ajio Google Play reviews,English
dd669a32-e7cd-4003-952b-9cf30bc3a4d7,Ajio,Google Play,Review,https://play.google.com/store/apps/details?id=com.ril.ajio,GAURAV KUMAR,2026-08-08 09:23:45,good,Ajio Google Play reviews,English
80dd06c2-ff5d-4e11-9f28-7793e0f8bfcd,Ajio,Google Play,Review,https://play.google.com/store/apps/details?id=com.ril.ajio,Abhishek Yadav,2026-08-08 09:14:34,good,Ajio Google Play reviews,English
a2f1a442-2299-45d7-8c6d-afb4fbc2500e,Ajio,Google Play,Review,https://play.google.com/store/apps/details?id=com.ril.ajio,Sk Fazal Fazal,2026-08-08 09:13:54,every time price will change while placing orders,Ajio Google Play reviews,English
8922e93b-2d95-4455-8abd-f7a54c18b3dd,Ajio,Google Play,Review,https://play.google.com/store/apps/details?id=com.ril.ajio,Sohan,2026-08-08 08:51:27,good,Ajio Google Play reviews,English
2c4a23dd-de8f-4c83-a202-b9e11408317b,Ajio,Google Play,Review,https://play.google.com/store/apps/details?id=com.ril.ajio,Sk_rajput,2026-08-08 08:41:37,very nice,Ajio Google Play reviews,English
bf894da4-e684-4e41-a71c-f6286c334311,Ajio,Google Play,Review,https://play.google.com/store/apps/details?id=com.ril.ajio,Abhishek A,2026-08-08 07:59:56,"Deceptive offer. slow load of screens. The website said 30% off for 1st app purchase in app for a Rs. 49,000 lego set. On downloading it shows 30% off but max Rs 500 discount!",Ajio Google Play reviews,English
e1185330-a072-47e9-b7c4-409454e5fd57,Ajio,Google Play,Review,https://play.google.com/store/apps/details?id=com.ril.ajio,Atul Patel 2572,2026-08-08 07:44:17,oww,Ajio Google Play reviews,English
fded9420-c3e0-4750-9a58-d9fdbc3acc37,Ajio,Google Play,Review,https://play.google.com/store/apps/details?id=com.ril.ajio,Rajendra Muduli,2026-08-08 07:35:10,there are wonderful clothes and speed delivery,Ajio Google Play reviews,English
757317a8-d486-45f1-bb9a-59dedd141eff,Ajio,Google Play,Review,https://play.google.com/store/apps/details?id=com.ril.ajio,Raja Kalaimani,2026-08-08 07:24:25,👍,Ajio Google Play reviews,English
7361f586-07a7-4816-9c08-5743bcb3f977,Ajio,Google Play,Review,https://play.google.com/store/apps/details?id=com.ril.ajio,dollu Lasya,2026-08-08 07:18:11,good,Ajio Google Play reviews,English
f13bfaf4-357a-48c0-b7d5-6c58a3108629,Ajio,Google Play,Review,https://play.google.com/store/apps/details?id=com.ril.ajio,mahesh ethinolla,2026-08-08 07:11:52,best quality,Ajio Google Play reviews,English
8d768dc3-f1ab-47d3-8d39-a86b13edde25,Ajio,Google Play,Review,https://play.google.com/store/apps/details?id=com.ril.ajio,Ravi Rajawat,2026-08-08 06:57:46,so good,Ajio Google Play reviews,English
0e957d74-ff2a-42e0-b20f-52493cc3aa6a,Ajio,Google Play,Review,https://play.google.com/store/apps/details?id=com.ril.ajio,NITESH KUMAR PRADHAN,2026-08-08 06:21:17,good,Ajio Google Play reviews,English
685c2aa8-4309-4290-ad4b-637fff38f720,Ajio,Google Play,Review,https://play.google.com/store/apps/details?id=com.ril.ajio,Sippu Kumar,2026-08-08 05:52:19,😊,Ajio Google Play reviews,English
3c30b935-56f2-4046-9dc9-a8c9c23544e1,Ajio,Google Play,Review,https://play.google.com/store/apps/details?id=com.ril.ajio,Varsha Shaw,2026-08-08 05:38:45,"I ordered 2 earrings and one of them was damaged and another one was completely different from which I ordered. for the first earring when I raised a complaint in customercare they asked me to send a mail with the images attached. I literally sent 5-6 emails with clearly showing the damages, still they kept asking for images from different angles, image of packaging and then I processed a return by myself. For the another earning I've already returned the product still it's not showing picked up",Ajio Google Play reviews,English
06b0a689-638f-49cc-809d-4517f9aeec05,Ajio,Google Play,Review,https://play.google.com/store/apps/details?id=com.ril.ajio,Vihan Mehra,2026-08-08 03:57:03,Nice app,Ajio Google Play reviews,English
138ab3aa-448c-4b96-832d-ccba0fe48676,Ajio,Google Play,Review,https://play.google.com/store/apps/details?id=com.ril.ajio,Sugar Cold,2026-08-08 03:38:20,nice,Ajio Google Play reviews,English
d0d6c5c9-4bdc-42f7-a537-87b88e5524e3,Ajio,Google Play,Review,https://play.google.com/store/apps/details?id=com.ril.ajio,sadhana pevekar,2026-08-08 01:57:03,Best offers,Ajio Google Play reviews,English
cf1d0cfc-a09e-4ba7-b914-49af78e45a93,Ajio,Google Play,Review,https://play.google.com/store/apps/details?id=com.ril.ajio,Dipu Kashyap,2026-08-08 01:41:25,good,Ajio Google Play reviews,English
beb146da-4dae-4ab7-96b3-df327705c68e,Ajio,Google Play,Review,https://play.google.com/store/apps/details?id=com.ril.ajio,shubham SINGH,2026-08-08 01:35:45,thank you for your lovely and good product you have I love to shop AJIO 😘😘😘🤗🤗🤗🤗🤗🤗🤗🤗,Ajio Google Play reviews,English
96ff2d38-8c10-484b-821b-acb411413c0a,Ajio,Google Play,Review,https://play.google.com/store/apps/details?id=com.ril.ajio,V Mani gangadhar Raju Veligandla,2026-08-08 01:04:06,please comeback the Cash on delivery,Ajio Google Play reviews,English
a0f633ff-63d8-40f1-9b84-ab19bb24f280,Ajio,Google Play,Review,https://play.google.com/store/apps/details?id=com.ril.ajio,Suresh Sharma,2026-08-08 00:52:07,like it,Ajio Google Play reviews,English
d51c669d-9078-46de-ba41-3e9c920e1ed5,Ajio,Google Play,Review,https://play.google.com/store/apps/details?id=com.ril.ajio,sourav ganguli,2026-08-08 00:50:14,good,Ajio Google Play reviews,English
893e54d7-28c5-499a-8993-4f722049fc5e,Ajio,Google Play,Review,https://play.google.com/store/apps/details?id=com.ril.ajio,Niraj Kumar,2026-08-08 00:46:04,good,Ajio Google Play reviews,English
16da50eb-ec71-4c83-b3b0-947e01574af0,Ajio,Google Play,Review,https://play.google.com/store/apps/details?id=com.ril.ajio,Sivamani Yadav,2026-08-08 00:41:40,very good,Ajio Google Play reviews,English
a1571ff9-73cb-4346-a39f-e13a8b5fce8c,Ajio,Google Play,Review,https://play.google.com/store/apps/details?id=com.ril.ajio,Md Zishan,2026-08-08 00:35:57,good,Ajio Google Play reviews,English
9ffb442d-3866-4176-84a2-d449c7f0db0c,Ajio,Google Play,Review,https://play.google.com/store/apps/details?id=com.ril.ajio,Sandip Gorain,2026-08-08 00:35:21,👍,Ajio Google Play reviews,English
f23bf353-0198-4675-8e55-c1965d0280f2,Ajio,Google Play,Review,https://play.google.com/store/apps/details?id=com.ril.ajio,Subham Kumar,2026-08-08 00:17:01,ok,Ajio Google Play reviews,English
d5f6ad62-b0f2-4bcd-924b-0398c0e2d26d,Ajio,Google Play,Review,https://play.google.com/store/apps/details?id=com.ril.ajio,Raju Anandam,2026-08-08 00:13:04,perfect for any shopping at Anytime 😜,Ajio Google Play reviews,English
de321266-12f0-47a7-8795-0a1cb8c73471,Ajio,Google Play,Review,https://play.google.com/store/apps/details?id=com.ril.ajio,Yash Kurbet,2026-08-07 23:41:37,"They delivered fake products. I ordered a Puma bag worth 3k, but it was fake. I know that they have a return policy, but I have wasted my time and money completely. It's a first copy for sure. Help me out, or I might escalate the matter in the way I can. Consumer rights will take care of you people. I will mail you too.",Ajio Google Play reviews,English
528e3f31-135f-41c4-a739-6b43ce636df0,Ajio,Google Play,Review,https://play.google.com/store/apps/details?id=com.ril.ajio,akash rana,2026-08-07 23:40:28,very good,Ajio Google Play reviews,English
906bbf51-323e-4cad-91a4-2923b6adf968,Ajio,Google Play,Review,https://play.google.com/store/apps/details?id=com.ril.ajio,Khadri Hussain,2026-08-07 23:31:13,item are available in affordable price,Ajio Google Play reviews,English
e4450e02-6fc2-44a6-94be-6e72cf9b1e13,Ajio,Google Play,Review,https://play.google.com/store/apps/details?id=com.ril.ajio,kanth vicky,2026-08-07 23:30:07,very nice,Ajio Google Play reviews,English
7ece397e-ccd7-43dc-bae1-a5e346fa59db,Ajio,Google Play,Review,https://play.google.com/store/apps/details?id=com.ril.ajio,Yash Patel,2026-08-07 23:24:17,Good,Ajio Google Play reviews,English
0a839ca8-c907-4fd8-95ca-48cf922bff4f,Ajio,Google Play,Review,https://play.google.com/store/apps/details?id=com.ril.ajio,Siddhant Pratap Singh,2026-08-07 23:19:53,😚,Ajio Google Play reviews,English
700b1ef2-dc71-4f7c-b102-08e2ff2646bc,Ajio,Google Play,Review,https://play.google.com/store/apps/details?id=com.ril.ajio,Naveen Naik Naveen Naik,2026-08-07 23:12:51,👍 nice,Ajio Google Play reviews,English
1909bf11-c906-47dc-a4b4-372d6ccc3b99,Ajio,Google Play,Review,https://play.google.com/store/apps/details?id=com.ril.ajio,Chiranjiv Dongre,2026-08-07 23:03:45,good,Ajio Google Play reviews,English
e8d38f1f-4a0c-401b-8be0-b9dfd2656b13,Ajio,Google Play,Review,https://play.google.com/store/apps/details?id=com.ril.ajio,virendra panchal,2026-08-07 22:53:27,good,Ajio Google Play reviews,English
6b7b8d8a-3b44-453c-a064-4ef686845449,Ajio,Google Play,Review,https://play.google.com/store/apps/details?id=com.ril.ajio,Penugurthi ayyappa,2026-08-07 22:49:45,👏🏻,Ajio Google Play reviews,English
c73e0897-2a63-4b83-bed9-dd3bf163bd03,Ajio,Google Play,Review,https://play.google.com/store/apps/details?id=com.ril.ajio,Mo.vaseem Malik,2026-08-07 22:38:39,coopan nhi Chala,Ajio Google Play reviews,English
deaac36e-9526-49e8-a7ad-d11edcbef84a,Ajio,Google Play,Review,https://play.google.com/store/apps/details?id=com.ril.ajio,Ajay Das,2026-08-07 22:35:48,nice app,Ajio Google Play reviews,English
6f500dfe-5dda-4978-829d-85bc00151143,Ajio,Google Play,Review,https://play.google.com/store/apps/details?id=com.ril.ajio,Abhyuday Singh,2026-08-07 22:35:08,nice collections and algorithms.,Ajio Google Play reviews,English
2d239bc0-1d3f-4c3d-a421-24678bd79eb8,Ajio,Google Play,Review,https://play.google.com/store/apps/details?id=com.ril.ajio,Swapan Panda,2026-08-07 22:23:17,good app,Ajio Google Play reviews,English
335f5976-9284-4059-8271-722b7e23bd35,Ajio,Google Play,Review,https://play.google.com/store/apps/details?id=com.ril.ajio,sandeep D B,2026-08-07 22:19:29,Good,Ajio Google Play reviews,English
7d6a3de4-366c-41a4-bae5-f59dd1dc70a1,Ajio,Google Play,Review,https://play.google.com/store/apps/details?id=com.ril.ajio,Anup Pal,2026-08-07 22:16:00,hooo,Ajio Google Play reviews,English
8a81b7a1-0be2-495c-ba42-03df14ef51dd,Ajio,Google Play,Review,https://play.google.com/store/apps/details?id=com.ril.ajio,Sanadi Daniel,2026-08-07 21:58:00,worst experience ever I tried to give a review on their app after receiving it late but show me it's a technical error and they can't submit the feedback later I typed best immediately submitted now I'm trying to edit it but I'm unable dogla app hai do not buy from ajio !!,Ajio Google Play reviews,English
d3f4d696-a3ae-4cc3-9eef-745977f0aa65,Ajio,Google Play,Review,https://play.google.com/store/apps/details?id=com.ril.ajio,sameer shekhar,2026-08-07 21:45:26,It's super unresponsive and laggy.,Ajio Google Play reviews,English
001b6c84-6c32-49fa-83c3-846e8e27e9ad,Ajio,Google Play,Review,https://play.google.com/store/apps/details?id=com.ril.ajio,Mercy Vincent,2026-08-07 21:36:42,nice,Ajio Google Play reviews,English
8d6cfdc4-3ff2-42b5-80f3-b2bba1a017b5,Ajio,Google Play,Review,https://play.google.com/store/apps/details?id=com.ril.ajio,Vikash,2026-08-07 21:26:05,wonderful 👍,Ajio Google Play reviews,English
2a7bd8a5-8ce1-4320-8480-240e0cfa9e55,Ajio,Google Play,Review,https://play.google.com/store/apps/details?id=com.ril.ajio,SANJAY RAJPUT,2026-08-07 21:22:11,fast,Ajio Google Play reviews,English
0e291fb3-c4b7-4c4c-91e3-c2f41fff777d,Ajio,Google Play,Review,https://play.google.com/store/apps/details?id=com.ril.ajio,Barisha,2026-08-07 21:19:32,first time order by ajio let see product nd quality,Ajio Google Play reviews,English
4e3866d7-3828-492e-ba4f-2f5c45047482,Ajio,Google Play,Review,https://play.google.com/store/apps/details?id=com.ril.ajio,Suchitra Kovai,2026-08-07 21:13:44,"1 star also is more doe ur cust care services. I prefer to talk to humans than people talking like machines irrespective of what client talks.no empathy , no understanding , no accountability.. even a supervisor talks like moat junior person. they give same info whats available on the app. u r sitting on my money for last 15 days without delivering the product.u guys have brought down Indian standards.no wonder we stil buy imported products.",Ajio Google Play reviews,English
133d7572-2e3d-4bca-bfbf-daeb53cddf94,Ajio,Google Play,Review,https://play.google.com/store/apps/details?id=com.ril.ajio,sameer ansari,2026-08-07 21:12:39,the options are good 👍,Ajio Google Play reviews,English
bb9c8dba-6b96-466b-91f5-e78d4bd92075,Ajio,Google Play,Review,https://play.google.com/store/apps/details?id=com.ril.ajio,Ankit Kumar,2026-08-07 21:11:36,best,Ajio Google Play reviews,English
3849e493-7a29-4b3e-a90e-01c3626bce4d,Ajio,Google Play,Review,https://play.google.com/store/apps/details?id=com.ril.ajio,sudarshan slvt,2026-08-07 21:03:29,Good,Ajio Google Play reviews,English
9ef03bf2-8d8c-4e0a-9ccc-58585ef7f97b,Ajio,Google Play,Review,https://play.google.com/store/apps/details?id=com.ril.ajio,Rajeshkumar K,2026-08-07 20:57:36,Very good shop.And to safe Best,Ajio Google Play reviews,English
39312cb1-38d2-4fda-bf92-a27dc29b6ee6,Ajio,Google Play,Review,https://play.google.com/store/apps/details?id=com.ril.ajio,sindhu balan,2026-08-07 20:53:49,very useful,Ajio Google Play reviews,English
4dc466bd-196d-49f3-a35e-a8b24b018f4c,Ajio,Google Play,Review,https://play.google.com/store/apps/details?id=com.ril.ajio,YASH YADAV,2026-08-07 20:52:02,very nice app,Ajio Google Play reviews,English
064a1d7c-4645-401d-8cb6-4a1634b4953a,Ajio,Google Play,Review,https://play.google.com/store/apps/details?id=com.ril.ajio,Mayuri Rathod,2026-08-07 20:41:13,good,Ajio Google Play reviews,English
8cab20d5-ed2d-4a18-908d-c9718e719a17,Ajio,Google Play,Review,https://play.google.com/store/apps/details?id=com.ril.ajio,Zikra Fatima,2026-08-07 20:39:18,slow app and website,Ajio Google Play reviews,English
548d4f72-0579-49c4-9bd7-50ef997beabf,Ajio,Google Play,Review,https://play.google.com/store/apps/details?id=com.ril.ajio,Surya Suri,2026-08-07 20:39:15,good 👍,Ajio Google Play reviews,English
4c144fa2-f333-4021-9aed-fe74981fa48d,Ajio,Google Play,Review,https://play.google.com/store/apps/details?id=com.ril.ajio,Jagmohan Sharma,2026-08-07 20:26:36,good,Ajio Google Play reviews,English
91551231-81c0-40b4-b14e-534e3ced73ff,Ajio,Google Play,Review,https://play.google.com/store/apps/details?id=com.ril.ajio,Akash Kandolnua,2026-08-07 20:26:26,love it,Ajio Google Play reviews,English
7377d8bd-0610-48e1-b11e-cd5e3a76cd27,Ajio,Google Play,Review,https://play.google.com/store/apps/details?id=com.ril.ajio,Ren,2026-08-07 19:58:15,best clothing app,Ajio Google Play reviews,English
110d277f-9a05-4943-bc3f-278f685ee8e5,Ajio,Google Play,Review,https://play.google.com/store/apps/details?id=com.ril.ajio,Arham Khan,2026-08-07 19:39:21,Incredible features and the material is super soft and durable love it,Ajio Google Play reviews,English
8c49eac7-e150-40d9-b4ef-ae1b661e0a19,Ajio,Google Play,Review,https://play.google.com/store/apps/details?id=com.ril.ajio,Antara Nandan,2026-08-07 19:24:47,🥰🥰,Ajio Google Play reviews,English
87d44516-42a8-4a9d-97fc-ecece77ede3f,Ajio,Google Play,Review,https://play.google.com/store/apps/details?id=com.ril.ajio,Raj Singh,2026-08-07 19:08:50,veri naci good 👍 👍 👍,Ajio Google Play reviews,English
ba54aae9-c177-408a-9f05-d0d3ca133413,Ajio,Google Play,Review,https://play.google.com/store/apps/details?id=com.ril.ajio,Dibakar Mech,2026-08-07 18:56:45,Good and Smooth,Ajio Google Play reviews,English
46f6fd38-3da1-4ef8-aaef-6ff96d6bff7a,Ajio,Google Play,Review,https://play.google.com/store/apps/details?id=com.ril.ajio,Rajendra Dagia,2026-08-07 18:40:06,quality of kids wear is just ok.,Ajio Google Play reviews,English
af902190-5fc1-46b5-a8b2-e8da4db6f3ae,Ajio,Google Play,Review,https://play.google.com/store/apps/details?id=com.ril.ajio,habib Patel,2026-08-07 18:37:50,most worst shopping app can't order any thing I order 2 Shoes at price of 630 with heavy discount they Cencel that order.,Ajio Google Play reviews,English
f159421c-8982-482d-a31b-5671e5a3a49b,Ajio,Google Play,Review,https://play.google.com/store/apps/details?id=com.ril.ajio,Shashank,2026-08-07 18:25:50,refresh rate capped to 60Hz on motorola phones,Ajio Google Play reviews,English
163ebb4b-4d9c-4c49-8582-8bed3b2e8eac,Ajio,Google Play,Review,https://play.google.com/store/apps/details?id=com.ril.ajio,sharoz khan,2026-08-07 18:19:28,Awesome products at good price😊,Ajio Google Play reviews,English
38ecaf2b-4995-4213-b1de-7c7f40da37e2,Ajio,Google Play,Review,https://play.google.com/store/apps/details?id=com.ril.ajio,Sudarshan Kushwaha,2026-08-07 17:56:24,"previous comments ""Your application day by day getting slow, Experience are getting worst after scrolling items are slow or loading..."" new comment: it's very Heavy graphic, taking long time to view images, even I have 5G or WiFi High speed internet your devloper team not improving this Feature",Ajio Google Play reviews,English
cec74a2b-d383-4431-9f6c-5a2bb3136c7d,Ajio,Google Play,Review,https://play.google.com/store/apps/details?id=com.ril.ajio,shaila patil,2026-08-07 17:49:04,nice,Ajio Google Play reviews,English
f76d54a4-ee55-479d-b3b5-cd2d95235d51,Ajio,Google Play,Review,https://play.google.com/store/apps/details?id=com.ril.ajio,Narendra,2026-08-07 17:29:53,bahut hi bekar hai online service product return ke liye laga hua hai to inka pickup wala aa hi nahi raha hai aur कंप्लेंट करने पर ये लोग date par date badhaye jaa rahe hai bas,Ajio Google Play reviews,English
0c24f6a6-54e2-4188-a181-70e17dc221be,Ajio,Google Play,Review,https://play.google.com/store/apps/details?id=com.ril.ajio,Kavya Y M,2026-08-07 17:21:41,"This is such a disgusting app, by looking at an offer I have ordered one Avasa kurti with pant actually it was 700+ because of offer , i got it for 520 ... expected delivery date is 8/8/26 but on 7/8/26 they cancelled the order by themselves and sent a message of cancellation. I asked the reason ,they said that we had only one piece and It was damaged. Then I searched for the same dress it shows the price 1999 and selling faster ......... what the hell is this app doing?????",Ajio Google Play reviews,English
a6569d9f-8d0f-4c8f-8df9-fb3761cc8c9c,Ajio,Google Play,Review,https://play.google.com/store/apps/details?id=com.ril.ajio,Akash roy,2026-08-07 17:18:03,good 👍,Ajio Google Play reviews,English
23a0fb1a-7e26-47dd-8d60-bd8b1b14a399,Ajio,Google Play,Review,https://play.google.com/store/apps/details?id=com.ril.ajio,Benson Dawman,2026-08-07 17:08:22,awesome 👍,Ajio Google Play reviews,English
e1000e83-78a8-4063-8ee4-786931ba5764,Ajio,Google Play,Review,https://play.google.com/store/apps/details?id=com.ril.ajio,Subha Majumder,2026-08-07 16:52:56,demand for extra charges like platform 23rs cod fees 19rs....after all of these customer get late delivery....worst platform ever .... Messho is far better than Ajio,Ajio Google Play reviews,English
8e08a39e-9091-4ca3-817e-bee978d8ef83,Ajio,Google Play,Review,https://play.google.com/store/apps/details?id=com.ril.ajio,Lakshmi Ravi,2026-08-07 16:21:12,"unnecessary platform fee and cod fees too much high, looks inspired by worst platform Flipkart",Ajio Google Play reviews,English
6d6fb3d5-55a9-4723-a810-015c7a284c43,Ajio,Google Play,Review,https://play.google.com/store/apps/details?id=com.ril.ajio,RIAZ AHAMED,2026-08-07 16:19:48,good,Ajio Google Play reviews,English
5f9fe86a-7673-4899-bfb6-a87a497d0080,Ajio,Google Play,Review,https://play.google.com/store/apps/details?id=com.ril.ajio,Santanu Mondal,2026-08-07 16:14:31,good 👍,Ajio Google Play reviews,English
ec2c7769-6546-4db4-bccb-59f81d95c081,Ajio,Google Play,Review,https://play.google.com/store/apps/details?id=com.ril.ajio,Love Singh,2026-08-07 16:08:03,good 👍,Ajio Google Play reviews,English
37cc1b27-e516-4987-bbfd-fd62385de0b8,Ajio,Google Play,Review,https://play.google.com/store/apps/details?id=com.ril.ajio,S Devance,2026-08-07 16:00:47,good product,Ajio Google Play reviews,English
8f900aa8-cf5e-4dd2-93f8-4d4c7ec48310,Ajio,Google Play,Review,https://play.google.com/store/apps/details?id=com.ril.ajio,Bhautik Kapadiya,2026-08-07 15:57:24,good,Ajio Google Play reviews,English
54782ce4-1345-4cdc-a4e8-af82407fb3ca,Ajio,Google Play,Review,https://play.google.com/store/apps/details?id=com.ril.ajio,rahul jagtap,2026-08-07 15:56:22,"The app was my first priority in the past, but recently the app isn't functioning appropriately. This is the 3rd time i m facing issues with the refund. These people don't have customer care numbers or any email to reach out to them. They cancel the our orders or exchange on their own wish and we can't help it than throwing away the product and our own hard earned money. I suggest to all the viewers and buyers to prefer some other tried application over this 'Failed' App.",Ajio Google Play reviews,English
f3647129-b70e-40a5-a926-e37a14f4838a,Ajio,Google Play,Review,https://play.google.com/store/apps/details?id=com.ril.ajio,Md. Shahid Saifi,2026-08-07 15:54:25,mai kafi time se Ajio se shopping kr rhi hu bht achcha experience raha mera lekin ab maine ek dress purchase ki usme bottom missing h lekin na vo product exchange ho rha h or na hi refund ho rha h ab batayein us adhi adhuri dress ka kya krna h I m very disappointed pehle to adhi adhuri dress bhejo fir uspe koi action b na lo aj k baad se Ajio se kbhi koi shopping nhi krungi,Ajio Google Play reviews,English
cf3aa245-56e5-4b9d-9c10-7a8f2560735c,Ajio,Google Play,Review,https://play.google.com/store/apps/details?id=com.ril.ajio,Aman Singh,2026-08-07 15:36:49,so much disgusting application this is a fraud application.Didn't refunded my money.disgusting should be shut this application otherwise it will harm public because of it's policies #ajioisafraud,Ajio Google Play reviews,English
6b4ec4a4-1ef2-431a-afb2-9b7a462db31d,Ajio,Google Play,Review,https://play.google.com/store/apps/details?id=com.ril.ajio,Dhammu Luhar,2026-08-07 15:36:03,very bad ajio send wrong item please dont buy any product from this ...,Ajio Google Play reviews,English
1a3c13c4-f71d-4472-87c9-a872c8a13793,Ajio,Google Play,Review,https://play.google.com/store/apps/details?id=com.ril.ajio,Shaik Sameer,2026-08-07 15:19:05,ajio best,Ajio Google Play reviews,English
f548b92b-c11e-4193-b6af-21d642f44618,Ajio,Google Play,Review,https://play.google.com/store/apps/details?id=com.ril.ajio,sateesh kadagala,2026-08-07 15:13:37,good,Ajio Google Play reviews,English
3a7a1b37-71a3-479d-ac2b-e1097495a2c7,Ajio,Google Play,Review,https://play.google.com/store/apps/details?id=com.ril.ajio,Aman Singh,2026-08-07 14:58:54,fraud application not refunded my money I called several times but didn't received any update. This application is for customer's harrasment Disappointed With services and also a disgusting site ever #ajioisfraud,Ajio Google Play reviews,English
bc45552c-f2c4-40d1-83a1-c8a0e11b3216,Ajio,Google Play,Review,https://play.google.com/store/apps/details?id=com.ril.ajio,Shaban Ansari,2026-08-07 14:58:44,nice,Ajio Google Play reviews,English
81d7a812-d98f-4fd0-8827-698668b4ded6,Ajio,Google Play,Review,https://play.google.com/store/apps/details?id=com.ril.ajio,Indrani Botchu,2026-08-07 14:52:47,good quality and easy to return policy also,Ajio Google Play reviews,English
3b94356b-f8ed-4de2-a4ca-26e52b4285d8,Ajio,Google Play,Review,https://play.google.com/store/apps/details?id=com.ril.ajio,Monu Kumar,2026-08-07 14:47:36,so happy,Ajio Google Play reviews,English
6cb006a0-efb1-478e-88cf-41df035bfd0a,Ajio,Google Play,Review,https://play.google.com/store/apps/details?id=com.ril.ajio,nikhat khan,2026-08-07 14:46:22,wow,Ajio Google Play reviews,English
12efa347-bbfd-4099-adab-268d2d626ce1,Ajio,Google Play,Review,https://play.google.com/store/apps/details?id=com.ril.ajio,Prakash Pss,2026-08-07 14:31:08,like,Ajio Google Play reviews,English
369974b9-4ca9-4852-afe8-86f08bce0468,Ajio,Google Play,Review,https://play.google.com/store/apps/details?id=com.ril.ajio,Uma,2026-08-07 14:29:20,"too much Instagram photos, AI photos, too much overly sexualized women. worst search engine",Ajio Google Play reviews,English
6471fb28-9835-4cee-b2e7-4fbe656060f5,Ajio,Google Play,Review,https://play.google.com/store/apps/details?id=com.ril.ajio,hari singh,2026-08-07 14:25:58,price not match online platform,Ajio Google Play reviews,English
c34443b3-bd7f-44ea-baa1-c47c076571ab,Ajio,Google Play,Review,https://play.google.com/store/apps/details?id=com.ril.ajio,Sahil Kumar,2026-08-07 14:10:26,very nice,Ajio Google Play reviews,English
86fdbeee-0f8a-4f5f-befd-99abdc0bf685,Ajio,Google Play,Review,https://play.google.com/store/apps/details?id=com.ril.ajio,DJ Tannu chirawa. 9828078074,2026-08-07 14:04:22,godd,Ajio Google Play reviews,English
7f50a301-014b-470a-977b-d879289088fe,Ajio,Google Play,Review,https://play.google.com/store/apps/details?id=com.ril.ajio,lakshmi nair,2026-08-07 13:49:49,app is too slow and lagging,Ajio Google Play reviews,English
2b7cccdd-e4e3-4ef6-87ad-b2fafe54129b,Ajio,Google Play,Review,https://play.google.com/store/apps/details?id=com.ril.ajio,Mahesh Chorage,2026-08-07 13:47:32,Good price,Ajio Google Play reviews,English
45853ffd-4e89-4cc7-95bf-e1a324d5dc30,Ajio,Google Play,Review,https://play.google.com/store/apps/details?id=com.ril.ajio,Manish Shere,2026-08-07 13:41:03,nice,Ajio Google Play reviews,English
3f47907b-51f4-4bd1-b6a8-f6a04b8c865f,Ajio,Google Play,Review,https://play.google.com/store/apps/details?id=com.ril.ajio,Anurag Sachan kanpuriya up78,2026-08-07 13:37:52,good,Ajio Google Play reviews,English
14760ddb-4e82-4da7-b0c2-682ff4586fe7,Ajio,Google Play,Review,https://play.google.com/store/apps/details?id=com.ril.ajio,Sathish pulivarthi Pulivarthi,2026-08-07 13:35:01,good,Ajio Google Play reviews,English
d7fa1a02-6554-4028-b1b7-38b1c8496153,Ajio,Google Play,Review,https://play.google.com/store/apps/details?id=com.ril.ajio,Pankaj Chaubey,2026-08-07 13:30:26,good,Ajio Google Play reviews,English
2813b78b-9575-4dc0-89cf-672106214a1a,Ajio,Google Play,Review,https://play.google.com/store/apps/details?id=com.ril.ajio,Ashok Singh,2026-08-07 13:27:17,nice,Ajio Google Play reviews,English
089cbb14-f916-4e3f-871c-90588e71f945,Ajio,Google Play,Review,https://play.google.com/store/apps/details?id=com.ril.ajio,Sanjar Afaq,2026-08-07 13:16:12,"can't find profile icon or previous orders. there's only cart and wishlist. extremely bad experience. update: happens on first install, stopping the app and restarting fixes it. still you lost an order worth 5k this way. I purchased from Myntra. also the choosing between ajio (normal, luxe, gram) is too much cognitive load. I just wanna search.",Ajio Google Play reviews,English
c5163577-24c5-4932-9264-3ca52ed94e1a,Ajio,Google Play,Review,https://play.google.com/store/apps/details?id=com.ril.ajio,Mukesh Kumar,2026-08-07 12:51:47,"worst app ever , they are scammers , I ordered a jeans , they charged an extra platform fee like ₹50 and they canceled the order on their own , I didn't cancel it. now the charges that I had paid they took it ,but did not get my cloth. 👎😡",Ajio Google Play reviews,English
e05577bb-4a68-4af1-ac90-5e02cb0b68bd,Ajio,Google Play,Review,https://play.google.com/store/apps/details?id=com.ril.ajio,Rajat Singh,2026-08-07 12:34:19,good product,Ajio Google Play reviews,English
db5576bf-d752-430b-9439-c76f3e047a5b,Ajio,Google Play,Review,https://play.google.com/store/apps/details?id=com.ril.ajio,Piyush kaushal,2026-08-07 12:32:06,good e commerce website,Ajio Google Play reviews,English
a3b6ede4-0af6-458e-9cd6-9503768244e3,Ajio,Google Play,Review,https://play.google.com/store/apps/details?id=com.ril.ajio,Shivam,2026-08-07 12:25:59,my friend recommended about this shopping app,Ajio Google Play reviews,English
162a6d37-6ce1-49d5-ab7a-8b2162ff49ab,Ajio,Google Play,Review,https://play.google.com/store/apps/details?id=com.ril.ajio,Khushi Mittal,2026-08-07 12:18:06,refund policy is too bad,Ajio Google Play reviews,English
ebbe9717-1a80-4a7b-95d9-59fb576608c7,Ajio,Google Play,Review,https://play.google.com/store/apps/details?id=com.ril.ajio,MOHAMMED RAZAL,2026-08-07 11:21:56,not loading,Ajio Google Play reviews,English
22a484c5-f11f-41ab-ad4b-28dca5182375,Ajio,Google Play,Review,https://play.google.com/store/apps/details?id=com.ril.ajio,Shamim Ali,2026-08-07 11:21:06,best app,Ajio Google Play reviews,English
9c4f34c0-7b60-44be-a037-f613961a9582,Ajio,Google Play,Review,https://play.google.com/store/apps/details?id=com.ril.ajio,Dhanush Hegde,2026-08-07 11:03:25,good,Ajio Google Play reviews,English
9d020374-28fd-48c6-abd8-cc3317be32c9,Ajio,Google Play,Review,https://play.google.com/store/apps/details?id=com.ril.ajio,santosh talegaonkar,2026-08-07 10:53:17,Good Service,Ajio Google Play reviews,English
42c247e8-65e2-4395-837f-b1d42b3d2e5c,Ajio,Google Play,Review,https://play.google.com/store/apps/details?id=com.ril.ajio,Hanshi,2026-08-07 10:45:22,nice,Ajio Google Play reviews,English
e6e32eb1-ba9d-4498-8acc-98bd459bcd77,Ajio,Google Play,Review,https://play.google.com/store/apps/details?id=com.ril.ajio,Hemant Sanngam Pun,2026-08-07 10:42:34,Very good quality,Ajio Google Play reviews,English
e8b77e23-bae4-45c9-a36f-19263b222647,Ajio,Google Play,Review,https://play.google.com/store/apps/details?id=com.ril.ajio,angel vardhanapu,2026-08-07 10:42:25,good 😊,Ajio Google Play reviews,English
5f2bea5d-b185-463f-bd15-7eeaa782478c,Ajio,Google Play,Review,https://play.google.com/store/apps/details?id=com.ril.ajio,dHaVaL R,2026-08-07 10:25:42,charging return fees convenience fees. worst shopping app.,Ajio Google Play reviews,English
5f606217-5f95-4262-82ec-f916d9592939,Ajio,Google Play,Review,https://play.google.com/store/apps/details?id=com.ril.ajio,Manju Manju,2026-08-07 10:21:24,good,Ajio Google Play reviews,English
ed69b4e2-bfb9-4d81-b1de-ac9d5c5cb747,Ajio,Google Play,Review,https://play.google.com/store/apps/details?id=com.ril.ajio,Jishnu,2026-08-07 10:00:18,"trust is gone, showing branded products but no brand info once the product is received. return charges are levied even if product is wrong",Ajio Google Play reviews,English
e65a3b43-0c21-4f5c-9b59-c4390032f9cd,Ajio,Google Play,Review,https://play.google.com/store/apps/details?id=com.ril.ajio,Balram Sahu,2026-08-07 09:28:23,good product 👍,Ajio Google Play reviews,English
2aaf7886-bcd4-4eec-a794-6aad9841fa83,Ajio,Google Play,Review,https://play.google.com/store/apps/details?id=com.ril.ajio,Ankit Kumar,2026-08-07 09:23:42,excellent,Ajio Google Play reviews,English
1e4c85e5-cc34-4623-989d-227377854bc1,Ajio,Google Play,Review,https://play.google.com/store/apps/details?id=com.ril.ajio,Anu Chauhan,2026-08-07 08:46:15,very good,Ajio Google Play reviews,English
59bafbf6-d64e-4311-affc-80d1c3bff61f,Ajio,Google Play,Review,https://play.google.com/store/apps/details?id=com.ril.ajio,Arshad Ansari,2026-08-07 08:23:46,Good,Ajio Google Play reviews,English
11471e35-af83-46ed-bbdd-ce025cf2b2e2,Ajio,Google Play,Review,https://play.google.com/store/apps/details?id=com.ril.ajio,Neha Jaiswal,2026-08-07 08:17:09,achha h,Ajio Google Play reviews,English
639ee836-3925-4b85-9fae-6406982a6e17,Ajio,Google Play,Review,https://play.google.com/store/apps/details?id=com.ril.ajio,PRAVEEN __HYÜGA,2026-08-07 08:05:52,it wasn't working normal data 😔,Ajio Google Play reviews,English
35682c0d-4cd2-4ca6-8bbe-71367c044e8c,Ajio,Google Play,Review,https://play.google.com/store/apps/details?id=com.ril.ajio,GOURAV SAHU,2026-08-07 07:59:57,ok,Ajio Google Play reviews,English
69703db1-bca7-43d2-a8b6-75fcd8be0545,Ajio,Google Play,Review,https://play.google.com/store/apps/details?id=com.ril.ajio,Raja Bisoie,2026-08-07 07:13:08,very good,Ajio Google Play reviews,English
9e65af37-4d18-424d-8c87-020f67e1e802,Ajio,Google Play,Review,https://play.google.com/store/apps/details?id=com.ril.ajio,rambabu ramu,2026-08-07 06:06:07,Reasonable prices and quality products,Ajio Google Play reviews,English
ab24b05b-e50c-4990-b770-50bc3f88b48d,Ajio,Google Play,Review,https://play.google.com/store/apps/details?id=com.ril.ajio,naraen naraen,2026-08-07 03:10:30,much liked,Ajio Google Play reviews,English
65a414d9-aa1f-448e-bd6f-9e1a23488cdd,Ajio,Google Play,Review,https://play.google.com/store/apps/details?id=com.ril.ajio,Kunal Tanwar,2026-08-07 02:15:56,don't use this application waste of time,Ajio Google Play reviews,English
b54c742e-e2fa-4b3e-ab75-ae0177ebf989,Ajio,Google Play,Review,https://play.google.com/store/apps/details?id=com.ril.ajio,shaik khader,2026-08-07 02:15:46,Bag not open,Ajio Google Play reviews,English
17334de2-c403-448a-adf1-10bcabe262bb,Ajio,Google Play,Review,https://play.google.com/store/apps/details?id=com.ril.ajio,Aishwarya Bandgar,2026-08-07 01:48:14,good,Ajio Google Play reviews,English
c4b64efa-dc3a-40c6-9ca4-c1c928e81ab0,Ajio,Google Play,Review,https://play.google.com/store/apps/details?id=com.ril.ajio,Samyak Dhiware,2026-08-07 01:29:21,nice,Ajio Google Play reviews,English
83c4d8b4-00e8-4a32-8353-9d8a49870399,Ajio,Google Play,Review,https://play.google.com/store/apps/details?id=com.ril.ajio,Bhavesh Rathava,2026-08-07 01:18:33,nice,Ajio Google Play reviews,English
0666c80e-dfa6-4173-89c0-348b98b3c818,Ajio,Google Play,Review,https://play.google.com/store/apps/details?id=com.ril.ajio,Shvet Singh,2026-08-07 00:54:29,good,Ajio Google Play reviews,English
c0e5e491-1a1f-4c70-96bd-1ec2edf3877e,Ajio,Google Play,Review,https://play.google.com/store/apps/details?id=com.ril.ajio,Prashant Chauhan,2026-08-07 00:50:18,superb 🥳🥳,Ajio Google Play reviews,English
d4d94648-9414-4eea-9b23-e39235e1bf13,Ajio,Google Play,Review,https://play.google.com/store/apps/details?id=com.ril.ajio,Somnath Mandi,2026-08-07 00:42:38,very nice expected batter quality,Ajio Google Play reviews,English
947ecc25-9da2-42dc-abeb-642f4b2714ea,Ajio,Google Play,Review,https://play.google.com/store/apps/details?id=com.ril.ajio,Dileep Singh,2026-08-07 00:07:16,nice,Ajio Google Play reviews,English
902c5cf8-e0db-465c-b893-42727cd3ebf1,Ajio,Google Play,Review,https://play.google.com/store/apps/details?id=com.ril.ajio,chandnikumari jha,2026-08-06 23:38:59,"i download but I m unable to place a order however I have added product to the cart while placing it is saying ""sorry you can't place a new order"" not sure how would this issue resolved? could you please take a look on priority",Ajio Google Play reviews,English
90b37cfd-4da6-4db5-9990-36401078798c,Ajio,Google Play,Review,https://play.google.com/store/apps/details?id=com.ril.ajio,Mohini Kumari,2026-08-06 23:32:47,⭐⭐⭐⭐⭐,Ajio Google Play reviews,English
d4034427-0af8-4a5b-8627-929d03dacfa3,Ajio,Google Play,Review,https://play.google.com/store/apps/details?id=com.ril.ajio,Lin n Lin,2026-08-06 23:24:52,good,Ajio Google Play reviews,English
801e45a1-39a6-4149-ba61-97b37b2f5377,Ajio,Google Play,Review,https://play.google.com/store/apps/details?id=com.ril.ajio,vijay,2026-08-06 23:21:07,"Very very worst app... Delivery agent pickup wrong product during exchange... still I am not received any refund or exchange product... customer support very worst.. everyone open ticket and closed automatically.. almost two weeks, I lost my money since my return policy expired...I suggest people to go with other apps like flipkart or mythra..they are providing good service",Ajio Google Play reviews,English
df4ab896-41c5-456e-95a0-46ebce253ab2,Ajio,Google Play,Review,https://play.google.com/store/apps/details?id=com.ril.ajio,AKIB PATEL,2026-08-06 23:19:31,thank you ph,Ajio Google Play reviews,English
c564071d-bf6a-4dc9-89f7-c6c4769c2c59,Ajio,Google Play,Review,https://play.google.com/store/apps/details?id=com.ril.ajio,V Sagar Kumar,2026-08-06 23:15:27,ok,Ajio Google Play reviews,English
97da15e8-8f66-44a7-a8ed-0b1bb6a4ac80,Ajio,Google Play,Review,https://play.google.com/store/apps/details?id=com.ril.ajio,arvind kumar,2026-08-06 23:11:51,no place to check user reviews just random ratings to clothes easy to manipulate. can't trust this app,Ajio Google Play reviews,English
44c835de-d507-4cc6-a584-9335f081c422,Ajio,Google Play,Review,https://play.google.com/store/apps/details?id=com.ril.ajio,Akram Khan,2026-08-06 23:08:11,to much fees for delivery and app fees and delivery charges what are you doing guys,Ajio Google Play reviews,English
0f75d7a8-6835-4c31-a14c-36e6b0b47a97,Ajio,Google Play,Review,https://play.google.com/store/apps/details?id=com.ril.ajio,jithu Hari,2026-08-06 23:06:45,nice,Ajio Google Play reviews,English
e550521e-001f-499a-9b02-ddbce0dac84d,Ajio,Google Play,Review,https://play.google.com/store/apps/details?id=com.ril.ajio,blue phoenix gamer,2026-08-06 23:04:38,nice,Ajio Google Play reviews,English
3f9175de-4c68-4753-9e6d-4920008ecedc,Ajio,Google Play,Review,https://play.google.com/store/apps/details?id=com.ril.ajio,vikas malik,2026-08-06 22:52:14,excellent,Ajio Google Play reviews,English
a56dca10-1e2e-4a46-9a4c-1f5d8abe71b9,Ajio,Google Play,Review,https://play.google.com/store/apps/details?id=com.ril.ajio,Bitu Borah,2026-08-06 22:51:52,Good 👍,Ajio Google Play reviews,English
1961f06f-1a41-454e-bd68-b740ec8e3735,Ajio,Google Play,Review,https://play.google.com/store/apps/details?id=com.ril.ajio,Norsing Chettri,2026-08-06 22:45:32,Noncence delivery agent even they didn'pronounce properly.,Ajio Google Play reviews,English
8dd9efc1-2955-491a-9210-0757385429ce,Ajio,Google Play,Review,https://play.google.com/store/apps/details?id=com.ril.ajio,Salih Chamakalayil,2026-08-06 22:33:53,👍 good,Ajio Google Play reviews,English
272c354b-7505-4097-9699-0a407911663e,Ajio,Google Play,Review,https://play.google.com/store/apps/details?id=com.ril.ajio,PATHAN JOWHAR,2026-08-06 22:21:36,nice,Ajio Google Play reviews,English
d81f4b0d-a38c-4300-9482-08368b5d5867,Ajio,Google Play,Review,https://play.google.com/store/apps/details?id=com.ril.ajio,Faisal Ansari Ansari,2026-08-06 21:52:51,most popular,Ajio Google Play reviews,English
e64654ed-f541-46ae-91a3-2c3e15f88f0b,Ajio,Google Play,Review,https://play.google.com/store/apps/details?id=com.ril.ajio,Nandutiwari Nandu,2026-08-06 21:44:14,best app,Ajio Google Play reviews,English
e6f012cc-7e55-41c1-a910-afa1dde03be1,Ajio,Google Play,Review,https://play.google.com/store/apps/details?id=com.ril.ajio,Partha Borah,2026-08-06 21:42:25,very good,Ajio Google Play reviews,English
4404a6a1-ae39-49ae-9c7d-d6e4265360f8,Ajio,Google Play,Review,https://play.google.com/store/apps/details?id=com.ril.ajio,Bishnu Prasad Nayak,2026-08-06 21:41:59,good app,Ajio Google Play reviews,English
a72158f0-c1b6-460b-90d7-2da02e8aeb3f,Ajio,Google Play,Review,https://play.google.com/store/apps/details?id=com.ril.ajio,Sparkle,2026-08-06 21:33:20,It is good to use,Ajio Google Play reviews,English
2d86fa94-e78f-41ff-b5a1-fade554c42c1,Ajio,Google Play,Review,https://play.google.com/store/apps/details?id=com.ril.ajio,Tasmiya Khan,2026-08-06 21:29:49,best app for shopping clothes,Ajio Google Play reviews,English
7d7d6af6-8891-4829-bbac-e3f9d01cf545,Ajio,Google Play,Review,https://play.google.com/store/apps/details?id=com.ril.ajio,Anoj Kumar,2026-08-06 21:24:12,Good,Ajio Google Play reviews,English
fa3dc1c2-69de-47f2-bf3e-02e190299ff8,Ajio,Google Play,Review,https://play.google.com/store/apps/details?id=com.ril.ajio,Sangeeta Choudhary,2026-08-06 21:16:31,very good,Ajio Google Play reviews,English
b9bf3f5d-e656-4f18-a076-9e4f3a10bb13,Ajio,Google Play,Review,https://play.google.com/store/apps/details?id=com.ril.ajio,YOHAN GAVIT,2026-08-06 21:15:29,very good,Ajio Google Play reviews,English
05a3c0b1-8fcc-4789-9060-580188d815ec,Ajio,Google Play,Review,https://play.google.com/store/apps/details?id=com.ril.ajio,GANESH MBA,2026-08-06 20:53:07,good,Ajio Google Play reviews,English
3927522c-5128-41d8-90a7-b733d79e1610,Ajio,Google Play,Review,https://play.google.com/store/apps/details?id=com.ril.ajio,Mili 14,2026-08-06 20:52:32,thank u,Ajio Google Play reviews,English
4f6a7252-5dd3-4fe7-a803-2f8f96ee5b66,Ajio,Google Play,Review,https://play.google.com/store/apps/details?id=com.ril.ajio,Jagdish Bishnoi,2026-08-06 20:48:34,Good,Ajio Google Play reviews,English
b43f27dc-56aa-4238-b31d-fac0d2cda2d3,Ajio,Google Play,Review,https://play.google.com/store/apps/details?id=com.ril.ajio,dinesh babu,2026-08-06 20:46:14,nice 👍,Ajio Google Play reviews,English
d9e40caa-add8-44ba-94b5-7affccac7c55,Ajio,Google Play,Review,https://play.google.com/store/apps/details?id=com.ril.ajio,Shahil Jamatia,2026-08-06 20:45:24,nice 👍🏻,Ajio Google Play reviews,English
fbd18be1-8508-4a68-a31a-a51c77104076,Ajio,Google Play,Review,https://play.google.com/store/apps/details?id=com.ril.ajio,Murugan S,2026-08-06 20:39:40,five star Good,Ajio Google Play reviews,English
ea1fdd22-144d-4c02-9d9d-cc6b5f2ce641,Ajio,Google Play,Review,https://play.google.com/store/apps/details?id=com.ril.ajio,Raviraj Parab,2026-08-06 20:33:27,customer care needs to improve,Ajio Google Play reviews,English
9bdcab57-f5e6-438a-b059-d4dcfba81531,Ajio,Google Play,Review,https://play.google.com/store/apps/details?id=com.ril.ajio,Laxman Gadri,2026-08-06 20:31:08,nice 🙂,Ajio Google Play reviews,English
6fc64b73-bd39-496a-9760-6b0f3b8c47b1,Ajio,Google Play,Review,https://play.google.com/store/apps/details?id=com.ril.ajio,Chandan,2026-08-06 20:21:18,nice 👍🏻,Ajio Google Play reviews,English
72c12d5f-d021-402c-8a2c-6b0db23d3ba4,Ajio,Google Play,Review,https://play.google.com/store/apps/details?id=com.ril.ajio,shweta sharma,2026-08-06 20:17:38,"pathetic service, worst shopping app I've ever used I would never recommend anyone one of my friends to ever used ajio",Ajio Google Play reviews,English
85caba6f-aa65-481c-bf1c-7b283dd14ab3,Ajio,Google Play,Review,https://play.google.com/store/apps/details?id=com.ril.ajio,Amit s,2026-08-06 20:15:19,"ordered brown shoes in size 11, but AJIO delivered black shoes in size 10 and still charged me for their mistake. Why should customers pay for errors made by the company? This is completely unacceptable. A similar incident happened to someone I know as well, so this doesn't seem like a one-off mistake. Poor quality control, disappointing customer service, and a terrible shopping experience. I would never recommend AJIO. Horrible service and one of the worst online shopping platforms.",Ajio Google Play reviews,English
0f071774-ae7c-4742-a9c1-f85bd4d2e98d,Ajio,Google Play,Review,https://play.google.com/store/apps/details?id=com.ril.ajio,Shan Ali,2026-08-06 20:11:42,nice but very expensive,Ajio Google Play reviews,English
b4d38e98-fed7-4eeb-b174-1300abf71e63,Ajio,Google Play,Review,https://play.google.com/store/apps/details?id=com.ril.ajio,Tasaleem Soundatti,2026-08-06 20:00:05,good,Ajio Google Play reviews,English
e05b6d4b-e8e0-434c-a615-4a3f475a08c8,Ajio,Google Play,Review,https://play.google.com/store/apps/details?id=com.ril.ajio,The viral life,2026-08-06 19:39:28,"please add ""buy now"" option for the products, each time when I want to buy a single product, I need to move all the products in my cart to wishlist (or remove them), so please add direct ""buy now"" option for product page just like other ecommerce platforms.",Ajio Google Play reviews,English
91786f9e-8fb7-4f71-8c1e-30a7f0802c26,Ajio,Google Play,Review,https://play.google.com/store/apps/details?id=com.ril.ajio,Abhishek Sahu,2026-08-06 19:37:35,I am impressed with the services of the app it's really fabulous,Ajio Google Play reviews,English
e76fd145-0eba-4daf-9e92-9db76ebca56d,Ajio,Google Play,Review,https://play.google.com/store/apps/details?id=com.ril.ajio,DHIRENDRA KUMAR,2026-08-06 19:07:53,this aap give orginal itam,Ajio Google Play reviews,English
1385e9e7-e2a0-454c-aadc-829c287d20b5,Ajio,Google Play,Review,https://play.google.com/store/apps/details?id=com.ril.ajio,Atharva Thorat,2026-08-06 19:07:33,better than flipkart,Ajio Google Play reviews,English
49f9585c-80b2-42f9-a7a0-9d020570d549,Ajio,Google Play,Review,https://play.google.com/store/apps/details?id=com.ril.ajio,ANKUR BANGAL,2026-08-06 19:03:20,"it's a fraud company, don't even try it. not recommended at all. better go for myntra",Ajio Google Play reviews,English
09a08640-8a53-48f3-a63f-5f3c457b9219,Ajio,Google Play,Review,https://play.google.com/store/apps/details?id=com.ril.ajio,Shankar Lal,2026-08-06 19:02:32,what a great clothes,Ajio Google Play reviews,English
b512aa66-51b0-4a55-94dc-6b11672e9c7c,Ajio,Google Play,Review,https://play.google.com/store/apps/details?id=com.ril.ajio,Sunilraj Rokkala,2026-08-06 18:56:56,super 💯,Ajio Google Play reviews,English
1a8affb0-7419-4524-9168-38d046ac7f59,Ajio,Google Play,Review,https://play.google.com/store/apps/details?id=com.ril.ajio,Radheshyam mandal,2026-08-06 18:45:17,very bad app,Ajio Google Play reviews,English
56a6d1e0-62a3-4e0c-98e8-1410234a993e,Ajio,Google Play,Review,https://play.google.com/store/apps/details?id=com.ril.ajio,Debasmita Sahoo,2026-08-06 18:35:32,worst app and the product are very bad and they didnot provide tag and when you try to return the return the product they ask for the tag don5 buy anything from this site,Ajio Google Play reviews,English
039e2ef0-04e6-4ddc-81b4-016a0d97861e,Ajio,Google Play,Review,https://play.google.com/store/apps/details?id=com.ril.ajio,NooBgaming free fire,2026-08-06 18:17:35,AJIO SUPER DELIVERY GOOD,Ajio Google Play reviews,English
50b48c29-812b-48bf-bcb3-a12f0719a8df,Ajio,Google Play,Review,https://play.google.com/store/apps/details?id=com.ril.ajio,Dhananjay Kashyap,2026-08-06 17:52:24,gud,Ajio Google Play reviews,English
6ba78616-6a7a-455d-863f-e1a1b84c8cc9,Ajio,Google Play,Review,https://play.google.com/store/apps/details?id=com.ril.ajio,Abhishek Abhi,2026-08-06 17:39:24,very good app and to all buyers,Ajio Google Play reviews,English
083c052c-fe73-42ef-9e01-1df0c84c855a,Ajio,Google Play,Review,https://play.google.com/store/apps/details?id=com.ril.ajio,Vinita Prajapati,2026-08-06 17:36:58,good 👍,Ajio Google Play reviews,English
f5910cf3-8033-4be2-a667-27575b08a30e,Ajio,Google Play,Review,https://play.google.com/store/apps/details?id=com.ril.ajio,Vikrant Gupta,2026-08-06 17:32:04,nice,Ajio Google Play reviews,English
a870904d-8109-4d8e-9253-b52d4cf067ff,Ajio,Google Play,Review,https://play.google.com/store/apps/details?id=com.ril.ajio,Soma Saha,2026-08-06 17:23:56,very good 👍,Ajio Google Play reviews,English
c5116af9-b014-4fd1-b123-190a9e7ef582,Ajio,Google Play,Review,https://play.google.com/store/apps/details?id=com.ril.ajio,Aakash Parmar,2026-08-06 17:18:04,okk,Ajio Google Play reviews,English
0ec3cf9f-882c-46fe-9c16-06c9214650af,Ajio,Google Play,Review,https://play.google.com/store/apps/details?id=com.ril.ajio,She Bee Girl,2026-08-06 16:52:39,"I have been using this app for last 10-12 years, but now this app version has become incompatible with my phone. sorry Ajio! you have lost a valuable and regular customer because I can't buy new phone just for this app version. this is torally Pathetic app now",Ajio Google Play reviews,English
e9c98bbb-3dea-4666-ba9c-8cad78230d0d,Ajio,Google Play,Review,https://play.google.com/store/apps/details?id=com.ril.ajio,Sadhan Malo,2026-08-06 15:56:41,worst product 🤡,Ajio Google Play reviews,English
