id,source,subreddit,post_title,text,url,date,type
e6658adb-5821-41a0-a75c-effe56eaf29c,Myntra,Google Play,Review,https://play.google.com/store/apps/details?id=com.myntra.android,Harsha Singh,2026-08-15 19:37:09,Great experience,Myntra Google Play reviews,English
9f197182-4b61-4c35-be7e-2d9051171049,Myntra,Google Play,Review,https://play.google.com/store/apps/details?id=com.myntra.android,Shada Aysha,2026-08-15 19:36:43,goof,Myntra Google Play reviews,English
638396fa-2c00-40b7-b5d0-40b57da400e1,Myntra,Google Play,Review,https://play.google.com/store/apps/details?id=com.myntra.android,Anwesha,2026-08-15 19:34:37,I had ordered a product and got the date of 8th aug ...at 1st it got delayed..still I was understanding but as a response also myntra showed nothing as till 15th aug I had no response related to my delayed order !,Myntra Google Play reviews,English
65bc290b-e345-4aba-b481-0d2f77e332da,Myntra,Google Play,Review,https://play.google.com/store/apps/details?id=com.myntra.android,Singham Kashyap,2026-08-15 19:26:07,बहुत सुंदर,Myntra Google Play reviews,English
184dfa88-ea2c-4e71-8fc1-fa15c33274a6,Myntra,Google Play,Review,https://play.google.com/store/apps/details?id=com.myntra.android,siddhi salunke,2026-08-15 19:24:09,good quality,Myntra Google Play reviews,English
5d25ae70-bd15-4223-b7e6-3050504de41c,Myntra,Google Play,Review,https://play.google.com/store/apps/details?id=com.myntra.android,sanjeev krishna,2026-08-15 19:21:15,wonderful app...keep shopping,Myntra Google Play reviews,English
efdbd0f4-ebb8-4dd7-a10e-ff6045d2db7e,Myntra,Google Play,Review,https://play.google.com/store/apps/details?id=com.myntra.android,Kamlesh Gautam,2026-08-15 19:17:58,good app,Myntra Google Play reviews,English
e6d6884d-0f3f-4754-bf3f-9fc5959480b1,Myntra,Google Play,Review,https://play.google.com/store/apps/details?id=com.myntra.android,11 B Pushpraj Pradhan,2026-08-15 19:12:46,The customer service is too bad I wanted my delivery to be scheduled to a letter date but they won't even have a little time for a chat all of their agents are busy all the time just hire some more people,Myntra Google Play reviews,English
5795143f-4493-4c3e-89fb-c4b858280931,Myntra,Google Play,Review,https://play.google.com/store/apps/details?id=com.myntra.android,Shizan Khan,2026-08-15 19:12:11,nicee,Myntra Google Play reviews,English
e07e3781-5d12-4dc6-aea6-f22e3f00cd45,Myntra,Google Play,Review,https://play.google.com/store/apps/details?id=com.myntra.android,kumar akhilesh,2026-08-15 19:11:37,Good,Myntra Google Play reviews,English
47b5bfcb-7ab8-4b98-8497-f6728d263afa,Myntra,Google Play,Review,https://play.google.com/store/apps/details?id=com.myntra.android,NS. Akhila,2026-08-15 19:09:05,Good 👍🏻,Myntra Google Play reviews,English
f4163c7f-7eb5-4033-8a11-42e2d5b1b2dc,Myntra,Google Play,Review,https://play.google.com/store/apps/details?id=com.myntra.android,Riya Raj,2026-08-15 19:08:51,perfect place to shop anything,Myntra Google Play reviews,English
0fe3fbe9-db57-4426-a059-cf29ca09652f,Myntra,Google Play,Review,https://play.google.com/store/apps/details?id=com.myntra.android,Mohan Keot,2026-08-15 19:06:31,good,Myntra Google Play reviews,English
172ef01f-df3c-43e6-a764-1addfaa04650,Myntra,Google Play,Review,https://play.google.com/store/apps/details?id=com.myntra.android,Ajmat Ali,2026-08-15 19:03:59,good,Myntra Google Play reviews,English
8e4e0f7c-00ef-400d-8603-e0b58f6922b8,Myntra,Google Play,Review,https://play.google.com/store/apps/details?id=com.myntra.android,Sudha,2026-08-15 19:02:15,Very good app,Myntra Google Play reviews,English
72307949-9dcd-48cc-b1ee-b41d35f8e3a7,Myntra,Google Play,Review,https://play.google.com/store/apps/details?id=com.myntra.android,Anchal Vats,2026-08-15 19:01:32,It was a very good experience while shopping on Myntra....,Myntra Google Play reviews,English
1bf0314d-d31c-428d-9587-f12efd0ef830,Myntra,Google Play,Review,https://play.google.com/store/apps/details?id=com.myntra.android,Mithil Govani,2026-08-15 19:01:06,not on time deliver product and when you cancel order after committed delivery time and they are failed to deliver product they deduct your amount and not return full amount,Myntra Google Play reviews,English
334d0275-ae7f-4a48-a520-b64bf06efbf1,Myntra,Google Play,Review,https://play.google.com/store/apps/details?id=com.myntra.android,Sumaya Rashid,2026-08-15 19:00:59,best experience,Myntra Google Play reviews,English
53952ed4-16ca-46f5-9f07-72569fe587d6,Myntra,Google Play,Review,https://play.google.com/store/apps/details?id=com.myntra.android,Ayan Idrishi,2026-08-15 19:00:28,tha best app,Myntra Google Play reviews,English
eaef88f4-cffd-4705-b59e-8cd4d8dfed84,Myntra,Google Play,Review,https://play.google.com/store/apps/details?id=com.myntra.android,Priyanshu Chouhan,2026-08-15 19:00:04,it's a very fun review product are genuine I'm happy to get shopping here,Myntra Google Play reviews,English
e7bace93-8af6-45d2-83d4-b215789e4eb9,Myntra,Google Play,Review,https://play.google.com/store/apps/details?id=com.myntra.android,Vatsal Patel,2026-08-15 18:59:27,best app,Myntra Google Play reviews,English
45f94e2e-db99-4329-b1ef-a8c9d7ce2f86,Myntra,Google Play,Review,https://play.google.com/store/apps/details?id=com.myntra.android,sreeshma sree,2026-08-15 18:59:09,good,Myntra Google Play reviews,English
3ab8a6a8-989d-4c73-8d34-a2368f4782c7,Myntra,Google Play,Review,https://play.google.com/store/apps/details?id=com.myntra.android,deepak Katre,2026-08-15 18:57:20,best brand i love it I m so happy,Myntra Google Play reviews,English
46c8f110-9311-4a7a-875d-e7d224e41de2,Myntra,Google Play,Review,https://play.google.com/store/apps/details?id=com.myntra.android,EHSAN Ali Ansari,2026-08-15 18:54:15,very good app,Myntra Google Play reviews,English
4565de99-0aeb-42df-bd6f-8e6446807f87,Myntra,Google Play,Review,https://play.google.com/store/apps/details?id=com.myntra.android,Alem Jamir,2026-08-15 18:53:32,awesme,Myntra Google Play reviews,English
25d26909-8788-4264-b8b5-6be692cb16ec,Myntra,Google Play,Review,https://play.google.com/store/apps/details?id=com.myntra.android,Karan joshi Karan joshi,2026-08-15 18:52:39,"very bad experience, bad behaviour of delivery boy",Myntra Google Play reviews,English
53dd3552-fd27-455e-b6df-61b23650febe,Myntra,Google Play,Review,https://play.google.com/store/apps/details?id=com.myntra.android,Pranavi,2026-08-15 18:48:17,awsome app,Myntra Google Play reviews,English
8d221041-0727-4e47-b32b-fb4166916f5b,Myntra,Google Play,Review,https://play.google.com/store/apps/details?id=com.myntra.android,Ipseeta Choudhury,2026-08-15 18:44:09,i am happy with myntra products,Myntra Google Play reviews,English
1f94874c-6715-4b0a-8c63-32394f2b7416,Myntra,Google Play,Review,https://play.google.com/store/apps/details?id=com.myntra.android,Urmila Kevat,2026-08-15 18:41:02,"I strongly urge everyone to avoid shopping on Myntra. If you choose to order, proceed entirely at your own risk regarding whether your package will ever arrive. Don't trust to myntra. I have placed order multiple time but not received yet everytime they have technical error. I have to give negative rating.",Myntra Google Play reviews,English
794b8fca-5b30-4779-ad75-45eba3a7e2ec,Myntra,Google Play,Review,https://play.google.com/store/apps/details?id=com.myntra.android,Sachin Chaudhari,2026-08-15 18:39:55,fake product and costmor care original nayka fashion nayka men best no download myntra,Myntra Google Play reviews,English
4aea74a4-114d-42a4-a2ec-37a0613e3b6d,Myntra,Google Play,Review,https://play.google.com/store/apps/details?id=com.myntra.android,Rk arul,2026-08-15 18:39:26,This app is nice 👍,Myntra Google Play reviews,English
71bbc712-9c36-49d8-b538-52da89558056,Myntra,Google Play,Review,https://play.google.com/store/apps/details?id=com.myntra.android,Deepak Ingole,2026-08-15 18:37:23,good job,Myntra Google Play reviews,English
0b565fb1-219f-40c3-b127-1f35e5107a23,Myntra,Google Play,Review,https://play.google.com/store/apps/details?id=com.myntra.android,Saksham Modi,2026-08-15 18:33:56,Best customer support!,Myntra Google Play reviews,English
91d518d5-7005-4ea0-9094-6511e67607f2,Myntra,Google Play,Review,https://play.google.com/store/apps/details?id=com.myntra.android,Gaurav Kumar,2026-08-15 18:31:15,The quality of the clothes is very good.,Myntra Google Play reviews,English
50385994-aafd-4aca-a0ef-8a9e9b34b94a,Myntra,Google Play,Review,https://play.google.com/store/apps/details?id=com.myntra.android,Anchal Verma,2026-08-15 18:26:19,very very good,Myntra Google Play reviews,English
34719529-108a-4cbe-a61d-ce9875367864,Myntra,Google Play,Review,https://play.google.com/store/apps/details?id=com.myntra.android,Tony Mittal,2026-08-15 18:23:33,good,Myntra Google Play reviews,English
daa0506b-7c88-41fa-9482-bbec91d4a85b,Myntra,Google Play,Review,https://play.google.com/store/apps/details?id=com.myntra.android,Dipti bera,2026-08-15 18:21:32,love it,Myntra Google Play reviews,English
798ba8f8-84d7-43ec-83f3-d300ff803868,Myntra,Google Play,Review,https://play.google.com/store/apps/details?id=com.myntra.android,jai walia,2026-08-15 18:19:15,very bed service,Myntra Google Play reviews,English
48468710-a4e5-4eb8-b6da-154e4f441e9a,Myntra,Google Play,Review,https://play.google.com/store/apps/details?id=com.myntra.android,Suraj Mandal,2026-08-15 18:18:17,💯👍👍,Myntra Google Play reviews,English
5031ec6a-b914-4c6a-b0f7-f0d70578e568,Myntra,Google Play,Review,https://play.google.com/store/apps/details?id=com.myntra.android,Yogesh Lochab,2026-08-15 18:16:22,Good,Myntra Google Play reviews,English
f5efbe79-dbd4-4099-acdb-79b628d05734,Myntra,Google Play,Review,https://play.google.com/store/apps/details?id=com.myntra.android,khushbu kumari,2026-08-15 18:09:05,Delivery and costumer support is very baddd worst app I have ever seen for the same I really disappoint 😞 this app Next time I will order from other platform because of this.,Myntra Google Play reviews,English
c091cbd1-76e7-4082-b69e-194b4d0cb561,Myntra,Google Play,Review,https://play.google.com/store/apps/details?id=com.myntra.android,Sumit Kumar Jha,2026-08-15 18:07:47,excellent,Myntra Google Play reviews,English
2ea15722-3af1-46ab-8281-ed2e932f63f3,Myntra,Google Play,Review,https://play.google.com/store/apps/details?id=com.myntra.android,Kuldip Dulera,2026-08-15 18:07:12,excellent experience from myntra,Myntra Google Play reviews,English
eeb7c593-ac2e-4908-89ec-cb3e6e062a29,Myntra,Google Play,Review,https://play.google.com/store/apps/details?id=com.myntra.android,Shaik Nura,2026-08-15 18:05:07,nice,Myntra Google Play reviews,English
344fd100-cf23-4188-bcc4-3212d53db6c4,Myntra,Google Play,Review,https://play.google.com/store/apps/details?id=com.myntra.android,Madhu Varma,2026-08-15 18:03:06,excellent,Myntra Google Play reviews,English
c66877c6-657a-4ae0-b54e-736142cd2e76,Myntra,Google Play,Review,https://play.google.com/store/apps/details?id=com.myntra.android,Anu Gowda,2026-08-15 18:03:02,i order shoes i want size exchange but the delivery boy told me that tagging number was changed you should report in app but app not listening and i several time he canceled my order for the late reason please ensure this problem,Myntra Google Play reviews,English
845f564b-6339-4b08-a98c-a3495648bd9f,Myntra,Google Play,Review,https://play.google.com/store/apps/details?id=com.myntra.android,Rajeev Mishra,2026-08-15 18:02:15,nice app,Myntra Google Play reviews,English
7009e0c4-aea1-435f-91a7-4671b0421f31,Myntra,Google Play,Review,https://play.google.com/store/apps/details?id=com.myntra.android,Shivlila Umbardand,2026-08-15 17:59:37,nice,Myntra Google Play reviews,English
b32b2be1-9335-445d-b472-ef4773466bc3,Myntra,Google Play,Review,https://play.google.com/store/apps/details?id=com.myntra.android,Anju M,2026-08-15 17:54:53,i like it,Myntra Google Play reviews,English
a38f38fe-5898-4fe6-b330-e04acd992396,Myntra,Google Play,Review,https://play.google.com/store/apps/details?id=com.myntra.android,Aksha Khatoon,2026-08-15 17:54:27,it is very good app for shopping clothes and beauty products. I like this app very much,Myntra Google Play reviews,English
ff588660-3da9-4db6-add1-bf84b37ada51,Myntra,Google Play,Review,https://play.google.com/store/apps/details?id=com.myntra.android,Sudha Rajan,2026-08-15 17:53:51,good,Myntra Google Play reviews,English
c7c1a88c-5921-48b9-a49b-4884aece05d2,Myntra,Google Play,Review,https://play.google.com/store/apps/details?id=com.myntra.android,Veer Srivastava,2026-08-15 17:52:57,🙂 nice,Myntra Google Play reviews,English
6cc3fc0b-9ef3-41d5-9b97-f9baf502766c,Myntra,Google Play,Review,https://play.google.com/store/apps/details?id=com.myntra.android,Hussain Banu,2026-08-15 17:51:25,great,Myntra Google Play reviews,English
d9f58986-028d-4f71-8e4b-b87b9c547a3f,Myntra,Google Play,Review,https://play.google.com/store/apps/details?id=com.myntra.android,sadaf azam,2026-08-15 17:49:17,I have not received my parcel,Myntra Google Play reviews,English
52f3521c-5aab-4bd7-9a24-58a4df40d089,Myntra,Google Play,Review,https://play.google.com/store/apps/details?id=com.myntra.android,rajeshwar angari,2026-08-15 17:49:04,super,Myntra Google Play reviews,English
5b54be36-57a1-4824-8008-2d6255584444,Myntra,Google Play,Review,https://play.google.com/store/apps/details?id=com.myntra.android,ROBIN KORA,2026-08-15 17:46:16,very good,Myntra Google Play reviews,English
80d07df8-d81c-407f-8b82-e0f9a9636861,Myntra,Google Play,Review,https://play.google.com/store/apps/details?id=com.myntra.android,Syeda Abida,2026-08-15 17:44:17,Myntra is a branded shopping app,Myntra Google Play reviews,English
b1b82a0f-2a2d-4cc7-b2e2-ec3c1f77aaf4,Myntra,Google Play,Review,https://play.google.com/store/apps/details?id=com.myntra.android,DK M,2026-08-15 17:42:19,good product,Myntra Google Play reviews,English
e67a23e6-ee41-46c9-9a6f-cab554dace7c,Myntra,Google Play,Review,https://play.google.com/store/apps/details?id=com.myntra.android,Lokesh Reddy,2026-08-15 17:42:01,Good products,Myntra Google Play reviews,English
2b4f6930-16f2-4498-82e8-3428af6a57c2,Myntra,Google Play,Review,https://play.google.com/store/apps/details?id=com.myntra.android,Ahmad Farhan,2026-08-15 17:40:34,"more offer, coupons etc",Myntra Google Play reviews,English
d05fbc17-492c-452b-bb50-6125eb31fb79,Myntra,Google Play,Review,https://play.google.com/store/apps/details?id=com.myntra.android,Azeem Rishi,2026-08-15 17:39:27,"Best place to but fashion wear. Genuine brands , genuine price.",Myntra Google Play reviews,English
150f5e0e-96ef-43d9-8a85-f4c7cab9e9a9,Myntra,Google Play,Review,https://play.google.com/store/apps/details?id=com.myntra.android,Mahek Shrivastava,2026-08-15 17:34:41,I recently placed an order and received the wrong product and there's no exchange or return option available.Very disappointed. Even the help centre assistant does nothing. Didn't expect this from Myntra.,Myntra Google Play reviews,English
73d212bb-d634-48a8-9d4b-78292f137a78,Myntra,Google Play,Review,https://play.google.com/store/apps/details?id=com.myntra.android,Prasad Diwan,2026-08-15 17:33:10,"I ordered 4 products from Myntra, but I still haven’t received them. The orders have been showing “Out for Delivery” since 12th August, and I’m unable to cancel them. I have already paid for all the orders through PhonePe. I’ve been waiting for the last 4–5 days, but there has been no delivery. I tried contacting the delivery person, but the call gets redirected to Ekart. They ask me to enter my mobile number and PIN, and after I enter them, the call automatically gets disconnected.",Myntra Google Play reviews,English
faa15bec-6334-491e-9e06-e54bd0b767da,Myntra,Google Play,Review,https://play.google.com/store/apps/details?id=com.myntra.android,66H1 karthik,2026-08-15 17:28:35,super the best app for buying items because it's better than other apps like amazon and flipkart,Myntra Google Play reviews,English
06621caf-c9a5-4aed-8373-a6b4b11a5f95,Myntra,Google Play,Review,https://play.google.com/store/apps/details?id=com.myntra.android,Paramesh,2026-08-15 17:27:27,"Beautiful, Fantastic, Thank you",Myntra Google Play reviews,English
6778cff0-5235-40b7-8e4f-bede40cea17a,Myntra,Google Play,Review,https://play.google.com/store/apps/details?id=com.myntra.android,jitender panwar,2026-08-15 17:25:20,A wonderful experience... Good service by Myntra and team. 😊,Myntra Google Play reviews,English
995854f5-5c65-47b5-b945-1e85f720b6da,Myntra,Google Play,Review,https://play.google.com/store/apps/details?id=com.myntra.android,Maksood Ahamed,2026-08-15 17:24:41,at myntra quality of clothes are very nice and all things are in good quality. i generally used to order clothes from myntra,Myntra Google Play reviews,English
f0c7006b-845f-492f-a3c0-b0146089efbd,Myntra,Google Play,Review,https://play.google.com/store/apps/details?id=com.myntra.android,Kumar Vivek,2026-08-15 17:24:19,I have ordered a few times and the products are good but they don't actually look the same as in the app shows .,Myntra Google Play reviews,English
c542d73e-2250-4fdb-941c-39332bc78572,Myntra,Google Play,Review,https://play.google.com/store/apps/details?id=com.myntra.android,Guddu,2026-08-15 17:23:57,better shoping,Myntra Google Play reviews,English
4c9060e4-1f46-4a96-9823-a8f03f94fb87,Myntra,Google Play,Review,https://play.google.com/store/apps/details?id=com.myntra.android,Naseem Khan,2026-08-15 17:20:41,best,Myntra Google Play reviews,English
f8b4c2f2-6531-4f8b-b477-a1f96b5192ec,Myntra,Google Play,Review,https://play.google.com/store/apps/details?id=com.myntra.android,JESUS GOPAL,2026-08-15 17:09:15,superb,Myntra Google Play reviews,English
b12f8e5e-c442-472b-a6aa-12300f1c59a6,Myntra,Google Play,Review,https://play.google.com/store/apps/details?id=com.myntra.android,sandeep saini,2026-08-15 17:08:37,nice product,Myntra Google Play reviews,English
e97030e0-ae12-49f5-a49f-d6a5887f39c4,Myntra,Google Play,Review,https://play.google.com/store/apps/details?id=com.myntra.android,Siddharth Kaushik,2026-08-15 17:04:25,"amazing service, genuine products 🤗",Myntra Google Play reviews,English
b67bbb47-160c-4bbf-81cf-08f47f6b967d,Myntra,Google Play,Review,https://play.google.com/store/apps/details?id=com.myntra.android,Mamta Mishra,2026-08-15 17:03:45,good app,Myntra Google Play reviews,English
356c3ebc-1cca-41b9-b2be-2169d74ddcfb,Myntra,Google Play,Review,https://play.google.com/store/apps/details?id=com.myntra.android,Jagannath Ray,2026-08-15 16:57:00,good,Myntra Google Play reviews,English
fa7a2c6e-29e0-4de9-8233-d9134e047646,Myntra,Google Play,Review,https://play.google.com/store/apps/details?id=com.myntra.android,Sachin kumar,2026-08-15 16:56:41,nice,Myntra Google Play reviews,English
c2a40ef5-0ca7-46fe-ad15-bedd36f5fe73,Myntra,Google Play,Review,https://play.google.com/store/apps/details?id=com.myntra.android,Pradeep Mr,2026-08-15 16:54:17,lele bhai is aap se befikr hokr sahi me badhiya mal h,Myntra Google Play reviews,English
17a7c341-e3ec-4b4d-b0eb-e4c94d844590,Myntra,Google Play,Review,https://play.google.com/store/apps/details?id=com.myntra.android,Manju Sur,2026-08-15 16:48:37,i love these products,Myntra Google Play reviews,English
57a37e56-0542-4a8e-b5ab-2cacf4b1e4a9,Myntra,Google Play,Review,https://play.google.com/store/apps/details?id=com.myntra.android,Akshay Baldha,2026-08-15 16:44:24,best product with best quality,Myntra Google Play reviews,English
7b299790-3ad6-4268-a61c-945605ef37e0,Myntra,Google Play,Review,https://play.google.com/store/apps/details?id=com.myntra.android,Anshika Singh,2026-08-15 16:42:08,best app ever 👍,Myntra Google Play reviews,English
29970a34-95e7-41a0-a5d9-0de1509245f1,Myntra,Google Play,Review,https://play.google.com/store/apps/details?id=com.myntra.android,Abilesh Venkatesan,2026-08-15 16:41:58,Good app.. More options to select..,Myntra Google Play reviews,English
40d7a13a-670a-4e51-9e6d-79a5645eed65,Myntra,Google Play,Review,https://play.google.com/store/apps/details?id=com.myntra.android,Amartya Raja,2026-08-15 16:39:15,good,Myntra Google Play reviews,English
66c76d93-3063-4ae5-b7e2-84f0411e48cb,Myntra,Google Play,Review,https://play.google.com/store/apps/details?id=com.myntra.android,Honey Honey,2026-08-15 16:35:50,super quality dresses available here,Myntra Google Play reviews,English
e3c3db36-f28f-4a57-9dce-5fc111711908,Myntra,Google Play,Review,https://play.google.com/store/apps/details?id=com.myntra.android,Pooja Pal,2026-08-15 16:34:56,good experience,Myntra Google Play reviews,English
2c092be7-abcb-41d3-9e36-2c505ea2f914,Myntra,Google Play,Review,https://play.google.com/store/apps/details?id=com.myntra.android,Jagindra Naik,2026-08-15 16:33:03,best shopping app,Myntra Google Play reviews,English
097c6e57-239d-4e9e-9447-b8b93ffe8ea8,Myntra,Google Play,Review,https://play.google.com/store/apps/details?id=com.myntra.android,Dharmendra Pawar,2026-08-15 16:32:55,good,Myntra Google Play reviews,English
40da3941-526b-46e1-8370-8006d1a81ba3,Myntra,Google Play,Review,https://play.google.com/store/apps/details?id=com.myntra.android,Deepanjali Rao,2026-08-15 16:28:29,good clothing app,Myntra Google Play reviews,English
3ae5b9c4-070d-49d8-a04e-027b82e56533,Myntra,Google Play,Review,https://play.google.com/store/apps/details?id=com.myntra.android,Uttam Kumar Nayak,2026-08-15 16:27:24,Excellent Shoping experience,Myntra Google Play reviews,English
ba0425cd-a2c2-477e-b83c-d39ccaf4bc6b,Myntra,Google Play,Review,https://play.google.com/store/apps/details?id=com.myntra.android,Neeraj Thakur,2026-08-15 16:27:07,very good experience,Myntra Google Play reviews,English
dcbf17f8-85ed-48ea-aa53-98a99c24a79f,Myntra,Google Play,Review,https://play.google.com/store/apps/details?id=com.myntra.android,Hamza Khan,2026-08-15 16:25:08,this app is trustable my shopping is very easy with this app easy return fast delivery,Myntra Google Play reviews,English
e5f05111-29df-4170-9d3a-d393a50d3f3e,Myntra,Google Play,Review,https://play.google.com/store/apps/details?id=com.myntra.android,precisionit,2026-08-15 16:23:08,Superb App,Myntra Google Play reviews,English
2dec2f86-cbee-4019-b901-2580049b3283,Myntra,Google Play,Review,https://play.google.com/store/apps/details?id=com.myntra.android,Vaishnavi Mishra,2026-08-15 16:22:21,good,Myntra Google Play reviews,English
50d40d61-af67-4e56-aceb-7da13a90126a,Myntra,Google Play,Review,https://play.google.com/store/apps/details?id=com.myntra.android,Ruksana Ruksana,2026-08-15 16:17:59,The app absolutely wonderful I like most purchasing app beauty product skincare,Myntra Google Play reviews,English
dc15482f-912f-4f79-bceb-955dfb339c77,Myntra,Google Play,Review,https://play.google.com/store/apps/details?id=com.myntra.android,Abhishek Solanki,2026-08-15 16:15:54,"this app is becoming rubbish day by day , just to order they required payment app on the device, very disappointing app",Myntra Google Play reviews,English
8d7aa8e8-29a1-4db5-ac38-89520fd47b6f,Myntra,Google Play,Review,https://play.google.com/store/apps/details?id=com.myntra.android,Akhil S,2026-08-15 16:15:38,good,Myntra Google Play reviews,English
baecb65f-2cd7-43f1-b359-8509d455fd3d,Myntra,Google Play,Review,https://play.google.com/store/apps/details?id=com.myntra.android,Muneshwar Kumar,2026-08-15 16:12:22,better product in this Myntra app and this service is very good,Myntra Google Play reviews,English
da5e2c2b-348a-4499-874c-45a8300f08aa,Myntra,Google Play,Review,https://play.google.com/store/apps/details?id=com.myntra.android,Manish Sharma,2026-08-15 16:07:55,nice app,Myntra Google Play reviews,English
1d8d4952-353a-4f70-aa4b-b64474fce65b,Myntra,Google Play,Review,https://play.google.com/store/apps/details?id=com.myntra.android,Adit,2026-08-15 16:07:25,Good Till now ordered 3-4 items that are good,Myntra Google Play reviews,English
965bd2c4-82b9-4cf8-b715-69180b3e3097,Myntra,Google Play,Review,https://play.google.com/store/apps/details?id=com.myntra.android,PWJWNSHA DAIMARY,2026-08-15 16:07:13,good,Myntra Google Play reviews,English
ac57f149-544e-4ebe-aa5f-67bffd207b01,Myntra,Google Play,Review,https://play.google.com/store/apps/details?id=com.myntra.android,Savita Tiwari,2026-08-15 16:07:08,budget friendly and comfortable clothing.,Myntra Google Play reviews,English
f8d8a4a3-7a38-46eb-b733-811a1a971af3,Myntra,Google Play,Review,https://play.google.com/store/apps/details?id=com.myntra.android,sanjay singh,2026-08-15 16:07:01,excellent,Myntra Google Play reviews,English
2d754f38-96ef-459c-96df-86b19de9c55f,Myntra,Google Play,Review,https://play.google.com/store/apps/details?id=com.myntra.android,SHUBHAM MISHRA,2026-08-15 16:01:06,Best platform for shopping,Myntra Google Play reviews,English
5ee695ce-397b-4774-bbf8-4e6828c40feb,Myntra,Google Play,Review,https://play.google.com/store/apps/details?id=com.myntra.android,Samshad Ali,2026-08-15 15:58:34,good,Myntra Google Play reviews,English
94355784-15c1-4967-b34b-c38e22c5032f,Myntra,Google Play,Review,https://play.google.com/store/apps/details?id=com.myntra.android,Sital Kumar Behera Sital Kumar Behera,2026-08-15 15:55:13,Thanks for myntra My best option quality products,Myntra Google Play reviews,English
733e8ef7-f8af-4f69-bdf9-c367e6e24dc6,Myntra,Google Play,Review,https://play.google.com/store/apps/details?id=com.myntra.android,Dhan Singh,2026-08-15 15:55:02,good,Myntra Google Play reviews,English
2df5fa8c-cde0-49c4-8b85-2650551d29ac,Myntra,Google Play,Review,https://play.google.com/store/apps/details?id=com.myntra.android,RISHI 561,2026-08-15 15:48:35,good quality clothes,Myntra Google Play reviews,English
9b92effb-6cf3-43b9-8814-fbdac94142b6,Myntra,Google Play,Review,https://play.google.com/store/apps/details?id=com.myntra.android,Arnab Kar,2026-08-15 15:42:49,very good,Myntra Google Play reviews,English
1f4e38e4-ed04-4cd4-a3ac-ae36abfa42d0,Myntra,Google Play,Review,https://play.google.com/store/apps/details?id=com.myntra.android,Indian warrior yt,2026-08-15 15:40:11,Great discounts and offers,Myntra Google Play reviews,English
18c14e1f-9048-4edd-ad6c-eada0c3cf55a,Myntra,Google Play,Review,https://play.google.com/store/apps/details?id=com.myntra.android,Pooja Jain,2026-08-15 15:37:44,mere me jo myncash redeem points daily wale milte the ab wo mujhe nahi mil rahe is problem ko solve kro aap jaldi se jaldi meri..abhi b same problem.hai,Myntra Google Play reviews,English
9cd9fd87-135f-47bf-83f6-990064aedc05,Myntra,Google Play,Review,https://play.google.com/store/apps/details?id=com.myntra.android,minaksi Gautam,2026-08-15 15:37:16,One of the best online shopping platform. Good service with best product.,Myntra Google Play reviews,English
3bcea3fd-4bf1-416a-954a-a9ed0f844e67,Myntra,Google Play,Review,https://play.google.com/store/apps/details?id=com.myntra.android,Jaideep_stcollege12 Kaur,2026-08-15 15:36:17,vry vry gud,Myntra Google Play reviews,English
34fa6d06-003c-4901-9020-07df5afa8ed7,Myntra,Google Play,Review,https://play.google.com/store/apps/details?id=com.myntra.android,haripriya manikuttan,2026-08-15 15:34:38,best app,Myntra Google Play reviews,English
d70267fa-29ca-4be5-aac3-12d0f43b1e64,Myntra,Google Play,Review,https://play.google.com/store/apps/details?id=com.myntra.android,Akarapu Sai reddy,2026-08-15 15:30:24,nice,Myntra Google Play reviews,English
89d52c0b-ee9f-4c21-a7e2-71da5a58435e,Myntra,Google Play,Review,https://play.google.com/store/apps/details?id=com.myntra.android,Chandu Donkada,2026-08-15 15:29:26,excellent,Myntra Google Play reviews,English
8795b267-c187-45a2-8a83-214ec9ba3397,Myntra,Google Play,Review,https://play.google.com/store/apps/details?id=com.myntra.android,Nandhini Prya,2026-08-15 15:28:45,good collections but pricy,Myntra Google Play reviews,English
0eb8eaaf-7f25-4237-868a-097489d05e63,Myntra,Google Play,Review,https://play.google.com/store/apps/details?id=com.myntra.android,Banti Jitu,2026-08-15 15:23:52,Myntra offers iems of different varieties.,Myntra Google Play reviews,English
ba443cb1-6322-479b-8fca-f6e8b71f3914,Myntra,Google Play,Review,https://play.google.com/store/apps/details?id=com.myntra.android,Sandhya Kaur,2026-08-15 15:21:56,very good 👍 👏,Myntra Google Play reviews,English
c3652d16-4b21-47da-a7f4-fb9c1cb906c0,Myntra,Google Play,Review,https://play.google.com/store/apps/details?id=com.myntra.android,Laxmi Singh,2026-08-15 15:20:34,I like it,Myntra Google Play reviews,English
25fdf28b-196d-43e8-bc29-f53c677c2070,Myntra,Google Play,Review,https://play.google.com/store/apps/details?id=com.myntra.android,Ankit Kumar,2026-08-15 15:19:22,"very good, genuine product",Myntra Google Play reviews,English
b9502df6-90d4-41a8-a2b6-fdd33acbf965,Myntra,Google Play,Review,https://play.google.com/store/apps/details?id=com.myntra.android,Md.saniya saniya,2026-08-15 15:17:45,very good,Myntra Google Play reviews,English
61410179-c8a0-442d-b7ca-06c8fd298174,Myntra,Google Play,Review,https://play.google.com/store/apps/details?id=com.myntra.android,Johan Libert,2026-08-15 15:14:49,nice,Myntra Google Play reviews,English
e0faffca-765b-4390-9079-950faf6302bb,Myntra,Google Play,Review,https://play.google.com/store/apps/details?id=com.myntra.android,khushboo kumari,2026-08-15 15:12:04,product is good,Myntra Google Play reviews,English
3e1ae85a-e0c2-41c7-93b5-fccf9f462180,Myntra,Google Play,Review,https://play.google.com/store/apps/details?id=com.myntra.android,Uma Chakraborty,2026-08-15 15:10:36,"good product, and very soft comfortable.",Myntra Google Play reviews,English
dc86f1bc-e70f-41b5-a602-9b22cfe94a19,Myntra,Google Play,Review,https://play.google.com/store/apps/details?id=com.myntra.android,Guleen Kaur,2026-08-15 15:08:40,Always a great experience to shop with Myntra,Myntra Google Play reviews,English
5306e988-2b34-416a-b1c8-9a11b750059f,Myntra,Google Play,Review,https://play.google.com/store/apps/details?id=com.myntra.android,Kirti suri,2026-08-15 15:08:25,Mybtra use to deliver bestets fabric,Myntra Google Play reviews,English
db5d4d14-0217-4ad1-9cc8-c7d1bb3b7258,Myntra,Google Play,Review,https://play.google.com/store/apps/details?id=com.myntra.android,Anil Singh Chauhan,2026-08-15 15:03:56,very bad packaging,Myntra Google Play reviews,English
ca5017d7-a4d7-47b0-a20e-6de8e063ade3,Myntra,Google Play,Review,https://play.google.com/store/apps/details?id=com.myntra.android,Asha asha,2026-08-15 15:03:05,"worst app, delivery agent doesn't call and marked as delivered. i didnt receive any call and no customer help just raised incident asked me to wait for 3 days",Myntra Google Play reviews,English
2cbb51d4-060e-487a-b314-4dc37997ca88,Myntra,Google Play,Review,https://play.google.com/store/apps/details?id=com.myntra.android,Namit Rathore,2026-08-15 15:02:54,I have almost stopped buying clothes offlline since last 6-7 years. Myntra has nice collection and prices are nearly always lower than offline for same item. No questions asked return and exchange is the biggest reason for me to move away from offline,Myntra Google Play reviews,English
c7437817-120f-432f-b38e-8007a7f599af,Myntra,Google Play,Review,https://play.google.com/store/apps/details?id=com.myntra.android,Rupa Kumari,2026-08-15 15:01:57,exelent app,Myntra Google Play reviews,English
a31d74a1-564b-4073-a395-e488356bae33,Myntra,Google Play,Review,https://play.google.com/store/apps/details?id=com.myntra.android,Rouparno Mondal,2026-08-15 15:00:43,good apps,Myntra Google Play reviews,English
7a2cfd86-b5d6-40e5-88d0-04aa4c73ec25,Myntra,Google Play,Review,https://play.google.com/store/apps/details?id=com.myntra.android,Bibhu Bibhu,2026-08-15 15:00:10,nice 👍,Myntra Google Play reviews,English
c968ec08-28ce-4742-b256-5655b4f08cfd,Myntra,Google Play,Review,https://play.google.com/store/apps/details?id=com.myntra.android,Niha Jebin,2026-08-15 14:59:45,gives good discount and loyal,Myntra Google Play reviews,English
3f315048-4228-469f-8dd1-5969d4ab3066,Myntra,Google Play,Review,https://play.google.com/store/apps/details?id=com.myntra.android,Paresh Biswas,2026-08-15 14:57:17,this app is nice delivery speeds also nice and I love this apps product quality and delivery experience,Myntra Google Play reviews,English
f5ff1d0f-b0a6-42a8-b832-db3be619ec15,Myntra,Google Play,Review,https://play.google.com/store/apps/details?id=com.myntra.android,Amit Sharma,2026-08-15 14:56:39,"It was a very smooth experience while placing an order & receiving the product,the watch I was ordering is extremely nice as shown",Myntra Google Play reviews,English
032b5058-b67a-41a3-94b2-5c70aad373a0,Myntra,Google Play,Review,https://play.google.com/store/apps/details?id=com.myntra.android,Sahil Pagar,2026-08-15 14:51:12,amazing app,Myntra Google Play reviews,English
3b7699cd-8729-422f-a96a-bdb7722e734f,Myntra,Google Play,Review,https://play.google.com/store/apps/details?id=com.myntra.android,Rai Acharjee,2026-08-15 14:47:38,great,Myntra Google Play reviews,English
c2c8dc4c-e3d2-43cf-97b4-0091b6a11f61,Myntra,Google Play,Review,https://play.google.com/store/apps/details?id=com.myntra.android,Purnima Patra,2026-08-15 14:45:00,excellent,Myntra Google Play reviews,English
d47b0540-09f6-4f6b-8669-9b83659ec9d7,Myntra,Google Play,Review,https://play.google.com/store/apps/details?id=com.myntra.android,Mamitha Megavath,2026-08-15 14:41:42,good,Myntra Google Play reviews,English
0806cee4-0d12-47e2-9152-36e841973f6d,Myntra,Google Play,Review,https://play.google.com/store/apps/details?id=com.myntra.android,purnimadhun,2026-08-15 14:40:37,very good 😊 happy coustomer ❤️‍🩹,Myntra Google Play reviews,English
9a438354-b1f3-4431-99ce-a1c1a59baf61,Myntra,Google Play,Review,https://play.google.com/store/apps/details?id=com.myntra.android,PINKY Devi,2026-08-15 14:40:09,bhutt achhee ratee hai or kapdo ki quality bhi bhut badiya h,Myntra Google Play reviews,English
5db7dd17-2770-44ce-a7c5-328571605a65,Myntra,Google Play,Review,https://play.google.com/store/apps/details?id=com.myntra.android,Bhagirath Mondal,2026-08-15 14:39:24,best quality of shirts,Myntra Google Play reviews,English
c5cd0910-4666-4310-9ac0-5a06f73e24f4,Myntra,Google Play,Review,https://play.google.com/store/apps/details?id=com.myntra.android,Someone Dez,2026-08-15 14:35:41,"not happy with the delivery, product didn't deliver on the day it was said",Myntra Google Play reviews,English
879d7332-8d52-46e6-a202-32117d6cbb36,Myntra,Google Play,Review,https://play.google.com/store/apps/details?id=com.myntra.android,Uddhav Ware,2026-08-15 14:33:12,good quality always,Myntra Google Play reviews,English
c17ee023-5e35-4e55-8623-e51ea357deef,Myntra,Google Play,Review,https://play.google.com/store/apps/details?id=com.myntra.android,Mantixha,2026-08-15 14:31:30,"Myntra has started using AI-generated product images for clothing listings, and it’s becoming difficult to trust what the actual product looks like. I found the exact same outfit elsewhere, but the Myntra listing used heavily AI-edited photos that changed the appearance of the garment. For a platform known for fashion shopping, real product photos should be the standard. This feels misleading and disappointing. And they sell copy of every outfit.",Myntra Google Play reviews,English
ec4e1004-19ff-4b30-b8c8-ea95545b74d1,Myntra,Google Play,Review,https://play.google.com/store/apps/details?id=com.myntra.android,G yogi,2026-08-15 14:30:26,best app affordable price with best and brand quality thank you myntra❤,Myntra Google Play reviews,English
8e9ba91c-d74c-423e-91c0-fcace47d0d7b,Myntra,Google Play,Review,https://play.google.com/store/apps/details?id=com.myntra.android,Yogita,2026-08-15 14:24:26,wonderful,Myntra Google Play reviews,English
73cf3468-f30d-47dd-a977-4991dac9767f,Myntra,Google Play,Review,https://play.google.com/store/apps/details?id=com.myntra.android,Miss _pratyasha_07,2026-08-15 14:24:09,very bad app. refund not inset.,Myntra Google Play reviews,English
a841f904-5a94-4091-92af-c9910f1c6f0a,Myntra,Google Play,Review,https://play.google.com/store/apps/details?id=com.myntra.android,Priya Chahar,2026-08-15 14:17:09,very useful app,Myntra Google Play reviews,English
0f5602d5-1474-44bf-b745-9087a98ce645,Myntra,Google Play,Review,https://play.google.com/store/apps/details?id=com.myntra.android,Sahil Mulani,2026-08-15 14:16:52,Worst conversation only system generated messages and no real solution of the issue just same replies for each question.Pathetic app service !'ruined my day,Myntra Google Play reviews,English
0759935b-46e2-4a7d-9a5f-7b5386a61244,Myntra,Google Play,Review,https://play.google.com/store/apps/details?id=com.myntra.android,om Pinjani,2026-08-15 14:13:07,good app with affordabel fashion,Myntra Google Play reviews,English
ef765a02-50ff-43ad-aba3-6b7bda59bdc6,Myntra,Google Play,Review,https://play.google.com/store/apps/details?id=com.myntra.android,Karjum Riram,2026-08-15 14:12:50,"Worst experience ever. I have been a regular customer of Myntra, but a very big scam happened to me. I ordered a Levi's long pant and shirt on prepaid. The delivery agent did not call me, and I did not receive any email. But it is showing “delivered” in my account. I called customer care many times, but they only keep giving me new time and dates. Until today, I have not received my items. At least they should tell me which delivery office the parcel went to. This is a very big scam with me..",Myntra Google Play reviews,English
81fc207f-2700-4ed4-9c31-74dcb1accd37,Myntra,Google Play,Review,https://play.google.com/store/apps/details?id=com.myntra.android,Payal Prajapati,2026-08-15 14:11:26,better,Myntra Google Play reviews,English
ae791655-0d65-4e7e-b0ba-8b4c12c4e22d,Myntra,Google Play,Review,https://play.google.com/store/apps/details?id=com.myntra.android,swamy elpula,2026-08-15 14:06:37,good,Myntra Google Play reviews,English
0b3c3bd9-0b7f-4562-8b68-d5fcffd8e7b2,Myntra,Google Play,Review,https://play.google.com/store/apps/details?id=com.myntra.android,Sunita Yadav,2026-08-15 14:05:54,nice product on this app,Myntra Google Play reviews,English
6cdd99f3-f0c9-4b63-b416-af28d1108faa,Myntra,Google Play,Review,https://play.google.com/store/apps/details?id=com.myntra.android,Aniket Shahane,2026-08-15 14:03:38,good,Myntra Google Play reviews,English
aea6720b-0583-404d-8ee4-f4b4c7ec8c73,Myntra,Google Play,Review,https://play.google.com/store/apps/details?id=com.myntra.android,arshin shaikh,2026-08-15 13:59:47,"The delivery took far too long, and when I finally received the package, I was extremely disappointed. The product I received was different from what I ordered and the quality was very poor. This was a completely unsatisfactory experience. Very disappointed with Myntra’s service",Myntra Google Play reviews,English
aeaab0d9-e559-40f3-aef7-65dd85281256,Myntra,Google Play,Review,https://play.google.com/store/apps/details?id=com.myntra.android,RAM THAKUR,2026-08-15 13:59:11,not for cod,Myntra Google Play reviews,English
9bff101c-300b-488b-ab9e-bbb94c7368b7,Myntra,Google Play,Review,https://play.google.com/store/apps/details?id=com.myntra.android,karnati sampath,2026-08-15 13:57:05,"it's a worst app don't buy products from this, especially imported goods, no proper courier service money will get debited but you won't receive the product no enough employees available to resolve the issue it's a big fraud, I tried to contact customer service they introduced the Ai agent dialogues are auto generated, but it's a useless thing it won't resolve the issue already I have contacted them more than 4 times still no response no resolution and I didn't recieve the product",Myntra Google Play reviews,English
5b6b1f41-dbe4-4f8a-b4d7-ec5c135bb7c2,Myntra,Google Play,Review,https://play.google.com/store/apps/details?id=com.myntra.android,Shweta Babar,2026-08-15 13:56:21,very good experience with mantra. Not disappointment at all.,Myntra Google Play reviews,English
c63e6cef-a43d-4f56-b9cb-0e85ae5e6498,Myntra,Google Play,Review,https://play.google.com/store/apps/details?id=com.myntra.android,aishwarya rajput,2026-08-15 13:52:25,Good experience,Myntra Google Play reviews,English
be839cdc-5441-4c93-87e0-1c9c065662b7,Myntra,Google Play,Review,https://play.google.com/store/apps/details?id=com.myntra.android,Sonika Prasad,2026-08-15 13:50:19,best app,Myntra Google Play reviews,English
f67df3bc-3296-49c6-b3b1-1357b9cd1e53,Myntra,Google Play,Review,https://play.google.com/store/apps/details?id=com.myntra.android,PRAJIT SHARMA,2026-08-15 13:48:34,it is Very Nice Perfume With Extremely pleasant Smell,Myntra Google Play reviews,English
e1a53518-3492-4ccf-9673-13b60a96777b,Myntra,Google Play,Review,https://play.google.com/store/apps/details?id=com.myntra.android,reezwan shaikh,2026-08-15 13:48:29,value for money,Myntra Google Play reviews,English
b6072ece-c632-4b07-9000-67ea4148296c,Myntra,Google Play,Review,https://play.google.com/store/apps/details?id=com.myntra.android,___ Gaurav,2026-08-15 13:46:50,good,Myntra Google Play reviews,English
d2626134-10e6-470b-8eac-4bc133c16046,Myntra,Google Play,Review,https://play.google.com/store/apps/details?id=com.myntra.android,Pragya GAUTAM,2026-08-15 13:43:51,nice,Myntra Google Play reviews,English
4aa2c991-f6f8-4975-99e9-3a0560697d98,Myntra,Google Play,Review,https://play.google.com/store/apps/details?id=com.myntra.android,Subhadarshani Jena,2026-08-15 13:41:33,excellent 👍,Myntra Google Play reviews,English
72690be1-99ad-4536-a78d-589ec54f6873,Myntra,Google Play,Review,https://play.google.com/store/apps/details?id=com.myntra.android,Utkarsh Madheshiya,2026-08-15 13:40:52,good quality product,Myntra Google Play reviews,English
757e9a75-88a8-4e8b-9c35-216c8a874bd7,Myntra,Google Play,Review,https://play.google.com/store/apps/details?id=com.myntra.android,J. MD AZAR,2026-08-15 13:37:57,one of the best online shopping app,Myntra Google Play reviews,English
60b6c21a-8953-4cbb-a182-3ca2fbea5da3,Myntra,Google Play,Review,https://play.google.com/store/apps/details?id=com.myntra.android,Hari Sudhan,2026-08-15 13:33:57,"The worst experience I have ever had. i ordered a trackpants on 26-july ,mistakenly i ordered wrong size so i cancelled immediately like within 2 minutes and they said refund amount is credited with 24 hours like 27th july, and today 15-Aug still my amount didn't received, i didn't get valid customer support.i don't know what to say did i scammed or what? don't order this app",Myntra Google Play reviews,English
32cbc881-6f67-4894-bb85-d31afe112ad8,Myntra,Google Play,Review,https://play.google.com/store/apps/details?id=com.myntra.android,syber,2026-08-15 13:31:59,I used myntra for the first time to buy some clothes and when I ordered the clothes I got scammed by delivery where I got only half my items and I complained myntra about how this matter should be resolved and they took like 5 days and told me forget you refund we won't even give you your item back .... that's so unprofessionalism by myntra and it's team so from now on I will never buy product from myntra .....,Myntra Google Play reviews,English
0517d12c-a8b9-4f3c-a01d-8f4f0c484ddc,Myntra,Google Play,Review,https://play.google.com/store/apps/details?id=com.myntra.android,Manoj Ahirwar,2026-08-15 13:23:32,good,Myntra Google Play reviews,English
7c5618f9-483b-4217-8585-d2e9e9dd6413,Myntra,Google Play,Review,https://play.google.com/store/apps/details?id=com.myntra.android,Nilakhi Tamuli,2026-08-15 13:22:48,my go to shopping app,Myntra Google Play reviews,English
6554401c-4ddb-4a15-a4f1-a7996da253d5,Myntra,Google Play,Review,https://play.google.com/store/apps/details?id=com.myntra.android,stk Realme,2026-08-15 13:21:50,wow i really impressed with delivery how polite and smooth handling and care the product of i order,Myntra Google Play reviews,English
3c7efe0b-bc9d-466c-94e2-3c3e096270bc,Myntra,Google Play,Review,https://play.google.com/store/apps/details?id=com.myntra.android,Rayidi Visweswararao,2026-08-15 13:20:21,easy to Shop and express delivery,Myntra Google Play reviews,English
e0d39a79-b9a2-4e0a-93a1-5ccd88820f67,Myntra,Google Play,Review,https://play.google.com/store/apps/details?id=com.myntra.android,Pankaj Bisht,2026-08-15 13:17:13,very good stuff,Myntra Google Play reviews,English
a310374f-0e77-4d3f-9927-53cd8692b777,Myntra,Google Play,Review,https://play.google.com/store/apps/details?id=com.myntra.android,Manoj Swami,2026-08-15 13:16:57,good product & fast delivery,Myntra Google Play reviews,English
a35ff04d-134c-4964-a5d6-b359fd1cedaa,Myntra,Google Play,Review,https://play.google.com/store/apps/details?id=com.myntra.android,Kalyani balusu,2026-08-15 13:13:05,very fast and trusted,Myntra Google Play reviews,English
ea43342a-5cc8-4067-8405-584e24ed64d1,Myntra,Google Play,Review,https://play.google.com/store/apps/details?id=com.myntra.android,Harpreet Singh,2026-08-15 13:12:20,godd experience,Myntra Google Play reviews,English
074f91ce-822b-429d-ac47-366adb08565f,Myntra,Google Play,Review,https://play.google.com/store/apps/details?id=com.myntra.android,Rakesh Kumar,2026-08-15 13:10:53,good,Myntra Google Play reviews,English
e577de22-56d9-4792-be43-09e6c1388df2,Myntra,Google Play,Review,https://play.google.com/store/apps/details?id=com.myntra.android,Neeraj Manhas,2026-08-15 13:08:32,Trustworthy online store and Application Myntra. You can trust it for their geniune quality.,Myntra Google Play reviews,English
30fc5467-da3f-44b8-ab90-4d9c4439b027,Myntra,Google Play,Review,https://play.google.com/store/apps/details?id=com.myntra.android,K.KITCHAPPARAJ kutty,2026-08-15 13:05:34,The best !!!,Myntra Google Play reviews,English
950aa654-25ab-4209-aaf3-a1f878c1afe2,Myntra,Google Play,Review,https://play.google.com/store/apps/details?id=com.myntra.android,Rupesh Kumar,2026-08-15 13:04:56,mast aaps,Myntra Google Play reviews,English
3885e22f-7924-438a-81f7-c5baf80e7638,Myntra,Google Play,Review,https://play.google.com/store/apps/details?id=com.myntra.android,Tanumita Dey,2026-08-15 13:02:44,"Love u myntra , u never ever disappointed me .😘😘😘",Myntra Google Play reviews,English
4d240263-48a0-4cfd-8ee2-37c97b44db2a,Myntra,Google Play,Review,https://play.google.com/store/apps/details?id=com.myntra.android,Sheikh Sethi,2026-08-15 13:02:11,best platform Myntra fashion show best brand Myntra provide quality good,Myntra Google Play reviews,English
55612c60-5758-466d-a80a-37a5e5e47e20,Myntra,Google Play,Review,https://play.google.com/store/apps/details?id=com.myntra.android,Saswati Pyine,2026-08-15 12:59:15,good,Myntra Google Play reviews,English
77b3307b-9e10-4e83-85a8-f0712fd8cad9,Myntra,Google Play,Review,https://play.google.com/store/apps/details?id=com.myntra.android,Prasadarao Tssv,2026-08-15 12:59:11,Good 👍,Myntra Google Play reviews,English
46f140e4-dfba-49d4-9e70-63b63c04d32a,Myntra,Google Play,Review,https://play.google.com/store/apps/details?id=com.myntra.android,Sunil Kumar,2026-08-15 12:57:15,good 👍🏻,Myntra Google Play reviews,English
4b695eef-923b-4b0e-b0f7-51c72887b1c9,Myntra,Google Play,Review,https://play.google.com/store/apps/details?id=com.myntra.android,Pawan Tripathi,2026-08-15 12:56:54,nice platform 💯💯😀😀,Myntra Google Play reviews,English
c15f905c-a5e5-48dd-b96f-bdf78fd2b0fd,Myntra,Google Play,Review,https://play.google.com/store/apps/details?id=com.myntra.android,Injapuri Radhika,2026-08-15 12:54:53,good experience shopping in myntra,Myntra Google Play reviews,English
71f7974a-a3bf-415e-ad2f-4ec9a41aea95,Myntra,Google Play,Review,https://play.google.com/store/apps/details?id=com.myntra.android,Sumit Pandey,2026-08-15 12:54:38,"Perfect for everyday use — quality bhi achhi aur look bhi super cute. Myntra lovers, this one is definitely worth checking out! ✨",Myntra Google Play reviews,English
a31b9dfd-8d92-4dcb-8beb-67c9f6c810f0,Myntra,Google Play,Review,https://play.google.com/store/apps/details?id=com.myntra.android,Vinod Datika,2026-08-15 12:53:07,wow 😃👍,Myntra Google Play reviews,English
fd2609c9-de74-4fd7-bb0b-1180dacb29f4,Myntra,Google Play,Review,https://play.google.com/store/apps/details?id=com.myntra.android,Hema,2026-08-15 12:49:14,good &best for on line purchase.,Myntra Google Play reviews,English
8d94c5e8-b5a1-4c3e-a53f-a1865af0cb3f,Myntra,Google Play,Review,https://play.google.com/store/apps/details?id=com.myntra.android,Palak Singhal,2026-08-15 12:48:00,best quality,Myntra Google Play reviews,English
7e5d9421-5afd-4e6f-808a-c8efbe5c3680,Myntra,Google Play,Review,https://play.google.com/store/apps/details?id=com.myntra.android,Kruthik Jala,2026-08-15 12:47:34,"Very poor service. They are focused on their app and clothing brands, but not on delivery. My order is highly delayed even after choosing express delivery. Customer service is not giving a proper response about the delay. Whenever I call, they keep me on hold for a long time. Very disappointing experience with both delivery and customer support.",Myntra Google Play reviews,English
8b811d0e-391e-4498-9eb0-c24ab05dde16,Myntra,Google Play,Review,https://play.google.com/store/apps/details?id=com.myntra.android,Manish Sharma,2026-08-15 12:47:16,Hmesha achhe product milta hai,Myntra Google Play reviews,English
b86ed5db-b457-4c3d-a16c-b361b6d55dc9,Myntra,Google Play,Review,https://play.google.com/store/apps/details?id=com.myntra.android,Vali Shaik,2026-08-15 12:47:06,very good,Myntra Google Play reviews,English
e6ebaba9-6ccc-46a6-a70d-57b99a031c2e,Myntra,Google Play,Review,https://play.google.com/store/apps/details?id=com.myntra.android,Reha Sindhwal,2026-08-15 12:45:54,wonderful app,Myntra Google Play reviews,English
94dc8b08-124c-422c-b159-24daebdc4bba,Myntra,Google Play,Review,https://play.google.com/store/apps/details?id=com.myntra.android,sadre alam,2026-08-15 12:40:24,"Good experience with Myntra, all time, easy purchasing and return",Myntra Google Play reviews,English
7f6af595-7d23-4044-a6e0-549f7c698d0f,Myntra,Google Play,Review,https://play.google.com/store/apps/details?id=com.myntra.android,Vartika Bhardwaj,2026-08-15 12:36:40,good quality product and also good coustomer service,Myntra Google Play reviews,English
09a96f03-da99-4b37-ab39-0511158274fd,Myntra,Google Play,Review,https://play.google.com/store/apps/details?id=com.myntra.android,Pratima Thakur,2026-08-15 12:35:36,I like this app,Myntra Google Play reviews,English
6f8116ea-ea22-4205-b69e-1f83e40f8de8,Myntra,Google Play,Review,https://play.google.com/store/apps/details?id=com.myntra.android,VĀÌ,2026-08-15 12:35:10,very bad costumer support ai calls and ai chat support I genuinely suggest don't buy with myntra dilivery agents behaviour was very bad and they cancelled order without asking to you,Myntra Google Play reviews,English
478f59b7-e999-4e60-ab24-2f410bd2d174,Myntra,Google Play,Review,https://play.google.com/store/apps/details?id=com.myntra.android,Premchand Behera,2026-08-15 12:30:19,"the app is kinda cool 😎 it is full of insane baggys , i love it it is the only app u need if u are in fashion 😜",Myntra Google Play reviews,English
e1faf1e0-68ab-4c11-ae7d-d746ab9d1155,Myntra,Google Play,Review,https://play.google.com/store/apps/details?id=com.myntra.android,Biyon Embison,2026-08-15 12:29:59,this is a very good app to purchase clothes on various trends,Myntra Google Play reviews,English
320010a6-ea00-4392-a321-cd1c50c569cc,Myntra,Google Play,Review,https://play.google.com/store/apps/details?id=com.myntra.android,Antara Chavan,2026-08-15 12:29:34,superb,Myntra Google Play reviews,English
0196662e-8e25-4012-9910-d926476b952b,Myntra,Google Play,Review,https://play.google.com/store/apps/details?id=com.myntra.android,Harjinder Singh,2026-08-15 12:29:30,very nice app,Myntra Google Play reviews,English
55dd4091-b999-4678-87e9-18f515f0ce65,Myntra,Google Play,Review,https://play.google.com/store/apps/details?id=com.myntra.android,Sushma,2026-08-15 12:26:40,lots of varieties,Myntra Google Play reviews,English
64c7cc33-8368-4520-b682-bd7f7e0db9a2,Myntra,Google Play,Review,https://play.google.com/store/apps/details?id=com.myntra.android,Alok singh,2026-08-15 12:26:32,nicee,Myntra Google Play reviews,English
65d417f4-9aa1-4c52-ace8-d5454208d485,Myntra,Google Play,Review,https://play.google.com/store/apps/details?id=com.myntra.android,Soni Jigar,2026-08-15 12:25:18,very good app for clothes purchasing 😃,Myntra Google Play reviews,English
7cdf5a40-d81f-491b-a989-1e8da9f950b6,Myntra,Google Play,Review,https://play.google.com/store/apps/details?id=com.myntra.android,Md Nafeesur Rahman,2026-08-15 12:23:46,good,Myntra Google Play reviews,English
240247bd-337a-4c8a-9349-8d67c6b27d0c,Myntra,Google Play,Review,https://play.google.com/store/apps/details?id=com.myntra.android,Rajdeep Roy,2026-08-15 12:20:45,very late delivery on every order 😞,Myntra Google Play reviews,English
d841f1f9-bf7e-4865-b6c9-70ab0e7233b1,Myntra,Google Play,Review,https://play.google.com/store/apps/details?id=com.myntra.android,sriram kadali,2026-08-15 12:19:37,"The worst application; the delivery process is very bad, with delays of weeks. 15 days for delivery of a shirt completely disappointed",Myntra Google Play reviews,English
a7923c0a-cb61-411d-84a8-0f68f11714ea,Myntra,Google Play,Review,https://play.google.com/store/apps/details?id=com.myntra.android,sachin BiradarPatil,2026-08-15 12:18:26,"guys be careful, I've ordered Titan wrist watch for my wife. after delivery, after 2 days it went defective, tried to replace/return it, but now ""my orders"" page is empty. not showing any history. tried to resolve it through "" help "" from corner icon, but it's trying to link to recent orders ( which shows empty). I trusted myntra.... but after this review, myntra had responded to my issue and resolved it through replacement of defective product. thanks myntra",Myntra Google Play reviews,English
457d17d9-e240-420f-9019-8c51cbee91b9,Myntra,Google Play,Review,https://play.google.com/store/apps/details?id=com.myntra.android,Revathi kuppan,2026-08-15 12:18:23,good,Myntra Google Play reviews,English
5fcd9b80-c77e-4ac4-a43e-0e39c9205e32,Myntra,Google Play,Review,https://play.google.com/store/apps/details?id=com.myntra.android,Varalaxmi Basirla,2026-08-15 12:17:50,good,Myntra Google Play reviews,English
d475adb3-f7d8-4170-8841-c4c9f2fec49d,Myntra,Google Play,Review,https://play.google.com/store/apps/details?id=com.myntra.android,Shiva sai Chappidi,2026-08-15 12:11:42,excellent quality and best,Myntra Google Play reviews,English
c262a318-369e-49fb-a68c-6a244e38aeea,Myntra,Google Play,Review,https://play.google.com/store/apps/details?id=com.myntra.android,Richa Gautam,2026-08-15 12:10:51,best shopping app,Myntra Google Play reviews,English
3a178967-c3f2-46fd-b7e8-2acfa176a00e,Myntra,Google Play,Review,https://play.google.com/store/apps/details?id=com.myntra.android,Shrasti,2026-08-15 12:09:01,amazing app,Myntra Google Play reviews,English
3fd32426-9457-4305-8536-9dd43630d55e,Myntra,Google Play,Review,https://play.google.com/store/apps/details?id=com.myntra.android,Deepak prasad,2026-08-15 12:08:57,best app,Myntra Google Play reviews,English
a2bceaec-be40-499e-84bb-f926e4ed5926,Myntra,Google Play,Review,https://play.google.com/store/apps/details?id=com.myntra.android,Akash Singh,2026-08-15 12:07:23,good 😊,Myntra Google Play reviews,English
7c5f81f3-19a2-446d-8ed9-d1dca8d57f68,Myntra,Google Play,Review,https://play.google.com/store/apps/details?id=com.myntra.android,Shubham Dahiya,2026-08-15 12:07:11,👍👍,Myntra Google Play reviews,English
b3cc2025-1d63-44f7-ab37-57fd30d75aa9,Myntra,Google Play,Review,https://play.google.com/store/apps/details?id=com.myntra.android,Sonu Yadav,2026-08-15 12:06:18,"काम चोर है एक पार्सल मिला है, अब तक थक चुका हूं, गलती यह है की धारूहेड़ा या टपूकड़ा से पार्सल डिलीवर ही नहीं हो रहा है, वहां से बार बार कैंसिल कर रहे है, अकाउंट ही डिलीट कर दूंगा ।sorry कोई भी कंपनी वाले आपका सामन मुझे ये डिलीवर नही कर सकेगे, इसलिए में कैंसिल कर रहा हूं हो सके तो इस myntra प्लेटफॉर्म पर सामन ना बचे। धन्यवाद इशू कुछ भी डाल रहा हूं",Myntra Google Play reviews,English
4a9db55a-d2ca-4f7e-9282-1e71e06840b2,Myntra,Google Play,Review,https://play.google.com/store/apps/details?id=com.myntra.android,Amutha Amutha,2026-08-15 12:05:35,best fasion app,Myntra Google Play reviews,English
f25e83d9-e37d-4a79-b6fd-a1e9d04a292f,Myntra,Google Play,Review,https://play.google.com/store/apps/details?id=com.myntra.android,Sana Chatterjee,2026-08-15 12:05:12,app is good but I'm very disappointed because there is only one payment app that is phone pe and what about other apps because many people including me many people do not use phonepe then how could we buy the items please it's my humble request to check it,Myntra Google Play reviews,English
7586243c-215b-4367-be2b-f2816d26add6,Myntra,Google Play,Review,https://play.google.com/store/apps/details?id=com.myntra.android,PATHAN YAHAYA KHAN AHEMAD KHAN,2026-08-15 12:02:53,user-friendly interface,Myntra Google Play reviews,English
81bf8061-6ee6-4e2a-b56e-5a39aafc222f,Myntra,Google Play,Review,https://play.google.com/store/apps/details?id=com.myntra.android,Taniya Biswas,2026-08-15 12:00:40,good quality product,Myntra Google Play reviews,English
b3a696d3-3a84-4ea1-8dde-3a3a127fbb5f,Myntra,Google Play,Review,https://play.google.com/store/apps/details?id=com.myntra.android,MOHAMMD ABDUL ALEEM,2026-08-15 11:58:38,it's a good aap,Myntra Google Play reviews,English
2bb39ef9-35f1-4a98-87dc-3cff94d22929,Myntra,Google Play,Review,https://play.google.com/store/apps/details?id=com.myntra.android,A H Pailan,2026-08-15 11:51:21,it awesome experience ...,Myntra Google Play reviews,English
df082dc2-b68e-412a-a8e4-343f6b6ed870,Myntra,Google Play,Review,https://play.google.com/store/apps/details?id=com.myntra.android,Laxmi Sharma,2026-08-15 11:50:56,amazing,Myntra Google Play reviews,English
1daeb758-ca1b-4883-928c-73ab8a3bf74c,Myntra,Google Play,Review,https://play.google.com/store/apps/details?id=com.myntra.android,Authur,2026-08-15 11:50:54,"very nice app for ordering clothes, quality is also very nice",Myntra Google Play reviews,English
53104d38-45e0-41b2-bdbc-d520c80ed3f7,Myntra,Google Play,Review,https://play.google.com/store/apps/details?id=com.myntra.android,smily Santhosh,2026-08-15 11:46:24,noce,Myntra Google Play reviews,English
bd59b808-781e-4d88-a474-271233a37dcc,Myntra,Google Play,Review,https://play.google.com/store/apps/details?id=com.myntra.android,RAVI RAJBHAR (rj kabir),2026-08-15 11:44:28,good,Myntra Google Play reviews,English
daed1b3c-ff2e-49fc-97f5-97e2e716bc0c,Myntra,Google Play,Review,https://play.google.com/store/apps/details?id=com.myntra.android,Nadambaram Gayathri,2026-08-15 11:42:59,best and quality products available in this app,Myntra Google Play reviews,English
eee45acf-c817-497c-9492-0c250db93cb2,Myntra,Google Play,Review,https://play.google.com/store/apps/details?id=com.myntra.android,RAVRANI SANJAY MAHESH BHAI,2026-08-15 11:41:18,good service good rate 💯,Myntra Google Play reviews,English
b4655e3e-9fc0-4efc-b637-9d08fb0c38f5,Myntra,Google Play,Review,https://play.google.com/store/apps/details?id=com.myntra.android,Pranali Mandve,2026-08-15 11:41:10,nice,Myntra Google Play reviews,English
e57cc7d4-a486-4071-87ee-acfe6e346961,Myntra,Google Play,Review,https://play.google.com/store/apps/details?id=com.myntra.android,Sagar Yadav,2026-08-15 11:38:37,good,Myntra Google Play reviews,English
c7eae7f1-81ee-4951-a437-54739f791259,Myntra,Google Play,Review,https://play.google.com/store/apps/details?id=com.myntra.android,Srujan Slim shady,2026-08-15 11:33:22,very genuine and trusted App it's really good,Myntra Google Play reviews,English
595e16dc-82ff-4f79-bb16-af06515bef10,Myntra,Google Play,Review,https://play.google.com/store/apps/details?id=com.myntra.android,Upendra Sahoo,2026-08-15 11:33:02,mast,Myntra Google Play reviews,English
ebc951dd-43e9-4c43-b03f-2a938c69d110,Myntra,Google Play,Review,https://play.google.com/store/apps/details?id=com.myntra.android,Imoangla Aier,2026-08-15 11:31:03,very good and convenient app,Myntra Google Play reviews,English
71ec9aa3-158c-4783-9585-36e440aa4211,Myntra,Google Play,Review,https://play.google.com/store/apps/details?id=com.myntra.android,Alphonsa Joseph,2026-08-15 11:28:18,Its really good app i ever seen.... Thankyou Myntra,Myntra Google Play reviews,English
a61e6f49-1230-4bc7-bea5-080f172792b7,Myntra,Google Play,Review,https://play.google.com/store/apps/details?id=com.myntra.android,M V PADMA HARSINI HARSINI,2026-08-15 11:25:08,Good quality of products as expected,Myntra Google Play reviews,English
a4c4a2c7-7ed0-46b5-90f2-d0823f88e08d,Myntra,Google Play,Review,https://play.google.com/store/apps/details?id=com.myntra.android,Deepa Kumari,2026-08-15 11:24:50,"Myntra’s service is becoming absolutely pathetic. I have now received the wrong product TWICE, and every time I raise a return, the response is the same robotic excuse: “Our seller/logistics team confirms that the correct product was packed.” What is the point of providing photos, videos, packaging details and every possible proof if Myntra has already decided to reject the customer’s complaint without even investigating it properly? This is not customer service—it’s customer harassment.",Myntra Google Play reviews,English
2636c823-3564-4f89-a956-945b74cbc241,Myntra,Google Play,Review,https://play.google.com/store/apps/details?id=com.myntra.android,Pradeep Singh,2026-08-15 11:21:02,so nice evryone product 💖,Myntra Google Play reviews,English
2f31ab7a-3eb0-47fc-a80c-e589807e1dda,Myntra,Google Play,Review,https://play.google.com/store/apps/details?id=com.myntra.android,Soumyaranjan Moharana,2026-08-15 11:19:04,good 👍 product,Myntra Google Play reviews,English
50ac8476-d210-41c0-b8c8-7e546bb3d5ce,Myntra,Google Play,Review,https://play.google.com/store/apps/details?id=com.myntra.android,Himanshi Chauhan,2026-08-15 11:18:48,products are in good quality and delivered in very less time,Myntra Google Play reviews,English
6082ca01-89cc-411c-a0b4-e0e3a07ae1ca,Myntra,Google Play,Review,https://play.google.com/store/apps/details?id=com.myntra.android,Rahul Kumar,2026-08-15 11:17:40,good service and best quality products are available here go and shop your wear 🩷,Myntra Google Play reviews,English
496b448d-9c34-40f7-94fb-3f8350234eb5,Myntra,Google Play,Review,https://play.google.com/store/apps/details?id=com.myntra.android,sridevi amith,2026-08-15 11:14:00,love this app,Myntra Google Play reviews,English
90faf60c-879b-4d17-957f-e352e083e5e3,Myntra,Google Play,Review,https://play.google.com/store/apps/details?id=com.myntra.android,Akansha Saroj,2026-08-15 11:12:44,Their services are pathetic and deteriorating day by day. Their logistic partners are not for any help. They have hired unprofessional people to work. My sim wasn't working so I updated my account with new number but still I am receiving whats app messages on older number and logistic partner declined to contact on new number by saying that number has not been updated.,Myntra Google Play reviews,English
005b0032-ac67-458b-a669-3325df98bc3d,Myntra,Google Play,Review,https://play.google.com/store/apps/details?id=com.myntra.android,Saba Fatima,2026-08-15 11:12:23,"very good app,too many options for shopping , and best part is easy returns or exchange ,",Myntra Google Play reviews,English
f73a9cb9-fbe9-4000-bdf6-21285bb74dac,Myntra,Google Play,Review,https://play.google.com/store/apps/details?id=com.myntra.android,kapil singh,2026-08-15 11:03:03,very helpful app..all product quality is very good 👍,Myntra Google Play reviews,English
8b6eacbd-7722-4ace-85b7-5b65e36cb7be,Myntra,Google Play,Review,https://play.google.com/store/apps/details?id=com.myntra.android,Jitender0101 kumar,2026-08-15 11:01:08,very good products jo dikhaya whi deliver kiya aankh bnd kr ke myntra pr trust kr sakti hu m plz go for myntra for more trusted👌 shoping,Myntra Google Play reviews,English
b17b74c7-8aeb-4b40-a09e-d0ded6a753ba,Myntra,Google Play,Review,https://play.google.com/store/apps/details?id=com.myntra.android,Jiban Jyoti,2026-08-15 10:58:00,super,Myntra Google Play reviews,English
5c0b4489-0a16-4a9e-99a9-d8c188eb053d,Myntra,Google Play,Review,https://play.google.com/store/apps/details?id=com.myntra.android,Narender,2026-08-15 10:56:29,very good app,Myntra Google Play reviews,English
8f50db2e-64d0-4a0d-bf1d-c6712db44534,Myntra,Google Play,Review,https://play.google.com/store/apps/details?id=com.myntra.android,Parvesh Lata,2026-08-15 10:53:37,"Horrible. They are scammers. They delivered a wrong product, I raised a refund request, they don't do anything, just raise the incidents every time I call and say not to worry. Been 5 days nothing has happened, I've even emailed the customer grievance team, all of them are just jokers playing in the circus doing nothing just sending back auto replies. I'm going to consumer court",Myntra Google Play reviews,English
ab054e09-bdb3-49a6-92ab-047a67178774,Myntra,Google Play,Review,https://play.google.com/store/apps/details?id=com.myntra.android,Manjiri Naik,2026-08-15 10:49:37,too good and good discount,Myntra Google Play reviews,English
e001fead-999b-4069-b8ca-6eee87c2c63b,Myntra,Google Play,Review,https://play.google.com/store/apps/details?id=com.myntra.android,Sunil Kokare,2026-08-15 10:49:27,nice app for online purchase,Myntra Google Play reviews,English
0c384214-a8d2-423a-8165-a3359a1f3b2f,Myntra,Google Play,Review,https://play.google.com/store/apps/details?id=com.myntra.android,Sunil Singh,2026-08-15 10:48:34,good shopping app,Myntra Google Play reviews,English
b2373ddc-5012-467a-9b23-1398e8753d8c,Myntra,Google Play,Review,https://play.google.com/store/apps/details?id=com.myntra.android,shyam bohra,2026-08-15 10:43:04,They don't deliver on time and don't let you connect to the real agent for your problem. You can keep calling all day but you will get only automated options and automated answer no option to connect to real person be it chat or be it on call.,Myntra Google Play reviews,English
d63c5b46-e838-4050-b135-254845f22ab2,Myntra,Google Play,Review,https://play.google.com/store/apps/details?id=com.myntra.android,Rehan Shaikh,2026-08-15 10:40:56,I am using this app more than a year and I am very happy with the products and the price of the product are very reasonable so yeah I am having fun ☺️,Myntra Google Play reviews,English
68e3b56a-009c-4039-be6f-8b29edd62bd6,Myntra,Google Play,Review,https://play.google.com/store/apps/details?id=com.myntra.android,japjot Anand,2026-08-15 10:36:48,best app ever,Myntra Google Play reviews,English
20aa0f73-e680-4948-a09d-a73052ad9d35,Myntra,Google Play,Review,https://play.google.com/store/apps/details?id=com.myntra.android,Sarita Hajare,2026-08-15 10:36:39,Don't provide help.,Myntra Google Play reviews,English
0c7e9177-4a53-473f-af74-1ca527b7f6a9,Myntra,Google Play,Review,https://play.google.com/store/apps/details?id=com.myntra.android,Javed Khan,2026-08-15 10:27:17,good quality,Myntra Google Play reviews,English
b2e79736-204a-4066-bfe9-b393fad66515,Myntra,Google Play,Review,https://play.google.com/store/apps/details?id=com.myntra.android,OP VISHWAJEET OP,2026-08-15 10:23:39,very good look and fabric too,Myntra Google Play reviews,English
d7b97721-5848-4e21-aff0-0537e47f4f26,Myntra,Google Play,Review,https://play.google.com/store/apps/details?id=com.myntra.android,Nisha,2026-08-15 10:22:53,good 👍,Myntra Google Play reviews,English
35453c46-4382-424b-9aeb-318a96098c8d,Myntra,Google Play,Review,https://play.google.com/store/apps/details?id=com.myntra.android,Meenu S,2026-08-15 10:21:23,good one,Myntra Google Play reviews,English
3a8ff1f0-b4df-4f18-a0ae-5209b319971f,Myntra,Google Play,Review,https://play.google.com/store/apps/details?id=com.myntra.android,pankaj jain,2026-08-15 10:19:54,great,Myntra Google Play reviews,English
cdc7e4bb-14e5-4ccf-9f9f-d0bcca20feef,Myntra,Google Play,Review,https://play.google.com/store/apps/details?id=com.myntra.android,ANANYA Das modak,2026-08-15 10:14:53,good,Myntra Google Play reviews,English
d43ca75b-5dc4-4a5e-812b-b4b150218c90,Myntra,Google Play,Review,https://play.google.com/store/apps/details?id=com.myntra.android,Kamla Gusain,2026-08-15 10:13:35,Average app,Myntra Google Play reviews,English
ce4be169-00af-448b-ab60-5700cf1bbf18,Myntra,Google Play,Review,https://play.google.com/store/apps/details?id=com.myntra.android,Babu Singh,2026-08-15 10:11:03,so good app i like this so much ❤️,Myntra Google Play reviews,English
92ecb712-0340-4aea-8b09-5a35a50e7c9b,Myntra,Google Play,Review,https://play.google.com/store/apps/details?id=com.myntra.android,Virendra singh Borana,2026-08-15 10:08:17,beautiful,Myntra Google Play reviews,English
f16cbb9b-bc05-4d26-b6a4-6884de1096df,Myntra,Google Play,Review,https://play.google.com/store/apps/details?id=com.myntra.android,Kausar Jameel,2026-08-15 10:06:11,ok,Myntra Google Play reviews,English
0867cb2a-729c-471b-b5ca-b2483d6da489,Myntra,Google Play,Review,https://play.google.com/store/apps/details?id=com.myntra.android,Ajit Kumar Sinha,2026-08-15 10:06:07,good app,Myntra Google Play reviews,English
0a1ffd0e-50fe-4916-8d1f-5a5d71eaee32,Myntra,Google Play,Review,https://play.google.com/store/apps/details?id=com.myntra.android,Latha. M Latha. M,2026-08-15 10:05:21,gud🇮🇳,Myntra Google Play reviews,English
e7dec677-d1b1-4dce-93a0-e856035b809c,Myntra,Google Play,Review,https://play.google.com/store/apps/details?id=com.myntra.android,Chaya Sharma,2026-08-15 10:05:21,genuine products with genuine price,Myntra Google Play reviews,English
13dece3d-5b4a-49e0-8e71-d1e713ebbbc7,Myntra,Google Play,Review,https://play.google.com/store/apps/details?id=com.myntra.android,Ankit Mishra,2026-08-15 09:58:59,very well,Myntra Google Play reviews,English
6ec8bbac-4976-45da-8878-d1d4ab0444f7,Myntra,Google Play,Review,https://play.google.com/store/apps/details?id=com.myntra.android,Jyoti Pathak,2026-08-15 09:51:58,good,Myntra Google Play reviews,English
f550018a-54a3-484b-9c7e-26b9aa1337d9,Myntra,Google Play,Review,https://play.google.com/store/apps/details?id=com.myntra.android,Karan Kumar,2026-08-15 09:51:34,good app,Myntra Google Play reviews,English
d7dc0d0e-812a-4a2c-87ed-6c1eaa8a090b,Myntra,Google Play,Review,https://play.google.com/store/apps/details?id=com.myntra.android,Priyadharshini Dharshini,2026-08-15 09:49:15,super,Myntra Google Play reviews,English
e0e2c6a3-661a-4728-951c-ecaad4c3ad6f,Myntra,Google Play,Review,https://play.google.com/store/apps/details?id=com.myntra.android,Swathi Gedela,2026-08-15 09:47:40,exllent,Myntra Google Play reviews,English
ca3453e5-f4bd-4df5-a6d3-65c41fe47aa9,Myntra,Google Play,Review,https://play.google.com/store/apps/details?id=com.myntra.android,Diksha Desale,2026-08-15 09:43:32,I like this app so much.,Myntra Google Play reviews,English
79dcea74-3717-4b00-bc92-e9f1557b8429,Myntra,Google Play,Review,https://play.google.com/store/apps/details?id=com.myntra.android,Ruby Rashmi,2026-08-15 09:37:04,"uninstalling right away. my products were marked delivered, without delivering. now myntra is not investigating as it has been 5 days. I was travelling and didn't know about this rule, myntra is so strict that even if someone is at loss, they are just going to stay ignorant for issues like this. wonderful customer care.",Myntra Google Play reviews,English
a15e35ec-9aa1-452e-b38d-f7a87de928ce,Myntra,Google Play,Review,https://play.google.com/store/apps/details?id=com.myntra.android,Prachi Tiwari,2026-08-15 09:36:48,good,Myntra Google Play reviews,English
63d33318-cd3d-4bd3-9bf1-dea1828881f2,Myntra,Google Play,Review,https://play.google.com/store/apps/details?id=com.myntra.android,shishir bhardwaj,2026-08-15 09:34:25,very good interface,Myntra Google Play reviews,English
28e5f23a-0eb9-487a-b8f6-92c93ce67030,Myntra,Google Play,Review,https://play.google.com/store/apps/details?id=com.myntra.android,Semiya Palagiri,2026-08-15 09:32:20,very good products under budget thank you myntra,Myntra Google Play reviews,English
0aec9b2d-a96e-47f5-aeb8-9e260de67e05,Myntra,Google Play,Review,https://play.google.com/store/apps/details?id=com.myntra.android,Akanksha Kumari,2026-08-15 09:31:28,good,Myntra Google Play reviews,English
03001f66-18b4-405d-871b-0c3a7ca66777,Myntra,Google Play,Review,https://play.google.com/store/apps/details?id=com.myntra.android,Purvi Singh,2026-08-15 09:28:53,best quality,Myntra Google Play reviews,English
ce2955b8-a09e-4398-ace6-bc4ad62919f8,Myntra,Google Play,Review,https://play.google.com/store/apps/details?id=com.myntra.android,Rajendra Vishwakarma,2026-08-15 09:23:48,very good,Myntra Google Play reviews,English
66e67f8a-2614-4cc7-ad30-74bdbc4db1a1,Myntra,Google Play,Review,https://play.google.com/store/apps/details?id=com.myntra.android,Krishna Karan,2026-08-15 09:19:56,god product,Myntra Google Play reviews,English
4db1a6d4-3e9c-440d-bcad-e15af82af2f3,Myntra,Google Play,Review,https://play.google.com/store/apps/details?id=com.myntra.android,L.rajesh Mudhiraj,2026-08-15 09:19:53,nice quality 💯,Myntra Google Play reviews,English
5e24ad83-0a0f-4632-b56d-d5f23c897628,Myntra,Google Play,Review,https://play.google.com/store/apps/details?id=com.myntra.android,Sonu Somasundaran,2026-08-15 09:18:01,The app is using full of AI models. there is no way of knowing if the product is genuine. I find almost 80 % of the products use AI.,Myntra Google Play reviews,English
2dfcf6de-c58d-485d-8ea0-9f5b9cf69abd,Myntra,Google Play,Review,https://play.google.com/store/apps/details?id=com.myntra.android,Arti Singh,2026-08-15 09:14:54,"Acha he, badiya he ,esay to use he",Myntra Google Play reviews,English
57df6b11-b8b4-47b4-ae2f-46ed1cb7c1f4,Myntra,Google Play,Review,https://play.google.com/store/apps/details?id=com.myntra.android,Sanjay Rampur,2026-08-15 09:11:24,best app to purchase quality clothes with decent brands,Myntra Google Play reviews,English
69735365-b1b8-4f02-a02e-fddce698f2c3,Myntra,Google Play,Review,https://play.google.com/store/apps/details?id=com.myntra.android,Priti pandav,2026-08-15 09:11:13,I was very happy 😊 to using this App,Myntra Google Play reviews,English
5fb97a2b-31f9-4629-8e05-b18e8e92c812,Myntra,Google Play,Review,https://play.google.com/store/apps/details?id=com.myntra.android,Rajvveer Singh,2026-08-15 09:08:30,good,Myntra Google Play reviews,English
103e8080-7643-42cd-b83d-d8b623f4263f,Myntra,Google Play,Review,https://play.google.com/store/apps/details?id=com.myntra.android,jerin isac,2026-08-15 09:07:14,🥰👍,Myntra Google Play reviews,English
b281d7e7-1c5e-470c-9fa3-962d8b5cde03,Myntra,Google Play,Review,https://play.google.com/store/apps/details?id=com.myntra.android,Laxman Singh,2026-08-15 09:02:17,Best 😎,Myntra Google Play reviews,English
dfe01519-1631-46c2-8a05-ea6789a7b23d,Myntra,Google Play,Review,https://play.google.com/store/apps/details?id=com.myntra.android,Zonun Pari,2026-08-15 08:57:29,good app,Myntra Google Play reviews,English
293d1e50-d1a1-4fb9-8ee2-701bbaa141fe,Myntra,Google Play,Review,https://play.google.com/store/apps/details?id=com.myntra.android,Neeru Devi,2026-08-15 08:57:12,good,Myntra Google Play reviews,English
09f4505d-69a8-4f59-b931-ef44c855a2b4,Myntra,Google Play,Review,https://play.google.com/store/apps/details?id=com.myntra.android,Nutan Jha,2026-08-15 08:55:49,very good,Myntra Google Play reviews,English
b98968ea-4171-4f88-81de-ce7c2937d974,Myntra,Google Play,Review,https://play.google.com/store/apps/details?id=com.myntra.android,rekha meena,2026-08-15 08:53:24,pickup very late service,Myntra Google Play reviews,English
e48ab8fe-215e-4181-9048-a67c37b1259b,Myntra,Google Play,Review,https://play.google.com/store/apps/details?id=com.myntra.android,Mukul sharma,2026-08-15 08:51:56,product offered are very good.,Myntra Google Play reviews,English
6dbefe58-a2ba-4fb0-8743-51db9a44e420,Myntra,Google Play,Review,https://play.google.com/store/apps/details?id=com.myntra.android,Ruksana Bano,2026-08-15 08:50:10,very good,Myntra Google Play reviews,English
1864f613-c396-441d-82f9-9fd3972758cd,Myntra,Google Play,Review,https://play.google.com/store/apps/details?id=com.myntra.android,UTKARSH TIWARI,2026-08-15 08:47:41,good app for shopping 🛒,Myntra Google Play reviews,English
3579eddc-a701-4eb4-b55d-cb4fbb959680,Myntra,Google Play,Review,https://play.google.com/store/apps/details?id=com.myntra.android,Sweet Soul,2026-08-15 08:45:29,very good,Myntra Google Play reviews,English
cfca011a-2b04-46b8-9d86-b25f25f500aa,Myntra,Google Play,Review,https://play.google.com/store/apps/details?id=com.myntra.android,Punam Kumari,2026-08-15 08:39:45,very nice,Myntra Google Play reviews,English
643bb1a0-67db-4b87-98b0-8fc4da97c8da,Myntra,Google Play,Review,https://play.google.com/store/apps/details?id=com.myntra.android,Mayank Kushwah,2026-08-15 08:34:54,nice,Myntra Google Play reviews,English
1c1bb00e-758a-421b-a608-baf24f1bbbed,Myntra,Google Play,Review,https://play.google.com/store/apps/details?id=com.myntra.android,Parwati Sunar,2026-08-15 08:15:28,this product is very good for oily skin and I love it,Myntra Google Play reviews,English
69dd3659-bac2-4177-9ed5-3de298b1b6d2,Myntra,Google Play,Review,https://play.google.com/store/apps/details?id=com.myntra.android,Bablu Vimal,2026-08-15 08:14:41,best app for clothes shopping,Myntra Google Play reviews,English
7fee3ad0-4a7c-440b-8e6f-d4e3a3b0d61d,Myntra,Google Play,Review,https://play.google.com/store/apps/details?id=com.myntra.android,Virat ruhela,2026-08-15 08:14:12,bestest,Myntra Google Play reviews,English
8f1314b7-5361-4a30-a663-3c9d7742d417,Myntra,Google Play,Review,https://play.google.com/store/apps/details?id=com.myntra.android,K mahaboobbasha K mahaboobbasha,2026-08-15 08:12:05,superb product best quality cloth thanks from myntra,Myntra Google Play reviews,English
be2368f9-48f7-43a1-b69b-3860290cb11d,Myntra,Google Play,Review,https://play.google.com/store/apps/details?id=com.myntra.android,Janya S Bharath,2026-08-15 07:59:23,fablous app,Myntra Google Play reviews,English
5be6840d-0830-495b-946c-8d367a3becda,Myntra,Google Play,Review,https://play.google.com/store/apps/details?id=com.myntra.android,Devi queen designs,2026-08-15 07:56:46,superb ... very lightweight,Myntra Google Play reviews,English
41647129-3730-432d-b7e3-42facd32944c,Myntra,Google Play,Review,https://play.google.com/store/apps/details?id=com.myntra.android,Hitesh,2026-08-15 07:55:57,very nice platform to buy a things,Myntra Google Play reviews,English
91ee56b8-db7d-4d86-8036-22f4ee5c246a,Myntra,Google Play,Review,https://play.google.com/store/apps/details?id=com.myntra.android,Sandeep Dominic,2026-08-15 07:55:13,Very good experience,Myntra Google Play reviews,English
0fe72d93-feb2-43f9-b3d6-f60e6ac1779e,Myntra,Google Play,Review,https://play.google.com/store/apps/details?id=com.myntra.android,Kolli 1981,2026-08-15 07:51:13,good,Myntra Google Play reviews,English
920d0076-da23-41e4-ab09-a5e809a0c7f2,Myntra,Google Play,Review,https://play.google.com/store/apps/details?id=com.myntra.android,Kumar Natwar,2026-08-15 07:50:04,awesome,Myntra Google Play reviews,English
54566e28-445f-4425-8c79-5fd72cd9aff0,Myntra,Google Play,Review,https://play.google.com/store/apps/details?id=com.myntra.android,Lovely Sharma,2026-08-15 07:49:38,good job,Myntra Google Play reviews,English
74eef3a1-0848-4cef-bdcc-d5d04342c766,Myntra,Google Play,Review,https://play.google.com/store/apps/details?id=com.myntra.android,Anand Bhandari,2026-08-15 07:45:27,good fitting and Febric,Myntra Google Play reviews,English
780b6042-ffab-454c-b56d-3f23789a625c,Myntra,Google Play,Review,https://play.google.com/store/apps/details?id=com.myntra.android,Karuna Netam,2026-08-15 07:44:41,"Myntra is my favorite shopping app. I always shop from Myntra, and it never disappoints me. The quality of the products is also really good.",Myntra Google Play reviews,English
1fc08133-fca3-4323-ae5d-10bcbc8f4500,Myntra,Google Play,Review,https://play.google.com/store/apps/details?id=com.myntra.android,Vishal Kunale,2026-08-15 07:29:21,Myntra is best in india,Myntra Google Play reviews,English
c04023c9-8ec4-4b5f-b043-b3d8355f3ae9,Myntra,Google Play,Review,https://play.google.com/store/apps/details?id=com.myntra.android,Amarjit Kaur,2026-08-15 07:19:12,worst app of the world because they are deactivated my account of myntra from 13 Aug without giving any kind of reason I write my review previously but they don't give any customer support personally,Myntra Google Play reviews,English
9d1aeaab-4959-4713-8fca-04a808183f27,Myntra,Google Play,Review,https://play.google.com/store/apps/details?id=com.myntra.android,AAkash Kumar,2026-08-15 07:09:49,good app,Myntra Google Play reviews,English
5103217e-692e-4ca4-b37b-b56376a13b48,Myntra,Google Play,Review,https://play.google.com/store/apps/details?id=com.myntra.android,Pen Paper,2026-08-15 07:05:39,good,Myntra Google Play reviews,English
cfe97c9d-134f-43fa-9f8f-81588e921c44,Myntra,Google Play,Review,https://play.google.com/store/apps/details?id=com.myntra.android,RISHABH RANA,2026-08-15 07:04:19,what's a deal..☺️💌,Myntra Google Play reviews,English
4beed7ff-73da-414e-b956-3a9689d7b549,Myntra,Google Play,Review,https://play.google.com/store/apps/details?id=com.myntra.android,SATISH MUNGARA,2026-08-15 07:00:07,Nice.,Myntra Google Play reviews,English
38e5715c-1a4d-4b16-894c-472fd144c837,Myntra,Google Play,Review,https://play.google.com/store/apps/details?id=com.myntra.android,Himanshu,2026-08-15 06:57:52,wonderfull experience.,Myntra Google Play reviews,English
c4cc51de-a388-4340-ad9b-8b491b46726d,Myntra,Google Play,Review,https://play.google.com/store/apps/details?id=com.myntra.android,Simran Mankotia,2026-08-15 06:53:44,good services provided,Myntra Google Play reviews,English
280439c4-52ac-40a6-926f-df72dfa39fd7,Myntra,Google Play,Review,https://play.google.com/store/apps/details?id=com.myntra.android,Mani BESTHA,2026-08-15 06:47:47,super,Myntra Google Play reviews,English
375105ee-ae3b-41fb-bdc4-8bd60d17764a,Myntra,Google Play,Review,https://play.google.com/store/apps/details?id=com.myntra.android,Abhi Samthaan,2026-08-15 06:47:40,good,Myntra Google Play reviews,English
b64c4b73-f0c5-4076-b6e4-42c5dc31e8db,Myntra,Google Play,Review,https://play.google.com/store/apps/details?id=com.myntra.android,Dangerousplayer,2026-08-15 06:44:17,"Myntra Credit and MynCash are both available in my account, but I’m unable to use them together at checkout. When I choose to pay using Myntra Credit, the MynCash option becomes greyed out and cannot be selected, even though I have a MynCash balance. Please fix this issue and allow MynCash + Myntra Credit to be used together on eligible orders.",Myntra Google Play reviews,English
1dbbacc0-ed0d-4929-9384-629ba2b6bfec,Myntra,Google Play,Review,https://play.google.com/store/apps/details?id=com.myntra.android,HARSH VERMA,2026-08-15 06:37:32,earlier user interface was better than this newer one. more detailed and easier it was to use.,Myntra Google Play reviews,English
86cc11a9-7658-4c3f-81a6-e35cd6e5ef67,Myntra,Google Play,Review,https://play.google.com/store/apps/details?id=com.myntra.android,AKSHAY UMBARKAR,2026-08-15 05:45:21,delivered within the time and was smooth,Myntra Google Play reviews,English
bf16ae82-fe94-466a-ab96-009c64979b13,Myntra,Google Play,Review,https://play.google.com/store/apps/details?id=com.myntra.android,aryan,2026-08-15 05:20:27,ok,Myntra Google Play reviews,English
6a7b7e78-81a1-403b-92cb-0f40250c39a1,Myntra,Google Play,Review,https://play.google.com/store/apps/details?id=com.myntra.android,Sudhip Kumar,2026-08-15 04:38:04,this is good app,Myntra Google Play reviews,English
ae895ce5-eac5-4dcd-9434-5bb6ce9df46a,Myntra,Google Play,Review,https://play.google.com/store/apps/details?id=com.myntra.android,Bliss Girl,2026-08-15 04:32:02,very useful app,Myntra Google Play reviews,English
f7e0b756-f7bf-42e9-ab23-4a9d7f9733f6,Myntra,Google Play,Review,https://play.google.com/store/apps/details?id=com.myntra.android,7aufique,2026-08-15 04:07:07,The offer is great,Myntra Google Play reviews,English
334d4a68-ef8e-49f7-bbbc-ac1c96fe4779,Myntra,Google Play,Review,https://play.google.com/store/apps/details?id=com.myntra.android,Rohit Bhagat,2026-08-15 03:57:43,Nice App and Quality Product 👍,Myntra Google Play reviews,English
2b467e21-2af5-4df7-a576-4af55224e80a,Myntra,Google Play,Review,https://play.google.com/store/apps/details?id=com.myntra.android,Vishal Kolge,2026-08-15 03:27:40,Best,Myntra Google Play reviews,English
54aa3562-1118-4969-8bf8-69f4875b1e64,Myntra,Google Play,Review,https://play.google.com/store/apps/details?id=com.myntra.android,Ragner Lothbrook,2026-08-15 03:06:27,I got crazy shopping love this app,Myntra Google Play reviews,English
9d26087c-7bd3-45e8-8644-1ff0c13610cc,Myntra,Google Play,Review,https://play.google.com/store/apps/details?id=com.myntra.android,VIKRAM CHOUDHARY,2026-08-15 03:06:27,nice one. offer some additional cash discount for the people who deal in only in cash not in credit cards.,Myntra Google Play reviews,English
7f50fa6a-120e-4a08-8ee0-97ab868429cc,Myntra,Google Play,Review,https://play.google.com/store/apps/details?id=com.myntra.android,Sameer Ibrahim,2026-08-15 02:40:27,nice 🙂 good,Myntra Google Play reviews,English
db41b8e3-8ec2-4d6f-8469-26aee9e14709,Myntra,Google Play,Review,https://play.google.com/store/apps/details?id=com.myntra.android,Meenu Sharma,2026-08-15 02:31:23,best shopping app,Myntra Google Play reviews,English
f98eaa16-62ab-4650-a012-df24ed9d77a9,Myntra,Google Play,Review,https://play.google.com/store/apps/details?id=com.myntra.android,Shawn Francis,2026-08-15 02:15:54,The searching mechanism of this app is the worst You can't search properly what you want some products don't appear unless the exact name is written in the search bar .🤬🤬,Myntra Google Play reviews,English
2d43b826-46be-4f15-845a-7392edeed2b1,Myntra,Google Play,Review,https://play.google.com/store/apps/details?id=com.myntra.android,GURPREET KAUR,2026-08-15 02:07:33,WORST. Do not buy from Myntra. My husband ordered product from Myntra. Received wrong Product. Despite submitting the product unboxing video. Myntra refused the return request.,Myntra Google Play reviews,English
d9d37f99-5c80-460e-9d8a-aece509e3d6f,Myntra,Google Play,Review,https://play.google.com/store/apps/details?id=com.myntra.android,Tango Calypso,2026-08-15 01:59:36,awesome offers,Myntra Google Play reviews,English
fcdab048-56d9-4927-acc4-0bf2efb453ff,Myntra,Google Play,Review,https://play.google.com/store/apps/details?id=com.myntra.android,RuksarAshad Barbhuiya,2026-08-15 01:48:53,good,Myntra Google Play reviews,English
7f016bd2-8f4e-45be-bdc0-9b56f128db99,Myntra,Google Play,Review,https://play.google.com/store/apps/details?id=com.myntra.android,Amritha Chowhan,2026-08-15 01:40:08,awesome app,Myntra Google Play reviews,English
0a9fdfb8-b8a6-45b6-8a6e-52840c375b32,Myntra,Google Play,Review,https://play.google.com/store/apps/details?id=com.myntra.android,Ardra V,2026-08-15 01:29:03,good,Myntra Google Play reviews,English
8d28e490-1dd3-4bd9-ad94-48012baaab76,Myntra,Google Play,Review,https://play.google.com/store/apps/details?id=com.myntra.android,Malti Ramola,2026-08-15 01:18:52,ache brand rakho taki coustmer ko problem na ho..,Myntra Google Play reviews,English
f9a9fb3a-3906-44ea-a5e1-2167c1fbcbab,Myntra,Google Play,Review,https://play.google.com/store/apps/details?id=com.myntra.android,Kumar Tanmay,2026-08-15 01:09:24,mast,Myntra Google Play reviews,English
f805c659-b11c-4ec9-bb2a-e6bca28155ab,Myntra,Google Play,Review,https://play.google.com/store/apps/details?id=com.myntra.android,Vivek Makkar,2026-08-15 01:09:24,Best offers....Best Prices,Myntra Google Play reviews,English
6ec2a769-2c8d-4d3c-9db5-f40486807083,Myntra,Google Play,Review,https://play.google.com/store/apps/details?id=com.myntra.android,Digital Photo,2026-08-15 01:06:31,super service,Myntra Google Play reviews,English
fcdc55cc-fc98-4ecf-a519-d014b15a4ac3,Myntra,Google Play,Review,https://play.google.com/store/apps/details?id=com.myntra.android,Vikash Agarwal,2026-08-15 00:51:27,best,Myntra Google Play reviews,English
8e0f6ada-3dbe-4ef9-8133-d9fa0ad4708c,Myntra,Google Play,Review,https://play.google.com/store/apps/details?id=com.myntra.android,Md Ashfaque,2026-08-15 00:49:28,After recent update myncash can be used only after you add rupess 199 and above price so i want to ask myntra that you have only those products which price is above 199 aur if anyone wants to purchase less than 199 product you can't give them benefits of myncash.And myncash are only for 7 days after 7 days the price are decreasing everyday so you better provide a flat myncash everyday so In one week there is 199 plus myncash so people can purchase otherwise you may go back to the previous one.,Myntra Google Play reviews,English
71fca6bf-53f9-4278-83da-421231ffd0a5,Myntra,Google Play,Review,https://play.google.com/store/apps/details?id=com.myntra.android,Dhanashri Shetty,2026-08-15 00:48:31,I love myntra shopping.,Myntra Google Play reviews,English
bb1bafe7-07ed-48ec-bd61-26130278141d,Myntra,Google Play,Review,https://play.google.com/store/apps/details?id=com.myntra.android,Aryan,2026-08-15 00:34:43,very nice app,Myntra Google Play reviews,English
19e1848c-c461-49ca-ab7f-f4493e210e3f,Myntra,Google Play,Review,https://play.google.com/store/apps/details?id=com.myntra.android,Diksha Nakhate,2026-08-15 00:32:25,loved the app,Myntra Google Play reviews,English
55db23d1-1b71-4ebf-bc8a-b5211b3c764a,Myntra,Google Play,Review,https://play.google.com/store/apps/details?id=com.myntra.android,Sagar Verma,2026-08-15 00:32:13,good,Myntra Google Play reviews,English
79f392a5-4615-4fee-9eb1-6a29f588190c,Myntra,Google Play,Review,https://play.google.com/store/apps/details?id=com.myntra.android,Neha Neha,2026-08-15 00:29:03,good 👍,Myntra Google Play reviews,English
88e28ca3-8b0c-466f-b862-e666affd0e42,Myntra,Google Play,Review,https://play.google.com/store/apps/details?id=com.myntra.android,Bhawna karakoti,2026-08-15 00:25:47,All are original products. Specially Make up products..🥰 Love this. platform charges is high. others wise it's totally good 😊,Myntra Google Play reviews,English
2ba33c93-5bd5-4e84-9cb3-8eaf4d9e83bf,Myntra,Google Play,Review,https://play.google.com/store/apps/details?id=com.myntra.android,Sanjay Singh,2026-08-15 00:24:05,Quality is really very very good service is good but Quality I never seen,Myntra Google Play reviews,English
00d57aa7-24e4-4675-ac1b-85cfcccecc0e,Myntra,Google Play,Review,https://play.google.com/store/apps/details?id=com.myntra.android,Gurkirat singh,2026-08-15 00:21:16,good app but the delivery period is to late,Myntra Google Play reviews,English
484b57a9-151a-4053-a6aa-eef5282dfda7,Myntra,Google Play,Review,https://play.google.com/store/apps/details?id=com.myntra.android,GOLU Yadav,2026-08-15 00:12:02,best app,Myntra Google Play reviews,English
c7135c6e-51de-4d02-b61d-c7fdc5834778,Myntra,Google Play,Review,https://play.google.com/store/apps/details?id=com.myntra.android,Lovely Sharma,2026-08-15 00:11:12,nice app,Myntra Google Play reviews,English
1df5b019-9fb8-4f02-9dee-e8ef08f582cb,Myntra,Google Play,Review,https://play.google.com/store/apps/details?id=com.myntra.android,Khushi Chauhan,2026-08-15 00:07:12,best quality products,Myntra Google Play reviews,English
130a6c1e-9197-4afd-98ff-ddfc62f52bb8,Myntra,Google Play,Review,https://play.google.com/store/apps/details?id=com.myntra.android,Pankaj Kumar,2026-08-15 00:05:07,ok,Myntra Google Play reviews,English
c966ed22-a0dd-4943-861e-2a2f6edbdd66,Myntra,Google Play,Review,https://play.google.com/store/apps/details?id=com.myntra.android,Shahanwaz Alam,2026-08-15 00:01:29,super 💯,Myntra Google Play reviews,English
9964ad0e-e8d4-4304-8912-13b83ec523db,Myntra,Google Play,Review,https://play.google.com/store/apps/details?id=com.myntra.android,Payal Sriwash,2026-08-14 23:57:24,nice,Myntra Google Play reviews,English
e0edccc2-aa29-43dd-bcdd-6a52ad4260c7,Myntra,Google Play,Review,https://play.google.com/store/apps/details?id=com.myntra.android,deepak rajput,2026-08-14 23:56:13,best app affordable price,Myntra Google Play reviews,English
9d6033ed-b2f6-44c9-b9ed-e4ed7e094399,Myntra,Google Play,Review,https://play.google.com/store/apps/details?id=com.myntra.android,Yuvika Sharma,2026-08-14 23:54:30,myntra is best for everything,Myntra Google Play reviews,English
9be6aecc-5099-4454-89f5-ad4bcf932d3b,Myntra,Google Play,Review,https://play.google.com/store/apps/details?id=com.myntra.android,Mahabul Molla,2026-08-14 23:50:55,nice,Myntra Google Play reviews,English
f4792148-cd4f-46d4-b3f4-97fe4b3764ee,Myntra,Google Play,Review,https://play.google.com/store/apps/details?id=com.myntra.android,Anubhuti Sood,2026-08-14 23:50:46,Great deal found on Renne Cosmetics.,Myntra Google Play reviews,English
1cb8c4b7-2ed6-4edf-abd5-5c69e7326d54,Myntra,Google Play,Review,https://play.google.com/store/apps/details?id=com.myntra.android,Vidhi Sinha,2026-08-14 23:45:07,worst app,Myntra Google Play reviews,English
8c864c18-265a-41c3-aad8-3d15577a35a1,Myntra,Google Play,Review,https://play.google.com/store/apps/details?id=com.myntra.android,Manasi Manasi,2026-08-14 23:45:06,Kam Daam Achcha Kaam,Myntra Google Play reviews,English
1a77f825-d80b-472f-8deb-9733b29aafb3,Myntra,Google Play,Review,https://play.google.com/store/apps/details?id=com.myntra.android,Ankita Patil,2026-08-14 23:44:46,myntra is excellent,Myntra Google Play reviews,English
a3a6e7c2-9e0b-4e3f-89d8-64e4811d6acf,Myntra,Google Play,Review,https://play.google.com/store/apps/details?id=com.myntra.android,Priyanka Nimbalkar,2026-08-14 23:44:32,I love myntra.I am using this for 10 years. very trustworthy and reliable.,Myntra Google Play reviews,English
24c01a7d-9d7b-4039-b86b-f964ed25281f,Myntra,Google Play,Review,https://play.google.com/store/apps/details?id=com.myntra.android,Shuvangi Modak,2026-08-14 23:42:39,great,Myntra Google Play reviews,English
4b5213ff-1ffc-4bcf-ab39-81a5bdcfe2d9,Myntra,Google Play,Review,https://play.google.com/store/apps/details?id=com.myntra.android,anugraha 2003,2026-08-14 23:41:42,😍,Myntra Google Play reviews,English
28f86915-2eef-433f-86d3-6cc7d1dd00ff,Myntra,Google Play,Review,https://play.google.com/store/apps/details?id=com.myntra.android,Aryan kumar,2026-08-14 23:39:26,amazing,Myntra Google Play reviews,English
aba9ef70-90bf-4eb8-b7df-f34c77a2570e,Myntra,Google Play,Review,https://play.google.com/store/apps/details?id=com.myntra.android,Manthan Rana,2026-08-14 23:39:25,"worst shopping app ever it is not like this is my first time ever using online shopping app, there are so many apps I already use but this time with myntra worst experience happened. I have ordered something and it was a prepaid order then suddenly the next day they locked my account without any reason or message or explanation why they locked it. now what about my order what about my money which was prepaid already. it was a dress for my kid's birthday. and the customer support is not there",Myntra Google Play reviews,English
b1ece66d-ce02-4a03-a945-c8a2475bbe57,Myntra,Google Play,Review,https://play.google.com/store/apps/details?id=com.myntra.android,Sri rama traders,2026-08-14 23:34:49,Best collection for any season,Myntra Google Play reviews,English
9596f52e-7540-47c9-ac23-01e02bf708da,Myntra,Google Play,Review,https://play.google.com/store/apps/details?id=com.myntra.android,Prithivi B,2026-08-14 23:34:24,excellent,Myntra Google Play reviews,English
b6d47d0c-c6fe-4dcd-88dd-16115c02b13c,Myntra,Google Play,Review,https://play.google.com/store/apps/details?id=com.myntra.android,Oneplus with abhi,2026-08-14 23:28:01,great shopping experience 😁 and very good offers at times.,Myntra Google Play reviews,English
bb09694b-57bb-415a-95a2-a7865d2366fa,Myntra,Google Play,Review,https://play.google.com/store/apps/details?id=com.myntra.android,Payal Kharva,2026-08-14 23:22:43,awesome products..,Myntra Google Play reviews,English
7cfa4607-5b77-4d34-9b46-7ec70ac72912,Myntra,Google Play,Review,https://play.google.com/store/apps/details?id=com.myntra.android,Rashida Bano,2026-08-14 23:19:32,best aap ever,Myntra Google Play reviews,English
591dae1d-5809-4691-b5b4-8cf10433e12f,Myntra,Google Play,Review,https://play.google.com/store/apps/details?id=com.myntra.android,Awadhesh Verma,2026-08-14 23:12:18,very good,Myntra Google Play reviews,English
7fa9f79e-fa79-4458-94d5-d38e98cf7f4f,Myntra,Google Play,Review,https://play.google.com/store/apps/details?id=com.myntra.android,Khushi Saroya,2026-08-14 23:11:11,really nice experience,Myntra Google Play reviews,English
84912f70-ceb2-4010-95a6-4129c600aa83,Myntra,Google Play,Review,https://play.google.com/store/apps/details?id=com.myntra.android,Harsh Gupta,2026-08-14 23:08:33,it's good as compared to amazon and flipkart,Myntra Google Play reviews,English
33b7c350-76f6-4f1e-808d-001b6b64eb59,Myntra,Google Play,Review,https://play.google.com/store/apps/details?id=com.myntra.android,Naman Gupta,2026-08-14 23:00:52,one of the best shopping aap I found...,Myntra Google Play reviews,English
85be2676-4acc-4563-9638-8d4d620e1b6e,Myntra,Google Play,Review,https://play.google.com/store/apps/details?id=com.myntra.android,Mrunmayee Kadam,2026-08-14 23:00:35,i lovee this app,Myntra Google Play reviews,English
d24aafbc-951c-4cf1-b4bb-43808b9db70d,Myntra,Google Play,Review,https://play.google.com/store/apps/details?id=com.myntra.android,Naitik Rabari,2026-08-14 22:58:06,best,Myntra Google Play reviews,English
ed58eeea-f2af-43e5-963f-9544e642022c,Myntra,Google Play,Review,https://play.google.com/store/apps/details?id=com.myntra.android,Beena Shah,2026-08-14 22:56:39,well maintained in design and clothing and style...suits for every age..very satisfied,Myntra Google Play reviews,English
670cbd9a-03cd-419e-897e-3a10b5acc19d,Myntra,Google Play,Review,https://play.google.com/store/apps/details?id=com.myntra.android,Soorya Thejas,2026-08-14 22:56:31,goodd,Myntra Google Play reviews,English
1d31f22c-7220-4a5e-890d-7f98af4840a5,Myntra,Google Play,Review,https://play.google.com/store/apps/details?id=com.myntra.android,Sanjay Chaudhary,2026-08-14 22:55:21,Amazing app for shopping at best prices. lots of brands and articles to choose from with great discounts must try 🙂 Loved it 😜,Myntra Google Play reviews,English
cbd3395a-c818-41cb-9ba3-e42dde73aaaf,Myntra,Google Play,Review,https://play.google.com/store/apps/details?id=com.myntra.android,S Jadhav,2026-08-14 22:47:23,outstanding,Myntra Google Play reviews,English
0046950e-e3db-4c9c-97ca-b9918ab9a505,Myntra,Google Play,Review,https://play.google.com/store/apps/details?id=com.myntra.android,Pavan Masram,2026-08-14 22:46:30,good 😊,Myntra Google Play reviews,English
b602f6b5-8aae-4fe6-9a66-5fc3bbad4003,Myntra,Google Play,Review,https://play.google.com/store/apps/details?id=com.myntra.android,siva Krishna. K,2026-08-14 22:43:04,good 👍,Myntra Google Play reviews,English
5ace7e72-7227-4e81-97b2-b8672ec3adda,Myntra,Google Play,Review,https://play.google.com/store/apps/details?id=com.myntra.android,DASHARATHI PALEI,2026-08-14 22:42:23,good 👍👍,Myntra Google Play reviews,English
76b3b409-37c3-4ea6-a559-b7814e7895b3,Myntra,Google Play,Review,https://play.google.com/store/apps/details?id=com.myntra.android,GAJENDRA KUMAR NAIK,2026-08-14 22:42:19,AI कस्टमर केयर बिलकुल काम का नहीं है। अब इसमें क्वालिटी प्रोडक्ट भी नहीं मिल पा रहा है।,Myntra Google Play reviews,English
c7a07e12-18af-4238-b050-74febcf1a5c4,Myntra,Google Play,Review,https://play.google.com/store/apps/details?id=com.myntra.android,Stranger Choudhary,2026-08-14 22:39:10,incredible app 🖤🤍,Myntra Google Play reviews,English
4ab0c42b-4a91-42d4-96ab-c72610b460c8,Myntra,Google Play,Review,https://play.google.com/store/apps/details?id=com.myntra.android,Puram Radhika Reddy,2026-08-14 22:28:20,good product,Myntra Google Play reviews,English
28cde24d-fb58-410a-8a6e-fa10d06c118b,Myntra,Google Play,Review,https://play.google.com/store/apps/details?id=com.myntra.android,Jagan Sahoo,2026-08-14 22:23:00,very good product available here,Myntra Google Play reviews,English
8b8ca5a1-1835-4cb4-a24e-d664a0256a41,Myntra,Google Play,Review,https://play.google.com/store/apps/details?id=com.myntra.android,Ajit Kumar Das,2026-08-14 22:19:26,I have very nice experience with myntra.,Myntra Google Play reviews,English
4d278146-b685-4353-a883-9bb4a3f5ed5e,Myntra,Google Play,Review,https://play.google.com/store/apps/details?id=com.myntra.android,DARK Shiftu,2026-08-14 22:15:17,best for shop,Myntra Google Play reviews,English
0c36be9b-5b53-4090-8469-cee9d2196b6e,Myntra,Google Play,Review,https://play.google.com/store/apps/details?id=com.myntra.android,tarique kamal,2026-08-14 22:07:33,bekar app,Myntra Google Play reviews,English
75b449bd-3862-4587-8075-f7232986719a,Myntra,Google Play,Review,https://play.google.com/store/apps/details?id=com.myntra.android,Riya Parab,2026-08-14 22:06:45,"I orders three kurti sets and 2 of them were defective, this was my first time online shopping bht I got disappointed a lot from myntra, And the team was holes in dresses in between only.",Myntra Google Play reviews,English
dc50e54e-d537-4034-a540-15de4c790d06,Myntra,Google Play,Review,https://play.google.com/store/apps/details?id=com.myntra.android,Pramod Toppo,2026-08-14 22:06:00,nice app gives good clothing,Myntra Google Play reviews,English
6bc0ef33-2e8a-41f8-8098-8c854ea02667,Myntra,Google Play,Review,https://play.google.com/store/apps/details?id=com.myntra.android,Rahul,2026-08-14 22:05:49,frauds selling first copy shoes,Myntra Google Play reviews,English
532c9925-50b8-4e8a-b79a-aa1ac87e3deb,Myntra,Google Play,Review,https://play.google.com/store/apps/details?id=com.myntra.android,Kunal Patil,2026-08-14 22:04:31,every time Login in App it always show too many attempts. myntra not solving this problem.,Myntra Google Play reviews,English
08c82645-c988-40da-9e09-b3403c8f27e5,Myntra,Google Play,Review,https://play.google.com/store/apps/details?id=com.myntra.android,Sanchita Pawar,2026-08-14 22:04:12,"I ordered prestige electric kettle , 1 st time it delayed for like 15 days from scheduled date ,and I also called for call for support but nothing changed and so I cancelled order , but I ordered again and this time also same thing happened , ,,very bad experience don't go for electric things poor experience",Myntra Google Play reviews,English
1b41d237-f53f-40de-af5d-91958721aea7,Myntra,Google Play,Review,https://play.google.com/store/apps/details?id=com.myntra.android,Venkataramana Kadali,2026-08-14 22:02:39,very nice,Myntra Google Play reviews,English
49af3d2e-367a-4f96-a0e5-31f173f283dc,Myntra,Google Play,Review,https://play.google.com/store/apps/details?id=com.myntra.android,Manbir Kaur,2026-08-14 22:01:37,Great,Myntra Google Play reviews,English
acd6b9dc-7283-4b3f-b446-4fe7cf405706,Myntra,Google Play,Review,https://play.google.com/store/apps/details?id=com.myntra.android,javeed java,2026-08-14 21:56:10,good offers super fast delivery service,Myntra Google Play reviews,English
7715d698-da9a-4ee7-8d59-194e18bf3e04,Myntra,Google Play,Review,https://play.google.com/store/apps/details?id=com.myntra.android,Vaidehi Surana,2026-08-14 21:55:46,The overall experience was great until it started putting up new and waste rules. You will have to add a certain amount that changes with product to avail myntra cash. Even if I add certain things it still shows add more. I would rather buy from other app than this.,Myntra Google Play reviews,English
a7721158-a304-46db-a7b8-8b9593ceb9c7,Myntra,Google Play,Review,https://play.google.com/store/apps/details?id=com.myntra.android,Ram Thakur,2026-08-14 21:54:08,good quality order,Myntra Google Play reviews,English
a6b2eee2-76ae-447e-b510-a358727294bb,Myntra,Google Play,Review,https://play.google.com/store/apps/details?id=com.myntra.android,Ramesh K,2026-08-14 21:51:41,nice 👌,Myntra Google Play reviews,English
fbe8288f-9105-4d1f-9268-30773cd13ea9,Myntra,Google Play,Review,https://play.google.com/store/apps/details?id=com.myntra.android,Dinesh kumar,2026-08-14 21:47:31,very fast app,Myntra Google Play reviews,English
f3b06053-f670-45c6-a14a-02a641380119,Myntra,Google Play,Review,https://play.google.com/store/apps/details?id=com.myntra.android,Shikha Verma,2026-08-14 21:46:28,"amazing app, with great brand's and amazing quality 😍😍😍 love this, this is my go to platform",Myntra Google Play reviews,English
b21b5597-7457-4077-8760-c9f217d60e2e,Myntra,Google Play,Review,https://play.google.com/store/apps/details?id=com.myntra.android,Ritesh Kumar,2026-08-14 21:43:46,Nice experience since last 20+ years on Myntra..,Myntra Google Play reviews,English
eb885af7-bd4e-4169-a14d-1650bf2d9974,Myntra,Google Play,Review,https://play.google.com/store/apps/details?id=com.myntra.android,Divya Bharti,2026-08-14 21:40:23,very Good product real product not fake,Myntra Google Play reviews,English
51f693b9-e600-4e14-99db-cf74a376f23c,Myntra,Google Play,Review,https://play.google.com/store/apps/details?id=com.myntra.android,Chetali Parab,2026-08-14 21:36:22,nice,Myntra Google Play reviews,English
72dcb073-dcbd-473f-b347-d27ad07a31dc,Myntra,Google Play,Review,https://play.google.com/store/apps/details?id=com.myntra.android,Jagabandu Behera,2026-08-14 21:36:00,fast delivery app,Myntra Google Play reviews,English
9128681b-ac7b-40b4-b25f-c2bf24f0795f,Myntra,Google Play,Review,https://play.google.com/store/apps/details?id=com.myntra.android,Gol.d roger,2026-08-14 21:35:59,very good,Myntra Google Play reviews,English
41f3a349-74ba-4a6d-b0b5-f68047fb469b,Myntra,Google Play,Review,https://play.google.com/store/apps/details?id=com.myntra.android,sunita meena,2026-08-14 21:33:15,perfect.,Myntra Google Play reviews,English
dfad9958-6b9f-4eaf-ba07-945253e414c7,Myntra,Google Play,Review,https://play.google.com/store/apps/details?id=com.myntra.android,Vineet Mehra,2026-08-14 21:33:11,best aap for online shopping,Myntra Google Play reviews,English
d55b872a-8d13-4f64-950c-5ea5a8694e94,Myntra,Google Play,Review,https://play.google.com/store/apps/details?id=com.myntra.android,Rakesh Mathur,2026-08-14 21:32:27,good experience,Myntra Google Play reviews,English
ceeaec78-df53-4f2b-ba2d-a40dc9d93316,Myntra,Google Play,Review,https://play.google.com/store/apps/details?id=com.myntra.android,Irshad Mansuri,2026-08-14 21:32:16,i love this fashion,Myntra Google Play reviews,English
4039b4eb-697c-4556-8146-c01d738d146a,Myntra,Google Play,Review,https://play.google.com/store/apps/details?id=com.myntra.android,SUYASH GOSWAMI,2026-08-14 21:26:17,TOO GOOD,Myntra Google Play reviews,English
aaf1c383-181b-4c3b-9e63-9b814bb1b0c0,Myntra,Google Play,Review,https://play.google.com/store/apps/details?id=com.myntra.android,Sanket Nihale,2026-08-14 21:25:30,"Etna Faltu app hai k, Online dikhta kuch hai or aata kuch alag hai, n Return kia toh tk pick nhi hua hai order 11 aug 2026, expected date di thi...... very bad",Myntra Google Play reviews,English
9c9d6bd4-54f9-4ed9-a419-318087028ecf,Myntra,Google Play,Review,https://play.google.com/store/apps/details?id=com.myntra.android,jannat ek khwaish,2026-08-14 21:24:21,bestest app,Myntra Google Play reviews,English
45058690-7941-44c0-b8e2-e12d848081dc,Myntra,Google Play,Review,https://play.google.com/store/apps/details?id=com.myntra.android,Fayis S,2026-08-14 21:20:02,good,Myntra Google Play reviews,English
f5148077-5562-428c-8c8a-db1db10e94d7,Myntra,Google Play,Review,https://play.google.com/store/apps/details?id=com.myntra.android,Sahil Kumar,2026-08-14 21:19:37,noice,Myntra Google Play reviews,English
7154f422-d246-49fa-b476-bf41819cdf11,Myntra,Google Play,Review,https://play.google.com/store/apps/details?id=com.myntra.android,Shukla Mondal,2026-08-14 21:18:15,so excellent app,Myntra Google Play reviews,English
a24b228f-781f-4dc1-a052-90dbb1715374,Myntra,Google Play,Review,https://play.google.com/store/apps/details?id=com.myntra.android,Nakul,2026-08-14 21:17:46,veryy nicee aap,Myntra Google Play reviews,English
ab4dcf57-b78b-42c8-a4ea-2c168dd41412,Myntra,Google Play,Review,https://play.google.com/store/apps/details?id=com.myntra.android,intertenment jocks,2026-08-14 21:16:01,nice product,Myntra Google Play reviews,English
3611a631-fd85-474b-ae7c-1c659c0f5032,Myntra,Google Play,Review,https://play.google.com/store/apps/details?id=com.myntra.android,Supratik Biswas,2026-08-14 21:11:04,Easy to use and wide choice,Myntra Google Play reviews,English
c4a618ad-c6f0-4183-95e1-46c427dca08a,Myntra,Google Play,Review,https://play.google.com/store/apps/details?id=com.myntra.android,Amrit Pal,2026-08-14 21:10:55,its very nyc jwellery set.,Myntra Google Play reviews,English
b34b555f-faef-4c08-a743-85abc42ec6c2,Myntra,Google Play,Review,https://play.google.com/store/apps/details?id=com.myntra.android,GAYTRI GOHEL,2026-08-14 21:10:08,"very bed service , product quality very bed, mene apne order acoding 4 bar complan ki or vah bhi senior officer ae fir bhi resolution nahi mila or. mene 2 order Kiya dono upne aap cancel kar diya",Myntra Google Play reviews,English
9479de2c-5941-4e18-813f-a5b842516aab,Myntra,Google Play,Review,https://play.google.com/store/apps/details?id=com.myntra.android,phaneendra yandrapragada,2026-08-14 21:09:17,worst ecommerce app. It will make life hell. They have delivered product with some items missing.They neither refund money nor give you full product and it will make life hell in infinite bot loop which doesnot understand concern. Amazon is best seeing the Myntra service.,Myntra Google Play reviews,English
cf62b546-f7d0-4c25-939a-9b1c5f6ba1ed,Myntra,Google Play,Review,https://play.google.com/store/apps/details?id=com.myntra.android,Fatima Khan,2026-08-14 21:04:05,gooooood,Myntra Google Play reviews,English
af476e18-240e-4a6c-8bd3-d11ccafad64b,Myntra,Google Play,Review,https://play.google.com/store/apps/details?id=com.myntra.android,Poonam Singhal,2026-08-14 21:01:13,Good service,Myntra Google Play reviews,English
486df905-5d1f-4c3d-80c9-7233efb95e83,Myntra,Google Play,Review,https://play.google.com/store/apps/details?id=com.myntra.android,Rajashree Rath,2026-08-14 20:58:15,"I'm desperately trying to unblock my account but myntra blocked my account, without any notification.",Myntra Google Play reviews,English
60ae8339-b398-4d0f-b301-9848cb028a2b,Myntra,Google Play,Review,https://play.google.com/store/apps/details?id=com.myntra.android,ANEEF ANEGUNDI,2026-08-14 20:58:04,good,Myntra Google Play reviews,English
634d7a69-0463-42f5-b6ef-fad336ca1392,Myntra,Google Play,Review,https://play.google.com/store/apps/details?id=com.myntra.android,Chandni Kumari,2026-08-14 20:54:35,very good and amazing,Myntra Google Play reviews,English
897c0083-1adb-4c4e-bcb7-cb02cea1f96c,Myntra,Google Play,Review,https://play.google.com/store/apps/details?id=com.myntra.android,Subhradiptee Choudhury,2026-08-14 20:52:31,Nice.,Myntra Google Play reviews,English
fddb85d4-c422-48f3-ae5d-b52a622c67ef,Myntra,Google Play,Review,https://play.google.com/store/apps/details?id=com.myntra.android,Kapil Roy,2026-08-14 20:51:18,good,Myntra Google Play reviews,English
f3eff124-d8c4-4683-bd53-b7386f0e7f0e,Myntra,Google Play,Review,https://play.google.com/store/apps/details?id=com.myntra.android,Vivek Singh,2026-08-14 20:50:41,the entire myntra is a fraud they are just confirming the order and canceling the order without any intimation and give 10% discount to hell with your discounts,Myntra Google Play reviews,English
1fd1c7de-391f-4e1f-b983-1f8d2ff0ffd7,Myntra,Google Play,Review,https://play.google.com/store/apps/details?id=com.myntra.android,Ambuj Singh,2026-08-14 20:49:24,best app for shopping with great offer 😍😍😍,Myntra Google Play reviews,English
ab4c07b6-85ea-4e2e-9ff4-01a4518acb83,Myntra,Google Play,Review,https://play.google.com/store/apps/details?id=com.myntra.android,Pragya Chaudhary,2026-08-14 20:49:12,"ordered jeans, requested return because of a fitting issue, the delivery guy told me that the loop tag number is mismatched and I should call the customer support and take the approval. When I called the customer support she put me on hold for 8 mins and no one assisted me, I had to disconnect the call out of frustration. this was not expected from myntra.",Myntra Google Play reviews,English
a5f980b6-da1c-4b40-9a17-3c917e3c5b8e,Myntra,Google Play,Review,https://play.google.com/store/apps/details?id=com.myntra.android,STYLO,2026-08-14 20:48:58,great,Myntra Google Play reviews,English
5c26506d-7839-4ece-9a44-491018b4d367,Myntra,Google Play,Review,https://play.google.com/store/apps/details?id=com.myntra.android,Pavani Bele,2026-08-14 20:48:54,"Strong & Clear Very disappointing experience with Myntra. I placed an order and made the payment, but I have not received my parcel and I have not received my refund either. I have already contacted customer support multiple times, but I still haven’t received any proper resolution or help. Taking payment from a customer and then neither delivering the order nor refunding the money is completely unacceptable. Myntra needs to take responsibility and resolve such issues immediately.",Myntra Google Play reviews,English
56769e71-ae4a-41c0-a2a1-eda3f341c6ac,Myntra,Google Play,Review,https://play.google.com/store/apps/details?id=com.myntra.android,manu shila,2026-08-14 20:48:50,"offers will be good, but platform charges are more",Myntra Google Play reviews,English
339f151b-abd6-4dc3-a034-0a4d0fe46fc0,Myntra,Google Play,Review,https://play.google.com/store/apps/details?id=com.myntra.android,Rajni Sharma,2026-08-14 20:45:48,fitting is too good,Myntra Google Play reviews,English
95f5c02b-4aad-45b3-b96e-8545dbffbcb8,Myntra,Google Play,Review,https://play.google.com/store/apps/details?id=com.myntra.android,Tarun Gupta Tarun,2026-08-14 20:43:20,Order exchange karne me issue hota hai..😒😠,Myntra Google Play reviews,English
40b5675f-0f2c-49f1-89f8-e0bd37ce2fe8,Myntra,Google Play,Review,https://play.google.com/store/apps/details?id=com.myntra.android,Rashmi Srivastava,2026-08-14 20:43:17,good,Myntra Google Play reviews,English
1d4b7ce4-ecba-48f3-86b8-7736d194b4b8,Myntra,Google Play,Review,https://play.google.com/store/apps/details?id=com.myntra.android,Rupa,2026-08-14 20:41:07,тнιѕ ιѕ тнє αмαzιиg fα¢єωαѕн ι нανє иєνєя ѕєєи ιи му ℓιfє ι ѕυggєѕт уσυ тσ ρℓєαѕє σи¢є α тιмє υѕє тнιѕ fα¢єωαѕн fσя αмαzιиg яєѕυℓтѕ αи∂ вєfσяє ρℓα¢ιиg σя∂єя ρℓz ¢нє¢к тнє єχριяу ∂αтє... тнαикѕ ѕσ мυ¢н🫶🏻💕💬,Myntra Google Play reviews,English
5618c327-888c-4376-b682-92a884154aad,Myntra,Google Play,Review,https://play.google.com/store/apps/details?id=com.myntra.android,Prasad Gaude,2026-08-14 20:38:39,good 😊,Myntra Google Play reviews,English
ad1992d7-ce84-4598-8fa3-01d99fd7d8b0,Myntra,Google Play,Review,https://play.google.com/store/apps/details?id=com.myntra.android,Nainshi Rai,2026-08-14 20:38:08,this app is very nice for online shopping and i like all the products which i had been ordered from this app...if you interested in online shopping than you must try this app...,Myntra Google Play reviews,English
164f04da-1b52-4e8d-ae06-20ededb0c1cb,Myntra,Google Play,Review,https://play.google.com/store/apps/details?id=com.myntra.android,Akash Kumar,2026-08-14 20:38:06,best online platform,Myntra Google Play reviews,English
71020c12-8947-4897-8131-3788d67d17bd,Myntra,Google Play,Review,https://play.google.com/store/apps/details?id=com.myntra.android,Sonal Dhoble,2026-08-14 20:37:26,veer nice,Myntra Google Play reviews,English
44fb67db-0b2e-41c6-a3ea-b378aefc9e64,Myntra,Google Play,Review,https://play.google.com/store/apps/details?id=com.myntra.android,Mahesh Waddar,2026-08-14 20:36:04,useless app not giving exchange on time delivery,Myntra Google Play reviews,English
3c4d84a0-5ad1-4637-ad07-471912a3ac4a,Myntra,Google Play,Review,https://play.google.com/store/apps/details?id=com.myntra.android,Mani vignesh Katta,2026-08-14 20:32:10,excellent,Myntra Google Play reviews,English
4389f559-4dca-4dac-a41b-045db9579477,Myntra,Google Play,Review,https://play.google.com/store/apps/details?id=com.myntra.android,Rambabu U,2026-08-14 20:30:30,"“Absolutely love Myntra! 😍 Great collection, offers, and smooth shopping experience. Highly recommended",Myntra Google Play reviews,English
1d3c008d-a181-48b9-bf6f-907b643a2296,Myntra,Google Play,Review,https://play.google.com/store/apps/details?id=com.myntra.android,manohar hiware,2026-08-14 20:27:27,Excellent for Shopping,Myntra Google Play reviews,English
8052dfc7-124b-478d-a82c-97536c846a9c,Myntra,Google Play,Review,https://play.google.com/store/apps/details?id=com.myntra.android,Sachin Maurya S,2026-08-14 20:26:41,Great product with fast delivery.,Myntra Google Play reviews,English
c9204825-5d60-4211-a489-a4bcb5883d57,Myntra,Google Play,Review,https://play.google.com/store/apps/details?id=com.myntra.android,Venkatesh Uppi,2026-08-14 20:20:45,good,Myntra Google Play reviews,English
eeca2ea8-d284-417c-bb88-43903d29d4ab,Myntra,Google Play,Review,https://play.google.com/store/apps/details?id=com.myntra.android,Aditya Singh,2026-08-14 20:20:12,good shopping app,Myntra Google Play reviews,English
34360b30-ea31-4e30-8d1c-07c1bb0d87f0,Myntra,Google Play,Review,https://play.google.com/store/apps/details?id=com.myntra.android,Haladhar.Testing,2026-08-14 20:19:47,Good 👍,Myntra Google Play reviews,English
88a59275-a228-4e5a-9c48-9b6212b59588,Myntra,Google Play,Review,https://play.google.com/store/apps/details?id=com.myntra.android,Sheetal Rautaray,2026-08-14 20:17:18,nice,Myntra Google Play reviews,English
0f2558f5-a3e7-4729-8b74-44ac933ecc99,Myntra,Google Play,Review,https://play.google.com/store/apps/details?id=com.myntra.android,AJAY THAKUR,2026-08-14 20:15:46,good,Myntra Google Play reviews,English
9311da2c-8eaa-4b9b-b26e-a5e6c9734f11,Myntra,Google Play,Review,https://play.google.com/store/apps/details?id=com.myntra.android,Raghvendra Singh,2026-08-14 20:11:08,best delivery and shopping experience go check it out,Myntra Google Play reviews,English
b2c93e8b-86da-4223-9561-8466096eaeae,Myntra,Google Play,Review,https://play.google.com/store/apps/details?id=com.myntra.android,Srijana xttri,2026-08-14 20:07:12,best app,Myntra Google Play reviews,English
f8b089ce-6b9d-4ffc-a471-6000be6fcd64,Myntra,Google Play,Review,https://play.google.com/store/apps/details?id=com.myntra.android,Bikramjit Halder,2026-08-14 20:07:05,Wonderful product and fit good.,Myntra Google Play reviews,English
341bb571-909d-439c-8996-35c6086499bc,Myntra,Google Play,Review,https://play.google.com/store/apps/details?id=com.myntra.android,Ashutosh Rout,2026-08-14 20:04:52,my cashback ??,Myntra Google Play reviews,English
79cfbd9e-8543-4761-8fba-1e7d1aee6df2,Myntra,Google Play,Review,https://play.google.com/store/apps/details?id=com.myntra.android,Aman Gamer ff 888,2026-08-14 20:04:23,best app ❤️,Myntra Google Play reviews,English
dfca38ab-8696-4530-b3b8-7a10aada2cf8,Myntra,Google Play,Review,https://play.google.com/store/apps/details?id=com.myntra.android,Farman Jhojha,2026-08-14 20:03:22,best,Myntra Google Play reviews,English
82fc5bbb-e9cf-4252-a080-2c415bb07a96,Myntra,Google Play,Review,https://play.google.com/store/apps/details?id=com.myntra.android,Muskan Mansuri,2026-08-14 19:58:49,nice app rate my experience this app 5* and very useful i purches product and reviews giving earning ke liye bhi best h me khud iska use kar rhi hu mere hisab se bohot jyada best h product bhi achi quality ke hote h ☺️,Myntra Google Play reviews,English
ce60bfe9-6638-458e-a888-8c8e8e62d8b9,Myntra,Google Play,Review,https://play.google.com/store/apps/details?id=com.myntra.android,Varun Jatav,2026-08-14 19:58:48,bohot acha app hai 😁,Myntra Google Play reviews,English
54252de4-996f-4e74-b7c7-a4c9b9ddee9f,Myntra,Google Play,Review,https://play.google.com/store/apps/details?id=com.myntra.android,Abhishek Kumar,2026-08-14 19:56:21,nice online platform for buying clothes and following the latest trends very authentic brands and quality of clothes with reasonable price 😁,Myntra Google Play reviews,English
478a0490-105b-4b82-bd12-96be54d4b36f,Myntra,Google Play,Review,https://play.google.com/store/apps/details?id=com.myntra.android,Mahesh Pokuri,2026-08-14 19:56:12,nice app,Myntra Google Play reviews,English
5db34639-f5f3-4565-ba34-704ee9bc4055,Myntra,Google Play,Review,https://play.google.com/store/apps/details?id=com.myntra.android,Sinjan Shukla,2026-08-14 19:54:22,Great experience,Myntra Google Play reviews,English
2701df7e-888e-4a98-8844-dbd06faf3cc3,Myntra,Google Play,Review,https://play.google.com/store/apps/details?id=com.myntra.android,Arpit Sonkar,2026-08-14 19:54:22,nic app,Myntra Google Play reviews,English
7544a3ba-d483-4d7a-ae49-3e7f5ecac5d2,Myntra,Google Play,Review,https://play.google.com/store/apps/details?id=com.myntra.android,Mayengbam Helyna,2026-08-14 19:54:07,Good app,Myntra Google Play reviews,English
6e789314-4a7e-48e4-b99d-799ad1f81641,Myntra,Google Play,Review,https://play.google.com/store/apps/details?id=com.myntra.android,Mami Sailo,2026-08-14 19:53:25,"Very fast, easy and reliable shopping site",Myntra Google Play reviews,English
6510e0f0-068c-4aa8-a31f-631d40ccdca1,Myntra,Google Play,Review,https://play.google.com/store/apps/details?id=com.myntra.android,Kunal Kushwah,2026-08-14 19:50:49,all great,Myntra Google Play reviews,English
e8c3627c-ea91-488d-8c87-355756a5192b,Myntra,Google Play,Review,https://play.google.com/store/apps/details?id=com.myntra.android,Ziddi King,2026-08-14 19:48:32,nice,Myntra Google Play reviews,English
bc37a303-b812-414c-9a58-97f979e7f2d7,Myntra,Google Play,Review,https://play.google.com/store/apps/details?id=com.myntra.android,Boby pandey Lepcha,2026-08-14 19:47:56,my first experience with myntra was too awasome....,Myntra Google Play reviews,English
9ea589dd-7f99-4d04-9c16-7f05b7fc0b31,Myntra,Google Play,Review,https://play.google.com/store/apps/details?id=com.myntra.android,Aman Pathak,2026-08-14 19:46:04,"Look: Simple, sporty/casual cargo style. Black/navy color versatile hai. Fit: Waist par elastic comfortable lag raha hai, aur legs ka fit straight/relaxed hai. Bahut tight nahi hai. Design: Dono sides ke zipper cargo pockets practical hain aur pant ko utility look dete hain. Length: Overall length theek lag rahi hai, ankle ke paas thodi loose finish hai. Fabric: Photos se fabric lightweight, slightly shiny/nylon-type lag raha hai—daily casual wear ke liye achha ho sakta hai. Stitching: Visible s",Myntra Google Play reviews,English
8a377fdf-d84d-435d-a32f-c897c83cc3dd,Myntra,Google Play,Review,https://play.google.com/store/apps/details?id=com.myntra.android,Pankaj Chakrvan,2026-08-14 19:45:01,best,Myntra Google Play reviews,English
998219a2-1aa4-4c7a-b3ea-84123b340081,Myntra,Google Play,Review,https://play.google.com/store/apps/details?id=com.myntra.android,Rachna Misra,2026-08-14 19:44:42,Good product I like it,Myntra Google Play reviews,English
33a8dd73-04c7-4696-9ad4-b52985836b55,Myntra,Google Play,Review,https://play.google.com/store/apps/details?id=com.myntra.android,Jyoti Mishra,2026-08-14 19:43:43,super products I believe his words I have good experience,Myntra Google Play reviews,English
9051451c-893d-4bbb-a9d9-2c6265ac8d36,Myntra,Google Play,Review,https://play.google.com/store/apps/details?id=com.myntra.android,Sohan Singh,2026-08-14 19:38:43,Awesome,Myntra Google Play reviews,English
1b4ddb6b-e59e-4313-abe1-97e55b80f075,Myntra,Google Play,Review,https://play.google.com/store/apps/details?id=com.myntra.android,Sawan Kumar,2026-08-14 19:36:45,ek dam mast shirt hai iski pehan ke to me bilkul hero wali feel le rha hu,Myntra Google Play reviews,English
5dc471a7-aad3-4c29-9867-4072a0036d28,Myntra,Google Play,Review,https://play.google.com/store/apps/details?id=com.myntra.android,Meher Khadija,2026-08-14 19:36:33,"Previously, the application and customer service were quite satisfactory, and we were able to discover authentic and high-quality products. We had been utilizing it for many years. However, our recent experiences have been rather disappointing, as they appear to be permitting counterfeit products on their platform. Furthermore, when we attempt to return these items, their customer service declines the return, citing the product as fake, despite the product tag and original packaging remaining in",Myntra Google Play reviews,English
37cd5c60-2ae2-46c6-acfe-04de60fe59a9,Myntra,Google Play,Review,https://play.google.com/store/apps/details?id=com.myntra.android,Sanjeev Kumar,2026-08-14 19:34:57,nice experience,Myntra Google Play reviews,English
110492cc-7c17-421c-ba28-6effafdde765,Myntra,Google Play,Review,https://play.google.com/store/apps/details?id=com.myntra.android,Dilip Narayan Wavhale,2026-08-14 19:31:45,it is the best app,Myntra Google Play reviews,English
ab09a585-a260-4182-89f4-5d268aba1632,Myntra,Google Play,Review,https://play.google.com/store/apps/details?id=com.myntra.android,Chetan Bhargav,2026-08-14 19:31:27,Best and reliable site/app for original brands.,Myntra Google Play reviews,English
9b74d10c-0126-4285-9f05-472e09975645,Myntra,Google Play,Review,https://play.google.com/store/apps/details?id=com.myntra.android,AmiT Raghave,2026-08-14 19:28:32,ok,Myntra Google Play reviews,English
957a94ae-952c-4fc9-8f49-94f2dbf68998,Myntra,Google Play,Review,https://play.google.com/store/apps/details?id=com.myntra.android,Neha Paswan,2026-08-14 19:28:03,"My Cash feature worked once but it got blocked and the platform fees are also high, it was fine in the beginning.",Myntra Google Play reviews,English
dc55610d-702d-4f7e-9606-5ffaadeb9b84,Myntra,Google Play,Review,https://play.google.com/store/apps/details?id=com.myntra.android,Mandar Shirke,2026-08-14 19:25:19,Delivery is post poned without prior intimation,Myntra Google Play reviews,English
ea91ac42-b77a-41f7-a935-7557207b96f1,Myntra,Google Play,Review,https://play.google.com/store/apps/details?id=com.myntra.android,Darshil Soni,2026-08-14 19:23:40,best app for online shopping,Myntra Google Play reviews,English
de83ee12-1508-4928-9c7b-8cee9ab86a44,Myntra,Google Play,Review,https://play.google.com/store/apps/details?id=com.myntra.android,Samyak Jain,2026-08-14 19:17:14,good app,Myntra Google Play reviews,English
8682952f-38f6-470b-b78d-cc84900ece7c,Myntra,Google Play,Review,https://play.google.com/store/apps/details?id=com.myntra.android,Hiteshi,2026-08-14 19:15:40,Great app and shoping experince.,Myntra Google Play reviews,English
bbb178a1-f3ff-44aa-a205-697a2fba83ad,Myntra,Google Play,Review,https://play.google.com/store/apps/details?id=com.myntra.android,Pradeep Maharana,2026-08-14 19:15:21,Nice 👍 good product,Myntra Google Play reviews,English
63109c42-47c6-4636-8b52-1933f8c3102a,Myntra,Google Play,Review,https://play.google.com/store/apps/details?id=com.myntra.android,Faizan Mansuri,2026-08-14 19:14:10,superb,Myntra Google Play reviews,English
621d1f29-c534-412d-a95f-8445a5fe5b8e,Myntra,Google Play,Review,https://play.google.com/store/apps/details?id=com.myntra.android,Aanchal Tomer,2026-08-14 19:11:14,Nice,Myntra Google Play reviews,English
3af8396c-fe54-447f-8d70-33e59a82ce76,Myntra,Google Play,Review,https://play.google.com/store/apps/details?id=com.myntra.android,chhavi bhardwaj,2026-08-14 19:09:00,Very bad experience...... Never gonna buy anything from Myntra ..... Fraud.. . Very bad experience with Myntra.....same pathetic experience .......Keep on delaying the product and misleading the customer....My product was supposed to be delivered on 10 and today is 14.....Keep on delaying,Myntra Google Play reviews,English
84f3e029-8e0f-49bc-8799-75baed9c5d2f,Myntra,Google Play,Review,https://play.google.com/store/apps/details?id=com.myntra.android,Prathap MS,2026-08-14 19:04:31,worst experience they simply blocked my account. Now I'm unable to login also I had one unsolved complaint.,Myntra Google Play reviews,English
285abac7-c1ee-4420-9f78-02235c0b496a,Myntra,Google Play,Review,https://play.google.com/store/apps/details?id=com.myntra.android,Lina zhimo Lina zhimo,2026-08-14 19:03:54,exact size and comfortable love it,Myntra Google Play reviews,English
e8687f5e-4421-400a-8c35-e519d20e9925,Myntra,Google Play,Review,https://play.google.com/store/apps/details?id=com.myntra.android,Simran Khan,2026-08-14 19:02:40,product quality is excellent,Myntra Google Play reviews,English
72b4d5b9-3544-4c0e-a424-fdc2c3cb46a8,Myntra,Google Play,Review,https://play.google.com/store/apps/details?id=com.myntra.android,Shilpa Darji,2026-08-14 19:01:15,It's the best shopping app. It offers cash back on any order. It's too good; go for it.👍,Myntra Google Play reviews,English
24f19030-a61a-4729-8382-bfcab006e29b,Myntra,Google Play,Review,https://play.google.com/store/apps/details?id=com.myntra.android,M. Pal,2026-08-14 18:58:29,Fabulous,Myntra Google Play reviews,English
cbb86359-ee98-412a-8f14-0368afd74c03,Myntra,Google Play,Review,https://play.google.com/store/apps/details?id=com.myntra.android,Rahul Kumar,2026-08-14 18:57:23,not open this app,Myntra Google Play reviews,English
402b9365-58bc-40c3-96f9-fb2a42736086,Myntra,Google Play,Review,https://play.google.com/store/apps/details?id=com.myntra.android,Rahul Sharma,2026-08-14 18:57:05,very good,Myntra Google Play reviews,English
dff2566b-8753-48b2-b625-d44a975621ba,Myntra,Google Play,Review,https://play.google.com/store/apps/details?id=com.myntra.android,Pritam Kumar11,2026-08-14 18:55:50,noiceeee,Myntra Google Play reviews,English
2f7232d7-9b8a-43d6-9912-fe63a77679cf,Myntra,Google Play,Review,https://play.google.com/store/apps/details?id=com.myntra.android,Arun Mathew,2026-08-14 18:54:51,Good experiance so far,Myntra Google Play reviews,English
51ac407d-b97a-4ed3-afa1-4a36567af66a,Myntra,Google Play,Review,https://play.google.com/store/apps/details?id=com.myntra.android,Aisha,2026-08-14 18:54:39,good,Myntra Google Play reviews,English
7381059f-8dac-484e-9b02-c2c3644e4017,Myntra,Google Play,Review,https://play.google.com/store/apps/details?id=com.myntra.android,prasant kumar barik,2026-08-14 18:54:02,Always Giving Best Product..,Myntra Google Play reviews,English
3c713fbf-1d1c-4057-b963-9891e35573db,Myntra,Google Play,Review,https://play.google.com/store/apps/details?id=com.myntra.android,Preethi Shetty,2026-08-14 18:53:20,good,Myntra Google Play reviews,English
5f176613-45c6-4814-b27b-f392e571afb0,Myntra,Google Play,Review,https://play.google.com/store/apps/details?id=com.myntra.android,Swati Shrivastav,2026-08-14 18:50:10,very good,Myntra Google Play reviews,English
e862996b-71f9-4da5-be8f-522ec9970e9b,Myntra,Google Play,Review,https://play.google.com/store/apps/details?id=com.myntra.android,Sagaya Prabha,2026-08-14 18:49:31,"High price but good quality product I received it, if Myntra reduce the costume price and give good quality products, they customer will be more happy to afford it.",Myntra Google Play reviews,English
95e8a3ec-d83e-421e-8b00-e3e817f94daa,Myntra,Google Play,Review,https://play.google.com/store/apps/details?id=com.myntra.android,Khairul Islam,2026-08-14 18:47:40,Nice 👍👍🙂,Myntra Google Play reviews,English
5fa36d15-0f85-45e7-8a65-200762af5d37,Myntra,Google Play,Review,https://play.google.com/store/apps/details?id=com.myntra.android,Rita Ruhela,2026-08-14 18:46:51,best,Myntra Google Play reviews,English
e9c4d78c-0084-48c1-aab4-40835ae635d1,Myntra,Google Play,Review,https://play.google.com/store/apps/details?id=com.myntra.android,Megha Sharma,2026-08-14 18:44:16,I had a very good experience with Myntra.,Myntra Google Play reviews,English
07b33856-497a-40c3-a8bb-cf84df15916f,Myntra,Google Play,Review,https://play.google.com/store/apps/details?id=com.myntra.android,Amit Kumar,2026-08-14 18:43:31,very good,Myntra Google Play reviews,English
1880a323-27c0-45bf-b3b7-6290c4d9052a,Myntra,Google Play,Review,https://play.google.com/store/apps/details?id=com.myntra.android,Satyam SINGH,2026-08-14 18:43:28,It is a purely quality product platform. There are no bad quality products here so don't hesitate for the quality just order and enjoy it. I will definitely recommend it.,Myntra Google Play reviews,English
31d079bb-0fc5-4ec3-bd9b-b7f7c963562d,Myntra,Google Play,Review,https://play.google.com/store/apps/details?id=com.myntra.android,Gagan Deep,2026-08-14 18:42:44,🫰🫰,Myntra Google Play reviews,English
78c22339-e860-43c0-8cb0-59a5718861a3,Myntra,Google Play,Review,https://play.google.com/store/apps/details?id=com.myntra.android,Kriyansh Makwana,2026-08-14 18:39:33,good 😊,Myntra Google Play reviews,English
99ec2f52-027e-438d-8a0a-ccdb69c733a5,Myntra,Google Play,Review,https://play.google.com/store/apps/details?id=com.myntra.android,Suman Bala,2026-08-14 18:39:11,Very Good 😊👍,Myntra Google Play reviews,English
d3325a0b-80f5-40c1-8b9d-d8c9aa920a66,Myntra,Google Play,Review,https://play.google.com/store/apps/details?id=com.myntra.android,Sachin Santhaliya,2026-08-14 18:38:58,Nice app,Myntra Google Play reviews,English
d11157fa-be48-4576-a5b7-eee16e1d7f71,Myntra,Google Play,Review,https://play.google.com/store/apps/details?id=com.myntra.android,Shaikh,2026-08-14 18:38:29,good quality of clothes,Myntra Google Play reviews,English
51723965-099e-4423-93eb-4c13662a6a39,Myntra,Google Play,Review,https://play.google.com/store/apps/details?id=com.myntra.android,Hina Khan,2026-08-14 18:37:38,"Worst Experience with Myntra! ⭐ Absolutely terrible experience. I received the wrong product, and despite raising a complaint, Myntra is only offering a refund after pickup instead of a proper replacement. Very disappointing customer service and zero accountability. I strongly recommend avoiding Myntra. Don’t risk your money and time!",Myntra Google Play reviews,English
f184f3c4-7b85-4224-aa4d-e5db52a2a0c4,Myntra,Google Play,Review,https://play.google.com/store/apps/details?id=com.myntra.android,Deepak Sawant,2026-08-14 18:32:32,Nice app for shopping.,Myntra Google Play reviews,English
5a36bb21-a5ce-49f9-8b9c-167952c09ba9,Myntra,Google Play,Review,https://play.google.com/store/apps/details?id=com.myntra.android,Sri Nidhi Aita,2026-08-14 18:32:20,good experience,Myntra Google Play reviews,English
3ba8acbe-9321-48c1-8da7-ddef6588ea9c,Myntra,Google Play,Review,https://play.google.com/store/apps/details?id=com.myntra.android,Shubhangi Sarkar,2026-08-14 18:25:36,the app product is so good and very comfortable meterial,Myntra Google Play reviews,English
981e1446-294e-41d7-8601-3091f7e2bdba,Myntra,Google Play,Review,https://play.google.com/store/apps/details?id=com.myntra.android,Pranjul Sonkar,2026-08-14 18:21:27,what is this behaviour myntra why you are not corporating with customer complaint,Myntra Google Play reviews,English
9b59baab-b8ab-4187-bacb-784f1cf3f6f4,Myntra,Google Play,Review,https://play.google.com/store/apps/details?id=com.myntra.android,Happy Mitter,2026-08-14 18:21:05,good 👍,Myntra Google Play reviews,English
eaa596a3-654f-4074-a987-5daf9ee8ddcc,Myntra,Google Play,Review,https://play.google.com/store/apps/details?id=com.myntra.android,Shubham Grover,2026-08-14 18:21:04,great fashion collection 😃,Myntra Google Play reviews,English
4e7de949-70c5-44c0-a247-209892593559,Myntra,Google Play,Review,https://play.google.com/store/apps/details?id=com.myntra.android,Mohd Aasif,2026-08-14 18:21:03,excellent,Myntra Google Play reviews,English
5c4e903e-61a7-47f6-a62b-5fb7a0417de5,Myntra,Google Play,Review,https://play.google.com/store/apps/details?id=com.myntra.android,Nikita Kumari,2026-08-14 18:18:47,quality is superb,Myntra Google Play reviews,English
b99dd7e4-7fc6-49e4-b5d6-4150fac932df,Myntra,Google Play,Review,https://play.google.com/store/apps/details?id=com.myntra.android,anmol kaushik,2026-08-14 18:17:53,very Good service,Myntra Google Play reviews,English
5b9b8347-0ae0-4055-aa9a-1017b846dfe3,Myntra,Google Play,Review,https://play.google.com/store/apps/details?id=com.myntra.android,Praveen kumawat,2026-08-14 18:17:02,good,Myntra Google Play reviews,English
ccdfd8c1-b0a6-42d9-addf-c538ecee1289,Myntra,Google Play,Review,https://play.google.com/store/apps/details?id=com.myntra.android,Bubai Hait,2026-08-14 18:16:35,awesome,Myntra Google Play reviews,English
5f3adeec-0edc-484b-935c-c4baa3bb9240,Myntra,Google Play,Review,https://play.google.com/store/apps/details?id=com.myntra.android,MEGHA Dey,2026-08-14 18:16:32,good,Myntra Google Play reviews,English
6bb7038c-6f63-4362-8264-42ac3ba24f04,Myntra,Google Play,Review,https://play.google.com/store/apps/details?id=com.myntra.android,Akhil Singh,2026-08-14 18:15:28,delivery time is too long,Myntra Google Play reviews,English
2fd0aa63-0905-49d4-ba02-a28e6f90ec2c,Myntra,Google Play,Review,https://play.google.com/store/apps/details?id=com.myntra.android,ARDRA MOHAN L,2026-08-14 18:12:07,amazing experience,Myntra Google Play reviews,English
160b11cf-3712-4edc-8598-68a670d66566,Myntra,Google Play,Review,https://play.google.com/store/apps/details?id=com.myntra.android,hardik jain,2026-08-14 18:10:02,bestttt deals,Myntra Google Play reviews,English
32c8dce7-0e13-4acd-997f-24e73f4295ad,Myntra,Google Play,Review,https://play.google.com/store/apps/details?id=com.myntra.android,Anjali Jatav,2026-08-14 18:09:34,I am interested with very very nice,Myntra Google Play reviews,English
ac7dd70a-cb5d-4307-8294-d80deff375f4,Myntra,Google Play,Review,https://play.google.com/store/apps/details?id=com.myntra.android,Tripti Yadav,2026-08-14 18:08:36,good,Myntra Google Play reviews,English
6114d1bf-2094-48aa-b911-943100362648,Myntra,Google Play,Review,https://play.google.com/store/apps/details?id=com.myntra.android,Ganesh Paswan,2026-08-14 18:04:57,very good jeans best quality bast colour,Myntra Google Play reviews,English
d2187792-e1cb-499e-9f0e-aa7219fc4988,Myntra,Google Play,Review,https://play.google.com/store/apps/details?id=com.myntra.android,Abhisek Behera,2026-08-14 18:02:24,nice apps,Myntra Google Play reviews,English
d37bea52-ea80-4ff5-8b65-2a71e49a02ec,Myntra,Google Play,Review,https://play.google.com/store/apps/details?id=com.myntra.android,SUBRAT KUMAR,2026-08-14 17:58:12,nice product quality,Myntra Google Play reviews,English
998a08ab-5772-48ee-bd54-2de4dab08260,Myntra,Google Play,Review,https://play.google.com/store/apps/details?id=com.myntra.android,Gausia Bano,2026-08-14 17:57:19,awesome,Myntra Google Play reviews,English
96a883c3-ddb1-436c-b329-42236b51adff,Myntra,Google Play,Review,https://play.google.com/store/apps/details?id=com.myntra.android,lovely dey,2026-08-14 17:57:15,It's a great experience every time I purchase from myntra,Myntra Google Play reviews,English
76c43302-e352-4134-94c5-29ae98486385,Myntra,Google Play,Review,https://play.google.com/store/apps/details?id=com.myntra.android,Haripriya Narayanam,2026-08-14 17:56:47,very good,Myntra Google Play reviews,English
a565cc21-e327-45fd-822f-bfa9ca1cb956,Myntra,Google Play,Review,https://play.google.com/store/apps/details?id=com.myntra.android,Dipali Shelar,2026-08-14 17:47:12,good quality,Myntra Google Play reviews,English
f5ef1d45-1013-4323-bddc-a13b9788840a,Myntra,Google Play,Review,https://play.google.com/store/apps/details?id=com.myntra.android,Priyanka Maurya,2026-08-14 17:44:37,osm experience,Myntra Google Play reviews,English
5cd9a616-a3d8-44cb-ab54-59bb96d4f9f1,Myntra,Google Play,Review,https://play.google.com/store/apps/details?id=com.myntra.android,Rohit Pandey,2026-08-14 17:44:16,nice app with good customer service,Myntra Google Play reviews,English
1d21cdcf-a976-4f70-a943-616b1e028f65,Myntra,Google Play,Review,https://play.google.com/store/apps/details?id=com.myntra.android,Tuhina Changmai,2026-08-14 17:43:27,to good 🫶,Myntra Google Play reviews,English
3a742f03-11bb-421c-9165-ee3c7a75a7ec,Myntra,Google Play,Review,https://play.google.com/store/apps/details?id=com.myntra.android,Manish Kumar,2026-08-14 17:43:22,Excellent,Myntra Google Play reviews,English
48c9d91f-4ce6-47ad-8389-b797b0b8bde7,Myntra,Google Play,Review,https://play.google.com/store/apps/details?id=com.myntra.android,Sobita Boro,2026-08-14 17:41:56,overall my experience is very good.,Myntra Google Play reviews,English
5c5a1aba-a1ab-4f8a-836a-55badbd9f325,Myntra,Google Play,Review,https://play.google.com/store/apps/details?id=com.myntra.android,Ajayraj champawat,2026-08-14 17:41:33,good quality,Myntra Google Play reviews,English
b864c027-d0a0-4107-9750-ace04b3989de,Myntra,Google Play,Review,https://play.google.com/store/apps/details?id=com.myntra.android,Saurav Chauhan,2026-08-14 17:40:04,waste my time order don't be delivered extended date for three times hated app 👎,Myntra Google Play reviews,English
0a302cd7-68e3-4725-a8ec-278146111ff3,Myntra,Google Play,Review,https://play.google.com/store/apps/details?id=com.myntra.android,Solman Raju,2026-08-14 17:38:56,nice experience thank you,Myntra Google Play reviews,English
33a2393d-436d-4189-a611-d5298d6f033f,Myntra,Google Play,Review,https://play.google.com/store/apps/details?id=com.myntra.android,Apka Dev,2026-08-14 17:38:33,genuine products delivered by Myntra,Myntra Google Play reviews,English
6c7d0334-0b9b-4592-925b-e6cea94c76fa,Myntra,Google Play,Review,https://play.google.com/store/apps/details?id=com.myntra.android,Prashant Maurya,2026-08-14 17:38:19,nice,Myntra Google Play reviews,English
10ca87b1-4e2c-4afc-88fa-24c997451f92,Myntra,Google Play,Review,https://play.google.com/store/apps/details?id=com.myntra.android,Vishal A,2026-08-14 17:37:56,good,Myntra Google Play reviews,English
6c53917e-ebb2-4cc2-b51d-44ff356197b5,Myntra,Google Play,Review,https://play.google.com/store/apps/details?id=com.myntra.android,Tripti Korte,2026-08-14 17:37:39,nice,Myntra Google Play reviews,English
c59201dd-88d6-40f5-ab1b-08b4f252e1ba,Myntra,Google Play,Review,https://play.google.com/store/apps/details?id=com.myntra.android,Mr ãssâssin,2026-08-14 17:36:21,nice,Myntra Google Play reviews,English
486312a7-3036-434e-a04c-87d65e9f1ce0,Myntra,Google Play,Review,https://play.google.com/store/apps/details?id=com.myntra.android,Afrin Joseph Joseph,2026-08-14 17:34:32,good 🥰,Myntra Google Play reviews,English
39731c8a-34cb-4743-b5bf-a6ab1aa06bd7,Myntra,Google Play,Review,https://play.google.com/store/apps/details?id=com.myntra.android,Maniharsh Goud,2026-08-14 17:33:11,good experience,Myntra Google Play reviews,English
690704c0-0c09-4783-a462-c03f857e99f4,Myntra,Google Play,Review,https://play.google.com/store/apps/details?id=com.myntra.android,imran syed,2026-08-14 17:32:59,very good app user friendly. price is better than other,Myntra Google Play reviews,English
077dc8de-b49f-4d4f-8ab5-416446c7dc8f,Myntra,Google Play,Review,https://play.google.com/store/apps/details?id=com.myntra.android,Rudra Thakur,2026-08-14 17:31:28,i love myntra,Myntra Google Play reviews,English
65af027e-0af5-4a25-8b05-494cc49ddd8c,Myntra,Google Play,Review,https://play.google.com/store/apps/details?id=com.myntra.android,Prem Suthar,2026-08-14 17:29:57,best oniline shoping app,Myntra Google Play reviews,English
b9c6ded3-4268-4322-80c4-100ba73f3d9b,Myntra,Google Play,Review,https://play.google.com/store/apps/details?id=com.myntra.android,Juli Kumari,2026-08-14 17:29:11,good,Myntra Google Play reviews,English
7e5f8300-17b9-4817-b2b1-f98a7ba3aea0,Myntra,Google Play,Review,https://play.google.com/store/apps/details?id=com.myntra.android,khetra naik,2026-08-14 17:29:11,good,Myntra Google Play reviews,English
f6bf89e2-eb03-4713-b839-16838256344d,Myntra,Google Play,Review,https://play.google.com/store/apps/details?id=com.myntra.android,Bunny Kumar,2026-08-14 17:28:04,okay okay,Myntra Google Play reviews,English
ae645216-d78b-45fa-a784-70f5d34e4694,Myntra,Google Play,Review,https://play.google.com/store/apps/details?id=com.myntra.android,Jyoti Kesri,2026-08-14 17:21:52,myntra is the best app for purchase and i m using from last 10 years of this platform. i luv it,Myntra Google Play reviews,English
063ee4eb-26d7-41c5-a4c9-d2381f9d2447,Myntra,Google Play,Review,https://play.google.com/store/apps/details?id=com.myntra.android,All Rounder Yodha OP,2026-08-14 17:20:06,best app for shopping 🛒🛍️,Myntra Google Play reviews,English
f82b00cb-5a62-44a0-a634-e627b034548a,Myntra,Google Play,Review,https://play.google.com/store/apps/details?id=com.myntra.android,Saugat Rai,2026-08-14 17:18:31,nice,Myntra Google Play reviews,English
6ab36c9d-55d8-49eb-b90c-e26f2b856164,Myntra,Google Play,Review,https://play.google.com/store/apps/details?id=com.myntra.android,Riaa Singh,2026-08-14 17:17:32,wonderful app with wonderful product,Myntra Google Play reviews,English
3f0c8f03-d6c1-42a0-ac4d-51ea99e03efe,Myntra,Google Play,Review,https://play.google.com/store/apps/details?id=com.myntra.android,Shruti kaushik,2026-08-14 17:14:57,best shopping app and give best discount,Myntra Google Play reviews,English
3f7c9005-f91b-4a20-afa9-129ad218b5f6,Myntra,Google Play,Review,https://play.google.com/store/apps/details?id=com.myntra.android,Akash Jain,2026-08-14 17:14:53,very good app faster delivary,Myntra Google Play reviews,English
407cb178-4351-4977-8481-e0741a2411c1,Myntra,Google Play,Review,https://play.google.com/store/apps/details?id=com.myntra.android,Manisha Sharma,2026-08-14 17:14:45,i loved mynta ❤❤❤,Myntra Google Play reviews,English
87ab906f-6f81-4600-abfc-e892e87ddac3,Myntra,Google Play,Review,https://play.google.com/store/apps/details?id=com.myntra.android,Amisha Munjal,2026-08-14 17:12:23,best online shopping app I always prefer this app for beauty and clothes 🩷💎,Myntra Google Play reviews,English
5c2d574f-1fb7-4ede-a492-6200523f3dca,Myntra,Google Play,Review,https://play.google.com/store/apps/details?id=com.myntra.android,Deepti Gupta,2026-08-14 17:03:54,"I have had a very bad experience with this app. It is a very useless app. It does not support anything, so I would not recommend it to anyone. Delivery experience is very bad",Myntra Google Play reviews,English
67929da1-3f27-4942-8881-02da7f330522,Myntra,Google Play,Review,https://play.google.com/store/apps/details?id=com.myntra.android,Sahil,2026-08-14 17:03:00,"Balanced I’ve had a pretty good experience with Myntra overall. The app is easy to use, there are lots of products and brands to choose from, and the delivery tracking is helpful. Prices and discounts are also usually good. There are occasional delivery issues, but overall it’s a convenient shopping app.",Myntra Google Play reviews,English
8a18109c-f771-4310-957b-5031b2749c64,Myntra,Google Play,Review,https://play.google.com/store/apps/details?id=com.myntra.android,wandering rehan,2026-08-14 17:00:21,I loved this app product quality is awesome whatever I bought till date....,Myntra Google Play reviews,English
f5aeaced-ed37-49a4-9657-ee3be3cb7028,Myntra,Google Play,Review,https://play.google.com/store/apps/details?id=com.myntra.android,Amreen Khan,2026-08-14 16:58:51,amezing 😍😍,Myntra Google Play reviews,English
5fc51343-3ab5-4028-a805-46efbdc702e6,Myntra,Google Play,Review,https://play.google.com/store/apps/details?id=com.myntra.android,B.S. Rathore,2026-08-14 16:57:15,Myntra is very reliable platform,Myntra Google Play reviews,English
16e612a7-eb57-43ca-b951-270dee6f7792,Myntra,Google Play,Review,https://play.google.com/store/apps/details?id=com.myntra.android,subhash kumar,2026-08-14 16:56:59,excellent everything is ultimate,Myntra Google Play reviews,English
29157c60-b671-463c-9ce5-039628dd577f,Myntra,Google Play,Review,https://play.google.com/store/apps/details?id=com.myntra.android,Mohit Tandel,2026-08-14 16:55:22,bakavas app h mera product karab aaya tha mene do baar retan karne ka try kiya lekin nahi hua,Myntra Google Play reviews,English
a284ce56-4f78-4517-947b-a2a74bab04d6,Myntra,Google Play,Review,https://play.google.com/store/apps/details?id=com.myntra.android,Shivam Bisht,2026-08-14 16:55:19,apne aapa hi tumne mera order cancel kr diya,Myntra Google Play reviews,English
3f25cf26-4c76-494b-9f1d-78ee261b57d4,Myntra,Google Play,Review,https://play.google.com/store/apps/details?id=com.myntra.android,Sanjiv Kumar,2026-08-14 16:53:32,wonderful shopping platform,Myntra Google Play reviews,English
c29978fd-d859-4daa-84e4-614399429155,Myntra,Google Play,Review,https://play.google.com/store/apps/details?id=com.myntra.android,Shameem Akhter,2026-08-14 16:51:15,excellent app,Myntra Google Play reviews,English
99e66a43-be5b-43cb-b3ab-c8ec43545e40,Myntra,Google Play,Review,https://play.google.com/store/apps/details?id=com.myntra.android,Nakshatra,2026-08-14 16:49:02,nice app and good service,Myntra Google Play reviews,English
4bda9869-87aa-4c51-9645-57c669ce1322,Myntra,Google Play,Review,https://play.google.com/store/apps/details?id=com.myntra.android,Urvim Vyas,2026-08-14 16:44:51,very user friendly app. and also great varieties of clothes and others.,Myntra Google Play reviews,English
251713e6-218d-45ec-a9c4-00b8ff514075,Myntra,Google Play,Review,https://play.google.com/store/apps/details?id=com.myntra.android,Vivek Maurya,2026-08-14 16:42:29,Too good and genuine product,Myntra Google Play reviews,English
86c17387-603f-43e8-9170-85d8e40affa5,Myntra,Google Play,Review,https://play.google.com/store/apps/details?id=com.myntra.android,Padmani Rawte,2026-08-14 16:40:58,❤️,Myntra Google Play reviews,English
3d3573ec-41c6-45aa-b403-31aa09a84a77,Myntra,Google Play,Review,https://play.google.com/store/apps/details?id=com.myntra.android,Siddhant Chaudhary,2026-08-14 16:40:23,Nice application,Myntra Google Play reviews,English
71f90733-fc16-4ade-bec9-b334a5879e15,Myntra,Google Play,Review,https://play.google.com/store/apps/details?id=com.myntra.android,Mrudul Katkar,2026-08-14 16:39:04,The delivery partners of the Myntra app are useless.,Myntra Google Play reviews,English
68aba0c7-470d-4629-b8e4-add5de7dd057,Myntra,Google Play,Review,https://play.google.com/store/apps/details?id=com.myntra.android,Ankita Dwivedi,2026-08-14 16:34:25,very usefull,Myntra Google Play reviews,English
167eade0-7cff-4065-b88e-1cc611b26c14,Myntra,Google Play,Review,https://play.google.com/store/apps/details?id=com.myntra.android,Raushan K blogs,2026-08-14 16:33:26,👍👍 good job,Myntra Google Play reviews,English
6b6cda4a-05c8-43b4-8439-fe232565df17,Myntra,Google Play,Review,https://play.google.com/store/apps/details?id=com.myntra.android,Rishabh Kumar,2026-08-14 16:32:28,excellent,Myntra Google Play reviews,English
4123eccb-08bb-4b57-a2a7-b996ed942d1f,Myntra,Google Play,Review,https://play.google.com/store/apps/details?id=com.myntra.android,war monger,2026-08-14 16:30:03,"return keeps getting canceled due to ""internal matters."" tried calling the customer care, and you are handed an AI voice bot on call. time to uninstall this garbage app.",Myntra Google Play reviews,English
be1abb3c-b164-401c-9edd-eab2dae2b7f1,Myntra,Google Play,Review,https://play.google.com/store/apps/details?id=com.myntra.android,Ayaz Ajju,2026-08-14 16:29:19,good,Myntra Google Play reviews,English
8f747a17-177e-44ed-bd67-80a0aa6a3964,Myntra,Google Play,Review,https://play.google.com/store/apps/details?id=com.myntra.android,Sonali Sona,2026-08-14 16:27:19,great price and fast delivery,Myntra Google Play reviews,English
2ff81763-7b2a-4f60-972f-6158d7f75f69,Myntra,Google Play,Review,https://play.google.com/store/apps/details?id=com.myntra.android,A Praveen,2026-08-14 16:26:30,like,Myntra Google Play reviews,English
acdb5e54-c751-488a-9cca-9740b7146ef7,Myntra,Google Play,Review,https://play.google.com/store/apps/details?id=com.myntra.android,Abhiraj Tiwari,2026-08-14 16:19:50,providing wrong products after that they are not preparing any return...even though they have return policy,Myntra Google Play reviews,English
80af1d8b-e085-4faf-ab02-63674b251a6b,Myntra,Google Play,Review,https://play.google.com/store/apps/details?id=com.myntra.android,Gaurav Dave,2026-08-14 16:19:40,one of the best apps ever,Myntra Google Play reviews,English
b0f04f42-ed1f-48e1-94bb-c821b9d1bbd1,Myntra,Google Play,Review,https://play.google.com/store/apps/details?id=com.myntra.android,Nasareen,2026-08-14 16:19:05,good quality premium 👍,Myntra Google Play reviews,English
bdf636dc-3f5c-4d90-a64c-df0bdf997117,Myntra,Google Play,Review,https://play.google.com/store/apps/details?id=com.myntra.android,Naresh Bhatt,2026-08-14 16:17:36,good product app,Myntra Google Play reviews,English
e35d241b-12c3-4bc3-962e-e4c261631f10,Myntra,Google Play,Review,https://play.google.com/store/apps/details?id=com.myntra.android,Ankita,2026-08-14 16:17:02,very good,Myntra Google Play reviews,English
d726ffe5-1fd2-4222-8cd3-988db61bb9ac,Myntra,Google Play,Review,https://play.google.com/store/apps/details?id=com.myntra.android,Krishna Chaurasia,2026-08-14 16:13:49,the quality of the clothes is exquisite,Myntra Google Play reviews,English
0377c087-fe4f-4d1e-956f-b08a46430127,Myntra,Google Play,Review,https://play.google.com/store/apps/details?id=com.myntra.android,Nisha Dhurve,2026-08-14 16:10:23,very nice,Myntra Google Play reviews,English
3bd4ec12-30cb-4c84-b374-c7b10f6d0d97,Myntra,Google Play,Review,https://play.google.com/store/apps/details?id=com.myntra.android,SATYAM SHARMA,2026-08-14 16:09:54,"GREAT PLATFORM FOR HOME SHOPPING WITHOUT ANY TROUBLE ,THE COOLEST THING IS BEST QUALITY WE RECEIVE AS SEEN IN PLATFORM AND THE PEOPLE REVIEWS ARE VERY HELPFULL TO CHECK THE REAL PRODUCT AND ITS COLOR, QUALITY.ㅤㅤㅤㅤ ㅤㅤㅤㅤㅤㅤㅤㅤㅤㅤㅤㅤㅤㅤㅤㅤㅤ -SATYAMM",Myntra Google Play reviews,English
56e7354d-3379-444c-809d-c4867ae5bf71,Myntra,Google Play,Review,https://play.google.com/store/apps/details?id=com.myntra.android,Ashish,2026-08-14 16:05:20,superb,Myntra Google Play reviews,English
41d86b7c-2be3-482b-bb29-9239d5947b97,Myntra,Google Play,Review,https://play.google.com/store/apps/details?id=com.myntra.android,Anand Shukla,2026-08-14 16:05:08,excellent,Myntra Google Play reviews,English
d85413ce-d5a0-40d7-8176-15cba02b0df8,Myntra,Google Play,Review,https://play.google.com/store/apps/details?id=com.myntra.android,Ananya,2026-08-14 16:02:58,superb,Myntra Google Play reviews,English
3157c50b-8805-4131-9bda-47af241b92d1,Myntra,Google Play,Review,https://play.google.com/store/apps/details?id=com.myntra.android,AISHWARYA MUNUSAMY,2026-08-14 16:00:39,Good,Myntra Google Play reviews,English
3e5638c7-8c00-4a60-b071-405f3e9b2d94,Myntra,Google Play,Review,https://play.google.com/store/apps/details?id=com.myntra.android,Dilawar Hussain,2026-08-14 16:00:30,best quality,Myntra Google Play reviews,English
e6938262-08e0-4749-a7a3-7f09cd8140b2,Myntra,Google Play,Review,https://play.google.com/store/apps/details?id=com.myntra.android,Ritual Kaushik,2026-08-14 15:57:51,myntra is best,Myntra Google Play reviews,English
90bd0a65-71f0-44c0-bf64-ee428272ceb1,Myntra,Google Play,Review,https://play.google.com/store/apps/details?id=com.myntra.android,nimita dahiya,2026-08-14 15:57:42,very beautiful suit... fantastic... thankyou myntra,Myntra Google Play reviews,English
1393d0cb-5c17-4add-b70d-64172e8715d0,Myntra,Google Play,Review,https://play.google.com/store/apps/details?id=com.myntra.android,Shefali Tandel,2026-08-14 15:53:59,Great experience,Myntra Google Play reviews,English
9bac15ec-c601-4a36-9de2-b9677127f86b,Myntra,Google Play,Review,https://play.google.com/store/apps/details?id=com.myntra.android,Prateek Kukra BJP,2026-08-14 15:52:54,all product quality is very good,Myntra Google Play reviews,English
402bb3a3-5135-4c76-9b21-74097d8b9f38,Myntra,Google Play,Review,https://play.google.com/store/apps/details?id=com.myntra.android,Feroz Mohammad,2026-08-14 15:52:37,my favourite one,Myntra Google Play reviews,English
d7b21a5b-ee52-4f36-be80-235efe289bde,Myntra,Google Play,Review,https://play.google.com/store/apps/details?id=com.myntra.android,Meenu.arvindy Arvindy,2026-08-14 15:50:45,trustable and satisfying aap,Myntra Google Play reviews,English
515f656a-ced9-4138-9cce-5c8a027e2e40,Myntra,Google Play,Review,https://play.google.com/store/apps/details?id=com.myntra.android,Nisha Shalya,2026-08-14 15:50:28,good,Myntra Google Play reviews,English
ac01b034-d7b4-4e58-9f40-73faa9ab735f,Myntra,Google Play,Review,https://play.google.com/store/apps/details?id=com.myntra.android,Vipin Sharma,2026-08-14 15:48:47,very good experience overall one of the best application for online shopping,Myntra Google Play reviews,English
82b8b941-2fb7-46ed-8b28-be025428851a,Myntra,Google Play,Review,https://play.google.com/store/apps/details?id=com.myntra.android,Veena Angadi,2026-08-14 15:46:59,best offers I loved it,Myntra Google Play reviews,English
eb93f3fa-99b3-4631-9987-f4a46e48e714,Myntra,Google Play,Review,https://play.google.com/store/apps/details?id=com.myntra.android,SURANJAN MUDULI,2026-08-14 15:42:57,good app,Myntra Google Play reviews,English
f8216b95-e87f-4bb5-8ec5-002e9a04a190,Myntra,Google Play,Review,https://play.google.com/store/apps/details?id=com.myntra.android,Rajsingh Raj,2026-08-14 15:42:52,excellent online Shopping app,Myntra Google Play reviews,English
2552b203-1232-427a-a20e-24acfe8211b7,Myntra,Google Play,Review,https://play.google.com/store/apps/details?id=com.myntra.android,Ekalabya Mohapatra,2026-08-14 15:42:50,authentic 👍,Myntra Google Play reviews,English
415920c6-aa55-42bb-8e03-0b075f316725,Myntra,Google Play,Review,https://play.google.com/store/apps/details?id=com.myntra.android,Shashank Singh,2026-08-14 15:37:49,best app for coupons and rewards,Myntra Google Play reviews,English
a9365f0d-ec3e-4bb4-abbe-b9627fe30144,Myntra,Google Play,Review,https://play.google.com/store/apps/details?id=com.myntra.android,VIKAS PATIL,2026-08-14 15:36:29,good one,Myntra Google Play reviews,English
89df176c-6009-4a23-b17a-d9eb115ed641,Myntra,Google Play,Review,https://play.google.com/store/apps/details?id=com.myntra.android,Daksh Khanchi,2026-08-14 15:33:04,excellent,Myntra Google Play reviews,English
ba03def1-a2f9-4826-b439-fc5fc099e931,Myntra,Google Play,Review,https://play.google.com/store/apps/details?id=com.myntra.android,Rashmi Singh,2026-08-14 15:32:19,very nice and every thing is perfect,Myntra Google Play reviews,English
16d1edd3-b106-4093-b089-ad314fdbd96e,Myntra,Google Play,Review,https://play.google.com/store/apps/details?id=com.myntra.android,Sandeep Yadav,2026-08-14 15:32:15,very nice app for branded clothing,Myntra Google Play reviews,English
90686add-7ad2-4793-a6a1-5928586882e3,Myntra,Google Play,Review,https://play.google.com/store/apps/details?id=com.myntra.android,Eswar Pallagani,2026-08-14 15:31:08,very good products,Myntra Google Play reviews,English
3b112446-3dc5-4cad-b381-828387ed1579,Myntra,Google Play,Review,https://play.google.com/store/apps/details?id=com.myntra.android,Nilima Patil,2026-08-14 15:28:12,good,Myntra Google Play reviews,English
5ba78f36-d960-4314-9234-b5a295a2b1f4,Myntra,Google Play,Review,https://play.google.com/store/apps/details?id=com.myntra.android,Badhan 66,2026-08-14 15:27:52,very poor service 😞,Myntra Google Play reviews,English
061ab8c1-75df-4e64-8252-47aa4eccb0cb,Myntra,Google Play,Review,https://play.google.com/store/apps/details?id=com.myntra.android,Sana Anwarul,2026-08-14 15:24:33,very good,Myntra Google Play reviews,English
0707c534-c203-4c2a-bf81-e2908423ca45,Myntra,Google Play,Review,https://play.google.com/store/apps/details?id=com.myntra.android,Neetu Prajapati,2026-08-14 15:22:35,very nice experience 😃😃,Myntra Google Play reviews,English
653f7ab5-8c19-4e39-b235-990976f5ea46,Myntra,Google Play,Review,https://play.google.com/store/apps/details?id=com.myntra.android,Siptiranjan Bagha,2026-08-14 15:22:26,good product but despatch leat,Myntra Google Play reviews,English
76754964-452a-44c1-80ba-39dd3d3a9b5d,Myntra,Google Play,Review,https://play.google.com/store/apps/details?id=com.myntra.android,K Hanmanth Yadav,2026-08-14 15:22:24,Good,Myntra Google Play reviews,English
66d04fc4-b013-4dca-88eb-ceab06c3a75c,Myntra,Google Play,Review,https://play.google.com/store/apps/details?id=com.myntra.android,Tulasirani Rout,2026-08-14 15:20:03,nice product,Myntra Google Play reviews,English
1268cff4-2796-4380-b5dc-5acae964b841,Myntra,Google Play,Review,https://play.google.com/store/apps/details?id=com.myntra.android,Srinidhi Manchikanti,2026-08-14 15:19:56,good,Myntra Google Play reviews,English
64db1d66-23bd-4812-9718-b896c4aa1e13,Myntra,Google Play,Review,https://play.google.com/store/apps/details?id=com.myntra.android,DISHANT SINGH,2026-08-14 15:18:41,lt's a superb app for a shopping all necessary things.,Myntra Google Play reviews,English
77a6d8e6-1220-4065-bbc8-24e06f937e40,Myntra,Google Play,Review,https://play.google.com/store/apps/details?id=com.myntra.android,Anish Rathore,2026-08-14 15:17:56,good,Myntra Google Play reviews,English
91e8243b-a61a-4cc3-ba21-da0f2ed68f5d,Myntra,Google Play,Review,https://play.google.com/store/apps/details?id=com.myntra.android,BOJJA BINDU,2026-08-14 15:16:27,good app,Myntra Google Play reviews,English
8e9dd51a-a093-4af9-ac63-66076b2fb0a7,Myntra,Google Play,Review,https://play.google.com/store/apps/details?id=com.myntra.android,Komal,2026-08-14 15:15:39,very nice experience.,Myntra Google Play reviews,English
1751c879-9413-4509-a2ef-a506573c8ad8,Myntra,Google Play,Review,https://play.google.com/store/apps/details?id=com.myntra.android,Swathi Cheluvaraj,2026-08-14 15:13:45,fabulous,Myntra Google Play reviews,English
c8afaeba-3a07-49a4-b1f6-b206df0c000b,Myntra,Google Play,Review,https://play.google.com/store/apps/details?id=com.myntra.android,BADAL UPMAN,2026-08-14 15:11:34,just myntra things😍,Myntra Google Play reviews,English
865dbac5-6b22-4bf3-a750-c53377870826,Myntra,Google Play,Review,https://play.google.com/store/apps/details?id=com.myntra.android,Md Shareef,2026-08-14 15:10:51,login issue,Myntra Google Play reviews,English
8697c625-db96-4018-8b39-7f445b9102ce,Myntra,Google Play,Review,https://play.google.com/store/apps/details?id=com.myntra.android,killi leeladhar,2026-08-14 15:10:06,good,Myntra Google Play reviews,English
7d82fecc-979a-4a13-9a99-6280dda94454,Myntra,Google Play,Review,https://play.google.com/store/apps/details?id=com.myntra.android,Sunetra Dutta Munshi,2026-08-14 15:08:35,One of my favourite apps,Myntra Google Play reviews,English
f6a0e6e6-9496-4c1c-80f1-fbd00b581ce1,Myntra,Google Play,Review,https://play.google.com/store/apps/details?id=com.myntra.android,Nitesh Lovewanshi,2026-08-14 15:08:14,superb quality and delivery,Myntra Google Play reviews,English
c19d674f-6567-424a-a443-e68b12232e32,Myntra,Google Play,Review,https://play.google.com/store/apps/details?id=com.myntra.android,Paras Goswami,2026-08-14 15:07:31,"The new update has made Myntra much less user-friendly. Earlier, while searching “Men’s T-shirts,” the total count (e.g. 30K) was shown, and while scrolling, we could understand how far we had reached in the results. This was very useful when browsing thousands of products. Even after applying filters like Being Human + 2XL, the product count was visible. Now all this information is gone. The tracking ID is also no longer clearly visible, and the new layout feels worse.",Myntra Google Play reviews,English
0f6ac22c-d9e9-4a94-b147-49e3fa887cac,Myntra,Google Play,Review,https://play.google.com/store/apps/details?id=com.myntra.android,Harpreet majoka,2026-08-14 15:06:36,good,Myntra Google Play reviews,English
8445328e-ffa1-44f5-b178-fd09e364d6f9,Myntra,Google Play,Review,https://play.google.com/store/apps/details?id=com.myntra.android,Abdul majid Khan,2026-08-14 15:06:27,best fashion,Myntra Google Play reviews,English
4127d3ee-5b57-49ea-ab2d-b626c8c5e3d9,Myntra,Google Play,Review,https://play.google.com/store/apps/details?id=com.myntra.android,Shez Deboo,2026-08-14 15:06:13,Worst Customer Support. I ordered a forever bag which was delivered to me in improper packing without a strap in it. Also they are unable to compensate for the inconvenience. I think the product delivered is duplicate.,Myntra Google Play reviews,English
e7574d9e-3015-4d7c-897d-24bc0f2d8df9,Myntra,Google Play,Review,https://play.google.com/store/apps/details?id=com.myntra.android,Nirmal Rathod,2026-08-14 15:06:02,very good product and delivery on time I like this app,Myntra Google Play reviews,English
d7f204a5-b7d8-4971-8828-464a05872881,Myntra,Google Play,Review,https://play.google.com/store/apps/details?id=com.myntra.android,Abhinit Msdian,2026-08-14 15:04:37,this shopping aplhi best quality product,Myntra Google Play reviews,English
f0e6e0c5-9c41-456b-8a66-da8074fa2cab,Myntra,Google Play,Review,https://play.google.com/store/apps/details?id=com.myntra.android,Bindia Paradeva,2026-08-14 15:03:47,always a good experience in shopping,Myntra Google Play reviews,English
9dcc3364-ab3f-4b80-88f5-c17689df1578,Myntra,Google Play,Review,https://play.google.com/store/apps/details?id=com.myntra.android,Parth Yadav,2026-08-14 15:02:17,amazing for shopping.,Myntra Google Play reviews,English
ae853997-303f-4c8c-831f-b38676c1c09e,Myntra,Google Play,Review,https://play.google.com/store/apps/details?id=com.myntra.android,RaviRanjan Kumar,2026-08-14 15:02:01,the product listed on this app is brnaded and having good quality.,Myntra Google Play reviews,English
a3dd67f1-6c20-4dfe-9a22-45d6e8719926,Myntra,Google Play,Review,https://play.google.com/store/apps/details?id=com.myntra.android,Ayesha Ahmed,2026-08-14 15:01:19,"this app is amazing, these are given good quality items ❤️",Myntra Google Play reviews,English
65034252-197a-4a92-9d93-09145011a6b0,Myntra,Google Play,Review,https://play.google.com/store/apps/details?id=com.myntra.android,Prashansa Singh,2026-08-14 15:00:59,❤️,Myntra Google Play reviews,English
ad75da93-7ccb-4824-a96d-c936794ac7f8,Myntra,Google Play,Review,https://play.google.com/store/apps/details?id=com.myntra.android,Aniket Shahane,2026-08-14 15:00:52,good,Myntra Google Play reviews,English
e16547d3-c7f7-4896-b963-c8d85c82178e,Myntra,Google Play,Review,https://play.google.com/store/apps/details?id=com.myntra.android,Tapan kumar Singh,2026-08-14 14:59:04,nice,Myntra Google Play reviews,English
d0aa7f77-a8c3-4dcf-8579-9cf58e98f7f4,Myntra,Google Play,Review,https://play.google.com/store/apps/details?id=com.myntra.android,Eddy Matthews,2026-08-14 14:56:56,great experience refund is also super fast,Myntra Google Play reviews,English
48c1eb36-b492-474f-9638-bbc5833ea0b1,Myntra,Google Play,Review,https://play.google.com/store/apps/details?id=com.myntra.android,Deepsikha Paul,2026-08-14 14:54:06,good,Myntra Google Play reviews,English
5a306540-24a9-4071-8bde-5298668655aa,Myntra,Google Play,Review,https://play.google.com/store/apps/details?id=com.myntra.android,Shubham Gujjar,2026-08-14 14:53:01,excellent shopping platform,Myntra Google Play reviews,English
07d35f63-847d-4d38-9b54-011202c3cefb,Myntra,Google Play,Review,https://play.google.com/store/apps/details?id=com.myntra.android,Gaurav Jamhoriya,2026-08-14 14:49:30,great product and great work 💯💯,Myntra Google Play reviews,English
59bc1d73-1309-436b-9e2f-d909c331dff8,Myntra,Google Play,Review,https://play.google.com/store/apps/details?id=com.myntra.android,Kammu Dhumketi,2026-08-14 14:48:07,nice 👍,Myntra Google Play reviews,English
ad4fb06f-224b-4c37-8199-a1375962da99,Myntra,Google Play,Review,https://play.google.com/store/apps/details?id=com.myntra.android,Pinky Bajaj,2026-08-14 14:47:44,nice app,Myntra Google Play reviews,English
3ba45ca6-1344-40b8-9351-4397563620aa,Myntra,Google Play,Review,https://play.google.com/store/apps/details?id=com.myntra.android,piyush arora,2026-08-14 14:46:42,👍,Myntra Google Play reviews,English
ff643478-3c3a-47fe-9ab7-87dfc883db78,Myntra,Google Play,Review,https://play.google.com/store/apps/details?id=com.myntra.android,Asha Kavithiya,2026-08-14 14:46:19,Very Nice 🥰,Myntra Google Play reviews,English
563ee564-f089-4bd2-a683-0ede1684283f,Myntra,Google Play,Review,https://play.google.com/store/apps/details?id=com.myntra.android,RAJNISH Kumar,2026-08-14 14:43:57,very good app,Myntra Google Play reviews,English
e97651c1-7cea-4728-93c7-64afcfe4fe5e,Myntra,Google Play,Review,https://play.google.com/store/apps/details?id=com.myntra.android,Mehrunnisa Khan,2026-08-14 14:43:14,nice experience 🙂,Myntra Google Play reviews,English
9f9dc0e3-2fd2-410c-8592-8029432e97c7,Myntra,Google Play,Review,https://play.google.com/store/apps/details?id=com.myntra.android,Rakesh Jagwani,2026-08-14 14:41:01,very good app,Myntra Google Play reviews,English
f260de57-97c3-457d-af6b-dd621f565617,Myntra,Google Play,Review,https://play.google.com/store/apps/details?id=com.myntra.android,Maitry Bhatt,2026-08-14 14:40:56,nice,Myntra Google Play reviews,English
435b55d2-8460-4e02-80b2-9aa876cb1c58,Myntra,Google Play,Review,https://play.google.com/store/apps/details?id=com.myntra.android,Chhoti Chandra,2026-08-14 14:40:46,nice,Myntra Google Play reviews,English
fce70404-57d4-4a08-8780-58b7a487603f,Myntra,Google Play,Review,https://play.google.com/store/apps/details?id=com.myntra.android,Sandip Adak,2026-08-14 14:39:47,excellent,Myntra Google Play reviews,English
cd635333-e458-478c-aa67-e6357cef7e62,Myntra,Google Play,Review,https://play.google.com/store/apps/details?id=com.myntra.android,Supriya Bhite,2026-08-14 14:38:25,good app for shopping.,Myntra Google Play reviews,English
1c18dd19-f6e9-4b1c-9b3d-19192927b423,Myntra,Google Play,Review,https://play.google.com/store/apps/details?id=com.myntra.android,Sandip Kumar,2026-08-14 14:37:09,very good application for shopping,Myntra Google Play reviews,English
8d7cad59-a781-4533-a015-a517b4495762,Myntra,Google Play,Review,https://play.google.com/store/apps/details?id=com.myntra.android,Hiteshi Sharma,2026-08-14 14:36:45,worth it,Myntra Google Play reviews,English
f244c220-bb81-4b4e-bfd4-92d94087fa37,Myntra,Google Play,Review,https://play.google.com/store/apps/details?id=com.myntra.android,Varunkrishna,2026-08-14 14:36:42,the app UI is very good and collections are also more,Myntra Google Play reviews,English
c7bd4c22-139f-4e77-9710-ef78bbc42f19,Myntra,Google Play,Review,https://play.google.com/store/apps/details?id=com.myntra.android,MOHANLAL,2026-08-14 14:36:20,nice,Myntra Google Play reviews,English
0f603bd1-fb22-4edd-8f7f-15f9ba58d8b6,Myntra,Google Play,Review,https://play.google.com/store/apps/details?id=com.myntra.android,Vasu Yadav,2026-08-14 14:33:47,Good,Myntra Google Play reviews,English
d8f45b42-b7f8-44cd-84d5-789eaa00f15d,Myntra,Google Play,Review,https://play.google.com/store/apps/details?id=com.myntra.android,Naanu Singh,2026-08-14 14:31:20,excellent,Myntra Google Play reviews,English
a06ab42d-7d51-4b38-9127-1f0d35077d61,Myntra,Google Play,Review,https://play.google.com/store/apps/details?id=com.myntra.android,Shiizie Rai,2026-08-14 14:31:10,very good quality and it's suits in every situation,Myntra Google Play reviews,English
aa0d9a4c-d2f9-4564-8dd1-bb8a0001be3e,Myntra,Google Play,Review,https://play.google.com/store/apps/details?id=com.myntra.android,Akash Vishwakarma,2026-08-14 14:29:30,awesome,Myntra Google Play reviews,English
dc2a4a01-c3a3-4355-b1c9-eeab1920dbd0,Myntra,Google Play,Review,https://play.google.com/store/apps/details?id=com.myntra.android,savji thakor,2026-08-14 14:28:52,"good product, discount every time",Myntra Google Play reviews,English
888402ae-5530-478d-82de-8279a4fc08d4,Myntra,Google Play,Review,https://play.google.com/store/apps/details?id=com.myntra.android,Sahajan Khan,2026-08-14 14:24:32,very expensive 🫰,Myntra Google Play reviews,English
629cf9fb-d2cc-4d29-8813-e157d45deace,Myntra,Google Play,Review,https://play.google.com/store/apps/details?id=com.myntra.android,solo rider chandru,2026-08-14 14:11:05,nice product i feel happy,Myntra Google Play reviews,English
c6790264-7c18-4b21-92e6-9919b69d2dd3,Myntra,Google Play,Review,https://play.google.com/store/apps/details?id=com.myntra.android,Anas Khan,2026-08-14 14:09:31,"I had a terrible experience with Myntra. First, the delivery agent didn't show up; then, when I went to the warehouse, they refused to help, saying they didn't have the time to search for my package i didn't expect this from brands like myntra",Myntra Google Play reviews,English
bcb1fe29-4113-4cf0-a4af-7ac47ce94ca3,Myntra,Google Play,Review,https://play.google.com/store/apps/details?id=com.myntra.android,Vaishnavi Pande,2026-08-14 14:04:56,Many failed deliveries for 1 item .,Myntra Google Play reviews,English
a4de9d44-9040-4502-899f-98f72ca9d5fc,Myntra,Google Play,Review,https://play.google.com/store/apps/details?id=com.myntra.android,Siyari Debbarma,2026-08-14 14:04:21,good,Myntra Google Play reviews,English
434683f7-556f-4dbc-8705-958aadb41a81,Myntra,Google Play,Review,https://play.google.com/store/apps/details?id=com.myntra.android,Sumedh kashid,2026-08-14 14:03:21,"I ordered shoes from Myntra a month ago too, and the same problem happened. After waiting for 10-20 days, they cancelled the order. I placed an order again this time, and you people are still saying it will take another 1-2 days, while it has already been over 10 days for this order I feel like it was a mistake to order from your platform. I won't do it again after this. The result from your platform was the worst, even Meesho is better than you",Myntra Google Play reviews,English
386697f7-4810-46ea-a370-c85955ccef52,Myntra,Google Play,Review,https://play.google.com/store/apps/details?id=com.myntra.android,dilram yadav,2026-08-14 14:01:08,great,Myntra Google Play reviews,English
c8163b53-3181-4f6f-bd9a-72032c6d1443,Myntra,Google Play,Review,https://play.google.com/store/apps/details?id=com.myntra.android,Parveen Nisha,2026-08-14 14:00:30,excellent,Myntra Google Play reviews,English
33d882b4-7955-4573-981e-c5f88d78a639,Myntra,Google Play,Review,https://play.google.com/store/apps/details?id=com.myntra.android,Shahaji Muthal,2026-08-14 13:59:17,great work 👍👍,Myntra Google Play reviews,English
4f526784-da3d-4270-8d09-fd710809caaa,Myntra,Google Play,Review,https://play.google.com/store/apps/details?id=com.myntra.android,Saurabh Patel,2026-08-14 13:57:36,good 👍🏻,Myntra Google Play reviews,English
0704c655-02b5-473e-a65a-65912b09a7c9,Myntra,Google Play,Review,https://play.google.com/store/apps/details?id=com.myntra.android,Nitish Gupta,2026-08-14 13:56:34,good service,Myntra Google Play reviews,English
fe662cf2-eda2-4e5e-a87e-155a033fb0e4,Myntra,Google Play,Review,https://play.google.com/store/apps/details?id=com.myntra.android,Jyoti rajput,2026-08-14 13:56:23,good quality for cloth,Myntra Google Play reviews,English
f7c846ee-ea51-4e23-9a51-d5b8ea2d1b0f,Myntra,Google Play,Review,https://play.google.com/store/apps/details?id=com.myntra.android,Sagar singh,2026-08-14 13:54:41,nice,Myntra Google Play reviews,English
f5d7e4d1-b265-42d4-a0a4-1db8e3568dfc,Myntra,Google Play,Review,https://play.google.com/store/apps/details?id=com.myntra.android,mounika pinapati,2026-08-14 13:54:28,smooth shopping at affordable prices,Myntra Google Play reviews,English
5d4d4fc6-8db7-4f74-be4c-1f7f86c4e91f,Myntra,Google Play,Review,https://play.google.com/store/apps/details?id=com.myntra.android,Ahamad Hussan,2026-08-14 13:54:27,best app for shopping,Myntra Google Play reviews,English
bcb8ebcc-e301-46ed-aa6a-7287a86756b0,Myntra,Google Play,Review,https://play.google.com/store/apps/details?id=com.myntra.android,Anil Kumar Mylaram,2026-08-14 13:53:31,good,Myntra Google Play reviews,English
8bfa1e76-6d2f-4ed6-b3fa-09f577fb80da,Myntra,Google Play,Review,https://play.google.com/store/apps/details?id=com.myntra.android,Nikita Agnihotri,2026-08-14 13:53:14,very good and authentic app,Myntra Google Play reviews,English
a10607b8-12f1-435f-a250-cc9217b42e30,Myntra,Google Play,Review,https://play.google.com/store/apps/details?id=com.myntra.android,Swathi Babu,2026-08-14 13:47:58,super quality,Myntra Google Play reviews,English
6a101989-9c23-4de5-bb3e-4485201edd74,Myntra,Google Play,Review,https://play.google.com/store/apps/details?id=com.myntra.android,Isha Agrawal,2026-08-14 13:47:38,very affordable and best quality product,Myntra Google Play reviews,English
3bc9107f-6c25-43e8-82a6-47c10a951e92,Myntra,Google Play,Review,https://play.google.com/store/apps/details?id=com.myntra.android,Somasri Karmakar,2026-08-14 13:47:33,❤️,Myntra Google Play reviews,English
57b440a3-b2eb-4563-86ae-adffd73f511c,Myntra,Google Play,Review,https://play.google.com/store/apps/details?id=com.myntra.android,kanika jain,2026-08-14 13:44:52,too good,Myntra Google Play reviews,English
a746fd2b-55bb-4a55-a692-d9506bf533de,Myntra,Google Play,Review,https://play.google.com/store/apps/details?id=com.myntra.android,Vinita Kumari,2026-08-14 13:41:52,The quality and colour of the product is very nice....,Myntra Google Play reviews,English
17fad58b-5235-46fe-9d03-93db6b095188,Myntra,Google Play,Review,https://play.google.com/store/apps/details?id=com.myntra.android,Chamo Kumari,2026-08-14 13:40:04,very affordable,Myntra Google Play reviews,English
8a918230-2aa6-415a-8933-30c2b5f30787,Myntra,Google Play,Review,https://play.google.com/store/apps/details?id=com.myntra.android,Tasmiya Shaikh,2026-08-14 13:39:50,amazing,Myntra Google Play reviews,English
74a98905-855e-4cad-9c21-40a7b5b1c4fc,Myntra,Google Play,Review,https://play.google.com/store/apps/details?id=com.myntra.android,Nimai Chandra Dutta,2026-08-14 13:35:19,too much platform fee.,Myntra Google Play reviews,English
914aecef-72f6-41fe-b292-d72054ac16d6,Myntra,Google Play,Review,https://play.google.com/store/apps/details?id=com.myntra.android,heena bhatt,2026-08-14 13:31:37,amazing service by myntra..,Myntra Google Play reviews,English
ecebc0bb-ba66-4add-8a42-adf21c077eae,Myntra,Google Play,Review,https://play.google.com/store/apps/details?id=com.myntra.android,ruchi raj,2026-08-14 13:31:31,Best app for shopping,Myntra Google Play reviews,English
ac5534bf-d5de-4735-a56e-00a3a8b56194,Myntra,Google Play,Review,https://play.google.com/store/apps/details?id=com.myntra.android,Saini Avi,2026-08-14 13:28:56,very good app,Myntra Google Play reviews,English
97db144e-062e-4a51-89a4-f7c4c316dcd1,Myntra,Google Play,Review,https://play.google.com/store/apps/details?id=com.myntra.android,Kanchan Kaiwart,2026-08-14 13:28:47,bahut bekar app abtk ka sbse bekar offer wale products ko deliver hi nhi krta hai ghatiya app,Myntra Google Play reviews,English
2ee43032-353d-480c-a1fb-b797aafe1a32,Myntra,Google Play,Review,https://play.google.com/store/apps/details?id=com.myntra.android,Prince Tiwari,2026-08-14 13:22:57,good app,Myntra Google Play reviews,English
0a1d542a-87ac-4060-b0e3-bc518382bfe5,Myntra,Google Play,Review,https://play.google.com/store/apps/details?id=com.myntra.android,ifshana muzaffar,2026-08-14 13:21:10,best shopping app ever.,Myntra Google Play reviews,English
83ec5f7a-5e0f-45e6-966a-49bddbfffa9e,Myntra,Google Play,Review,https://play.google.com/store/apps/details?id=com.myntra.android,Deepti Pandey,2026-08-14 13:20:02,from the last 1 month the service and product are getting worst in myntra.they send wrong size or damaged product and they hold the return pick up. they are showing nonsense. makeup products are always damaged I got. no return and exchange properly. don't buy from Myntra this is my suggestion. they send low quality cloths at heigh cost. always assured customer care but on ground they want rating but doesn't do in favour of customer. I was 10 years old customer but now I am going to uninstall,Myntra Google Play reviews,English
ce6efdf8-7b1f-4efa-82a3-d187a92fd53c,Myntra,Google Play,Review,https://play.google.com/store/apps/details?id=com.myntra.android,Jyoti Kumari,2026-08-14 13:19:47,Excellent Delivery on time,Myntra Google Play reviews,English
42cf8fa6-489d-40f5-9e93-405cf2dd44e3,Myntra,Google Play,Review,https://play.google.com/store/apps/details?id=com.myntra.android,Nurulkhan Bhai,2026-08-14 13:13:43,nice app,Myntra Google Play reviews,English
76885ff9-570d-49b9-b34a-5508248c8258,Myntra,Google Play,Review,https://play.google.com/store/apps/details?id=com.myntra.android,Chugam Momin,2026-08-14 13:13:06,very very bad and false app 😤😤,Myntra Google Play reviews,English
1eb90832-1a63-46cb-9faa-c3c5f84b0dfc,Myntra,Google Play,Review,https://play.google.com/store/apps/details?id=com.myntra.android,Ritesh Satle,2026-08-14 13:09:09,The very good quality cloth found in every order.,Myntra Google Play reviews,English
2d05e5e4-b707-446a-bd88-c3549c3b6bad,Myntra,Google Play,Review,https://play.google.com/store/apps/details?id=com.myntra.android,Muskan Muskan khan,2026-08-14 13:08:47,shopping ke liya achaa app hai,Myntra Google Play reviews,English
fdd7626d-e78e-4530-9401-6968af94c979,Myntra,Google Play,Review,https://play.google.com/store/apps/details?id=com.myntra.android,Keshav Sharma,2026-08-14 13:08:22,good,Myntra Google Play reviews,English
9b15711d-80a3-4810-b539-e7af9a532d35,Myntra,Google Play,Review,https://play.google.com/store/apps/details?id=com.myntra.android,Aman Meena,2026-08-14 13:07:26,very nice experience and trusted app,Myntra Google Play reviews,English
4415faae-87a4-4fc6-aac4-3e3df5a247aa,Myntra,Google Play,Review,https://play.google.com/store/apps/details?id=com.myntra.android,sheeren hussain,2026-08-14 13:03:11,best of best good,Myntra Google Play reviews,English
fe4b817f-0839-4f39-8d1f-3274113a0156,Myntra,Google Play,Review,https://play.google.com/store/apps/details?id=com.myntra.android,Soniya Chandel,2026-08-14 13:03:05,quality and size is very good and real,Myntra Google Play reviews,English
defca3c5-9472-408a-9657-27a13f1987aa,Myntra,Google Play,Review,https://play.google.com/store/apps/details?id=com.myntra.android,Sangita Hazarika,2026-08-14 13:01:19,good,Myntra Google Play reviews,English
56864dc3-4e00-4eef-8a6f-7750b0a6a6f7,Myntra,Google Play,Review,https://play.google.com/store/apps/details?id=com.myntra.android,MukesH Dhaka,2026-08-14 13:00:41,new update 14.08.2016 (same mail ka koi reply nhi call pr same javab)new update:::--(aaj 13/08/2026ho chuka hai call pr aaj fir next 24 hours de diye) Old comment::::- bahut ki bekar hai myntra maine 6 july 2026 ko order lagaya tha order abhi tak nhi mila call karke puchhta hu to bar bar 24 ghante me update dene ki bat kar dete hai mujhe aaj ki date tak iski koi update nhi mili kab tak order milega aaj 12 August 2026 ho chuke hai agr order milega to main yaha update jarur karunga,Myntra Google Play reviews,English
0a795c38-1eb7-4c4c-aaf1-324f12bd4bc8,Myntra,Google Play,Review,https://play.google.com/store/apps/details?id=com.myntra.android,Crimson,2026-08-14 12:58:18,"just BAD, worst delivery service, always late and misplaced the package.",Myntra Google Play reviews,English
2ecf1d6e-c528-4459-ba4a-876fde0da2c3,Myntra,Google Play,Review,https://play.google.com/store/apps/details?id=com.myntra.android,varsha chourasia,2026-08-14 12:58:14,best app for original brand,Myntra Google Play reviews,English
8dcceffd-7b0f-492f-a62e-9c204790541a,Myntra,Google Play,Review,https://play.google.com/store/apps/details?id=com.myntra.android,Sucharitha Raju,2026-08-14 12:57:54,very poor products i ordered 2500 product they send cheap product,Myntra Google Play reviews,English
2ac57ed5-7b10-4aff-857c-9fe32afa05eb,Myntra,Google Play,Review,https://play.google.com/store/apps/details?id=com.myntra.android,Sanjay Dutta,2026-08-14 12:55:51,best deals on affordable price,Myntra Google Play reviews,English
369b949e-cfeb-4012-ac97-56ae5b7d3e5f,Myntra,Google Play,Review,https://play.google.com/store/apps/details?id=com.myntra.android,Jaswant Singh,2026-08-14 12:55:12,"Nice platform to buy clothing, so many options and trendy stuff, it's always a joyful experience to add anything to the cart at Myntra.",Myntra Google Play reviews,English
82d71b15-0d63-4a03-a70e-9dbc661b8396,Myntra,Google Play,Review,https://play.google.com/store/apps/details?id=com.myntra.android,Barsha Hazra,2026-08-14 12:54:52,Excellent,Myntra Google Play reviews,English
d8a653ad-0b27-44db-825c-af8168eb5791,Myntra,Google Play,Review,https://play.google.com/store/apps/details?id=com.myntra.android,Ttxxh6758,2026-08-14 12:52:39,i bought a jumping rope from myntra and its only cost me 100 rupees the quality of it so good I have been using it for over a year it is still in goog condition,Myntra Google Play reviews,English
0426c6f6-af8c-4638-98c5-eaf64e6973b6,Myntra,Google Play,Review,https://play.google.com/store/apps/details?id=com.myntra.android,Urmila Urmila,2026-08-14 12:52:25,too good 😊,Myntra Google Play reviews,English
38041ef2-97a4-4857-94aa-7f50f2b7c1d4,Myntra,Google Play,Review,https://play.google.com/store/apps/details?id=com.myntra.android,Rakhi Chauraisa,2026-08-14 12:51:41,it's very good app,Myntra Google Play reviews,English
5e17ab09-d337-4be2-82ca-bfc94bfd9756,Myntra,Google Play,Review,https://play.google.com/store/apps/details?id=com.myntra.android,Anuj Jhanjhari,2026-08-14 12:50:19,excellent,Myntra Google Play reviews,English
00335f6d-7567-47a1-b1ed-9a8d6c32ad78,Myntra,Google Play,Review,https://play.google.com/store/apps/details?id=com.myntra.android,Anjeet Kumar,2026-08-14 12:49:30,good quality good return policy,Myntra Google Play reviews,English
289b70d2-04f7-4ac0-8ba1-6013a5d1dc97,Myntra,Google Play,Review,https://play.google.com/store/apps/details?id=com.myntra.android,Dipshikha Rabha,2026-08-14 12:49:06,i love myntra ....i have been purchasing from last 7 -8 years ...the materials...quality are top notch ...,Myntra Google Play reviews,English
862e0f3d-28fa-4f64-a99a-4c2a20a76b35,Myntra,Google Play,Review,https://play.google.com/store/apps/details?id=com.myntra.android,Devang Parmar,2026-08-14 12:48:18,you must use this app bcz item is fine and price are healthy,Myntra Google Play reviews,English
51c86b28-c4e5-4f91-9671-0a5e436b0052,Myntra,Google Play,Review,https://play.google.com/store/apps/details?id=com.myntra.android,Vidhi Sahu,2026-08-14 12:46:00,"Absolutely third-class delivery service! One order was falsely marked as delivered, and the delivery agent took my COD payment while I never received the parcel. Another order was prepaid online, but the delivery agent never came, and the status kept showing ""on the way/undelivered."" Horrible experience, poor delivery management, and no accountability. Myntra needs to take strict action against such delivery partners.This has been the worst shopping experience I've had.",Myntra Google Play reviews,English
b551ae8e-e029-49dc-8d06-97d468e9f198,Myntra,Google Play,Review,https://play.google.com/store/apps/details?id=com.myntra.android,Prashant More,2026-08-14 12:45:48,quality number 1,Myntra Google Play reviews,English
7e0bcdfa-8e4e-48cc-801b-08304f0910f9,Myntra,Google Play,Review,https://play.google.com/store/apps/details?id=com.myntra.android,Raunak Dwivedi,2026-08-14 12:44:21,"I ordered a watch using a coupon and got a discount, but my order has been delayed. I’ve noticed this happening repeatedly—whenever I place an order and use a coupon to get a discount, the order seems to get delayed. Is this just a coincidence, or does using a coupon actually affect the delivery time? If customers are given a discount through a coupon, their orders should not be delayed because of it.",Myntra Google Play reviews,English
fba1326d-a132-4129-92c4-9b33141b485f,Myntra,Google Play,Review,https://play.google.com/store/apps/details?id=com.myntra.android,Shobha Yadav,2026-08-14 12:42:15,awesome 👍🏻😎,Myntra Google Play reviews,English
f95919ca-a22c-42b6-8c1b-509379543c8b,Myntra,Google Play,Review,https://play.google.com/store/apps/details?id=com.myntra.android,Rahul Gupta,2026-08-14 12:40:05,Good,Myntra Google Play reviews,English
07129f93-2e93-4861-93c2-f9224ba36ea0,Myntra,Google Play,Review,https://play.google.com/store/apps/details?id=com.myntra.android,Kamaldeep Kour,2026-08-14 12:39:55,.now unable to use Myntra cash and Myntra coupons combine I use this on my orders then why Mantra do this to my account. and I can purchase the items lower than rs 200 with using Myntra cash before but now I can't purchase products lower than rs 200 with the use of Myntra cash and Myntra coupons andmy profile name is KamalDeep maan it is scam you can purchase only 6 products by using Myntra cash and credit and for other product Myntra change their pattern,Myntra Google Play reviews,English
6cd0ecfe-ae94-420c-ace9-6ffbfd9c0850,Myntra,Google Play,Review,https://play.google.com/store/apps/details?id=com.myntra.android,Prem Kumar M,2026-08-14 12:36:07,good🤟,Myntra Google Play reviews,English
4d868d68-2e37-4583-8f9b-841b7f708109,Myntra,Google Play,Review,https://play.google.com/store/apps/details?id=com.myntra.android,Nishat Bi,2026-08-14 12:35:06,good quality,Myntra Google Play reviews,English
81a64b39-1110-41e3-9752-865a08442359,Myntra,Google Play,Review,https://play.google.com/store/apps/details?id=com.myntra.android,Hm k,2026-08-14 12:34:46,"''Nice fit and great material! The color is exactly like the picture on the app. True to size. Highly recommend!""",Myntra Google Play reviews,English
517ba279-d9b4-4fb5-999d-921398a0dd41,Myntra,Google Play,Review,https://play.google.com/store/apps/details?id=com.myntra.android,Shrawani Moon,2026-08-14 12:34:31,"Extremely disappointing experience with Myntra. My orders are repeatedly getting delayed and then cancelled automatically, even when the same order and address work perfectly fine from another account. There is absolutely no issue with my address or payment, yet this keeps After dealing with this repeatedly, I’ve finally had enough. I’m deleting the Myntra app and will no longer be using it. Very disappointed with the overall experience.",Myntra Google Play reviews,English
b788d65a-53ec-40e9-a318-3e6f7ca8da8c,Myntra,Google Play,Review,https://play.google.com/store/apps/details?id=com.myntra.android,Umesh E,2026-08-14 12:33:41,quality material and stylish design,Myntra Google Play reviews,English
fa48ae27-738c-465d-a356-d8bd3d76029e,Myntra,Google Play,Review,https://play.google.com/store/apps/details?id=com.myntra.android,Palavalasa Anitha,2026-08-14 12:33:06,Good and quality product.,Myntra Google Play reviews,English
49b90454-f74a-4bda-a80c-1d749f9cdab7,Myntra,Google Play,Review,https://play.google.com/store/apps/details?id=com.myntra.android,Rahim kumar Mushahary,2026-08-14 12:31:35,Try to send properly ordered Items. I got another Item the order I have given in before. Don't do it again with me.,Myntra Google Play reviews,English
6d800322-5c62-4e1d-8a76-e81ec3fea9d1,Myntra,Google Play,Review,https://play.google.com/store/apps/details?id=com.myntra.android,Ameenul Haque S M,2026-08-14 12:27:59,good app,Myntra Google Play reviews,English
cecba315-2ef1-483d-8888-675fd2ecb004,Myntra,Google Play,Review,https://play.google.com/store/apps/details?id=com.myntra.android,Archana Jain,2026-08-14 12:26:12,return policy is very poor and customer service is not good,Myntra Google Play reviews,English
61ceb822-f987-4622-a5eb-449901523ec4,Myntra,Google Play,Review,https://play.google.com/store/apps/details?id=com.myntra.android,Balu Anumula,2026-08-14 12:25:18,super,Myntra Google Play reviews,English
9d39622c-0834-4a8d-be6b-2e505f23a546,Myntra,Google Play,Review,https://play.google.com/store/apps/details?id=com.myntra.android,Mouse Mesi,2026-08-14 12:17:56,good app,Myntra Google Play reviews,English
a5d8907a-a6a1-4641-9f81-212d95ee6d47,Myntra,Google Play,Review,https://play.google.com/store/apps/details?id=com.myntra.android,EGL Dark,2026-08-14 12:17:39,best ever shoping app I am obsessed with myntra,Myntra Google Play reviews,English
48380ac0-abfb-4982-9fa2-cbd6be646f04,Myntra,Google Play,Review,https://play.google.com/store/apps/details?id=com.myntra.android,Kunal Koniyal,2026-08-14 12:14:37,good,Myntra Google Play reviews,English
697d04a4-e521-4986-ba78-837d71111df7,Myntra,Google Play,Review,https://play.google.com/store/apps/details?id=com.myntra.android,suraj sahu,2026-08-14 12:13:10,have a best quality of everything and also delivery is so good,Myntra Google Play reviews,English
ef5fe511-2867-44e3-a1a0-3b111f8f672c,Myntra,Google Play,Review,https://play.google.com/store/apps/details?id=com.myntra.android,rupa Sharma,2026-08-14 12:04:44,excellent,Myntra Google Play reviews,English
1599e3e1-7753-46b4-891c-ff113f987685,Myntra,Google Play,Review,https://play.google.com/store/apps/details?id=com.myntra.android,Yashi Kumari,2026-08-14 12:01:46,very nice aap for shopping 🛍️🥰I am so satisfied 😊,Myntra Google Play reviews,English
123582b0-6a7b-485a-8c62-542022af586e,Myntra,Google Play,Review,https://play.google.com/store/apps/details?id=com.myntra.android,Hariup,2026-08-14 12:00:58,There is practically no provision to talk or chat with a physical customer service personnel.,Myntra Google Play reviews,English
346e6bd8-a730-436f-a7ea-cde88fc909f6,Myntra,Google Play,Review,https://play.google.com/store/apps/details?id=com.myntra.android,A K,2026-08-14 12:00:42,It's been more than 20 days for an order...first it was the wrong size delivered then the wrong article delivered & now when I have raised the return & refund request...it's pending in processing ? Called up multiple times the customer care via app but no use.,Myntra Google Play reviews,English
d70c5281-555e-48a8-99cc-98eed4b9f4c8,Myntra,Google Play,Review,https://play.google.com/store/apps/details?id=com.myntra.android,Nishikanta Samantaray,2026-08-14 11:57:17,super product,Myntra Google Play reviews,English
46c11466-c0a4-4dbb-bfec-6e071f732bf7,Myntra,Google Play,Review,https://play.google.com/store/apps/details?id=com.myntra.android,Hemanth Yadav,2026-08-14 11:56:25,Great user flexibility,Myntra Google Play reviews,English
2c0f9e64-331e-40d3-b256-82d4742d4e03,Myntra,Google Play,Review,https://play.google.com/store/apps/details?id=com.myntra.android,Shreya Mittal 519,2026-08-14 11:55:57,best app,Myntra Google Play reviews,English
27b50f5a-4741-48eb-a533-044beb6f5e3b,Myntra,Google Play,Review,https://play.google.com/store/apps/details?id=com.myntra.android,Jyoti meena,2026-08-14 11:55:07,very nice im so happy used myntra,Myntra Google Play reviews,English
46f3b900-0c9c-4e3b-85bf-81d567bf05a7,Myntra,Google Play,Review,https://play.google.com/store/apps/details?id=com.myntra.android,Krushi Naidu,2026-08-14 11:53:44,extraordinary app for shopping,Myntra Google Play reviews,English
a95d6a73-0615-45aa-b5fb-34f3464fde65,Myntra,Google Play,Review,https://play.google.com/store/apps/details?id=com.myntra.android,Maivash Mishra,2026-08-14 11:53:23,Myntra is always my go to app for thingss... I'll never find any problem with this app in terms of delivery or any other things,Myntra Google Play reviews,English
f9e00f0a-1ea0-4745-a735-0d8a92c341cf,Myntra,Google Play,Review,https://play.google.com/store/apps/details?id=com.myntra.android,Arvind Raj,2026-08-14 11:50:03,one of the best clothes app,Myntra Google Play reviews,English
967710f7-8673-414b-b54b-684ab8b2df05,Myntra,Google Play,Review,https://play.google.com/store/apps/details?id=com.myntra.android,Ys PriTam,2026-08-14 11:49:34,awesome app,Myntra Google Play reviews,English
69b67a6d-1e7b-4e6f-a88e-2ddabc3c49ac,Myntra,Google Play,Review,https://play.google.com/store/apps/details?id=com.myntra.android,Ruthwik Naidu,2026-08-14 11:46:23,Good It's my second purchase. Very happy to purchase in myntra,Myntra Google Play reviews,English
5410be73-4eb4-4e38-9bc1-23b48b328c0b,Myntra,Google Play,Review,https://play.google.com/store/apps/details?id=com.myntra.android,Moin Dhumadiya,2026-08-14 11:44:51,Good,Myntra Google Play reviews,English
5d59e123-d72d-4158-9769-650f6fa34602,Myntra,Google Play,Review,https://play.google.com/store/apps/details?id=com.myntra.android,Shivani Dwivedi,2026-08-14 11:44:09,good,Myntra Google Play reviews,English
999e1315-2001-48f2-96ba-96b8f6119285,Myntra,Google Play,Review,https://play.google.com/store/apps/details?id=com.myntra.android,SUBHA JJR,2026-08-14 11:43:33,Product are as per the image and in good quality,Myntra Google Play reviews,English
0a4c09a5-bf3f-4c8e-84f7-270fd7a3c707,Myntra,Google Play,Review,https://play.google.com/store/apps/details?id=com.myntra.android,Sanya Agarwal,2026-08-14 11:43:26,best app for quality fashion,Myntra Google Play reviews,English
e26ca6b1-82fd-4511-865e-221b1897f5b3,Myntra,Google Play,Review,https://play.google.com/store/apps/details?id=com.myntra.android,Ishan Family Vlogs,2026-08-14 11:43:16,THE BEST SHOPPING APP IN MY OPINION,Myntra Google Play reviews,English
2464f450-5774-4b7d-9089-963f95b2dc3e,Myntra,Google Play,Review,https://play.google.com/store/apps/details?id=com.myntra.android,akanksha sharma,2026-08-14 11:41:53,"best app for shopping also u get cash amount Myntra is one of the most popular online shopping apps in India, especially for fashion, clothing, footwear, beauty products, and accessories. The app provides customers with a convenient way to shop for a wide variety of products from the comfort of their homes. It is available on smartphones and can also be accessed through its website. One of the biggest advantages of Myntra is its large collection of fashion products. Customers can find clothes fo",Myntra Google Play reviews,English
b763d94b-b2fa-4325-92eb-750bd1cda7bf,Myntra,Google Play,Review,https://play.google.com/store/apps/details?id=com.myntra.android,Ritik Saini,2026-08-14 11:41:40,very fast and very good service,Myntra Google Play reviews,English
f5b62d75-b9a6-405a-a03e-0893bc796082,Myntra,Google Play,Review,https://play.google.com/store/apps/details?id=com.myntra.android,Vatan,2026-08-14 11:39:47,worst app ever. it shows express+ delivery which means next day delivery but nothing happens just the order gets delayed and date is extended up to 3 4 days. 🤢 completely disappointed with this.,Myntra Google Play reviews,English
cafd086b-07b3-422f-aa02-3e14a64ef0e5,Myntra,Google Play,Review,https://play.google.com/store/apps/details?id=com.myntra.android,T M tamim,2026-08-14 11:37:52,awesome,Myntra Google Play reviews,English
41bf7845-0952-4127-b310-6513bf53fc3b,Myntra,Google Play,Review,https://play.google.com/store/apps/details?id=com.myntra.android,Sneha Jha,2026-08-14 11:37:36,very nice service,Myntra Google Play reviews,English
2eaf6533-c9d5-467f-b8db-d70bd1a5139b,Myntra,Google Play,Review,https://play.google.com/store/apps/details?id=com.myntra.android,Vasim Mansuri,2026-08-14 11:34:06,"horrible experience, Everytime order gets delayed without any delivery attempt and after that they cancelled the order without any notification.try another platform",Myntra Google Play reviews,English
01b75206-23aa-461c-b448-106e9bc6971e,Myntra,Google Play,Review,https://play.google.com/store/apps/details?id=com.myntra.android,Neetu Manjeet,2026-08-14 11:33:22,wow super quality,Myntra Google Play reviews,English
ee7e2093-a8ce-4a9d-9b15-99deae94984c,Myntra,Google Play,Review,https://play.google.com/store/apps/details?id=com.myntra.android,Arush Yadav,2026-08-14 11:32:54,"Myntra offers a wide variety of branded fashion products, an easy-to-use app, good deals, and convenient returns/exchanges.",Myntra Google Play reviews,English
4833904d-eef1-49cd-b2d8-3cc595bc4229,Myntra,Google Play,Review,https://play.google.com/store/apps/details?id=com.myntra.android,Gazala Fahim,2026-08-14 11:27:19,always a pleasant experience shopping with myntra...,Myntra Google Play reviews,English
efe76ec7-f06e-4ad6-aceb-34832980e48e,Myntra,Google Play,Review,https://play.google.com/store/apps/details?id=com.myntra.android,Amit Shukla,2026-08-14 11:23:34,best app,Myntra Google Play reviews,English
bcebe587-5bd8-4125-895a-b933d30b5be2,Myntra,Google Play,Review,https://play.google.com/store/apps/details?id=com.myntra.android,Jitendra Singh Rathore,2026-08-14 11:21:18,one of the worst online shopping apps I have ever seen,Myntra Google Play reviews,English
11749395-e9bc-40ac-849c-a2cfccdcb44c,Myntra,Google Play,Review,https://play.google.com/store/apps/details?id=com.myntra.android,Shivani Vijay,2026-08-14 11:18:15,for new user not any other better option available,Myntra Google Play reviews,English
a971171d-85a7-4b0a-bb49-b0e701a4fa84,Myntra,Google Play,Review,https://play.google.com/store/apps/details?id=com.myntra.android,basu bidri,2026-08-14 11:18:00,MYNTRA one of wrost company in see my life...,Myntra Google Play reviews,English
d12e0fc4-b486-4383-876d-3c2f68d7c8d9,Myntra,Google Play,Review,https://play.google.com/store/apps/details?id=com.myntra.android,Nidhi Maurya,2026-08-14 11:17:21,very good,Myntra Google Play reviews,English
f4684aee-f02f-472f-afd5-328bba78e9ed,Myntra,Google Play,Review,https://play.google.com/store/apps/details?id=com.myntra.android,Prem Kumar,2026-08-14 11:13:56,Very Good Service,Myntra Google Play reviews,English
0f921179-248e-4630-b04a-b167130994a9,Myntra,Google Play,Review,https://play.google.com/store/apps/details?id=com.myntra.android,Vaishnavi,2026-08-14 11:09:41,"I ordered some t-shirts from myntra and ekart was supposed to deliver them. But the delivery boy without delivering it marked as delivered. When I contacted this delivery customer support. They did fraud n managed to steal money from acc. Please beware from them. Myntras fault here is that they already were delaying order by 12 days and when ticket raised then they schedule delivery but contacted delivery boy marked delivered without delivering. no proper customer care no also, lost money n bil",Myntra Google Play reviews,English
d8aa8f1f-4304-44ab-bc9f-81571b15ee96,Myntra,Google Play,Review,https://play.google.com/store/apps/details?id=com.myntra.android,Sweety Prathapaneni,2026-08-14 11:05:33,good,Myntra Google Play reviews,English
7efbb4bc-f656-4fc8-9d4b-0a7dbd8db58e,Myntra,Google Play,Review,https://play.google.com/store/apps/details?id=com.myntra.android,Bhavana Suthar,2026-08-14 11:05:19,best app,Myntra Google Play reviews,English
b121e2c4-d607-4daf-bf67-715f9c06fbc9,Myntra,Google Play,Review,https://play.google.com/store/apps/details?id=com.myntra.android,Arpita Dey,2026-08-14 11:03:27,usefull,Myntra Google Play reviews,English
6501facb-adf1-4843-bace-8a04c689c3ce,Myntra,Google Play,Review,https://play.google.com/store/apps/details?id=com.myntra.android,Bittu Sharma,2026-08-14 11:02:40,Good App,Myntra Google Play reviews,English
401f5055-29a6-4974-8475-e7d8baf4451d,Myntra,Google Play,Review,https://play.google.com/store/apps/details?id=com.myntra.android,Suranjan Santra,2026-08-14 10:57:20,not a good app because I can't login to my account. and helpline number was not working properly. whenever I'm trying to login in my mintra account then I see ( your account was temporarily deactivate) please contact to our coustomer care team / support team . what is this .,Myntra Google Play reviews,English
ef745e39-ae39-4b6e-bca5-82f7a1f1db0c,Myntra,Google Play,Review,https://play.google.com/store/apps/details?id=com.myntra.android,Chandra Sheker,2026-08-14 10:49:16,my personal opinion is the products which I ordered are top notch there is no issue about quality and with delivery 🚚.,Myntra Google Play reviews,English
a08129da-3e80-4d19-8a6e-35b2765a7144,Myntra,Google Play,Review,https://play.google.com/store/apps/details?id=com.myntra.android,praveen kumar,2026-08-14 10:47:34,good quality,Myntra Google Play reviews,English
d4e27ef3-33e1-42d1-b209-28bef0939f8c,Myntra,Google Play,Review,https://play.google.com/store/apps/details?id=com.myntra.android,Aanchal kumawat,2026-08-14 10:45:18,best quality product,Myntra Google Play reviews,English
16916a5a-58ed-4d26-8838-5f1ccf949a17,Myntra,Google Play,Review,https://play.google.com/store/apps/details?id=com.myntra.android,surendran RS,2026-08-14 10:41:35,"Myntra's service is very poor now a days. I've been following with the team for three days now for a delivery and they have not responded back nor resolved it. app gives an option to call the delivery agent, when called it asks for a PIN. when entered the pin that showed ok their app, it says incorrect. NONSENSE! VERY DISAPPOINTED MYNTRA",Myntra Google Play reviews,English
141fcb66-0a41-45da-9a08-0534e8518bb4,Myntra,Google Play,Review,https://play.google.com/store/apps/details?id=com.myntra.android,vaishali singh,2026-08-14 10:40:36,I like the app... whatever u want u can buy ....you will get best product in this app,Myntra Google Play reviews,English
a09f4015-8179-467c-8843-570d1e0e4806,Myntra,Google Play,Review,https://play.google.com/store/apps/details?id=com.myntra.android,Deepika Bhargava,2026-08-14 10:39:05,very nice platform for shopping,Myntra Google Play reviews,English
d5afb237-466e-4f56-9b27-d6ec681bb9a0,Myntra,Google Play,Review,https://play.google.com/store/apps/details?id=com.myntra.android,Kaushal kishor,2026-08-14 10:33:01,Nice to use without lag,Myntra Google Play reviews,English
5a6309ca-c63f-41a4-9920-1a547780c188,Myntra,Google Play,Review,https://play.google.com/store/apps/details?id=com.myntra.android,Sanskriti Rai,2026-08-14 10:31:59,good,Myntra Google Play reviews,English
92b615b9-551f-482a-931a-369be916874e,Myntra,Google Play,Review,https://play.google.com/store/apps/details?id=com.myntra.android,Subir Das,2026-08-14 10:31:44,good shoping and best quality for another brand 👌,Myntra Google Play reviews,English
efabb968-c681-437f-b2ff-2dd4304625f1,Myntra,Google Play,Review,https://play.google.com/store/apps/details?id=com.myntra.android,Jayesh Shelkar,2026-08-14 10:31:01,great shopping app show realistic photos of product no fake product genuine brand on myntra in like shopping on myntra,Myntra Google Play reviews,English
38ed93b9-99c2-4389-9d08-d4ec1d05de7a,Myntra,Google Play,Review,https://play.google.com/store/apps/details?id=com.myntra.android,Rakesh Dave,2026-08-14 10:30:21,awesome,Myntra Google Play reviews,English
8fb6a9d4-0063-43e2-b58f-7d7bffc7d671,Myntra,Google Play,Review,https://play.google.com/store/apps/details?id=com.myntra.android,SUSMITHA .C,2026-08-14 10:29:50,i have ordered 5 product but they delivered 2 but I have to pay for total 5 product it it scam,Myntra Google Play reviews,English
f759dba3-19ac-4ef9-815b-3e299240f354,Myntra,Google Play,Review,https://play.google.com/store/apps/details?id=com.myntra.android,Sriyanshu Panda,2026-08-14 10:23:30,it's good,Myntra Google Play reviews,English
42918da3-2dc9-4463-903d-acf0828c3c16,Myntra,Google Play,Review,https://play.google.com/store/apps/details?id=com.myntra.android,Nazia Fatima,2026-08-14 10:20:58,good 👍,Myntra Google Play reviews,English
2ff57584-96f7-4576-b394-7a3cd0799c7c,Myntra,Google Play,Review,https://play.google.com/store/apps/details?id=com.myntra.android,Amit Gulechha,2026-08-14 10:20:51,Perfect platform for latest fashion trends 👌👍,Myntra Google Play reviews,English
435742d3-dede-469e-bad0-2952660a1304,Myntra,Google Play,Review,https://play.google.com/store/apps/details?id=com.myntra.android,Vishu Gujjar,2026-08-14 10:20:08,very good,Myntra Google Play reviews,English
bfae4a38-9e9a-4708-8673-187d50ecefa4,Myntra,Google Play,Review,https://play.google.com/store/apps/details?id=com.myntra.android,ABHISHEK GAUD,2026-08-14 10:19:37,awesome 👌 👏 👍,Myntra Google Play reviews,English
2a4b3134-4814-4815-9e61-7cec1be261eb,Myntra,Google Play,Review,https://play.google.com/store/apps/details?id=com.myntra.android,Ayush Raj Aditya,2026-08-14 10:16:22,third class experience,Myntra Google Play reviews,English
062711da-3683-4ff9-8a38-c0de8ec1b5e6,Myntra,Google Play,Review,https://play.google.com/store/apps/details?id=com.myntra.android,rajib nayak,2026-08-14 10:11:54,myntra is a nonsense customer care all are he not clear the customer raised only order don't buy this app,Myntra Google Play reviews,English
2d78099a-c034-4810-a821-1288ee2ae5f6,Myntra,Google Play,Review,https://play.google.com/store/apps/details?id=com.myntra.android,Jitendra Singh Rathore Rathore,2026-08-14 10:11:49,Myntra wale bahut froad karte Hain order delivery mein bahut samay lagate Hain aur uske bad bhi bahut ghatiya service the delivery date 9 August ko Thi Jo parcel abhi tak mere Ko Mila nahin Hai uski date Na to aage badha rahe or usko udhar hi rok Diya,Myntra Google Play reviews,English
87cbd981-1702-4c2e-9c88-47711bae2623,Myntra,Google Play,Review,https://play.google.com/store/apps/details?id=com.myntra.android,dipali rathod,2026-08-14 10:10:47,all thing is good on myntra the filter service is superb 👌,Myntra Google Play reviews,English
ee4d26fa-f20e-41f4-a716-920a71132e05,Myntra,Google Play,Review,https://play.google.com/store/apps/details?id=com.myntra.android,Sonu Kumar,2026-08-14 10:09:22,the experience is so good,Myntra Google Play reviews,English
20405b31-1b4f-4340-b674-e3114ff6d4da,Myntra,Google Play,Review,https://play.google.com/store/apps/details?id=com.myntra.android,Raj Verma,2026-08-14 10:09:13,my delivery is very fast and this app is very good,Myntra Google Play reviews,English
3824ed1f-5e11-4abb-886b-1f0eecc78f0e,Myntra,Google Play,Review,https://play.google.com/store/apps/details?id=com.myntra.android,Pranjal Gupta,2026-08-14 10:03:45,"says one day delivery, n can't deliver. why do people order for mins delivery, for urgency, n they say in one line, can't deliver. no support, no chat or call support.",Myntra Google Play reviews,English
8e6b03df-0983-45ba-a685-f0909d5b79cf,Myntra,Google Play,Review,https://play.google.com/store/apps/details?id=com.myntra.android,Udit Gangwar,2026-08-14 09:58:47,"fraud !!!! Worst delivery experience ever! I ordered my Timex chronograph watch from Myntra on 3 August, and the promised delivery date was 5 August. Today is 14 August, and I’m still waiting for my order! If you cannot deliver on the promised date, at least provide a clear and honest update instead of making customers wait endlessly. Very disappointed with Myntra. Absolutely unacceptable service. I expected much better from such a big platform",Myntra Google Play reviews,English
3014426d-32b0-428b-8ea5-2c7146f4e724,Myntra,Google Play,Review,https://play.google.com/store/apps/details?id=com.myntra.android,Hey bro 007,2026-08-14 09:50:59,Today 14 august 26 myntra deactivate my account without any reason so i rate this app 1 star😠,Myntra Google Play reviews,English
b3282121-315f-476d-b7d4-bf990a683dc4,Myntra,Google Play,Review,https://play.google.com/store/apps/details?id=com.myntra.android,Aditya Singh,2026-08-14 09:48:24,very nice app for budget friendly high quality dresses for both men and women.,Myntra Google Play reviews,English
026d4909-cc15-49aa-bea3-772d6081402e,Myntra,Google Play,Review,https://play.google.com/store/apps/details?id=com.myntra.android,Lavanya Kudalkar,2026-08-14 09:43:52,My order was picked up by the delivery guy 12 august and it's been 2 days still in the it is showing that return pickup failed I do not have the order order was taken buy the delivery guy i tried contacting customer support but no use they are saying no return order was picked up this is very frustrated and i never faced this kind of issue from myntra. please resolve my problem as soon as possible.,Myntra Google Play reviews,English
a7a15164-d6e1-4066-a6a5-74edfeb285f0,Myntra,Google Play,Review,https://play.google.com/store/apps/details?id=com.myntra.android,Ankit kr raj,2026-08-14 09:42:27,nice site,Myntra Google Play reviews,English
980a583e-1a8a-4356-a43c-9ca6cb9b6fa2,Myntra,Google Play,Review,https://play.google.com/store/apps/details?id=com.myntra.android,KANAKALATA PRADHAN,2026-08-14 09:39:56,why my account been deactivated?. what are the security reasons pls clarify.,Myntra Google Play reviews,English
bead4542-06ca-484e-aad8-59e1bed1536a,Myntra,Google Play,Review,https://play.google.com/store/apps/details?id=com.myntra.android,Omkar “PRANAV” Kolse,2026-08-14 09:36:45,order was nice faith ful for myntra those who support order related thank you 🙏,Myntra Google Play reviews,English
0191c97c-5db6-4c88-90e1-fccc56ecd611,Myntra,Google Play,Review,https://play.google.com/store/apps/details?id=com.myntra.android,Aditya Narayan Tripathi,2026-08-14 09:33:03,Quality Product and original.,Myntra Google Play reviews,English
a76ebc8c-d2c2-4568-832b-c95e0ee50904,Myntra,Google Play,Review,https://play.google.com/store/apps/details?id=com.myntra.android,Thakur Sahab,2026-08-14 09:30:39,good,Myntra Google Play reviews,English
d2fe5142-64b8-460d-975c-ddc83306d5d8,Myntra,Google Play,Review,https://play.google.com/store/apps/details?id=com.myntra.android,abhishek rajkar,2026-08-14 09:28:11,👍,Myntra Google Play reviews,English
905d818c-d2e0-4279-b777-2eb35bbe53c4,Myntra,Google Play,Review,https://play.google.com/store/apps/details?id=com.myntra.android,Mehta Anil,2026-08-14 09:25:13,nice good plateform for shopping 🛒,Myntra Google Play reviews,English
9b7cae48-3e59-4c31-8565-5c28a6c017c6,Myntra,Google Play,Review,https://play.google.com/store/apps/details?id=com.myntra.android,B R,2026-08-14 09:23:06,"very bad service, frquently received wrong, defective or fake products n poor customer care service.",Myntra Google Play reviews,English
d09dc72c-c21d-4abc-b34e-1c4ac0226aed,Myntra,Google Play,Review,https://play.google.com/store/apps/details?id=com.myntra.android,P. DEBASHREE,2026-08-14 09:22:45,just wow😍,Myntra Google Play reviews,English
d79baeb4-fe3b-4617-b4e6-f3962d5bcb03,Myntra,Google Play,Review,https://play.google.com/store/apps/details?id=com.myntra.android,Teju Reddy,2026-08-14 09:21:57,wow,Myntra Google Play reviews,English
f97498a5-4f81-4050-8295-f55c35aead04,Myntra,Google Play,Review,https://play.google.com/store/apps/details?id=com.myntra.android,abhinav kumar,2026-08-14 09:21:29,Myntra is best in class on all other shopping apps.. Finding branded items at an good cost makes it best from others.,Myntra Google Play reviews,English
621557ed-6dda-45dd-9e68-bd662aa2e15b,Myntra,Google Play,Review,https://play.google.com/store/apps/details?id=com.myntra.android,Abhi Jk,2026-08-14 09:18:32,super,Myntra Google Play reviews,English
6c4501ac-f755-4708-aa9d-9ee2e778eac3,Myntra,Google Play,Review,https://play.google.com/store/apps/details?id=com.myntra.android,Tripti KUMARI,2026-08-14 09:17:42,good,Myntra Google Play reviews,English
81f2fb46-4123-4a94-b60d-3a2335f99b33,Myntra,Google Play,Review,https://play.google.com/store/apps/details?id=com.myntra.android,Aishwarya N Marennavar5612,2026-08-14 09:16:32,Myntra always delivery the same best product and soon,Myntra Google Play reviews,English
1835d36f-a469-4891-802d-9438d34ca6d4,Myntra,Google Play,Review,https://play.google.com/store/apps/details?id=com.myntra.android,Bestha Aarthi,2026-08-14 09:14:41,it has good products worth buying,Myntra Google Play reviews,English
2f0f8d54-9eaa-41de-83b4-757f89fc9a13,Myntra,Google Play,Review,https://play.google.com/store/apps/details?id=com.myntra.android,rajesh pasam,2026-08-14 09:14:03,super fabric,Myntra Google Play reviews,English
769ed75b-d71e-43cf-a5d7-f785372800f1,Myntra,Google Play,Review,https://play.google.com/store/apps/details?id=com.myntra.android,Ram Pratap,2026-08-14 09:12:52,Excellent products,Myntra Google Play reviews,English
b9853323-25b7-40c4-92ae-3eca41e147b0,Myntra,Google Play,Review,https://play.google.com/store/apps/details?id=com.myntra.android,Lal Kumar,2026-08-14 09:11:32,"myntra is a good platform to shopping cloth, shoes, watch, and everything 🤠",Myntra Google Play reviews,English
47b8d8de-10aa-4cc9-a64e-381c05aed50f,Myntra,Google Play,Review,https://play.google.com/store/apps/details?id=com.myntra.android,Mahe S,2026-08-14 09:08:56,"app is extremely slow , it takes forever to search something and then lands on ""oops something went wrong"" (It is not my network issue). once clicked on any item, it opens as a 3/4th page pop up(shows double click to wishlist) - why do I need to put in wishlist, if I couldnt even see the photos properly.",Myntra Google Play reviews,English
73498736-507a-4679-9619-50ba201adb0d,Myntra,Google Play,Review,https://play.google.com/store/apps/details?id=com.myntra.android,Saipriya Reddy,2026-08-14 09:05:34,good💯,Myntra Google Play reviews,English
b71a9294-a2fe-417b-98dc-a98bdb3c8bbd,Myntra,Google Play,Review,https://play.google.com/store/apps/details?id=com.myntra.android,Mohammed Khasim,2026-08-14 09:01:18,Worst Customer Service.Even a new startup has customer service better than this.,Myntra Google Play reviews,English
edb4181b-58ee-4ee3-b5ae-647c8101e9a9,Myntra,Google Play,Review,https://play.google.com/store/apps/details?id=com.myntra.android,Nikhitha Battu,2026-08-14 09:00:38,"quality product,expected cloth ,fully satisfied",Myntra Google Play reviews,English
ac1daf7f-269c-4257-a837-84909d5e71e4,Myntra,Google Play,Review,https://play.google.com/store/apps/details?id=com.myntra.android,Ravi Ravi,2026-08-14 09:00:09,good,Myntra Google Play reviews,English
9d82b84d-c295-47fc-ba67-17f4eb669836,Myntra,Google Play,Review,https://play.google.com/store/apps/details?id=com.myntra.android,Buangpuiii Chhakchhuak,2026-08-14 08:59:57,love it,Myntra Google Play reviews,English
be394623-f304-4249-982d-1a8744adf0f4,Myntra,Google Play,Review,https://play.google.com/store/apps/details?id=com.myntra.android,Jeet Mandal,2026-08-14 08:58:36,ultra late delivery,Myntra Google Play reviews,English
b64dbfd5-6285-4f84-acae-409944d00678,Myntra,Google Play,Review,https://play.google.com/store/apps/details?id=com.myntra.android,Sandeep Uranw,2026-08-14 08:57:50,not good very bad experience,Myntra Google Play reviews,English
14e79b33-eb4e-453a-afe7-4431e4a87cb2,Myntra,Google Play,Review,https://play.google.com/store/apps/details?id=com.myntra.android,Pravanth Cherry,2026-08-14 08:56:11,fast and good problem,Myntra Google Play reviews,English
619f0d91-acee-4a66-bb18-4ca81778917e,Myntra,Google Play,Review,https://play.google.com/store/apps/details?id=com.myntra.android,Syed Shahab Uddin,2026-08-14 08:53:12,Great experience with this app 😀,Myntra Google Play reviews,English
b5beb151-9f14-44f1-8091-549e5344a6f2,Myntra,Google Play,Review,https://play.google.com/store/apps/details?id=com.myntra.android,Sanjeev Shukla,2026-08-14 08:53:08,great deals available,Myntra Google Play reviews,English
73b46cba-e303-4d09-86ad-d49e15b971d9,Myntra,Google Play,Review,https://play.google.com/store/apps/details?id=com.myntra.android,SOMDUTT KACHORIA,2026-08-14 08:52:38,मैंने myntra से करीबन 3 महीने पहले एक ट्राउजर मंगाया था जो मेरे साइज से बहुत बड़ा था। उसके बाद मैंने एक बेडशीट मंगाई जो कटी फटी और यूज्ड आइटम थी। मैंने समय पर दोनों का रिटर्न क्रिएट किया था परंतु करीबन 3 मा हो गए हैं 20 बार में कस्टमर केयर पर बात कर चुका हूं। हर बार 24 घंटे का समय है 24 घंटे का समय देकर मुझे मानसिक रूप से परेशान किया जा रहा है। ना तो रिटर्न हुआ है ना ही मेरी पेमेंट रिफंड हुई है। मैं मिंत्र के इस व्यवहार से परेशान हूं,Myntra Google Play reviews,English
b42a16e2-50e3-4839-ac3c-f346c1f6f1c5,Myntra,Google Play,Review,https://play.google.com/store/apps/details?id=com.myntra.android,Purva Rathore,2026-08-14 08:51:10,good,Myntra Google Play reviews,English
6b62fc16-b788-4533-a710-49da1c7f72f0,Myntra,Google Play,Review,https://play.google.com/store/apps/details?id=com.myntra.android,Prdeep Delelpura,2026-08-14 08:50:11,nice,Myntra Google Play reviews,English
b876da48-42ed-469b-96e9-009267277672,Myntra,Google Play,Review,https://play.google.com/store/apps/details?id=com.myntra.android,Makwana Divu,2026-08-14 08:44:32,sun lo sab log myntrase kabhi shopping mat karna wo log chiting karte hai mene ek black shirt mangvya tha to muje wo cloth Acha nahi laga to mene return Kiya 5 bar request dali fir bhi kuch nahi huaa mere paisa Gaye.. ab wo log call nahi utha raye🤬🤬🤬😡😡😡 mere to paise gaye aapse sath bhi Asa ho sakhta hai...,Myntra Google Play reviews,English
d2ebcf84-f716-4f9b-aaa8-31eed0548c62,Myntra,Google Play,Review,https://play.google.com/store/apps/details?id=com.myntra.android,Esha mohanta,2026-08-14 08:42:47,good,Myntra Google Play reviews,English
1a6a5a7b-b23d-4c6e-991c-0a57326fbb23,Myntra,Google Play,Review,https://play.google.com/store/apps/details?id=com.myntra.android,Manish Rana,2026-08-14 08:28:45,good product,Myntra Google Play reviews,English
da253add-a8dc-4244-9574-d12980ef639c,Myntra,Google Play,Review,https://play.google.com/store/apps/details?id=com.myntra.android,Ketaki Lolge,2026-08-14 08:24:40,Good quality products,Myntra Google Play reviews,English
781e812b-cafc-4797-8396-66c8ca8c8436,Myntra,Google Play,Review,https://play.google.com/store/apps/details?id=com.myntra.android,Kaleem ullah Lone,2026-08-14 08:19:34,nice shopping aap.,Myntra Google Play reviews,English
ccfaa52b-8be1-45a7-97f2-d44469237ac2,Myntra,Google Play,Review,https://play.google.com/store/apps/details?id=com.myntra.android,Arvind Kumaar,2026-08-14 08:18:15,nice,Myntra Google Play reviews,English
3505ffac-0c59-4a47-8c2c-45921e2092a3,Myntra,Google Play,Review,https://play.google.com/store/apps/details?id=com.myntra.android,Nitish Sharma,2026-08-14 08:18:02,very good quality of products and fast delivery all what a customer needs,Myntra Google Play reviews,English
369a4b2a-734a-454e-9a50-b2e681b89044,Myntra,Google Play,Review,https://play.google.com/store/apps/details?id=com.myntra.android,hassan sk,2026-08-14 08:17:15,best of best,Myntra Google Play reviews,English
8d26fdf9-0135-40c9-8bc0-d55425d71fdc,Myntra,Google Play,Review,https://play.google.com/store/apps/details?id=com.myntra.android,Aman Chaudhary,2026-08-14 08:16:20,best,Myntra Google Play reviews,English
f4e5ce72-b527-4606-a3a6-f614d6e7a572,Myntra,Google Play,Review,https://play.google.com/store/apps/details?id=com.myntra.android,Florence Edward Gopali,2026-08-14 08:12:42,Good .,Myntra Google Play reviews,English
07b497a2-b50b-4f43-808c-3359ad993925,Myntra,Google Play,Review,https://play.google.com/store/apps/details?id=com.myntra.android,Nargis Saifi,2026-08-14 08:11:04,good some times price high but most of the times app gives more offers I like it i m happy,Myntra Google Play reviews,English
5a371957-83f9-429d-a774-5a8c10a74dd7,Myntra,Google Play,Review,https://play.google.com/store/apps/details?id=com.myntra.android,seema kasbe,2026-08-14 08:10:29,good 👍,Myntra Google Play reviews,English
b62b4dd5-c658-44a8-8ac0-1551ce5eb6c5,Myntra,Google Play,Review,https://play.google.com/store/apps/details?id=com.myntra.android,nagella adithya,2026-08-14 08:09:11,Nice shoping app really great,Myntra Google Play reviews,English
e6f88dd9-094e-4a73-8f60-b1c71c7ad3d1,Myntra,Google Play,Review,https://play.google.com/store/apps/details?id=com.myntra.android,sarojani pradhan,2026-08-14 08:06:36,i love you myntra....,Myntra Google Play reviews,English
68e53950-c6a8-4914-b88c-34259ce6445a,Myntra,Google Play,Review,https://play.google.com/store/apps/details?id=com.myntra.android,SONU KUMAR,2026-08-14 08:04:04,good,Myntra Google Play reviews,English
b82d5fa1-6714-46f2-b6cf-9686079864e0,Myntra,Google Play,Review,https://play.google.com/store/apps/details?id=com.myntra.android,Prabhuram Prajapat,2026-08-14 08:03:58,good,Myntra Google Play reviews,English
69731e3c-8b32-4fbe-bab3-282de2a9e0ee,Myntra,Google Play,Review,https://play.google.com/store/apps/details?id=com.myntra.android,Sarbjijiit Singh Sarbjijiit Singh,2026-08-14 08:00:02,gud work,Myntra Google Play reviews,English
4561ba78-17b6-4d1e-99a7-74c86e94d8e1,Myntra,Google Play,Review,https://play.google.com/store/apps/details?id=com.myntra.android,Khushboo Ansari,2026-08-14 07:58:59,an app where we can trust blindly,Myntra Google Play reviews,English
1dfc200b-c52d-4458-8220-8c62a503c844,Myntra,Google Play,Review,https://play.google.com/store/apps/details?id=com.myntra.android,Raksha Bharti,2026-08-14 07:58:47,pathetic logistics,Myntra Google Play reviews,English
a935d8ab-c0cb-4821-90dd-3a146bbfb57d,Myntra,Google Play,Review,https://play.google.com/store/apps/details?id=com.myntra.android,CHELLADURAI,2026-08-14 07:56:41,myntra always best,Myntra Google Play reviews,English
46afb118-2f5f-4cbd-9e04-bef623180672,Myntra,Google Play,Review,https://play.google.com/store/apps/details?id=com.myntra.android,King Queen,2026-08-14 07:47:35,excellent💯👍,Myntra Google Play reviews,English
8fc6804f-8071-479a-843f-fce558b0c9b6,Myntra,Google Play,Review,https://play.google.com/store/apps/details?id=com.myntra.android,SHAN RAZA,2026-08-14 07:45:02,"​Amazing experience! Great collection of genuine brands, fast delivery, and very smooth return process. Highly recommended",Myntra Google Play reviews,English
03543563-d703-4363-82dc-0b65c1775c0e,Myntra,Google Play,Review,https://play.google.com/store/apps/details?id=com.myntra.android,Anand annotiya,2026-08-14 07:37:08,good product and service nice,Myntra Google Play reviews,English
6fd18bec-f4ec-4492-8ddb-0155db8f1277,Myntra,Google Play,Review,https://play.google.com/store/apps/details?id=com.myntra.android,Swati Chauhan,2026-08-14 07:34:13,amazing,Myntra Google Play reviews,English
57b34632-0f26-4895-84ef-98547e71107f,Myntra,Google Play,Review,https://play.google.com/store/apps/details?id=com.myntra.android,Shiva Patel,2026-08-14 07:32:57,good,Myntra Google Play reviews,English
5b3ba0d1-91de-414a-ac58-1a1c85d3029d,Myntra,Google Play,Review,https://play.google.com/store/apps/details?id=com.myntra.android,nova metal & Alloys,2026-08-14 07:30:27,good,Myntra Google Play reviews,English
2b0aa546-cdc4-4eb4-a352-09f800b40227,Myntra,Google Play,Review,https://play.google.com/store/apps/details?id=com.myntra.android,Pradyumansinh Vadher,2026-08-14 07:26:41,good app nice quality product,Myntra Google Play reviews,English
b9c18a58-c5cc-49a1-9f27-d4c1b2842c75,Myntra,Google Play,Review,https://play.google.com/store/apps/details?id=com.myntra.android,Rajib Dhara,2026-08-14 07:24:48,very good,Myntra Google Play reviews,English
c70f47fe-b023-4042-b94b-f494bcb05a44,Myntra,Google Play,Review,https://play.google.com/store/apps/details?id=com.myntra.android,Guddu Gandha,2026-08-14 07:24:01,very good,Myntra Google Play reviews,English
af9c8dc1-8aa4-43c2-bacf-a148a7ae3588,Myntra,Google Play,Review,https://play.google.com/store/apps/details?id=com.myntra.android,P Camalia Selvi,2026-08-14 07:19:22,"There is a lack of clear information regarding the delivery. ""The customer service representative(lady) responded rudely and unprofessionally without verifying the delivery status"". We are concerned about the decline in Myntra's service quality and the performance of its employees. This forced me to cancel the product.",Myntra Google Play reviews,English
f57408c8-e299-4a0b-92ec-58633c423d57,Myntra,Google Play,Review,https://play.google.com/store/apps/details?id=com.myntra.android,Puja Chouhan,2026-08-14 07:04:52,very very very good app literally i don't find these huge discount in any app. thankyou myntra,Myntra Google Play reviews,English
56e85fe4-15af-4268-b2a9-9f431aba33a7,Myntra,Google Play,Review,https://play.google.com/store/apps/details?id=com.myntra.android,ameen rahman,2026-08-14 07:04:23,excellent shopping experience and features are awesome 🥳,Myntra Google Play reviews,English
634c4c1a-973b-4dea-86b8-e987915bfff2,Myntra,Google Play,Review,https://play.google.com/store/apps/details?id=com.myntra.android,Khajamohiddin Shaik,2026-08-14 06:58:39,excellent application.,Myntra Google Play reviews,English
36f57d94-2b99-4451-acb1-15c2af6292da,Myntra,Google Play,Review,https://play.google.com/store/apps/details?id=com.myntra.android,Renu Devi,2026-08-14 06:53:56,excellent experience,Myntra Google Play reviews,English
979d1916-5b42-4527-bfcd-668b3e393a02,Myntra,Google Play,Review,https://play.google.com/store/apps/details?id=com.myntra.android,Madhu Kumari,2026-08-14 06:42:30,good app,Myntra Google Play reviews,English
9f588683-5d14-4194-be05-3a56b749fd9e,Myntra,Google Play,Review,https://play.google.com/store/apps/details?id=com.myntra.android,Venkata ramana,2026-08-14 06:37:01,this app was good that the products are packed without any damage and the items are also nice,Myntra Google Play reviews,English
d8937500-f9a1-4593-8dba-c3598d5f9cde,Myntra,Google Play,Review,https://play.google.com/store/apps/details?id=com.myntra.android,Harshitha Jagadesh,2026-08-14 06:35:13,nice app for great clothes,Myntra Google Play reviews,English
eae8f16c-61f8-409b-830f-cfbe1b96a37e,Myntra,Google Play,Review,https://play.google.com/store/apps/details?id=com.myntra.android,hetal vaje,2026-08-14 06:28:31,It was a very nice experience I was happy to see the fast service and the clothes were very nice,Myntra Google Play reviews,English
e7b6d4fd-ab72-415a-bd20-616c02150514,Myntra,Google Play,Review,https://play.google.com/store/apps/details?id=com.myntra.android,Fruti Kumari,2026-08-14 06:20:56,some scams by myntra delivery partner or myntra customer didn't resolve on time,Myntra Google Play reviews,English
8d9bcd96-2fa0-496e-b262-d04078192194,Myntra,Google Play,Review,https://play.google.com/store/apps/details?id=com.myntra.android,Museb Tajaniya,2026-08-14 06:13:34,Awesome platform for online apparel shoping,Myntra Google Play reviews,English
f13f55c3-0e6a-460b-bf30-1e794cbd25e6,Myntra,Google Play,Review,https://play.google.com/store/apps/details?id=com.myntra.android,sameer sayyed,2026-08-14 06:09:26,Very worst app. Dont buy anything via this app. All products by this app is fake and service is very bad. No satisfaction from customer support. All products are Duplicate in this App.,Myntra Google Play reviews,English
36c136dd-6bb6-42cc-b60f-eb47f855d54e,Myntra,Google Play,Review,https://play.google.com/store/apps/details?id=com.myntra.android,Ritu Khileri,2026-08-14 06:04:49,Give it a shot you will love it..,Myntra Google Play reviews,English
f7b024fa-06af-451e-99a7-7a77a93ddf72,Myntra,Google Play,Review,https://play.google.com/store/apps/details?id=com.myntra.android,Shravan B,2026-08-14 06:03:34,smooth,Myntra Google Play reviews,English
716de226-ffff-4286-afa6-4b4efd149b29,Myntra,Google Play,Review,https://play.google.com/store/apps/details?id=com.myntra.android,Pramila Davi,2026-08-14 06:02:59,❤️,Myntra Google Play reviews,English
ae4e7ca3-4602-42c1-8d7d-1b36dafd40ce,Myntra,Google Play,Review,https://play.google.com/store/apps/details?id=com.myntra.android,Purnima Sharma,2026-08-14 05:27:26,Good app,Myntra Google Play reviews,English
720d3c2f-06b7-44b6-8793-9c155cacf8e2,Myntra,Google Play,Review,https://play.google.com/store/apps/details?id=com.myntra.android,Rahul gujjar,2026-08-14 05:20:52,very good app but cloth quality not so good,Myntra Google Play reviews,English
29eb7e5f-c253-46f1-866f-a9000222e1ee,Myntra,Google Play,Review,https://play.google.com/store/apps/details?id=com.myntra.android,Chekam Momin,2026-08-14 04:56:56,refund process takes too much time 😕,Myntra Google Play reviews,English
9f6b7a8c-707f-4a3b-b2f3-616775a731e8,Myntra,Google Play,Review,https://play.google.com/store/apps/details?id=com.myntra.android,Nehal Jain,2026-08-14 04:13:38,best collection loving itt,Myntra Google Play reviews,English
b488e24d-72dc-4ea6-b647-52caf7ed4729,Myntra,Google Play,Review,https://play.google.com/store/apps/details?id=com.myntra.android,Chinay Sushil,2026-08-14 03:57:47,gud aap,Myntra Google Play reviews,English
b8d87f47-a8e3-4739-8ebf-f85df23b315e,Myntra,Google Play,Review,https://play.google.com/store/apps/details?id=com.myntra.android,GAURAV VERMA,2026-08-14 03:48:29,awesome experience with myntra,Myntra Google Play reviews,English
1bf011c3-a7a5-4334-bff5-41c977ac8c2d,Myntra,Google Play,Review,https://play.google.com/store/apps/details?id=com.myntra.android,Sinuchandran Jt,2026-08-14 02:36:50,good experience,Myntra Google Play reviews,English
6547c706-ce67-4194-bffb-18c336d4ce1a,Myntra,Google Play,Review,https://play.google.com/store/apps/details?id=com.myntra.android,pranjal evane,2026-08-14 02:34:36,such a nice aap,Myntra Google Play reviews,English
72fd4b1a-2e08-4e00-ad6e-5a5bfe943f2c,Myntra,Google Play,Review,https://play.google.com/store/apps/details?id=com.myntra.android,Vikash Kumar,2026-08-14 02:30:39,"Myntra cancelled my order with reason of unforseen circumstances. Such opaque operations is not expected with such a big company. this has happened multiple times now and everytime there is good discounts offered at the app, this happens. The app deliberately try to lure the customers to make its discount season successful and then cancels the order once the season is over.",Myntra Google Play reviews,English
1a27bd12-2eeb-430f-bc6c-e65f7c2499e6,Myntra,Google Play,Review,https://play.google.com/store/apps/details?id=com.myntra.android,Akash Das,2026-08-14 01:49:47,very nice,Myntra Google Play reviews,English
ade9dfdf-bc18-4e91-bf07-2846947f3970,Myntra,Google Play,Review,https://play.google.com/store/apps/details?id=com.myntra.android,Santhan Ps,2026-08-14 01:26:51,good and genuine,Myntra Google Play reviews,English
c9928360-6c06-4c6b-9d42-0ddeb54148b1,Myntra,Google Play,Review,https://play.google.com/store/apps/details?id=com.myntra.android,Nishit Patel,2026-08-14 01:26:02,Great,Myntra Google Play reviews,English
992b58dc-cc2d-4c00-bcc7-2fa3b46d65e4,Myntra,Google Play,Review,https://play.google.com/store/apps/details?id=com.myntra.android,RAVI RANJAN,2026-08-14 01:16:34,Nice,Myntra Google Play reviews,English
054e5e75-fbd6-44c4-a261-0f1f10731f12,Myntra,Google Play,Review,https://play.google.com/store/apps/details?id=com.myntra.android,ANKIT Massey,2026-08-14 01:06:26,nice,Myntra Google Play reviews,English
5581aa02-a4db-4b96-b9ce-378b165896ad,Myntra,Google Play,Review,https://play.google.com/store/apps/details?id=com.myntra.android,Jyoti Prajapati,2026-08-14 01:04:28,Good,Myntra Google Play reviews,English
39b474b0-64f1-40d5-a4a7-ae154932af8c,Myntra,Google Play,Review,https://play.google.com/store/apps/details?id=com.myntra.android,Huma Manjoor,2026-08-14 00:56:48,I have ordered a dress 13 days ago but still product is not placed ...worst app will never buy any thing from this app ..going to uninstall this app.. please don't install anyone...,Myntra Google Play reviews,English
54328554-efc4-4ae3-9f2c-45b2d5daf8e2,Myntra,Google Play,Review,https://play.google.com/store/apps/details?id=com.myntra.android,Shubham Gupta,2026-08-14 00:53:28,Myntra has been so irresponsible in delivering the product. Calling up multiple times but the customer support is of no help. They do fake delivery attempts and blame us.,Myntra Google Play reviews,English
ce0853b0-4234-438a-865f-ee234cb8cb04,Myntra,Google Play,Review,https://play.google.com/store/apps/details?id=com.myntra.android,Lovepreet Love,2026-08-14 00:52:54,toooooo Goood,Myntra Google Play reviews,English
bbb0e2c4-2e49-4630-8aa4-75bd14fac273,Myntra,Google Play,Review,https://play.google.com/store/apps/details?id=com.myntra.android,Naresh Patil,2026-08-14 00:42:45,wonderful app,Myntra Google Play reviews,English
2b8ecb30-2230-4575-bef8-5c3d52fd8cdb,Myntra,Google Play,Review,https://play.google.com/store/apps/details?id=com.myntra.android,Perikala Amulu,2026-08-14 00:35:06,very good,Myntra Google Play reviews,English
72ab1b4c-4321-4104-99c3-d26e92ec515a,Myntra,Google Play,Review,https://play.google.com/store/apps/details?id=com.myntra.android,Yash Raj Sahani,2026-08-14 00:28:32,Very good app,Myntra Google Play reviews,English
17976b33-a198-4d9f-99c2-f8c937bfa816,Myntra,Google Play,Review,https://play.google.com/store/apps/details?id=com.myntra.android,Psk Kushwaha,2026-08-14 00:27:18,good,Myntra Google Play reviews,English
55126841-be6e-4894-ac49-7220edb60f98,Myntra,Google Play,Review,https://play.google.com/store/apps/details?id=com.myntra.android,Mani Gupta,2026-08-14 00:26:14,Myntra ❤️,Myntra Google Play reviews,English
abbae307-4f5e-4d9a-ba74-3c859daa47fb,Myntra,Google Play,Review,https://play.google.com/store/apps/details?id=com.myntra.android,Amritpal Singh,2026-08-14 00:26:01,I bought many things from this app,Myntra Google Play reviews,English
8f9a6470-cd5c-4dec-a2f8-2ac417ab2872,Myntra,Google Play,Review,https://play.google.com/store/apps/details?id=com.myntra.android,RJN Nandan,2026-08-14 00:24:09,good Ui,Myntra Google Play reviews,English
8a7dcdb8-244a-4fd2-8de9-dd0cace23726,Myntra,Google Play,Review,https://play.google.com/store/apps/details?id=com.myntra.android,Amir Faizan,2026-08-14 00:23:19,Myntra is the worst search engine. I request you to correct the search engines.,Myntra Google Play reviews,English
ac7a937e-84cc-4f01-b3fa-c3ff9638907c,Myntra,Google Play,Review,https://play.google.com/store/apps/details?id=com.myntra.android,rehan shaikh,2026-08-14 00:21:58,fav shopping app for clothes,Myntra Google Play reviews,English
c7ada65c-3400-463c-8c95-078aa6c0d1ed,Myntra,Google Play,Review,https://play.google.com/store/apps/details?id=com.myntra.android,ABHI STHAPAK,2026-08-14 00:19:55,amazing app,Myntra Google Play reviews,English
4a9836ec-e451-437d-a896-4b8729deb401,Myntra,Google Play,Review,https://play.google.com/store/apps/details?id=com.myntra.android,Nisha Bharti,2026-08-14 00:19:53,the online shopping app is good,Myntra Google Play reviews,English
b639ef27-496c-44d2-9648-0e3578de2520,Myntra,Google Play,Review,https://play.google.com/store/apps/details?id=com.myntra.android,Manjit Muthiya,2026-08-14 00:08:56,good,Myntra Google Play reviews,English
e3d947c6-6e1d-468d-8ee8-b7691754c837,Myntra,Google Play,Review,https://play.google.com/store/apps/details?id=com.myntra.android,Vikram Kumar,2026-08-14 00:07:28,Best of Clothes shoping,Myntra Google Play reviews,English
95db1bcd-6ebc-4455-bbde-c80129554957,Myntra,Google Play,Review,https://play.google.com/store/apps/details?id=com.myntra.android,arshi ruhi,2026-08-13 23:58:32,amazing aap....very useful and satisfied shoping experience....,Myntra Google Play reviews,English
ccedbdea-4fe7-45de-a77c-c2391b689e6c,Myntra,Google Play,Review,https://play.google.com/store/apps/details?id=com.myntra.android,sreemurugan,2026-08-13 23:56:23,the world's best western and traditional dress with cheap prizes love you myntra,Myntra Google Play reviews,English
96f4ccb7-be2c-4792-8a1e-d8eabf7f2e50,Myntra,Google Play,Review,https://play.google.com/store/apps/details?id=com.myntra.android,Jamma Ashish Kumar,2026-08-13 23:54:09,The Best Online Shopping App I ever Saw Best in Quality And Reasonable Price And Easy Exchange And Returns.,Myntra Google Play reviews,English
375d7f5f-54b2-4755-8d13-d5c8c05a4ef7,Myntra,Google Play,Review,https://play.google.com/store/apps/details?id=com.myntra.android,Chaitanya,2026-08-13 23:45:45,it's Marvelous no word ❤️,Myntra Google Play reviews,English
12b405bf-518b-4f1e-b45a-17b868615cb4,Myntra,Google Play,Review,https://play.google.com/store/apps/details?id=com.myntra.android,Jaiveer Pandey,2026-08-13 23:45:03,fast delivery ❤️,Myntra Google Play reviews,English
54f68677-c115-4c50-9a0a-a39dcf1f6e8c,Myntra,Google Play,Review,https://play.google.com/store/apps/details?id=com.myntra.android,firdosh nyat,2026-08-13 23:42:58,"very good and very nice app i am very happy,..firdosh nyat",Myntra Google Play reviews,English
6217257c-8e0b-4c2f-a1b2-6ac2c8114885,Myntra,Google Play,Review,https://play.google.com/store/apps/details?id=com.myntra.android,Ravindra Singh Parmar Adv,2026-08-13 23:40:22,Best online shopping app,Myntra Google Play reviews,English
48bdbafd-f0bf-426e-8251-12bef1dd76aa,Myntra,Google Play,Review,https://play.google.com/store/apps/details?id=com.myntra.android,saurav mahra,2026-08-13 23:38:04,pathetic service ever used and their dumbass customer support AI completely nonsense app 1 star only for their catalogue,Myntra Google Play reviews,English
10a01b52-960b-41da-ab0c-1893a20fa98d,Myntra,Google Play,Review,https://play.google.com/store/apps/details?id=com.myntra.android,BISMAYA RANJAN,2026-08-13 23:36:41,it's better site for shopping,Myntra Google Play reviews,English
e668a474-d92c-4222-9032-789c0c281130,Myntra,Google Play,Review,https://play.google.com/store/apps/details?id=com.myntra.android,Geet Raghuvanshi,2026-08-13 23:35:33,extremely bad experience this time. i send my product return but didn't receive the refund it's almost 25 days gone. I complaint at myntra chat block but the issue till date doesn't solve. even I tried to call them. but unable to connect customer care executive.,Myntra Google Play reviews,English
d97e304b-f2c3-44ee-b0c6-a6af844517e6,Myntra,Google Play,Review,https://play.google.com/store/apps/details?id=com.myntra.android,JK Sharma,2026-08-13 23:35:12,best quality in minimum price,Myntra Google Play reviews,English
a1783da6-f555-4cb9-9367-76cb15588c68,Myntra,Google Play,Review,https://play.google.com/store/apps/details?id=com.myntra.android,Aryaveer Ch,2026-08-13 23:31:03,best shopping app for fashion 👌 🙌 😌 ✨️ 😍 ☺️,Myntra Google Play reviews,English
91196b3b-f973-4ae9-97a1-db842d847dcf,Myntra,Google Play,Review,https://play.google.com/store/apps/details?id=com.myntra.android,Vishal Choudhary,2026-08-13 23:20:22,👍😊,Myntra Google Play reviews,English
66c25a78-354a-4f2b-be86-3758b98a4e45,Myntra,Google Play,Review,https://play.google.com/store/apps/details?id=com.myntra.android,Mujeeb Kizhakkan,2026-08-13 23:18:19,Myntra provides Bad Service,Myntra Google Play reviews,English
21e2808d-da2f-4aff-a82f-459e2b31dcc3,Myntra,Google Play,Review,https://play.google.com/store/apps/details?id=com.myntra.android,Pranika Bhardwaj,2026-08-13 23:17:44,good,Myntra Google Play reviews,English
57c14be5-0a8f-43b7-ae5c-20977e09f2d0,Myntra,Google Play,Review,https://play.google.com/store/apps/details?id=com.myntra.android,Gulfam Shaikh,2026-08-13 23:15:58,product quality is very poor,Myntra Google Play reviews,English
facb1ade-3fbf-4b9c-b580-07b9a9642dd9,Myntra,Google Play,Review,https://play.google.com/store/apps/details?id=com.myntra.android,Namita Dey,2026-08-13 23:13:29,nice,Myntra Google Play reviews,English
ece0d3cf-c8ab-4b28-af2b-c722e3b0cf6f,Myntra,Google Play,Review,https://play.google.com/store/apps/details?id=com.myntra.android,Tanmay,2026-08-13 23:09:53,Unable to redeem my Myntra cash points 😡😡,Myntra Google Play reviews,English
0d9683ec-237d-47d9-a4ee-39f5683d5bec,Myntra,Google Play,Review,https://play.google.com/store/apps/details?id=com.myntra.android,Ajay Raaj,2026-08-13 23:08:40,good Quality product,Myntra Google Play reviews,English
92b07344-4045-4531-a537-e810ae0ea6d5,Myntra,Google Play,Review,https://play.google.com/store/apps/details?id=com.myntra.android,Anuj Kumar,2026-08-13 23:07:50,I love myntra this is the best app,Myntra Google Play reviews,English
f57b511b-0b03-44ae-93aa-7d635afe7fcd,Myntra,Google Play,Review,https://play.google.com/store/apps/details?id=com.myntra.android,MANISH KUMAR,2026-08-13 23:06:11,fabulous,Myntra Google Play reviews,English
93133000-39a4-41d7-96bb-736e8dfa2fc1,Myntra,Google Play,Review,https://play.google.com/store/apps/details?id=com.myntra.android,Fatima Khasim,2026-08-13 23:04:46,nice coupon I got,Myntra Google Play reviews,English
29ebe2ee-4c3f-46fb-967c-be38122641cb,Myntra,Google Play,Review,https://play.google.com/store/apps/details?id=com.myntra.android,salim shaikh,2026-08-13 22:59:39,"“Thank you, Myntra! आपने जो pants भेजे हैं, सभी बहुत अच्छे और perfect fit हैं. Great quality and excellent service!”",Myntra Google Play reviews,English
e10b1183-3779-4943-b918-f1e7dbb0e657,Myntra,Google Play,Review,https://play.google.com/store/apps/details?id=com.myntra.android,Sateesh Verma,2026-08-13 22:58:54,good platform,Myntra Google Play reviews,English
73b69507-7633-4d34-a860-509f5d962ec9,Myntra,Google Play,Review,https://play.google.com/store/apps/details?id=com.myntra.android,Samrat Roy,2026-08-13 22:56:59,good,Myntra Google Play reviews,English
76837656-8062-46f5-b625-bed6c0628e0e,Myntra,Google Play,Review,https://play.google.com/store/apps/details?id=com.myntra.android,Akhil Nair,2026-08-13 22:52:22,"sabse ghatiya app hai ye ,recently meine kuch order Kiya order delivery date ke paas aake khud ba khud cancel ho jaata hai,jab ki order prepaid ho toh bhi aur ye 2 se 3 baar ho chuka hai mere saath",Myntra Google Play reviews,English
c629e30a-b808-4897-8f63-4b9d91030a6c,Myntra,Google Play,Review,https://play.google.com/store/apps/details?id=com.myntra.android,Avuula Lakshmi,2026-08-13 22:44:48,charging more money in the name of platform fee,Myntra Google Play reviews,English
2413c0ff-82ce-4b9b-8e86-1059904bad3d,Myntra,Google Play,Review,https://play.google.com/store/apps/details?id=com.myntra.android,A1041 Kenni Kamki,2026-08-13 22:42:36,worst experience,Myntra Google Play reviews,English
71962662-080f-4091-bc0b-6f00b260bc98,Myntra,Google Play,Review,https://play.google.com/store/apps/details?id=com.myntra.android,Carol Vinancy Saron,2026-08-13 22:38:31,Good 😊,Myntra Google Play reviews,English
5e2383d5-dfa2-4b4b-9ad5-8f28b4db90aa,Myntra,Google Play,Review,https://play.google.com/store/apps/details?id=com.myntra.android,Sindhu Sindhu,2026-08-13 22:36:53,super products,Myntra Google Play reviews,English
fb6d3238-547f-487b-8389-7132130928f3,Myntra,Google Play,Review,https://play.google.com/store/apps/details?id=com.myntra.android,NEELAM SINGH,2026-08-13 22:36:32,Good platform for shopping .,Myntra Google Play reviews,English
e8a6e2fd-8b1b-4715-bf3e-4d91608b29e6,Myntra,Google Play,Review,https://play.google.com/store/apps/details?id=com.myntra.android,dhruba basumatari,2026-08-13 22:34:17,nice,Myntra Google Play reviews,English
492e8cef-8586-4b23-b07c-20e6e9200154,Myntra,Google Play,Review,https://play.google.com/store/apps/details?id=com.myntra.android,Devu Devika,2026-08-13 22:32:04,very lond delivery time,Myntra Google Play reviews,English
9fcd4958-8ca7-42a5-96dd-79580825d9d9,Myntra,Google Play,Review,https://play.google.com/store/apps/details?id=com.myntra.android,ganesh lal,2026-08-13 22:31:05,Myntra is a excellent shopping platform....🥰,Myntra Google Play reviews,English
c7bd67e6-d1fd-490f-a080-b48196484def,Myntra,Google Play,Review,https://play.google.com/store/apps/details?id=com.myntra.android,Bindu Tiwari,2026-08-13 22:25:29,Best app,Myntra Google Play reviews,English
ae8727e5-e7e2-4bc3-82a7-b9c0a677d710,Myntra,Google Play,Review,https://play.google.com/store/apps/details?id=com.myntra.android,Harshita Arya,2026-08-13 22:24:59,I never get my return pickup on time I always get a small missed call after 10pm in night and then they said pickup unsuccessful how this will happen again and again. what is this time to pickup in night I call customer care and had a chat also always they said you will receive a pickup in day and again the same thing happened if you do not want to resolve customer problem then why your team is sitting there to waste customer half and hour to had talk with them only they wasted my such time.,Myntra Google Play reviews,English
2447121d-6ae3-4c00-b4d7-0db43c27cc34,Myntra,Google Play,Review,https://play.google.com/store/apps/details?id=com.myntra.android,Jaya Balan,2026-08-13 22:22:36,original quality 🫂,Myntra Google Play reviews,English
b02929ca-ad03-4104-8fd5-ee7fb3dd2846,Myntra,Google Play,Review,https://play.google.com/store/apps/details?id=com.myntra.android,Sahee Ram Bishnoi,2026-08-13 22:18:57,good,Myntra Google Play reviews,English
d50e3ebe-ac7f-4101-9029-6bea4bede35c,Myntra,Google Play,Review,https://play.google.com/store/apps/details?id=com.myntra.android,Harjinder Kalsi,2026-08-13 22:16:03,best online shopping app,Myntra Google Play reviews,English
ab4610ae-7572-43d3-bef4-b580f41d8c45,Myntra,Google Play,Review,https://play.google.com/store/apps/details?id=com.myntra.android,Renu Ratawal,2026-08-13 22:12:43,"This has become a scam; I can't trust them anymore. The item I ordered never arrived, and they have done this many times without issuing a refund.",Myntra Google Play reviews,English
61cc1230-1f84-46ae-bf5d-5fb7f4b6950d,Myntra,Google Play,Review,https://play.google.com/store/apps/details?id=com.myntra.android,Sudipta Das,2026-08-13 22:09:13,it's very good,Myntra Google Play reviews,English
91171a6a-19ea-4cb7-8fff-a247d70314ef,Myntra,Google Play,Review,https://play.google.com/store/apps/details?id=com.myntra.android,Neelam Yadav,2026-08-13 22:05:43,very good products received,Myntra Google Play reviews,English
b366ff29-fc1e-4221-a82e-80fe9864bca5,Myntra,Google Play,Review,https://play.google.com/store/apps/details?id=com.myntra.android,Sweety Kumari,2026-08-13 22:02:43,servce very poor,Myntra Google Play reviews,English
b03eb00c-c893-4185-a02b-d65067634299,Myntra,Google Play,Review,https://play.google.com/store/apps/details?id=com.myntra.android,Adrika Srivastava,2026-08-13 21:59:02,best,Myntra Google Play reviews,English
85e20981-2880-4bbd-bf50-2b88e65b8afc,Myntra,Google Play,Review,https://play.google.com/store/apps/details?id=com.myntra.android,Ajay Saini,2026-08-13 21:56:38,super app...supper collection...super discount,Myntra Google Play reviews,English
a81ebed6-20a6-41d4-b39b-6cbea8d47685,Myntra,Google Play,Review,https://play.google.com/store/apps/details?id=com.myntra.android,prasana mouli,2026-08-13 21:56:20,Good 👍,Myntra Google Play reviews,English
0425d72c-d144-42ff-8e3d-c3e7f5e85c6a,Myntra,Google Play,Review,https://play.google.com/store/apps/details?id=com.myntra.android,Sahil Khan,2026-08-13 21:55:52,very good,Myntra Google Play reviews,English
089704bf-0592-46cc-925e-4ed8385abe0c,Myntra,Google Play,Review,https://play.google.com/store/apps/details?id=com.myntra.android,Shivam Singh,2026-08-13 21:55:30,fast fashion,Myntra Google Play reviews,English
8fc617a8-eccd-4757-bf0f-a0a0fae8be9f,Myntra,Google Play,Review,https://play.google.com/store/apps/details?id=com.myntra.android,Sonali yadav,2026-08-13 21:50:39,"Strongly Disappointed Very disappointing experience with Myntra. The delivery dates shown are misleading, and you end up wasting your time waiting for an order that doesn’t arrive when promised. The customer service is equally disappointing, with no proper resolution or support. Please provide realistic delivery timelines and improve your customer service. Overall, a very poor experience.",Myntra Google Play reviews,English
2f9921ea-2d37-4c69-b730-514e18228731,Myntra,Google Play,Review,https://play.google.com/store/apps/details?id=com.myntra.android,Bharath L N,2026-08-13 21:49:15,without any reason they deactivated my account one of the worst app,Myntra Google Play reviews,English
5d945297-b339-4c48-994c-c8391aa65323,Myntra,Google Play,Review,https://play.google.com/store/apps/details?id=com.myntra.android,Devendra Kudal,2026-08-13 21:39:54,best,Myntra Google Play reviews,English
22541270-21b9-4603-9b54-b2ecb9a777fa,Myntra,Google Play,Review,https://play.google.com/store/apps/details?id=com.myntra.android,Ravi Raut,2026-08-13 21:38:12,nice for a product,Myntra Google Play reviews,English
f16ddc58-2fbb-427e-af78-273f5906d305,Myntra,Google Play,Review,https://play.google.com/store/apps/details?id=com.myntra.android,Akash Namta,2026-08-13 21:36:31,Nice,Myntra Google Play reviews,English
cdb86bd0-4d93-4265-b48c-0d478fca4503,Myntra,Google Play,Review,https://play.google.com/store/apps/details?id=com.myntra.android,Pune Joshi,2026-08-13 21:32:45,clothes are good quality with cheap and best price,Myntra Google Play reviews,English
0920125b-b375-43c6-aa37-437bf82acdbd,Myntra,Google Play,Review,https://play.google.com/store/apps/details?id=com.myntra.android,Swojas Gade,2026-08-13 21:31:46,nice really,Myntra Google Play reviews,English
6b050b40-2c74-4096-8772-686c5f20f259,Myntra,Google Play,Review,https://play.google.com/store/apps/details?id=com.myntra.android,Shaik Adnan,2026-08-13 21:29:21,good experience with this app,Myntra Google Play reviews,English
c6eb0227-5a57-4bf1-a870-d005a756ff71,Myntra,Google Play,Review,https://play.google.com/store/apps/details?id=com.myntra.android,Ali Hasan,2026-08-13 21:28:26,excellent product,Myntra Google Play reviews,English
