a85e6753-ae59-483a-ac36-03a906f404af,Nykaa Fashion,Google Play,Review,https://play.google.com/store/apps/details?id=com.fsn.nds,Rahul Sharma,2026-08-15 19:59:04,very bad experience with nykaa poor delivery services,Nykaa Fashion Google Play reviews,English
0ce35666-76a3-42fa-9f36-de96857e821b,Nykaa Fashion,Google Play,Review,https://play.google.com/store/apps/details?id=com.fsn.nds,pritam Sarkar,2026-08-15 19:27:22,good product,Nykaa Fashion Google Play reviews,English
4566b991-6d1e-4702-851f-ba395dba7532,Nykaa Fashion,Google Play,Review,https://play.google.com/store/apps/details?id=com.fsn.nds,Sangram,2026-08-15 19:14:37,Thik you,Nykaa Fashion Google Play reviews,English
60449253-764a-49a3-9bf5-5c4aa8099772,Nykaa Fashion,Google Play,Review,https://play.google.com/store/apps/details?id=com.fsn.nds,Priti Kamble,2026-08-15 18:33:02,bestt,Nykaa Fashion Google Play reviews,English
d10f4838-2c00-4b8e-b4aa-2e30d86e0796,Nykaa Fashion,Google Play,Review,https://play.google.com/store/apps/details?id=com.fsn.nds,Sonam Kumari,2026-08-15 17:52:17,"Worst experience with Nykaa. Very disappointed and fraud app👎👎👎👎. Worst shopping app. Don't waste your valuable money on Nykaa😡😡😡. I ordered a suit set and saree but received very cheap quality. When I requested return, they cancelled my request and did not refund my money. Total waste of money and time😡😡😡😡😡😡😡😡👎👎👎👎👎👎👎👎👎👎👎👎👎👎👎👎👎👎👎👎👎👎👎👎👎👎👎👎👎👎👎👎👎👎👎👎👎👎👎👎👎👎👎👎👎👎👎👎.",Nykaa Fashion Google Play reviews,English
0f2e3248-dcb7-4a6d-97fb-0dd7450d14bb,Nykaa Fashion,Google Play,Review,https://play.google.com/store/apps/details?id=com.fsn.nds,Juilet Aujla,2026-08-15 16:07:32,great,Nykaa Fashion Google Play reviews,English
484a0cbd-4fb5-4a13-8463-f604d4813d22,Nykaa Fashion,Google Play,Review,https://play.google.com/store/apps/details?id=com.fsn.nds,Pinki,2026-08-15 15:43:30,"Horrible experience!! This app is all SCAM!! The app is showing that it has tried delivering 3 times yet it was unsuccessful, despite the fact that I was not contacted even once regarding it then when I called the delivery guy number given by this app, that person is saying me to raise a complaint regarding him. The help number and messages also does not work. The biggest thing is that it was prepaid now my money has got stuck with them. help support kindly do something...",Nykaa Fashion Google Play reviews,English
2cf1d1ed-923f-444c-b78d-3bd446feab18,Nykaa Fashion,Google Play,Review,https://play.google.com/store/apps/details?id=com.fsn.nds,Rena Muhammad,2026-08-15 15:40:37,"the worst shopping app i ever tried, i didn't get my order for 2 weeks and i tried to call their customer care they never pickup or call back and i tried to chat with them they weren't answering my question and I emailed them to cancel the order and then they did it for 1 week i didn't get my refund...worst customer service",Nykaa Fashion Google Play reviews,English
c8826bb8-ea88-430e-b47d-9bbee806f203,Nykaa Fashion,Google Play,Review,https://play.google.com/store/apps/details?id=com.fsn.nds,Akshita Saxena,2026-08-15 15:24:21,"horrible experience I believe meesho is far more better than this. extremely poor quality of products, poor customer service, App that glitches, and they only believe in taking the money mot returning it back. For 20 days they tested my patience. I am definitely going to take the legal action against now. there never never care to read the mails and tickets, they'll definitely going to read the legal notice for sure.",Nykaa Fashion Google Play reviews,English
d03d0fa6-299a-4e9d-9699-d26c22171ecf,Nykaa Fashion,Google Play,Review,https://play.google.com/store/apps/details?id=com.fsn.nds,Farzana Shaikh,2026-08-15 15:02:44,They don't deliver your order on time and the order keeps on being delayed everyday,Nykaa Fashion Google Play reviews,English
1388012e-b685-4951-b2a4-3c7047e53a6a,Nykaa Fashion,Google Play,Review,https://play.google.com/store/apps/details?id=com.fsn.nds,Salva Shams,2026-08-15 14:41:55,baddest experience in my life ordered puma shoes wanted to return it cuz quality was worst but unfortunately no one contacted me or came to pick my that parcel n after few days got text that all delivery attempted were done cheapest thing I expected from nykaa i hate this app ....don't have facebook account ...not even customer service was helpful for me n no one pick my cll,Nykaa Fashion Google Play reviews,English
bde4f2e3-ca0e-421a-b603-3124ce19444c,Nykaa Fashion,Google Play,Review,https://play.google.com/store/apps/details?id=com.fsn.nds,Purnima Singh,2026-08-15 14:30:20,good,Nykaa Fashion Google Play reviews,English
e6791f98-f9cf-4d9f-ab26-63fa00e7d3db,Nykaa Fashion,Google Play,Review,https://play.google.com/store/apps/details?id=com.fsn.nds,Saddam Saha,2026-08-15 14:21:53,good 👍,Nykaa Fashion Google Play reviews,English
ad099d54-512c-4639-98ae-7e7b653fb44b,Nykaa Fashion,Google Play,Review,https://play.google.com/store/apps/details?id=com.fsn.nds,Shobana Thambiduraitsp,2026-08-15 13:58:41,good,Nykaa Fashion Google Play reviews,English
8e28cc2f-2448-4a9d-a500-d21e3bac7637,Nykaa Fashion,Google Play,Review,https://play.google.com/store/apps/details?id=com.fsn.nds,Chirag Chadha,2026-08-15 13:48:29,"Nyka team you guys should be fired by your boss. I reported three times yet you didn't understand the issue. There's no option to stop your promotional notifications, app notifications not promotional emails. Your CEO should see your inability to understand the issues despite being well elaborated by users/customers.",Nykaa Fashion Google Play reviews,English
c1b5adcb-4373-41a4-affb-1f042b4a0ddd,Nykaa Fashion,Google Play,Review,https://play.google.com/store/apps/details?id=com.fsn.nds,murugaraja raja,2026-08-15 13:19:52,super appp,Nykaa Fashion Google Play reviews,English
a2bf0050-bf9c-4648-bd20-58cf62951b97,Nykaa Fashion,Google Play,Review,https://play.google.com/store/apps/details?id=com.fsn.nds,B S Charan Kumar,2026-08-15 11:10:19,good app,Nykaa Fashion Google Play reviews,English
4cbcda66-205c-4769-a33c-45ca537834a6,Nykaa Fashion,Google Play,Review,https://play.google.com/store/apps/details?id=com.fsn.nds,Juhi Panseriya,2026-08-15 10:47:49,good 👍 shopping app,Nykaa Fashion Google Play reviews,English
5448230e-3339-4627-b024-7456f05635aa,Nykaa Fashion,Google Play,Review,https://play.google.com/store/apps/details?id=com.fsn.nds,Renu Tayal,2026-08-15 10:13:11,There are many bugs in this app. I was trying to return a order but I was getting error page. Just like this there are other bugs. moreover I was trying to find customer care number but couldn't find it on app. If you guys know app has issues than you should make it easy for customer to find customer care,Nykaa Fashion Google Play reviews,English
09ad0427-27e5-4669-a2be-95d658507ea6,Nykaa Fashion,Google Play,Review,https://play.google.com/store/apps/details?id=com.fsn.nds,Narendra Singh,2026-08-15 08:32:40,Nice clothes,Nykaa Fashion Google Play reviews,English
72d23ce4-c4ec-4cce-ac65-ac43b94d7880,Nykaa Fashion,Google Play,Review,https://play.google.com/store/apps/details?id=com.fsn.nds,Vandita Srivastava,2026-08-15 01:26:44,"Worst experience of the app they don't deliver or return products on due date and after cancellation or return refund is also not processed on time! The help centre is ridiculous and the call is not received, msgs are not replied on time you keep waiting for response but they will reply back 1 hour later and close the chat on their own! My money has not been refunded yet for the product I cancelled and returned. They are just doing a scam. Very bad seriously!",Nykaa Fashion Google Play reviews,English
25cd845c-f954-4106-b99d-37841204e784,Nykaa Fashion,Google Play,Review,https://play.google.com/store/apps/details?id=com.fsn.nds,Surya Pratap,2026-08-15 00:55:50,good,Nykaa Fashion Google Play reviews,English
ae3e5d26-5593-4b04-afdb-89d9bd170e0f,Nykaa Fashion,Google Play,Review,https://play.google.com/store/apps/details?id=com.fsn.nds,md mubeen,2026-08-15 00:18:51,best,Nykaa Fashion Google Play reviews,English
748bec1a-0f45-49d1-99d0-557f921af348,Nykaa Fashion,Google Play,Review,https://play.google.com/store/apps/details?id=com.fsn.nds,Abhi Koli,2026-08-15 00:09:19,osm,Nykaa Fashion Google Play reviews,English
59c9320b-c5e7-4597-9a48-22ea9f4c7c26,Nykaa Fashion,Google Play,Review,https://play.google.com/store/apps/details?id=com.fsn.nds,Pooja Kshirsagar,2026-08-14 23:45:33,nice collection,Nykaa Fashion Google Play reviews,English
54027d47-5c90-414a-8789-abfd6e2260a0,Nykaa Fashion,Google Play,Review,https://play.google.com/store/apps/details?id=com.fsn.nds,Neetu Pal,2026-08-14 23:42:26,Nice 👍,Nykaa Fashion Google Play reviews,English
b9d15014-6fc0-46b4-bf2d-2bc50f1ecd07,Nykaa Fashion,Google Play,Review,https://play.google.com/store/apps/details?id=com.fsn.nds,Krishna Chauhan,2026-08-14 21:45:01,"My order was marked ‘Delivery Unsuccessful’ yesterday even though the delivery partner never called me. Today it is out for delivery again, but I still haven't received any call. my order is being cancelled for 2nd time whithout even getting a phone call. worst app with slowest delivery 🚚. and i have still not received my parcel. not refund also. money wasted 🙂.",Nykaa Fashion Google Play reviews,English
de71da95-ebd8-4bea-b785-0b16fa968b1a,Nykaa Fashion,Google Play,Review,https://play.google.com/store/apps/details?id=com.fsn.nds,Mohsin Sheikh,2026-08-14 21:19:04,good,Nykaa Fashion Google Play reviews,English
3a081a84-5d63-4536-9bdd-a9c7124f149f,Nykaa Fashion,Google Play,Review,https://play.google.com/store/apps/details?id=com.fsn.nds,Shaikh Maheboob,2026-08-14 20:22:12,very nice,Nykaa Fashion Google Play reviews,English
5ad60f96-ffcf-4dc0-a1fb-6e6298453f1e,Nykaa Fashion,Google Play,Review,https://play.google.com/store/apps/details?id=com.fsn.nds,Shradha Bamrara,2026-08-14 19:25:15,I had applied for refund. the app says that the refund is generated on 3rd August and will be credited by 8th August. they gave one reference id. today is 14th August I checked with my bank. it says no such id has been generated for my account. I don't know why these apps do things like this,Nykaa Fashion Google Play reviews,English
00516381-f681-47ad-ae92-d8f4e502fa33,Nykaa Fashion,Google Play,Review,https://play.google.com/store/apps/details?id=com.fsn.nds,Hemant Gorai,2026-08-14 18:57:43,wrost service. very difficult to connect to customer support . wrost ever delivery service.,Nykaa Fashion Google Play reviews,English
be52d853-3594-4368-bb56-b9177747e78a,Nykaa Fashion,Google Play,Review,https://play.google.com/store/apps/details?id=com.fsn.nds,Amandeep Kaur,2026-08-14 18:25:25,worst service worst app.,Nykaa Fashion Google Play reviews,English
b0feb902-1741-47ef-828d-ca7a12d95950,Nykaa Fashion,Google Play,Review,https://play.google.com/store/apps/details?id=com.fsn.nds,MD HAJI KHAN,2026-08-14 18:23:10,super quality,Nykaa Fashion Google Play reviews,English
72533932-1c59-4b4d-bb16-ef7c47b8b1fd,Nykaa Fashion,Google Play,Review,https://play.google.com/store/apps/details?id=com.fsn.nds,Dr.kamlesh Mishra,2026-08-14 16:35:52,good,Nykaa Fashion Google Play reviews,English
abad8bb3-601e-4502-aff4-8e95edd73bd3,Nykaa Fashion,Google Play,Review,https://play.google.com/store/apps/details?id=com.fsn.nds,Shynus Bobin,2026-08-14 15:49:27,worst customer service,Nykaa Fashion Google Play reviews,English
88ad8aa1-7ecd-4c46-ae63-951f43c37f02,Nykaa Fashion,Google Play,Review,https://play.google.com/store/apps/details?id=com.fsn.nds,Shalini,2026-08-14 14:19:50,Nykaa has indeed good products. but delivery and pickup services are highly pathetic. + no proper customer support.,Nykaa Fashion Google Play reviews,English
04499519-17fd-48be-8487-12b8be4363fe,Nykaa Fashion,Google Play,Review,https://play.google.com/store/apps/details?id=com.fsn.nds,Ranav Khanna,2026-08-14 13:04:24,Very nice discount but not in all items,Nykaa Fashion Google Play reviews,English
348e3ddf-46ea-4e67-9912-4131eb8b2248,Nykaa Fashion,Google Play,Review,https://play.google.com/store/apps/details?id=com.fsn.nds,Praveen Sharma,2026-08-14 12:36:47,return not accept 😡,Nykaa Fashion Google Play reviews,English
b0dd7cef-15d2-4284-8e08-2d2e9b2fc0fe,Nykaa Fashion,Google Play,Review,https://play.google.com/store/apps/details?id=com.fsn.nds,MADHURI SHARMA,2026-08-14 12:20:21,na hi to koi return lene aata h na hi customer care wale call uthate h bahot hi bekar experience rha h is pr shopping krke m aage se kbhi is pr shopping nhi krungi na hi apne friends and family me se kisi ko krne dungi,Nykaa Fashion Google Play reviews,English
d3fc84c1-a2e9-4d82-8da0-c441a60f74ca,Nykaa Fashion,Google Play,Review,https://play.google.com/store/apps/details?id=com.fsn.nds,Kottapalli Lokesh,2026-08-14 12:04:07,i hat application not received return order fake application,Nykaa Fashion Google Play reviews,English
b514fab7-4f98-425d-bb88-42a66dc5a930,Nykaa Fashion,Google Play,Review,https://play.google.com/store/apps/details?id=com.fsn.nds,Anuskha Kumari,2026-08-14 11:47:54,worst horrible experience u have given me,Nykaa Fashion Google Play reviews,English
05123521-071c-47f5-ac55-07e391a4e049,Nykaa Fashion,Google Play,Review,https://play.google.com/store/apps/details?id=com.fsn.nds,Pradeep Kushwaha,2026-08-14 11:23:19,Nice,Nykaa Fashion Google Play reviews,English
a46ee38f-7de8-4dc6-a522-9db3880272b5,Nykaa Fashion,Google Play,Review,https://play.google.com/store/apps/details?id=com.fsn.nds,Arpit Kumar Gupta,2026-08-14 11:19:11,"Don't fall for good reviews, these are paid reviews. Worst shopping experience. I tried to return an item but it is getting cancelled without even informing me. And yes they don't address your query. there is a chat support which works like indian railways, it will arrive shortly.",Nykaa Fashion Google Play reviews,English
e5e49505-8880-4148-a5b5-0750064b4f0b,Nykaa Fashion,Google Play,Review,https://play.google.com/store/apps/details?id=com.fsn.nds,Vikram Saini,2026-08-14 10:58:45,Good Experience 👍,Nykaa Fashion Google Play reviews,English
4d26c836-354c-4f28-925c-ce59ee9c5446,Nykaa Fashion,Google Play,Review,https://play.google.com/store/apps/details?id=com.fsn.nds,Nidhi Bhandari,2026-08-14 10:46:03,"Very bad experience. It was my first order, and the product quality turned out to be extremely poor. They are not even accepting the return request. It has been 3–4 days, and I still haven’t received any proper response from them. They haven’t approved my return request either. Overall, it has been a very disappointing experience.",Nykaa Fashion Google Play reviews,English
c5413e6a-da68-4e24-b90a-cb1cef582a8a,Nykaa Fashion,Google Play,Review,https://play.google.com/store/apps/details?id=com.fsn.nds,Anju Chandana,2026-08-14 10:44:26,"very poor services especially product quality and return policy . when I request a return,they make more and more time to approve our return request.opt to buy product in Amazon,flipkart, mythra rather than nykaa.. most worst service in world is by nykaa fashion",Nykaa Fashion Google Play reviews,English
0b69e5c1-e0e1-46c6-b2fc-9e9daeb6b85f,Nykaa Fashion,Google Play,Review,https://play.google.com/store/apps/details?id=com.fsn.nds,Christina Rose,2026-08-14 10:38:00,"Terrible app and even worse customer service. Don’t even think about returning a clothing item—it can take up to a month just to process the return. And if you try to contact customer care, you’ll have to wait an average of 15–20 minutes just to get connected to someone. Absolutely frustrating experience!",Nykaa Fashion Google Play reviews,English
b433b211-86e0-4c8e-9472-dd8c5eeca50d,Nykaa Fashion,Google Play,Review,https://play.google.com/store/apps/details?id=com.fsn.nds,Manish Rai,2026-08-14 10:26:53,Nice,Nykaa Fashion Google Play reviews,English
35e5c05c-5549-4546-949a-60e2de03f2bc,Nykaa Fashion,Google Play,Review,https://play.google.com/store/apps/details?id=com.fsn.nds,Gargi Banerjee,2026-08-14 10:17:39,I think its a good choice.,Nykaa Fashion Google Play reviews,English
ab8689e3-bc75-4094-b8a4-4079cd17e053,Nykaa Fashion,Google Play,Review,https://play.google.com/store/apps/details?id=com.fsn.nds,VICKY ALI,2026-08-14 09:11:14,bahut acche kapde milte Hai,Nykaa Fashion Google Play reviews,English
40cb56c5-b315-49cf-8324-fb14b8e6bca2,Nykaa Fashion,Google Play,Review,https://play.google.com/store/apps/details?id=com.fsn.nds,Deepali Sabhani,2026-08-14 08:59:21,very disappointing have 2 bad experience with Nyka beauty and Nykaa fashion their return policy are just worst as they have given me the worst quality product i have initiated for return but the agent never came for return the worst part is Customer care of Nyka Fashion is never responding. I have wasted my money trusting Nykaa will never purchase again from Nyka even if it is on sale or any other offer you are giving will delete my account from this nykaa,Nykaa Fashion Google Play reviews,English
a45ed8cb-7fd0-474a-a031-82fcb9614e70,Nykaa Fashion,Google Play,Review,https://play.google.com/store/apps/details?id=com.fsn.nds,Guman Singh,2026-08-14 07:32:05,nice product,Nykaa Fashion Google Play reviews,English
a8d47d36-5b6b-40e4-9949-dc1a70c2ad6c,Nykaa Fashion,Google Play,Review,https://play.google.com/store/apps/details?id=com.fsn.nds,Pinku Soni,2026-08-14 06:14:25,very good,Nykaa Fashion Google Play reviews,English
b198ad84-6253-4a1f-8fb3-403d069b910e,Nykaa Fashion,Google Play,Review,https://play.google.com/store/apps/details?id=com.fsn.nds,Pavithra Shetty,2026-08-14 05:47:50,Absolutely horrific experience. They have added some random persons details in my account and my product was delivered there. This is a clear exaple of data breach.,Nykaa Fashion Google Play reviews,English
6e839a1b-17fe-4c26-a534-db7940d637cd,Nykaa Fashion,Google Play,Review,https://play.google.com/store/apps/details?id=com.fsn.nds,Balusu sai Kumar chowdary Balusu sai Kumar chowdary,2026-08-14 04:18:37,nice ☺️,Nykaa Fashion Google Play reviews,English
8ed8fe6d-475d-41a8-a5e5-fd685a22ae1f,Nykaa Fashion,Google Play,Review,https://play.google.com/store/apps/details?id=com.fsn.nds,Aryan Pathe,2026-08-14 00:39:22,this app is great because they will provid COD I like those app who provid COD.,Nykaa Fashion Google Play reviews,English
ec81d1d4-1148-47fe-9ff6-b3a5d35cef6c,Nykaa Fashion,Google Play,Review,https://play.google.com/store/apps/details?id=com.fsn.nds,Amrit Chandan Behera,2026-08-13 23:42:46,received broken product and nyaka denied refund,Nykaa Fashion Google Play reviews,English
e055e755-1a86-4b20-bf57-1afbf4c55642,Nykaa Fashion,Google Play,Review,https://play.google.com/store/apps/details?id=com.fsn.nds,Popi Sarkar,2026-08-13 23:40:21,very good app,Nykaa Fashion Google Play reviews,English
0045a769-b353-4b11-a5f0-93be67c72fe6,Nykaa Fashion,Google Play,Review,https://play.google.com/store/apps/details?id=com.fsn.nds,Tamanna Khan,2026-08-13 22:28:41,worst app doing scam with orders sending other's parcel not refunding money worst communication skill not the trustworthy platform doing fraud,Nykaa Fashion Google Play reviews,English
1538643b-f4ad-4cfd-a5a6-b4da10760912,Nykaa Fashion,Google Play,Review,https://play.google.com/store/apps/details?id=com.fsn.nds,Prem Koyar,2026-08-13 21:48:05,very good,Nykaa Fashion Google Play reviews,English
2112c486-6e29-4c43-b95e-fffe92976cbd,Nykaa Fashion,Google Play,Review,https://play.google.com/store/apps/details?id=com.fsn.nds,KAJOL NAYAK,2026-08-13 21:34:46,"Pathetic App, I have been trying to return my product from 1 month. no delivery agent came for receiving and it keeps getting rescheduled. it's been more than a month now. very bad experience, never buying from this app again . nykka beauty is good but this was is pathetic and there colab with shadowfax makes it worst .",Nykaa Fashion Google Play reviews,English
302109a0-4b4f-4b9e-8b26-7254ff381049,Nykaa Fashion,Google Play,Review,https://play.google.com/store/apps/details?id=com.fsn.nds,kaushlendra singh Bais,2026-08-13 20:12:48,very good online purchase all in on platform,Nykaa Fashion Google Play reviews,English
e6e4c363-389e-4158-9ad6-e70aa1a735b0,Nykaa Fashion,Google Play,Review,https://play.google.com/store/apps/details?id=com.fsn.nds,Vaibhav Kalshetty,2026-08-13 19:35:53,beautiful products,Nykaa Fashion Google Play reviews,English
b8aff330-e6a9-499d-812d-6cfd02e270ff,Nykaa Fashion,Google Play,Review,https://play.google.com/store/apps/details?id=com.fsn.nds,Ananya Bhardwaj,2026-08-13 19:30:00,"I purchased one anarkali kurti set which was a 3 piece suit kurta, pant and dupatta and it is for 3000. Dupatta was missing from the package. So I raised a return by calling them but no one has come to pick this up. And also poor customer service, representative cut the without resolving the problem 😡😡😡😡",Nykaa Fashion Google Play reviews,English
72226783-6068-4a8c-a018-e92bae1ed04e,Nykaa Fashion,Google Play,Review,https://play.google.com/store/apps/details?id=com.fsn.nds,Allen Benny,2026-08-13 18:59:07,"democratizes access to international brands, specialized skincare (like dermat-approved serums), and clean beauty that were once difficult to source locally.",Nykaa Fashion Google Play reviews,English
e437461b-cadf-4620-b9a2-d3b7fbbcc39b,Nykaa Fashion,Google Play,Review,https://play.google.com/store/apps/details?id=com.fsn.nds,Ruddyboy 274 “Ruddyboy274” Singh,2026-08-13 18:29:42,nice,Nykaa Fashion Google Play reviews,English
34fc9b06-5747-4e15-99d0-c73d3669a221,Nykaa Fashion,Google Play,Review,https://play.google.com/store/apps/details?id=com.fsn.nds,Komal Adagale,2026-08-13 18:06:19,nice,Nykaa Fashion Google Play reviews,English
55c058fe-3834-4ede-bfca-795125e1fda6,Nykaa Fashion,Google Play,Review,https://play.google.com/store/apps/details?id=com.fsn.nds,sreerag vt,2026-08-13 17:19:27,Such a worst shopping app I've ever used.i ordered a sunglass for a function in Aug 15 and the delivery was in Aug13.Now they're saying item cannot deliver on that day and will deliver on Aug 15.whats the use.,Nykaa Fashion Google Play reviews,English
887bd44a-8dbb-4e39-8949-6857c94afdc3,Nykaa Fashion,Google Play,Review,https://play.google.com/store/apps/details?id=com.fsn.nds,Usharani Sreenu,2026-08-13 16:09:34,good,Nykaa Fashion Google Play reviews,English
752faf75-5f37-45c9-b522-9e0b8568b7f1,Nykaa Fashion,Google Play,Review,https://play.google.com/store/apps/details?id=com.fsn.nds,Sriram Vedantham,2026-08-13 14:43:03,worst experience in 2 orders. They keep on changing the delivery date as per convenience and I could not cancel the order also,Nykaa Fashion Google Play reviews,English
5d9c9b8e-67cb-4357-bfad-f7a49d53408f,Nykaa Fashion,Google Play,Review,https://play.google.com/store/apps/details?id=com.fsn.nds,p kalyani,2026-08-13 14:18:29,ok,Nykaa Fashion Google Play reviews,English
0356c653-de01-4c9a-aa55-2ba8383199d8,Nykaa Fashion,Google Play,Review,https://play.google.com/store/apps/details?id=com.fsn.nds,azad ahmed,2026-08-13 14:05:06,nice,Nykaa Fashion Google Play reviews,English
27445630-0903-49a5-bb12-8121412df9ff,Nykaa Fashion,Google Play,Review,https://play.google.com/store/apps/details?id=com.fsn.nds,Afridi Burkha,2026-08-13 13:40:01,great,Nykaa Fashion Google Play reviews,English
8d252b8e-6ca4-4fb9-95d4-c9b0ce4fb2a0,Nykaa Fashion,Google Play,Review,https://play.google.com/store/apps/details?id=com.fsn.nds,Vaishu Khouri,2026-08-13 13:37:38,very good app for shopping,Nykaa Fashion Google Play reviews,English
60b7d634-b073-484b-9e9b-83902d2db4e8,Nykaa Fashion,Google Play,Review,https://play.google.com/store/apps/details?id=com.fsn.nds,raziya Khatoon,2026-08-13 13:32:03,"worst worst worst worst i order a sketcher shoes and they delayed the delivery 5 times, now they r saying after eons that delivery is failed pathetic experience",Nykaa Fashion Google Play reviews,English
a28567f5-143d-4859-a51e-33fca2f8d804,Nykaa Fashion,Google Play,Review,https://play.google.com/store/apps/details?id=com.fsn.nds,randhir sonu,2026-08-13 12:54:49,Nice 💯,Nykaa Fashion Google Play reviews,English
20681081-1b6f-4fc4-894c-c9aae33bab76,Nykaa Fashion,Google Play,Review,https://play.google.com/store/apps/details?id=com.fsn.nds,Anton Selva,2026-08-13 12:47:10,good,Nykaa Fashion Google Play reviews,English
2287f5a4-4672-4357-92ae-9c831b81cb4c,Nykaa Fashion,Google Play,Review,https://play.google.com/store/apps/details?id=com.fsn.nds,hiranmai kodavanti,2026-08-13 12:39:27,I haven't had any luck getting good help from either their chat or phone support. Unsatisfactory,Nykaa Fashion Google Play reviews,English
6b23479c-9c80-4ebe-b03e-ee8fb7f29612,Nykaa Fashion,Google Play,Review,https://play.google.com/store/apps/details?id=com.fsn.nds,Manjari Manhar,2026-08-13 11:59:12,I truly appreciate the work done by the #nykaafashion team. I would particularly like to mention #WasimSyed for patiently helping to resolve my issue regarding an order exchange. He is extremely professional and his attention to details was impressive. I deeply acknowledge the hard work and dedication shown throughout the process. Keep up the great work. Thank you for excellent customer service! #nykaafashion #WasimSyed,Nykaa Fashion Google Play reviews,English
6a788a8c-a3f2-491a-9b3b-6be1674ed48f,Nykaa Fashion,Google Play,Review,https://play.google.com/store/apps/details?id=com.fsn.nds,Preeti Pant,2026-08-13 11:47:17,The deilevery experience is the worst for me...Never buying anything from this app.,Nykaa Fashion Google Play reviews,English
7d43ecc1-d2d0-41fe-87b8-0ba7c16450d0,Nykaa Fashion,Google Play,Review,https://play.google.com/store/apps/details?id=com.fsn.nds,Arman Rathee,2026-08-13 11:19:48,worst experience with them i have ordered 2 puma bags in the interval of 15 days as I got both delivery after approx 12-15 days later from the expected delivery date as this is not expected from such a Big brand as their future regular customer i will never order anything from their website/app as I got a very tribel experience and I haven't got my order still as I am as frustrated that I have to write this review,Nykaa Fashion Google Play reviews,English
c0fb50b6-1279-4975-97dd-cb7d3fd7fe54,Nykaa Fashion,Google Play,Review,https://play.google.com/store/apps/details?id=com.fsn.nds,Vivek Sahu,2026-08-13 10:14:02,ok,Nykaa Fashion Google Play reviews,English
2a77c6ab-f1cb-4dee-91b0-a412161b9470,Nykaa Fashion,Google Play,Review,https://play.google.com/store/apps/details?id=com.fsn.nds,Ranju Ranju,2026-08-13 09:21:41,suprb,Nykaa Fashion Google Play reviews,English
de2415d7-850d-4bd8-860d-116a68807d04,Nykaa Fashion,Google Play,Review,https://play.google.com/store/apps/details?id=com.fsn.nds,Surendra Charan,2026-08-13 08:47:51,"This is a completely useless app. I placed over 10 orders here, but returns never happen; neither the logistics partner nor the company resolves the issue. Three of my return requests were never honored, resulting in a loss of ₹5,000. Please do not waste your time and money.",Nykaa Fashion Google Play reviews,English
4e6afc42-db45-4212-9c74-fa5528fee6bd,Nykaa Fashion,Google Play,Review,https://play.google.com/store/apps/details?id=com.fsn.nds,Amulya Kalakonda,2026-08-13 06:54:06,nice,Nykaa Fashion Google Play reviews,English
61a361b3-c154-426e-bc9f-5d1fcf844eb6,Nykaa Fashion,Google Play,Review,https://play.google.com/store/apps/details?id=com.fsn.nds,Seema Rana,2026-08-12 23:05:52,good,Nykaa Fashion Google Play reviews,English
c2307760-d3ed-478f-ba3d-e1f025c3cc0c,Nykaa Fashion,Google Play,Review,https://play.google.com/store/apps/details?id=com.fsn.nds,Planets,2026-08-12 22:19:06,the reason I don't like this app at all is that it's very laggy and the delivery of the items which we order always get delayed the jeans I have ordered first showed delivery date on Sunday then it got postponed to Tuesday and then again to Friday there are good amount of coupons and discounts but the problems are it's delivery delays and laggy app,Nykaa Fashion Google Play reviews,English
ce46bbaa-3394-44fd-a85d-1d2a3e5a2c6d,Nykaa Fashion,Google Play,Review,https://play.google.com/store/apps/details?id=com.fsn.nds,Ashvini Khairnar,2026-08-12 20:43:28,helpful,Nykaa Fashion Google Play reviews,English
f42a717f-bc9b-4c1b-9d52-70104f1808c3,Nykaa Fashion,Google Play,Review,https://play.google.com/store/apps/details?id=com.fsn.nds,Isheka Mondal,2026-08-12 20:24:07,Worst app they don't bother to maintain their status.. Trying to reach the customer care since the last 2hrs no one is responding.,Nykaa Fashion Google Play reviews,English
7606c4f4-a3b6-4eda-b5d1-eb74b91e3716,Nykaa Fashion,Google Play,Review,https://play.google.com/store/apps/details?id=com.fsn.nds,Kanika Rahi,2026-08-12 20:00:14,"the worst shopping app worst customer care response they have not delivered my ordered products. no response from customer care my money is stucked,no efforts is made by them to resolve the issue I dont know where to contact.",Nykaa Fashion Google Play reviews,English
8def7f1c-d434-4f30-aaf9-009b4d7af42a,Nykaa Fashion,Google Play,Review,https://play.google.com/store/apps/details?id=com.fsn.nds,VANSH CHOUDHARY,2026-08-12 19:29:15,Very Good Service,Nykaa Fashion Google Play reviews,English
a274a56f-c0d3-4d5f-afa1-e6343d5c946b,Nykaa Fashion,Google Play,Review,https://play.google.com/store/apps/details?id=com.fsn.nds,ankit bajaj,2026-08-12 19:17:08,worst coustmer care service..just fake assurance on the name of delivery. after every 3 days they say we need 72 hours time.but they do nothing. after 12 days have to cancel the order..,Nykaa Fashion Google Play reviews,English
b79d5cf2-025f-4300-9f67-58644069b081,Nykaa Fashion,Google Play,Review,https://play.google.com/store/apps/details?id=com.fsn.nds,Sonia Baid,2026-08-12 18:28:23,"Extremely disappointing customer support. My Nykaa order was already prepaid online, yet the delivery executive collected the full amount again in cash. When I contacted support, instead of understanding a simple double-payment issue, I received irrelevant responses that clearly showed my complaint wasn't even being read. The support number was of no help, callbacks never happened, and chat support was unresponsive. Taking payment twice is serious; failing to investigate it properly is even wors",Nykaa Fashion Google Play reviews,English
11f42c11-153c-4046-a47d-f6e83d6f8089,Nykaa Fashion,Google Play,Review,https://play.google.com/store/apps/details?id=com.fsn.nds,manasa al,2026-08-12 17:04:01,no replacement in time .I don't want to purchase next time.,Nykaa Fashion Google Play reviews,English
256ae591-7faa-4b41-bc7c-b1509a9744b8,Nykaa Fashion,Google Play,Review,https://play.google.com/store/apps/details?id=com.fsn.nds,Ishika Goyal,2026-08-12 16:42:04,poor service and delivery worst app ever had a bad experience,Nykaa Fashion Google Play reviews,English
308c5da4-7390-4d9e-9cde-0b05f94dce3a,Nykaa Fashion,Google Play,Review,https://play.google.com/store/apps/details?id=com.fsn.nds,SANDEEP BHADOURIA,2026-08-12 16:13:14,excellent,Nykaa Fashion Google Play reviews,English
d704b49e-f107-4420-8caa-bbf6d701b4cf,Nykaa Fashion,Google Play,Review,https://play.google.com/store/apps/details?id=com.fsn.nds,Appu Jha,2026-08-12 15:52:22,"Return policy is very poor, For instance I had to return a shoot for bad size fitting, Delivery boy has not even visited my home but the app says that return product has failed quality check😡😡",Nykaa Fashion Google Play reviews,English
35bb3c1e-fd5d-454d-85e6-c160c75776b9,Nykaa Fashion,Google Play,Review,https://play.google.com/store/apps/details?id=com.fsn.nds,AK Agency,2026-08-12 15:04:57,Good 👍,Nykaa Fashion Google Play reviews,English
a38ef6af-e682-46e5-a278-7feaba396853,Nykaa Fashion,Google Play,Review,https://play.google.com/store/apps/details?id=com.fsn.nds,Muskan Aziz,2026-08-12 14:07:12,great,Nykaa Fashion Google Play reviews,English
939f9cc1-a29a-4689-b8bb-7015814dfec7,Nykaa Fashion,Google Play,Review,https://play.google.com/store/apps/details?id=com.fsn.nds,Prachi Sharma,2026-08-12 13:56:46,Such a bad experience with their customer service. Nobody replies on chat. And if you call they put you on hold and nobody talks. I recommend never to use this app if you ever think customer service is needed.,Nykaa Fashion Google Play reviews,English
8e6cb91f-d815-46a4-9497-27ecb919a66c,Nykaa Fashion,Google Play,Review,https://play.google.com/store/apps/details?id=com.fsn.nds,LINDA VIJAYAN,2026-08-12 13:10:33,pathetic experience haven't received the order I placed yet and also I haven't received my refund yet.....and no support From customer service.....they themselves are not aligned....I regret ordering from Nyka,Nykaa Fashion Google Play reviews,English
692be7ef-2208-403e-b82d-b4a5835650c1,Nykaa Fashion,Google Play,Review,https://play.google.com/store/apps/details?id=com.fsn.nds,Anand Rai,2026-08-12 12:54:33,"WORST WORST WORST WORST WORST APP AND CUSTOMER SUPPORT EVER!!!! THEY CAN'T SHIP MY ORDER, WAIT TILL AGES JUST TO CONNECT THEIR NON EXISTING CUSTOMER SUPPORT AND THEY CANCEL BUT DON'T INITIATE REFUND, NOW AFTER 18 DAYS I'M STILL IN QUEUE FOR LAST HALF HOUR TRYING TO GET MY GOD DAMN REFUND!!! PATHETIC PATHETIC. BETTER SHUT IT DOWNNNNNNNNN",Nykaa Fashion Google Play reviews,English
6924dbab-1e16-4009-8849-6dd857eab754,Nykaa Fashion,Google Play,Review,https://play.google.com/store/apps/details?id=com.fsn.nds,Madhu Manju,2026-08-12 12:05:27,good cloth,Nykaa Fashion Google Play reviews,English
d45e1a02-84dc-4223-9485-eb24eb00757f,Nykaa Fashion,Google Play,Review,https://play.google.com/store/apps/details?id=com.fsn.nds,Krishna Kumar Thakur,2026-08-12 11:11:59,nice,Nykaa Fashion Google Play reviews,English
c8f5204a-9a7c-4114-9d05-3a0ece025b43,Nykaa Fashion,Google Play,Review,https://play.google.com/store/apps/details?id=com.fsn.nds,anika chawla,2026-08-12 10:58:27,worst service....,Nykaa Fashion Google Play reviews,English
47c64d6f-33c7-4c33-804c-4464476ea516,Nykaa Fashion,Google Play,Review,https://play.google.com/store/apps/details?id=com.fsn.nds,Anand Kumar singh,2026-08-12 10:45:38,terrible experience if you don't want to provide your cloths on a low price then don't fool people first you give fake discounts and after some one orders it you delay it for 10 days and cancel it from your sideee. terrible on of the worst e commerce app!!,Nykaa Fashion Google Play reviews,English
0cf39634-e4cc-49e5-9b35-86c2d06c9743,Nykaa Fashion,Google Play,Review,https://play.google.com/store/apps/details?id=com.fsn.nds,Deepa Saini,2026-08-12 09:06:59,thank you,Nykaa Fashion Google Play reviews,English
bce3adc0-ff38-4ee1-a425-5689e8e9d970,Nykaa Fashion,Google Play,Review,https://play.google.com/store/apps/details?id=com.fsn.nds,saima fahmida,2026-08-12 09:05:39,nice,Nykaa Fashion Google Play reviews,English
a180192d-8fac-42fd-8dae-8363125fc299,Nykaa Fashion,Google Play,Review,https://play.google.com/store/apps/details?id=com.fsn.nds,Rahul R,2026-08-12 08:47:28,top star ⭐,Nykaa Fashion Google Play reviews,English
4ada2338-65cc-4d12-a7ea-ae0f645a1d54,Nykaa Fashion,Google Play,Review,https://play.google.com/store/apps/details?id=com.fsn.nds,Bhuvi Pokhariya,2026-08-12 07:26:55,nice 🙂👍🏻,Nykaa Fashion Google Play reviews,English
a2159108-3e89-4632-9e71-72d1e28b2932,Nykaa Fashion,Google Play,Review,https://play.google.com/store/apps/details?id=com.fsn.nds,suresh panduri,2026-08-12 06:14:27,ok 💚💚💚ok,Nykaa Fashion Google Play reviews,English
1f96953c-361a-484f-8ade-b42914e05f08,Nykaa Fashion,Google Play,Review,https://play.google.com/store/apps/details?id=com.fsn.nds,bhupesh kalra,2026-08-12 01:17:10,good,Nykaa Fashion Google Play reviews,English
0db335f4-93e3-4faf-ae66-df9f4ddf9469,Nykaa Fashion,Google Play,Review,https://play.google.com/store/apps/details?id=com.fsn.nds,Afzal Raza,2026-08-12 00:15:32,बहोत acha hi,Nykaa Fashion Google Play reviews,English
37036f93-2301-4329-9e81-14315c747409,Nykaa Fashion,Google Play,Review,https://play.google.com/store/apps/details?id=com.fsn.nds,MOINUDDIN SHAIK,2026-08-12 00:05:10,good offers available,Nykaa Fashion Google Play reviews,English
f59ee108-25ae-476c-857f-8e7c102830f9,Nykaa Fashion,Google Play,Review,https://play.google.com/store/apps/details?id=com.fsn.nds,Chalpat Kudem,2026-08-11 23:42:36,very good,Nykaa Fashion Google Play reviews,English
472a181b-c0e4-4929-8bcf-deb9e397bcf7,Nykaa Fashion,Google Play,Review,https://play.google.com/store/apps/details?id=com.fsn.nds,Karthikeyan Vadivel,2026-08-11 23:39:27,"Worst and useless app, nyka will never make your return happen. My return for Puma shoe takes more than 15 days but still they reply as delay and will take return tomorrow. This Tomorrow never happens even after repeated call to customer care. There is no selection as 0 star, I would prefer Zero star to this app.",Nykaa Fashion Google Play reviews,English
91811ce9-f6fe-4aac-85ce-253e37ff6259,Nykaa Fashion,Google Play,Review,https://play.google.com/store/apps/details?id=com.fsn.nds,Anish Bhatnagar,2026-08-11 22:57:15,awesome experience,Nykaa Fashion Google Play reviews,English
17711da0-e999-4e31-b87c-e75c17c53daa,Nykaa Fashion,Google Play,Review,https://play.google.com/store/apps/details?id=com.fsn.nds,dhara patel,2026-08-11 22:27:58,excellent,Nykaa Fashion Google Play reviews,English
ba9f923b-e651-4751-a460-30b463a56a01,Nykaa Fashion,Google Play,Review,https://play.google.com/store/apps/details?id=com.fsn.nds,Smita Narang,2026-08-11 22:17:42,nice🤩,Nykaa Fashion Google Play reviews,English
5960f145-17db-41c8-a97c-de9694185ec9,Nykaa Fashion,Google Play,Review,https://play.google.com/store/apps/details?id=com.fsn.nds,Aditya Agarwal,2026-08-11 21:37:06,facebook inbox main order no Share kya hai,Nykaa Fashion Google Play reviews,English
0b55a7d8-f142-4912-b4ea-d96822a94caa,Nykaa Fashion,Google Play,Review,https://play.google.com/store/apps/details?id=com.fsn.nds,Aayush Malav,2026-08-11 21:22:53,Fraud. i ordered from nykaa and the order has been getting delayed for the past 4-5 times. It has been 15 days and it's still getting delayed. There is no proper support from the customer care as well . I'm tired of this app.,Nykaa Fashion Google Play reviews,English
f6764b8c-b6fe-4f81-b0ec-c1af17d64d54,Nykaa Fashion,Google Play,Review,https://play.google.com/store/apps/details?id=com.fsn.nds,Rakhi Nain,2026-08-11 20:27:49,good,Nykaa Fashion Google Play reviews,English
7c6c1bc1-8fe3-45eb-8f1a-c5dbe7bd4150,Nykaa Fashion,Google Play,Review,https://play.google.com/store/apps/details?id=com.fsn.nds,Suresh Suru,2026-08-11 20:07:33,good,Nykaa Fashion Google Play reviews,English
2448aa30-0c7e-4f72-a424-80556ee7a32c,Nykaa Fashion,Google Play,Review,https://play.google.com/store/apps/details?id=com.fsn.nds,GOLU PARETA,2026-08-11 19:21:37,मंगवाया कुछ आया कुछ ओर रिटर्न भी नहीं हुआ कोई भी nykaa का use मत करना। बहुत घटिया है,Nykaa Fashion Google Play reviews,English
1df987a0-c0a8-4e24-8e14-0c0f7edc3365,Nykaa Fashion,Google Play,Review,https://play.google.com/store/apps/details?id=com.fsn.nds,Prem Shiravale,2026-08-11 19:12:40,fraudsters and bunch of scammers not even picking up the call from customer care do not buy from them,Nykaa Fashion Google Play reviews,English
a807fa1d-2173-4761-b2f3-abe73f227d9e,Nykaa Fashion,Google Play,Review,https://play.google.com/store/apps/details?id=com.fsn.nds,Vipin Yadav,2026-08-11 18:46:55,very nice,Nykaa Fashion Google Play reviews,English
db1355e9-26e3-4ae1-ab1a-1de33e99c39a,Nykaa Fashion,Google Play,Review,https://play.google.com/store/apps/details?id=com.fsn.nds,Nischay Y V,2026-08-11 18:28:34,Easy to use.,Nykaa Fashion Google Play reviews,English
2ff267d2-0b02-40a8-9ae8-6f416daac623,Nykaa Fashion,Google Play,Review,https://play.google.com/store/apps/details?id=com.fsn.nds,Sangita Devarmani,2026-08-11 18:20:49,very disappointed with nykaa fashion. I had ordered on Thursday delivery was at Saturday. they didn't try call and said I was not available to take delivery. I call costomer care but no one picked call. I message nykaa fashion and reschedule delivery for next Tuesday as I was not there for 2 days but I got call on Sunday and Monday again and again for delivery. I already told them I was not there on these 2 days but I received call and on Tuesday there is no call.,Nykaa Fashion Google Play reviews,English
a0a4724c-4d1a-43d6-9ac3-4401a80fb38a,Nykaa Fashion,Google Play,Review,https://play.google.com/store/apps/details?id=com.fsn.nds,Suhani Dhuvad,2026-08-11 18:20:26,I ordered a tshirt and didn't like the material and fit. It's been MORE THAN A MONTH that I have placed the return but it still has not been picked and I've not received my refund. This is the worst possible service by Nykaa and Shadowfax.,Nykaa Fashion Google Play reviews,English
a0ed7b4a-b477-4914-9f69-edba6793bdf0,Nykaa Fashion,Google Play,Review,https://play.google.com/store/apps/details?id=com.fsn.nds,Pradhyuman Singh Jaitawat,2026-08-11 18:09:52,"A simple RETURN REQUEST had to go on and on for more than a month. When the order finally got picked up, it's been more than 3 days but no refund.",Nykaa Fashion Google Play reviews,English
0d140607-ca57-4854-a44e-39d5bf94e9c6,Nykaa Fashion,Google Play,Review,https://play.google.com/store/apps/details?id=com.fsn.nds,Karan deep Gill,2026-08-11 16:39:36,nice,Nykaa Fashion Google Play reviews,English
2c212eec-0eec-42db-a836-2da8734761f8,Nykaa Fashion,Google Play,Review,https://play.google.com/store/apps/details?id=com.fsn.nds,Saurav Jha,2026-08-11 15:47:09,"​I ordered a T-shirt through this app and made the full payment in advance. However, I received a completely wrong item (a women's lower). ​I immediately raised a complaint with customer support. After making me wait for 7 days, they simply rejected my claim, stating that the brand dispatched a T-shirt and the correct product was delivered. They completely denied my issue and refused to help or refund my money. ​My hard-earned money has been completely wasted. They do not care about genuine cu",Nykaa Fashion Google Play reviews,English
12114d52-bde7-43ed-b52b-1af13855fbde,Nykaa Fashion,Google Play,Review,https://play.google.com/store/apps/details?id=com.fsn.nds,HEENA ALI,2026-08-11 15:37:21,fraud app,Nykaa Fashion Google Play reviews,English
d32f4704-4a17-41c5-8fce-e8b11058ab44,Nykaa Fashion,Google Play,Review,https://play.google.com/store/apps/details?id=com.fsn.nds,Ajeet Bragta,2026-08-11 14:15:54,good 👍,Nykaa Fashion Google Play reviews,English
9f214a30-1992-447a-a796-bd1a30dbb51e,Nykaa Fashion,Google Play,Review,https://play.google.com/store/apps/details?id=com.fsn.nds,Akash Maurya,2026-08-11 13:57:02,Good,Nykaa Fashion Google Play reviews,English
0e6ed974-dd19-41b3-8eb0-336c0bba33b4,Nykaa Fashion,Google Play,Review,https://play.google.com/store/apps/details?id=com.fsn.nds,Niyazahmad Niyazahmad,2026-08-11 13:04:46,nice aap acha t. shirt Dena long rahega nykaa is best,Nykaa Fashion Google Play reviews,English
9e914797-84b0-40da-a0da-5adb20f74ca7,Nykaa Fashion,Google Play,Review,https://play.google.com/store/apps/details?id=com.fsn.nds,Chandrakant Said,2026-08-11 12:34:58,good,Nykaa Fashion Google Play reviews,English
402ca029-fd2a-4b1d-a6ab-f0d54d7d85e1,Nykaa Fashion,Google Play,Review,https://play.google.com/store/apps/details?id=com.fsn.nds,Sapna Jadhav,2026-08-11 12:34:11,nicex,Nykaa Fashion Google Play reviews,English
589e2eee-9dd7-40cb-95e9-0fc7c9e42eb9,Nykaa Fashion,Google Play,Review,https://play.google.com/store/apps/details?id=com.fsn.nds,Pravalika G,2026-08-11 12:02:39,good,Nykaa Fashion Google Play reviews,English
44b655ee-3b11-41d8-a0f1-74df9581cfdb,Nykaa Fashion,Google Play,Review,https://play.google.com/store/apps/details?id=com.fsn.nds,Rupinder Jit,2026-08-11 11:34:40,they don't have any responsibility towards their customers. after order they don't send any courier partner to collect the return item and and messaged customers that their return request has been cancelled .to return the item their toll free toll free customer care calls are not picked up by any person. I have tried many times from last 10 days .ln whole I am totally disappointed by their service and not recommend anyone to shop from their app,Nykaa Fashion Google Play reviews,English
38a5beaf-0fb2-4b2d-bffa-d69e15d62f67,Nykaa Fashion,Google Play,Review,https://play.google.com/store/apps/details?id=com.fsn.nds,Boddeti Vagdevi,2026-08-11 11:20:41,Nice,Nykaa Fashion Google Play reviews,English
2a348cef-a37a-4b51-b78d-ea18f7dcee2d,Nykaa Fashion,Google Play,Review,https://play.google.com/store/apps/details?id=com.fsn.nds,Rudra Lifestyle,2026-08-11 10:05:05,awesome product quality 🤩,Nykaa Fashion Google Play reviews,English
ef5bcacf-5e1c-4698-863a-ef81bc37f8a4,Nykaa Fashion,Google Play,Review,https://play.google.com/store/apps/details?id=com.fsn.nds,Meera Meera,2026-08-11 09:38:14,very bad,Nykaa Fashion Google Play reviews,English
06249283-bbd7-4ac9-8d18-1c97476670fc,Nykaa Fashion,Google Play,Review,https://play.google.com/store/apps/details?id=com.fsn.nds,Piyush Jaiswal,2026-08-11 09:36:06,👍👍,Nykaa Fashion Google Play reviews,English
ad1a221e-91d2-4b96-9ce1-036953772f68,Nykaa Fashion,Google Play,Review,https://play.google.com/store/apps/details?id=com.fsn.nds,Izel,2026-08-11 09:26:24,worse mera Order nahi mila mujhe or delivery ke ka attempt show kar raha hai app mai lekin mujhe call message kuch nahi aya hai 😭 what am I suppose to do mera 1200 rs gaye? wapas se mile ge paise,Nykaa Fashion Google Play reviews,English
df101ea2-f34c-4756-89cc-4726dc35bc91,Nykaa Fashion,Google Play,Review,https://play.google.com/store/apps/details?id=com.fsn.nds,Angrej Singh,2026-08-11 06:56:30,ok,Nykaa Fashion Google Play reviews,English
69595a46-603f-4a5d-a626-a41ffbf51265,Nykaa Fashion,Google Play,Review,https://play.google.com/store/apps/details?id=com.fsn.nds,Neeraj gupta,2026-08-11 05:07:01,good,Nykaa Fashion Google Play reviews,English
9990dafd-bb4a-40a0-a896-cf2c66449717,Nykaa Fashion,Google Play,Review,https://play.google.com/store/apps/details?id=com.fsn.nds,Fareeda Begum,2026-08-11 02:12:22,my first time order kar rahi hun yahan per dekhte first order kaisa hai mera uske bad bataenge ham,Nykaa Fashion Google Play reviews,English
44af1c1b-5d99-4f9a-888e-c7a0f09bf80b,Nykaa Fashion,Google Play,Review,https://play.google.com/store/apps/details?id=com.fsn.nds,Amrit Singh,2026-08-11 00:08:14,best,Nykaa Fashion Google Play reviews,English
723e29a9-3785-424e-9fdf-f77972a37aba,Nykaa Fashion,Google Play,Review,https://play.google.com/store/apps/details?id=com.fsn.nds,Patel khushi,2026-08-10 23:41:21,good experience,Nykaa Fashion Google Play reviews,English
8a34b2eb-f307-481e-ad1b-4e7fe1208edb,Nykaa Fashion,Google Play,Review,https://play.google.com/store/apps/details?id=com.fsn.nds,Vani,2026-08-10 23:29:49,"The return and refund process was frustrating and took much longer than expected. Customer support was not helpful in resolving my concerns, which added to the inconvenience. As a customer, I expected better quality, transparency, and service. This experience has significantly reduced my confidence in shopping with Nykaa Fashion, and I hope immediate improvements are made to product quality, delivery management, and customer support.",Nykaa Fashion Google Play reviews,English
35ca6ac8-9f52-4dd9-82a3-82472bfcf330,Nykaa Fashion,Google Play,Review,https://play.google.com/store/apps/details?id=com.fsn.nds,Teja Kumar,2026-08-10 22:09:27,good,Nykaa Fashion Google Play reviews,English
6007bfff-1e7a-4c53-a10e-0480b2c4f35a,Nykaa Fashion,Google Play,Review,https://play.google.com/store/apps/details?id=com.fsn.nds,gurmail dhull,2026-08-10 22:06:55,Ok,Nykaa Fashion Google Play reviews,English
954bf006-a5c8-4512-bd23-3ea31d1b3a24,Nykaa Fashion,Google Play,Review,https://play.google.com/store/apps/details?id=com.fsn.nds,Nash David,2026-08-10 21:07:14,horrible negative experience. my wife ordered a dress. 10 days later casually cancelled. no response to cancellation and no update on refund. stay away from this app. edit: nykaa fashion is using my money and not responding to Facebook inbox messages. will need to initiate legal action. this is fraud.,Nykaa Fashion Google Play reviews,English
01b27e97-b65c-451b-accf-abb9dafe3e42,Nykaa Fashion,Google Play,Review,https://play.google.com/store/apps/details?id=com.fsn.nds,Alpana Singh,2026-08-10 21:06:55,Nykaa Fashion bahut bada scam kr raha hai ...isme only exchange offer hai....kitna v poor quality kapda ho return nahi hoga ..... colour v different hone ke baad ..... Fraud app...,Nykaa Fashion Google Play reviews,English
ba82c629-5825-4f80-998c-edd64341150f,Nykaa Fashion,Google Play,Review,https://play.google.com/store/apps/details?id=com.fsn.nds,tarun gupta,2026-08-10 20:42:23,not possible to contact there customer support,Nykaa Fashion Google Play reviews,English
f8f3d545-f7de-4b6d-afa3-b042b89c73aa,Nykaa Fashion,Google Play,Review,https://play.google.com/store/apps/details?id=com.fsn.nds,Isha Shukla,2026-08-10 20:41:46,worst customer support,Nykaa Fashion Google Play reviews,English
13db42d4-1c20-45b7-a30a-51a6fdabbcde,Nykaa Fashion,Google Play,Review,https://play.google.com/store/apps/details?id=com.fsn.nds,Mujeeb Shaikh,2026-08-10 20:24:14,👍,Nykaa Fashion Google Play reviews,English
37d89308-1a28-40c7-9d26-e403c5937e2f,Nykaa Fashion,Google Play,Review,https://play.google.com/store/apps/details?id=com.fsn.nds,Poornmal J Dhaka,2026-08-10 18:34:23,Bhai pichle 5 saal se company ki growth ruki huyi h to kya ab coustomer ko over rate me product bechne par growth chalu ho jayegi jabki or jyada rukegi luto mat.......,Nykaa Fashion Google Play reviews,English
ab4996cb-76bf-4442-966f-fca327b80064,Nykaa Fashion,Google Play,Review,https://play.google.com/store/apps/details?id=com.fsn.nds,Dr. P. Kumar Bhardwaj,2026-08-10 17:23:29,good,Nykaa Fashion Google Play reviews,English
ca318bb0-6575-4bdf-9987-3a5532e20e12,Nykaa Fashion,Google Play,Review,https://play.google.com/store/apps/details?id=com.fsn.nds,priyanki Shah,2026-08-10 15:58:20,"placed my order on 4 July, and what should have been a simple return and refund process has turned into a more than one-month-long headache. After receiving the order, I had to make multiple calls to get the return accepted. Once the return was finally accepted, the refund became another problem. I have literally had to follow up almost every day, and every time I receive the same response: “Ma’am, your refund has been initiated. It will be credited to your account soon.”",Nykaa Fashion Google Play reviews,English
9e5ea733-70b9-4ac2-aaf2-3082b08d623f,Nykaa Fashion,Google Play,Review,https://play.google.com/store/apps/details?id=com.fsn.nds,Anjali Magar,2026-08-10 15:27:48,"Please take my Ritun parcel, you cancel Ritun daily, it has been running for 3 days.",Nykaa Fashion Google Play reviews,English
824be70d-4b84-4256-a049-1ecafbbf0855,Nykaa Fashion,Google Play,Review,https://play.google.com/store/apps/details?id=com.fsn.nds,Artist Meenakshi Kapoor,2026-08-10 15:17:06,very bad service. quality is not up to date.,Nykaa Fashion Google Play reviews,English
4eeeb1ca-2b41-4d8c-8d97-4169f1845b95,Nykaa Fashion,Google Play,Review,https://play.google.com/store/apps/details?id=com.fsn.nds,Amit Kumar,2026-08-10 14:52:14,"selling local defected products and not matching with images. when we try to return them, they ask for original product as per image",Nykaa Fashion Google Play reviews,English
db8d6c21-207d-46d0-bd5a-68eab3a6adfb,Nykaa Fashion,Google Play,Review,https://play.google.com/store/apps/details?id=com.fsn.nds,lovika yepthomi,2026-08-10 14:47:41,Worst customer care and support. i have requested for return of my order on 31st july 2026 and its already 10th august and they have not processed my return.,Nykaa Fashion Google Play reviews,English
5b5d4039-51be-49c9-95a4-34bf211ddeb2,Nykaa Fashion,Google Play,Review,https://play.google.com/store/apps/details?id=com.fsn.nds,JINAL JAIN,2026-08-10 14:38:22,it's nice out of stock items comes in stock after 2-3days so should check again and again,Nykaa Fashion Google Play reviews,English
6e9cfb8e-1b34-4f9b-98e2-2a6b54896fb0,Nykaa Fashion,Google Play,Review,https://play.google.com/store/apps/details?id=com.fsn.nds,Simran kaur,2026-08-10 14:21:03,"I had so much trust on nykaa but they are disgusting, I ordered U.S Polo shoes from their website and received a totally different local product and when I am trying to reach their customer support, no one is picking the call and they are not even authorising authority to take back the wrong product. Nykaa has become a world class spam, so much disappointed from them My advice to everyone is, not to buy anything from them",Nykaa Fashion Google Play reviews,English
1a6054da-c140-4e4f-a80d-30b3bee9d214,Nykaa Fashion,Google Play,Review,https://play.google.com/store/apps/details?id=com.fsn.nds,Surbhi Verma,2026-08-10 13:32:31,fastest delievery plus good quality products,Nykaa Fashion Google Play reviews,English
f4b8cb94-bf19-4193-aa28-164d08d87445,Nykaa Fashion,Google Play,Review,https://play.google.com/store/apps/details?id=com.fsn.nds,rampratap raiwar,2026-08-10 13:28:08,good bro,Nykaa Fashion Google Play reviews,English
0025e610-7ed3-4a29-a47a-f27d3eeb3dfb,Nykaa Fashion,Google Play,Review,https://play.google.com/store/apps/details?id=com.fsn.nds,Neeraj Njr m,2026-08-10 13:17:54,Shopping on Nykaa Fashion is easy and convenient. Trendy products with good quality. Would appreciate more affordable pricing so it's accessible to more customers. 🙏⭐⭐⭐⭐,Nykaa Fashion Google Play reviews,English
f7fc04a7-6ada-45ae-a6ab-925258823e4b,Nykaa Fashion,Google Play,Review,https://play.google.com/store/apps/details?id=com.fsn.nds,Aashid,2026-08-10 13:15:25,"Bhai Aapko Bata Dun,, Koi Bhi Bhai @Nykaafashion Se Koi Bhi Product Naa Buy Karein,, Kyunki Mene Buy Kiya Ye Wala Product 2199 Rupey Ka, Mujhe Ye Product Ka Wrong Product Received Hua Tha, Mene Return Request Daali To Return Mera Approved Ho Gya Tha, Lekin Baad Me Usko Pickup Nhi Karwaya Gya Tha,, Kyunki Mujhe Bola Gya Tha Jo Jeans Aapne Buy Kiya Tha Wahi Jeans Hamare Seller Ne Bheja Tha Aapko,, Ab Aap Ye Batao Is Jeans Me @Nykaa Ka Seel Laga Hua Hai, Or #PeterEngland Company Ka Tag Bhi Laga Hua",Nykaa Fashion Google Play reviews,English
bc32b544-d0a8-44d6-876c-7d6538535d51,Nykaa Fashion,Google Play,Review,https://play.google.com/store/apps/details?id=com.fsn.nds,Riya Joshi,2026-08-10 13:07:44,"Worst experience. I have been trying to get in touch with the help center, no response on the phone number mentioned. Delivery not attempted on the date mentioned and also, a message saying THE PRODUCT WAS NOT ACCEPTED, was sent, even though the Delivery was not attempted. Would never recommend any one to use the app for buying products.",Nykaa Fashion Google Play reviews,English
28b85711-c6bc-4286-ba22-4b1407bbb1e1,Nykaa Fashion,Google Play,Review,https://play.google.com/store/apps/details?id=com.fsn.nds,JEETENDER KUMAR_FS_Gardanibagh_Patna,2026-08-10 12:40:34,good,Nykaa Fashion Google Play reviews,English
a8535f2e-2290-4109-98e1-1d7a6c19b7e4,Nykaa Fashion,Google Play,Review,https://play.google.com/store/apps/details?id=com.fsn.nds,rinya raj,2026-08-10 11:56:24,"Very disappointing. They don't refund. Their customer support is worst. If there would be negative rating, I would have given -100. i ordered one dress, they kept postponing it several days after that they canceled and I don't get the refund yet. And a pair of shoes which I returned because of fitting issues, they took and didn't refund. their customer support doesn't work. pathetic service. it's been one or 1.5 month, neither they refunding nor they responding.",Nykaa Fashion Google Play reviews,English
eb0bb60d-47d2-4815-a4da-6b03258a53e5,Nykaa Fashion,Google Play,Review,https://play.google.com/store/apps/details?id=com.fsn.nds,santhosh kalyan,2026-08-10 11:21:19,Mamidi Bangarm,Nykaa Fashion Google Play reviews,English
14349369-dc83-4362-bf31-53faff39b129,Nykaa Fashion,Google Play,Review,https://play.google.com/store/apps/details?id=com.fsn.nds,A Google user,2026-08-10 11:06:09,very nice,Nykaa Fashion Google Play reviews,English
7371d906-63da-4fdb-b5e7-bb24abfdf43d,Nykaa Fashion,Google Play,Review,https://play.google.com/store/apps/details?id=com.fsn.nds,Shubham Sharma,2026-08-10 10:26:49,"Poor help center, not addressing customer grievance.",Nykaa Fashion Google Play reviews,English
bd958151-c48b-4de2-8249-8f7bc3fedb4b,Nykaa Fashion,Google Play,Review,https://play.google.com/store/apps/details?id=com.fsn.nds,Sanjeev Yadav,2026-08-10 10:26:03,good,Nykaa Fashion Google Play reviews,English
ae31e565-40a6-4af2-b170-ece53e71e192,Nykaa Fashion,Google Play,Review,https://play.google.com/store/apps/details?id=com.fsn.nds,Viran Manral,2026-08-10 10:23:28,Best Product,Nykaa Fashion Google Play reviews,English
eb8f5e61-ea72-4f82-960c-8b7c89395edc,Nykaa Fashion,Google Play,Review,https://play.google.com/store/apps/details?id=com.fsn.nds,VINAY KHAMBAYATE,2026-08-10 10:09:43,You compan delivery person never call and returning material,Nykaa Fashion Google Play reviews,English
47522822-cebd-48b8-b420-df3579638c42,Nykaa Fashion,Google Play,Review,https://play.google.com/store/apps/details?id=com.fsn.nds,Vinay Vinay,2026-08-10 02:06:50,good app 👍,Nykaa Fashion Google Play reviews,English
e9b65441-13f5-4018-9549-1d61942a8482,Nykaa Fashion,Google Play,Review,https://play.google.com/store/apps/details?id=com.fsn.nds,Ashish Mandal,2026-08-10 01:48:12,Good Application & Shopping,Nykaa Fashion Google Play reviews,English
b6a9e9e3-a588-418f-a9aa-541915ec7c40,Nykaa Fashion,Google Play,Review,https://play.google.com/store/apps/details?id=com.fsn.nds,Samiksha,2026-08-10 01:14:53,"very disappointing app ever poor customer service If you shop through your nykaa fashion app, your money may get stuck and they deliver worng product and they didn't care",Nykaa Fashion Google Play reviews,English
27b6d4b6-f91d-4837-8e54-be09a7757d9c,Nykaa Fashion,Google Play,Review,https://play.google.com/store/apps/details?id=com.fsn.nds,Veer bandral,2026-08-10 01:09:37,branded clothes are available and interface of this app is easy to use and also the cod option is good for middle class family,Nykaa Fashion Google Play reviews,English
9f784a51-ba78-460d-9a6d-4d3918628bda,Nykaa Fashion,Google Play,Review,https://play.google.com/store/apps/details?id=com.fsn.nds,Asarul Shaikh,2026-08-10 01:05:41,Good,Nykaa Fashion Google Play reviews,English
53ce2b2a-58ca-43af-9c71-372da5acb36b,Nykaa Fashion,Google Play,Review,https://play.google.com/store/apps/details?id=com.fsn.nds,Shravan Cholin,2026-08-10 00:45:57,Nice!,Nykaa Fashion Google Play reviews,English
3794f158-2eea-447b-97e5-e3fcf683b31d,Nykaa Fashion,Google Play,Review,https://play.google.com/store/apps/details?id=com.fsn.nds,Jigar Sheth,2026-08-10 00:39:47,worst refund policy,Nykaa Fashion Google Play reviews,English
144a6e16-714c-459b-af5c-5308eb613102,Nykaa Fashion,Google Play,Review,https://play.google.com/store/apps/details?id=com.fsn.nds,Yogita,2026-08-10 00:27:21,worst app. first and last purchase from this aap horrible,Nykaa Fashion Google Play reviews,English
5e9b8c7a-ecb3-47d3-961c-8ca5d730a14c,Nykaa Fashion,Google Play,Review,https://play.google.com/store/apps/details?id=com.fsn.nds,ARVIND SAHAI,2026-08-10 00:11:23,ok,Nykaa Fashion Google Play reviews,English
a402eddc-dce3-4542-9105-91e1e260ecc4,Nykaa Fashion,Google Play,Review,https://play.google.com/store/apps/details?id=com.fsn.nds,Ashok Puri,2026-08-09 23:15:03,achchha Hai,Nykaa Fashion Google Play reviews,English
69a20016-c64f-42d9-a070-34b894bace1a,Nykaa Fashion,Google Play,Review,https://play.google.com/store/apps/details?id=com.fsn.nds,Rajesh R,2026-08-09 22:19:56,Good features happy purchase,Nykaa Fashion Google Play reviews,English
256ef43a-1f86-4fd8-9a79-4fc0e3408b0b,Nykaa Fashion,Google Play,Review,https://play.google.com/store/apps/details?id=com.fsn.nds,rashmiranjan jena,2026-08-09 21:47:16,Excellent,Nykaa Fashion Google Play reviews,English
85d114e0-b27d-460d-b0d5-ae2cc64d34fa,Nykaa Fashion,Google Play,Review,https://play.google.com/store/apps/details?id=com.fsn.nds,Wasil Khan,2026-08-09 20:15:16,Worst experience it's been over a month but my order haven't got delivered and they are not even giving me refund or cancelling my order. it's really a shame to nykaa by being a global company but not fixing these problems. And there customer service is useless they only talk to you once and then they forget to fix that. Horribly bad experience.,Nykaa Fashion Google Play reviews,English
8d7ac748-c8a7-4d96-b8d9-22b9292cad1f,Nykaa Fashion,Google Play,Review,https://play.google.com/store/apps/details?id=com.fsn.nds,pallavi reddy,2026-08-09 20:01:34,"Extremely disappointed and frustrated with Nykaa Fashion. My return pickup has been cancelled repeatedly despite assurances from customer support that it would be picked up without fail. This is now the 4th attempt, and I have spent days waiting and following up, only to face another cancellation. The lack of accountability is unacceptable. I should not have to chase a company to return an item. This experience has destroyed my trust in Nykaa Fashion, and I will think twice before shopping here.",Nykaa Fashion Google Play reviews,English
e5d87c66-61ce-4d92-945f-290da5b24314,Nykaa Fashion,Google Play,Review,https://play.google.com/store/apps/details?id=com.fsn.nds,Pooja Patel,2026-08-09 19:39:51,very bad experience they are not responsible,Nykaa Fashion Google Play reviews,English
06016a6d-b57a-4952-adaa-8f8b6bfefc32,Nykaa Fashion,Google Play,Review,https://play.google.com/store/apps/details?id=com.fsn.nds,Dhruvi Jadav,2026-08-09 18:15:39,worse app I have used they don't want to take any kind of responsibility to their coustomer I have been calling their coustomer services or my parcel whis I have not received and no one has pick it up there is no one to answer my call I have called more then 5 time in dour day but guss what they are still not responding and I didn't even get my parcel it just has bijg name otherwise it's coustomer services are worse meesho has batter coustomer services then nayka,Nykaa Fashion Google Play reviews,English
183be307-fa0c-4207-a3d2-47dd597d216d,Nykaa Fashion,Google Play,Review,https://play.google.com/store/apps/details?id=com.fsn.nds,Ramkali Kumari,2026-08-09 17:59:04,this app on super cool 😘😘😘,Nykaa Fashion Google Play reviews,English
bd499197-5219-4e1c-9962-1399aeaa5b88,Nykaa Fashion,Google Play,Review,https://play.google.com/store/apps/details?id=com.fsn.nds,Surya V,2026-08-09 17:23:37,very very worrest app i suggest don't download this app no customer support very very very worrest........,Nykaa Fashion Google Play reviews,English
0a646a72-5dee-4660-b088-22e0190eadb1,Nykaa Fashion,Google Play,Review,https://play.google.com/store/apps/details?id=com.fsn.nds,Sudha Sharma,2026-08-09 15:32:30,very good,Nykaa Fashion Google Play reviews,English
ee0ebd40-3e18-4ca4-9633-be4a1cebfd7e,Nykaa Fashion,Google Play,Review,https://play.google.com/store/apps/details?id=com.fsn.nds,Dr.Shagufta Showkat,2026-08-09 14:41:28,"I placed an order with Nykaa, promised delivery on August 5, but the date kept getting postponed daily and now shows August 12. Since yesterday I’ve been requesting cancellation, yet customer care refuses and insists I wait for delivery. This repeated delay and denial of cancellation reflects truly pathetic customer service. Nykaa has shown no respect for customer satisfaction or time.",Nykaa Fashion Google Play reviews,English
6286d192-3710-4677-b259-17183eae28d2,Nykaa Fashion,Google Play,Review,https://play.google.com/store/apps/details?id=com.fsn.nds,Sanjay meena,2026-08-09 14:39:48,osm,Nykaa Fashion Google Play reviews,English
41f2e508-a7a7-4ab9-ae95-4fb560226791,Nykaa Fashion,Google Play,Review,https://play.google.com/store/apps/details?id=com.fsn.nds,MAINAK SEAL,2026-08-09 13:51:58,amazing collection. mind blown.,Nykaa Fashion Google Play reviews,English
5826626c-250c-4593-9dda-0807cb5895bc,Nykaa Fashion,Google Play,Review,https://play.google.com/store/apps/details?id=com.fsn.nds,Dj Subhash rmt,2026-08-09 13:29:26,nice quality,Nykaa Fashion Google Play reviews,English
61f01b61-719e-4807-b79d-1c682bbbae72,Nykaa Fashion,Google Play,Review,https://play.google.com/store/apps/details?id=com.fsn.nds,Aatif Aatif,2026-08-09 12:46:43,👍,Nykaa Fashion Google Play reviews,English
30114745-9b0e-459c-aac6-12751730ec24,Nykaa Fashion,Google Play,Review,https://play.google.com/store/apps/details?id=com.fsn.nds,Zain Mirza,2026-08-09 11:49:17,very nice,Nykaa Fashion Google Play reviews,English
993334ed-9886-487a-a11a-74300e7ab237,Nykaa Fashion,Google Play,Review,https://play.google.com/store/apps/details?id=com.fsn.nds,Ishita Roy,2026-08-09 11:07:12,good shopping App,Nykaa Fashion Google Play reviews,English
9034c12b-3bd2-498c-99e3-e9728c9d21c0,Nykaa Fashion,Google Play,Review,https://play.google.com/store/apps/details?id=com.fsn.nds,TGR Thokmey,2026-08-09 11:04:29,"Very bad product, don't buy again,sending wrong product often time.when you reschedule my order?",Nykaa Fashion Google Play reviews,English
a22b35b2-d64c-4cda-be2b-0bf18fbd038e,Nykaa Fashion,Google Play,Review,https://play.google.com/store/apps/details?id=com.fsn.nds,Sanjay Pawar,2026-08-09 10:52:16,good,Nykaa Fashion Google Play reviews,English
9854e63a-6a32-4a5f-9fbb-412f83ba415c,Nykaa Fashion,Google Play,Review,https://play.google.com/store/apps/details?id=com.fsn.nds,shaista firdaus,2026-08-09 09:33:12,Nykaa Fashion is a Fraud Company and their customer support team is also useless they don't even response to a problem,Nykaa Fashion Google Play reviews,English
27c7a865-78b7-4bc4-b5fb-3529e9eddd15,Nykaa Fashion,Google Play,Review,https://play.google.com/store/apps/details?id=com.fsn.nds,srikanth reddy,2026-08-09 08:23:17,"I had a terrible experience with Nykaa. I ordered jeans, but received the wrong size and color completely. ​My remaining orders were shipped via Delhivery courier, and they still haven't arrived. Delhivery is extremely slow and unreliable. Nykaa must stop using Delhivery and change courier partners immediately. ​I have completely lost trust in this app. I will never buy anything from Nykaa again! Highly disappointed.",Nykaa Fashion Google Play reviews,English
0bae640e-45d5-4daf-a684-f6fc4782a319,Nykaa Fashion,Google Play,Review,https://play.google.com/store/apps/details?id=com.fsn.nds,rafida kazi,2026-08-09 07:04:51,thank you nykaa fashion for sorting out for me.,Nykaa Fashion Google Play reviews,English
34b0d5b5-030b-4ebe-b235-c62394a0c0ea,Nykaa Fashion,Google Play,Review,https://play.google.com/store/apps/details?id=com.fsn.nds,Atul Thakur,2026-08-09 01:02:52,good 😊,Nykaa Fashion Google Play reviews,English
e4fbf53d-243f-4e25-b337-6b31916bfb11,Nykaa Fashion,Google Play,Review,https://play.google.com/store/apps/details?id=com.fsn.nds,Mahesh Paret,2026-08-09 00:31:18,very good,Nykaa Fashion Google Play reviews,English
0676beac-cd87-4b9d-bbbb-ce1890dfc427,Nykaa Fashion,Google Play,Review,https://play.google.com/store/apps/details?id=com.fsn.nds,Fayaz Ahmad,2026-08-08 23:31:36,very good,Nykaa Fashion Google Play reviews,English
2f5fc815-c441-4d21-be44-92b51f3ccc6c,Nykaa Fashion,Google Play,Review,https://play.google.com/store/apps/details?id=com.fsn.nds,Dangerous Hacker,2026-08-08 22:16:14,good,Nykaa Fashion Google Play reviews,English
9527bbc7-bed6-4cab-9f67-366a9d56d16c,Nykaa Fashion,Google Play,Review,https://play.google.com/store/apps/details?id=com.fsn.nds,Anshul Cool,2026-08-08 22:01:33,nice,Nykaa Fashion Google Play reviews,English
a13547d0-ee17-4fe7-b569-fce056258a9a,Nykaa Fashion,Google Play,Review,https://play.google.com/store/apps/details?id=com.fsn.nds,Achum Ezung,2026-08-08 22:00:40,good,Nykaa Fashion Google Play reviews,English
a65b15db-a070-4777-aa8a-07f4d557d3e0,Nykaa Fashion,Google Play,Review,https://play.google.com/store/apps/details?id=com.fsn.nds,rajesh saini,2026-08-08 21:21:04,good 👍,Nykaa Fashion Google Play reviews,English
e0dd565d-c878-43fe-821a-5b64f87a1f43,Nykaa Fashion,Google Play,Review,https://play.google.com/store/apps/details?id=com.fsn.nds,Dasu Prabhukumar,2026-08-08 20:25:36,good,Nykaa Fashion Google Play reviews,English
45db7138-ef24-4ae5-ad45-e968a2e4a2c6,Nykaa Fashion,Google Play,Review,https://play.google.com/store/apps/details?id=com.fsn.nds,Pawan Singh,2026-08-08 19:29:14,good,Nykaa Fashion Google Play reviews,English
c2741eab-a66f-480f-b0bd-69f3dc3f90ee,Nykaa Fashion,Google Play,Review,https://play.google.com/store/apps/details?id=com.fsn.nds,Jerry & Jack,2026-08-08 18:41:30,easy process,Nykaa Fashion Google Play reviews,English
6dce8789-a192-4f71-b455-bd74d7139794,Nykaa Fashion,Google Play,Review,https://play.google.com/store/apps/details?id=com.fsn.nds,dhruv kumar,2026-08-08 18:18:39,I ordered a shoe for me and it has delay 6 days very poor delivery 🚚,Nykaa Fashion Google Play reviews,English
a6a623ae-4e75-4ae0-83b0-f1a41f0f7b20,Nykaa Fashion,Google Play,Review,https://play.google.com/store/apps/details?id=com.fsn.nds,puja pathak,2026-08-08 15:32:58,"the products are not delivered on time, neither the product can be traced",Nykaa Fashion Google Play reviews,English
b0af2713-b345-4eb1-81a3-86de53fd173b,Nykaa Fashion,Google Play,Review,https://play.google.com/store/apps/details?id=com.fsn.nds,Mohammed Vahazarunnisa,2026-08-08 14:30:58,the help Centre doesnt help at all. my pre paid order was delayed for 9 days. i have mailed/contacted via phone/chat complain. but no response. poor behaviour,Nykaa Fashion Google Play reviews,English
04c09d77-e17e-492f-a191-9f9a60065e10,Nykaa Fashion,Google Play,Review,https://play.google.com/store/apps/details?id=com.fsn.nds,Jyothi Janu,2026-08-08 13:53:55,no response from coustomer Care such an irresponsible behaviour,Nykaa Fashion Google Play reviews,English
e88b69be-9a53-4c6b-a494-2d38f11668a0,Nykaa Fashion,Google Play,Review,https://play.google.com/store/apps/details?id=com.fsn.nds,swminath vishwakarma,2026-08-08 12:14:29,🙂,Nykaa Fashion Google Play reviews,English
40a158d0-cb73-47ae-97bf-56eae4e6fa0c,Nykaa Fashion,Google Play,Review,https://play.google.com/store/apps/details?id=com.fsn.nds,Arjun Chatari,2026-08-08 12:10:16,exlent gery nice,Nykaa Fashion Google Play reviews,English
ed469e6e-ff21-474c-a60e-db0e0dc0a578,Nykaa Fashion,Google Play,Review,https://play.google.com/store/apps/details?id=com.fsn.nds,prince zone,2026-08-08 11:48:51,awesome products 👌 here,Nykaa Fashion Google Play reviews,English
911b4def-e62b-48fa-bb7a-1dbc7685d9ac,Nykaa Fashion,Google Play,Review,https://play.google.com/store/apps/details?id=com.fsn.nds,pankaj mehta,2026-08-08 11:18:38,good latest collection,Nykaa Fashion Google Play reviews,English
2bf9e95d-3181-4140-9994-a0357333a5a5,Nykaa Fashion,Google Play,Review,https://play.google.com/store/apps/details?id=com.fsn.nds,Rs yadav Rjd,2026-08-08 10:25:29,nice,Nykaa Fashion Google Play reviews,English
14c12df8-c609-4845-bd56-528c05583207,Nykaa Fashion,Google Play,Review,https://play.google.com/store/apps/details?id=com.fsn.nds,Annu pal,2026-08-08 09:58:52,thik h,Nykaa Fashion Google Play reviews,English
9634d21d-0ddf-4d8e-b33e-631b58ad38a6,Nykaa Fashion,Google Play,Review,https://play.google.com/store/apps/details?id=com.fsn.nds,rama patil,2026-08-08 09:35:32,"Third rate customer service. I was around 15mins on call waiting for customer service support, yet not received. on chat support executive not replying for more than 10mins. product quality is worst yet not able to return easily. Myntra is doing Great compared to Nykaa.Go for Myntra whenever possible",Nykaa Fashion Google Play reviews,English
26649f3a-d502-4e6c-8539-bb18787795db,Nykaa Fashion,Google Play,Review,https://play.google.com/store/apps/details?id=com.fsn.nds,Ni3 K,2026-08-08 09:32:15,fraud app,Nykaa Fashion Google Play reviews,English
7ff297dc-1ece-4664-b063-13a35013549d,Nykaa Fashion,Google Play,Review,https://play.google.com/store/apps/details?id=com.fsn.nds,om prakash Thakur,2026-08-08 09:23:35,very good,Nykaa Fashion Google Play reviews,English
5183edea-3efd-48e8-9a8a-622d5bd55185,Nykaa Fashion,Google Play,Review,https://play.google.com/store/apps/details?id=com.fsn.nds,Nilam Patel,2026-08-08 08:29:05,"first experience, extremely bad experience",Nykaa Fashion Google Play reviews,English
81d310e8-d30b-4483-8749-18efd7ad6b07,Nykaa Fashion,Google Play,Review,https://play.google.com/store/apps/details?id=com.fsn.nds,Raju is King,2026-08-08 08:04:09,nice,Nykaa Fashion Google Play reviews,English
e1a81256-e31b-49fc-9246-a38beb335861,Nykaa Fashion,Google Play,Review,https://play.google.com/store/apps/details?id=com.fsn.nds,Anurag Rathod,2026-08-08 07:58:14,good,Nykaa Fashion Google Play reviews,English
58659424-6cdc-417e-bd89-1568947f6f46,Nykaa Fashion,Google Play,Review,https://play.google.com/store/apps/details?id=com.fsn.nds,Pooja Prajapati,2026-08-08 06:41:57,Good,Nykaa Fashion Google Play reviews,English
36ac8b8f-2cbf-493e-a294-2975f8dc5119,Nykaa Fashion,Google Play,Review,https://play.google.com/store/apps/details?id=com.fsn.nds,Bhumika patel,2026-08-08 00:09:43,"very bad fashion app. I ordered some clothes for my kid for function. it's delayed multiple time. I waited for almost a month but it didn't delivered, not even dispatched. i called to customer care almost 100 times then they give reply. after all that I canceled my order. Again it took almost 7-10 days for refund. very very disappointed.",Nykaa Fashion Google Play reviews,English
0f677c0a-8266-4e4f-8392-c35062ed90ee,Nykaa Fashion,Google Play,Review,https://play.google.com/store/apps/details?id=com.fsn.nds,K Aishwarya Raj,2026-08-07 23:07:57,"The product is not delivered on the given date , even after returning the product the refund is not done very worst experience .",Nykaa Fashion Google Play reviews,English
191290ff-2167-4126-99da-2122d1395592,Nykaa Fashion,Google Play,Review,https://play.google.com/store/apps/details?id=com.fsn.nds,om shankar sharma,2026-08-07 22:42:42,"⭐ 1 Star – Extremely Disappointed with Nykaa Fashion My experience with Nykaa Fashion has been extremely disappointing. I have ordered shoes multiple times, and almost every time there has been some serious issue. On two occasions, I ordered branded shoes but received local/copy products instead of the actual brand. On another order, I received a different size from the one I had ordered. Now I have placed another order, and the delivery was promised for 7 August, but without any proper reason,",Nykaa Fashion Google Play reviews,English
eba7dc09-77b9-46fd-99a2-c484c851b296,Nykaa Fashion,Google Play,Review,https://play.google.com/store/apps/details?id=com.fsn.nds,sweety sinhmar,2026-08-07 22:38:59,very easy 👌,Nykaa Fashion Google Play reviews,English
3a6b625d-9b37-41cc-b28d-660494fa0cda,Nykaa Fashion,Google Play,Review,https://play.google.com/store/apps/details?id=com.fsn.nds,Tanvi Sawant,2026-08-07 20:23:45,"Horrible experience. I received a defective dress with a torn hook and dirt spots. I requested a return immediately, and it was approved. Pickup was scheduled twice, but the delivery partner never called and arrived late. My deliveries are always on time, so why the delay for returns? Now they're saying the item failed the quality check. If so, why approve the return and schedule two pickups? Feels like a scam. Very disappointing.",Nykaa Fashion Google Play reviews,English
534d0074-6ae4-4449-8a85-2a208495452f,Nykaa Fashion,Google Play,Review,https://play.google.com/store/apps/details?id=com.fsn.nds,Naveen Kumar,2026-08-07 20:01:48,"Hi Nykaa, You literally spill the beans about my cart and wishlist with other customers out there, while I check out the products, which you need to really change this attitude. It's my honest opinion and don't do so with others as well, if at all it is your business tactics or whatsoever you name it. So embarassing and disgusting in some way too.",Nykaa Fashion Google Play reviews,English
2af2049c-7f35-442d-9890-b8a72de83eff,Nykaa Fashion,Google Play,Review,https://play.google.com/store/apps/details?id=com.fsn.nds,Amey Patil,2026-08-07 18:56:04,Top,Nykaa Fashion Google Play reviews,English
b0be7ef1-fe32-4fcc-af71-c2d7a710f36e,Nykaa Fashion,Google Play,Review,https://play.google.com/store/apps/details?id=com.fsn.nds,VISHAL KUMAR,2026-08-07 18:21:15,"It's been a month, but my parcel hasn't been picked up yet. If it's not picked up within three days, I will file a complaint against you with the National Consumer Helpline.",Nykaa Fashion Google Play reviews,English
57b3e062-7baf-4069-8951-20bfad2630d9,Nykaa Fashion,Google Play,Review,https://play.google.com/store/apps/details?id=com.fsn.nds,KISHNA C,2026-08-07 17:21:18,good,Nykaa Fashion Google Play reviews,English
034e1bcf-4497-46af-be42-739487b31270,Nykaa Fashion,Google Play,Review,https://play.google.com/store/apps/details?id=com.fsn.nds,Muskan Pathak,2026-08-07 16:32:24,worst nykaa useless customer care,Nykaa Fashion Google Play reviews,English
fcae1e58-a3bd-41ab-95fb-183a47e072c8,Nykaa Fashion,Google Play,Review,https://play.google.com/store/apps/details?id=com.fsn.nds,rishi yadav,2026-08-07 16:20:02,Worst shopping app one can use. Ordered a nike shoes. Got shipped around 7 days ago and was supposed to be delivered by 29 july. Its 7th aug today neither the product is delivered nor it is canceled. They are giving only automated replies and no customer care is picking up call. My money is stuck. Worst experience ever!!,Nykaa Fashion Google Play reviews,English
b9d61128-2f9a-453e-94c2-325377cfc204,Nykaa Fashion,Google Play,Review,https://play.google.com/store/apps/details?id=com.fsn.nds,HAIMABATI PAUL,2026-08-07 15:41:19,"What is this ? They courier person who was supposed to pick up my kurta , didn't even come at my house. He also didn't call me. But in the app they are constantly updating nonsense in the tracking section. Do they consider customers as fool ? What happened to the customer care part ?",Nykaa Fashion Google Play reviews,English
c6fb0cc8-00b2-45f5-8d91-724cc1dd835d,Nykaa Fashion,Google Play,Review,https://play.google.com/store/apps/details?id=com.fsn.nds,Punam Rai,2026-08-07 15:34:38,"I've placed an order on 23rd July prepaid and today it's 7th Aug still not delivered, not showing updates too . called customer care they're not attending for 4 mins . horrible experience. Please anyone seeing this never use nyka fashion.",Nykaa Fashion Google Play reviews,English
b459fa98-2330-4b70-8015-6ee06651172f,Nykaa Fashion,Google Play,Review,https://play.google.com/store/apps/details?id=com.fsn.nds,Lakhinana Tanuja,2026-08-07 14:52:09,bad experience negligence no timing so expensive cost,Nykaa Fashion Google Play reviews,English
2848c76f-fc1d-41cb-8d55-965dd434f021,Nykaa Fashion,Google Play,Review,https://play.google.com/store/apps/details?id=com.fsn.nds,Salonee Dalvi,2026-08-07 14:49:39,"HORRIBLE PICKUP RETURN FACILITYS RAISED 8 REQUESTS via email, calls and chats - Still no resolved and they cancel your returns! I have asked the support team to open the return for the 3rd time and still no use. I have provided proof of call and society logs that the courier partner never attempts and marks the request as customer not available.",Nykaa Fashion Google Play reviews,English
ef620ac9-e0e7-4c1a-9e18-e6757196124a,Nykaa Fashion,Google Play,Review,https://play.google.com/store/apps/details?id=com.fsn.nds,Priyanka Gajrani,2026-08-07 14:39:56,"You people are totally fraud, I have ordered a towel set of 4 and received only 3. when I raised the complainant it was not picked up and resolution got delayed from your end and then it got closed mentioning the return was applicable till 6th of August only.",Nykaa Fashion Google Play reviews,English
1d4476e9-5fde-41d6-a1c1-daeb9b4a1094,Nykaa Fashion,Google Play,Review,https://play.google.com/store/apps/details?id=com.fsn.nds,Amenmen,2026-08-07 14:25:36,"WORST APP EVER. I requested for a return for an item, and now they're saying my pin code is non serviceable for pick up when the same pin code was used for delivery. PLEASE DO NOT SHOP FROM THIS APP. WORST CUSTOMER SERVICE ALSO.",Nykaa Fashion Google Play reviews,English
0186ab57-8325-4305-bc7c-b257a44a05a7,Nykaa Fashion,Google Play,Review,https://play.google.com/store/apps/details?id=com.fsn.nds,Anu M,2026-08-07 13:30:25,"Such a fraud app it is. worst experience, lost money because of such poor products and poor quality check return policy. No responses from return, please beware before shopping with this app. overall had very very bad experience..",Nykaa Fashion Google Play reviews,English
28ecd936-50f7-4230-ab0a-bfd715e344d8,Nykaa Fashion,Google Play,Review,https://play.google.com/store/apps/details?id=com.fsn.nds,Ruchi Saha,2026-08-07 13:30:09,"today I am ordering two products,So, I'm new here; let's see how it goes.",Nykaa Fashion Google Play reviews,English
69e75ee6-9cdd-458b-98e3-1bf5cb51c16d,Nykaa Fashion,Google Play,Review,https://play.google.com/store/apps/details?id=com.fsn.nds,PP S,2026-08-07 12:37:21,worst app and worst customer care.They were always not reachable through any means,Nykaa Fashion Google Play reviews,English
b49bd69a-f5d9-4b43-b342-9a3b5f03023d,Nykaa Fashion,Google Play,Review,https://play.google.com/store/apps/details?id=com.fsn.nds,Bharat Rai,2026-08-07 12:19:08,Third quality service and very disappointing experience with nykaa fashion. I placed a prepaid order on 28 July 2026 and the delivery date was 30 July. After multiple calls and tickets raised by me the product is not shipped yet.,Nykaa Fashion Google Play reviews,English
b3588438-e34a-454e-816c-3d5bd8b3ea56,Nykaa Fashion,Google Play,Review,https://play.google.com/store/apps/details?id=com.fsn.nds,Aqsa Suhail,2026-08-07 11:21:12,very bad service.... highly disappointed it's been more than 15 days I didn't get my refund back first they take the order then cancel themselves and then do not refund,Nykaa Fashion Google Play reviews,English
19f5940d-1626-41d9-8ec3-f03612ff0078,Nykaa Fashion,Google Play,Review,https://play.google.com/store/apps/details?id=com.fsn.nds,Varsha Mishra,2026-08-07 10:48:16,very poor service. I will return the product but didn't get refund. also customer support is not available,Nykaa Fashion Google Play reviews,English
81c26585-ed91-4103-ab27-1578ebfd94ac,Nykaa Fashion,Google Play,Review,https://play.google.com/store/apps/details?id=com.fsn.nds,Raj Kumar,2026-08-07 10:17:58,good 👍,Nykaa Fashion Google Play reviews,English
d713c57c-2456-400d-911e-e6f170fcebca,Nykaa Fashion,Google Play,Review,https://play.google.com/store/apps/details?id=com.fsn.nds,Nidhi rai,2026-08-07 10:04:01,froud app.nyka is doing froud with customer they provide ceap quality of product with high charge and their pick up service is too bad .they always mentioned delay for pickup .they did froud with me,Nykaa Fashion Google Play reviews,English
02d0c938-67ca-4811-82d1-aaaaeebcd5b2,Nykaa Fashion,Google Play,Review,https://play.google.com/store/apps/details?id=com.fsn.nds,Faisal Khan,2026-08-07 09:53:04,"Seriously, this app is the absolute pits. Dealing with their customer service is a total nightmare, they're just awful. And don't even get me started on the delivery, it's consistently terrible. You'll regret it if you decide to give them a chance. Save yourself the headache and steer clear.",Nykaa Fashion Google Play reviews,English
675b2012-85e1-4c94-bfcc-b5eed1b7d3bf,Nykaa Fashion,Google Play,Review,https://play.google.com/store/apps/details?id=com.fsn.nds,Divyanshi Singh,2026-08-07 08:04:09,does not make refunds,Nykaa Fashion Google Play reviews,English
37c00205-919b-4a9e-8638-8b7fa6a5a7ae,Nykaa Fashion,Google Play,Review,https://play.google.com/store/apps/details?id=com.fsn.nds,ankit Sharma star,2026-08-07 06:30:45,good,Nykaa Fashion Google Play reviews,English
06bed533-9cf2-4848-a34b-e331451b8b07,Nykaa Fashion,Google Play,Review,https://play.google.com/store/apps/details?id=com.fsn.nds,Hiren Shah,2026-08-07 00:46:03,app is bad. can not multi task and drops from memory very fast it's a bug not phone problem,Nykaa Fashion Google Play reviews,English
9d338c35-579c-4b55-87f3-da80275e048a,Nykaa Fashion,Google Play,Review,https://play.google.com/store/apps/details?id=com.fsn.nds,Madhav,2026-08-07 00:31:14,"My return request was raised on the same day as delivery. The pickup never happened, but the app showed 'Quality Check Failed' and my return was not processed. Despite contacting customer support, the issue remained unresolved. This was a disappointing experience.",Nykaa Fashion Google Play reviews,English
c32abe6d-7336-4fc8-807a-37c7ca794387,Nykaa Fashion,Google Play,Review,https://play.google.com/store/apps/details?id=com.fsn.nds,Manowar Hossen (নয়ন),2026-08-07 00:21:34,Good 😊,Nykaa Fashion Google Play reviews,English
a451398e-1fa1-40f8-b308-09cb79dbb3ed,Nykaa Fashion,Google Play,Review,https://play.google.com/store/apps/details?id=com.fsn.nds,konda uma mahesh babu,2026-08-06 23:47:58,poor customer service,Nykaa Fashion Google Play reviews,English
898af5b5-a9ff-4b0b-8a3a-81b7b0591dea,Nykaa Fashion,Google Play,Review,https://play.google.com/store/apps/details?id=com.fsn.nds,Che Sangma,2026-08-06 23:44:08,good 👍,Nykaa Fashion Google Play reviews,English
6974ead7-6ee1-4fdc-a9e1-ff242d7a60c1,Nykaa Fashion,Google Play,Review,https://play.google.com/store/apps/details?id=com.fsn.nds,Nandini Hoon,2026-08-06 21:45:17,love 😘😘 it,Nykaa Fashion Google Play reviews,English
91bdc101-8fa7-4419-bb0e-454a8819689d,Nykaa Fashion,Google Play,Review,https://play.google.com/store/apps/details?id=com.fsn.nds,Tamil Arasan,2026-08-06 21:41:08,didn't get replacement and refund. go for myntra flipkart amazon,Nykaa Fashion Google Play reviews,English
cde9de07-1f34-4b77-b3cd-853170b12580,Nykaa Fashion,Google Play,Review,https://play.google.com/store/apps/details?id=com.fsn.nds,Deepika Deepu,2026-08-06 21:23:06,Horrible experience with this app return product taking so many times no one is calling from their side for pickup nd getting msgs as due to customer unavailability we are not picking up ur order like that nd refund amount also not getting,Nykaa Fashion Google Play reviews,English
35709bca-5ce8-4746-b677-bd603b4d0396,Nykaa Fashion,Google Play,Review,https://play.google.com/store/apps/details?id=com.fsn.nds,Meiadad Middya,2026-08-06 20:12:54,verry bad delivery and coustomer care behaviour verry verry bad don't order this app everyone,Nykaa Fashion Google Play reviews,English
c0d0a8ae-9294-4985-aae6-0be0e879d9d0,Nykaa Fashion,Google Play,Review,https://play.google.com/store/apps/details?id=com.fsn.nds,Vishu M Gowda,2026-08-06 19:26:10,"one of the worst experience happened with Nykaa, ordered a shoes worth 11,500 from Nike, and received a different Nike product which also cost the same price and also have the same color, maybe a mis match from courier or from Nykaa, when I shared all the unboxing video, seal tag intact, all those images, they declined without any reason when I contacted customer care, said they saw the cctv and rejected the return, don't know what to do, I have the video proof and I'm going to Customer court.",Nykaa Fashion Google Play reviews,English
2b26e77b-8062-4ca2-8fd8-798156a8e9f2,Nykaa Fashion,Google Play,Review,https://play.google.com/store/apps/details?id=com.fsn.nds,Sandhya Mohanty,2026-08-06 18:42:55,Return policy is disappointed,Nykaa Fashion Google Play reviews,English
6c2cba50-093b-49b4-8588-88fc89b362de,Nykaa Fashion,Google Play,Review,https://play.google.com/store/apps/details?id=com.fsn.nds,Anupama kanhar anupama,2026-08-06 18:19:07,good,Nykaa Fashion Google Play reviews,English
8a73429f-5e01-402f-b62e-beb4969da15d,Nykaa Fashion,Google Play,Review,https://play.google.com/store/apps/details?id=com.fsn.nds,Abhishek Patel,2026-08-06 17:42:54,Good 👍,Nykaa Fashion Google Play reviews,English
31a7ac6b-ef32-4f6a-8b27-70d102b560d3,Nykaa Fashion,Google Play,Review,https://play.google.com/store/apps/details?id=com.fsn.nds,siva Posa,2026-08-06 17:22:41,good,Nykaa Fashion Google Play reviews,English
a4f974bb-eae6-4cec-b064-6e20ec3e3b54,Nykaa Fashion,Google Play,Review,https://play.google.com/store/apps/details?id=com.fsn.nds,Sourav,2026-08-06 14:39:21,instast refund was very much bad doesn't get refund yet....🫤worst experience,Nykaa Fashion Google Play reviews,English
1084b669-9b44-4c64-94e5-5002511fa22d,Nykaa Fashion,Google Play,Review,https://play.google.com/store/apps/details?id=com.fsn.nds,Bishun Pandit,2026-08-06 14:17:06,excellent,Nykaa Fashion Google Play reviews,English
f5c40524-7fe6-4bb3-92ae-485e7fe70e72,Nykaa Fashion,Google Play,Review,https://play.google.com/store/apps/details?id=com.fsn.nds,Paras Jain,2026-08-06 14:16:10,"Don't purchase anything from here, I swear you will get the worst possible experience by them. first they will not deliver your package on time . secondly, they will not respond to your query as their customer care is worst.",Nykaa Fashion Google Play reviews,English
7b78310d-15b8-4d42-8ec5-0a6e0e24d7ec,Nykaa Fashion,Google Play,Review,https://play.google.com/store/apps/details?id=com.fsn.nds,abdur rahman,2026-08-06 14:00:52,good now lets see your service,Nykaa Fashion Google Play reviews,English
830d36d1-c434-49ef-98ce-5f6807181d4a,Nykaa Fashion,Google Play,Review,https://play.google.com/store/apps/details?id=com.fsn.nds,Laxmi Pandey,2026-08-06 12:38:17,good,Nykaa Fashion Google Play reviews,English
20be6272-285d-496c-aa33-5e778135d674,Nykaa Fashion,Google Play,Review,https://play.google.com/store/apps/details?id=com.fsn.nds,Shobhna kaur,2026-08-06 12:30:43,#nykaafashionwasimsyad - Thank youfor helping me I am fully satisfied,Nykaa Fashion Google Play reviews,English
801d5669-705e-478b-8de2-a08f057bf96c,Nykaa Fashion,Google Play,Review,https://play.google.com/store/apps/details?id=com.fsn.nds,Dr.Gayathri Anand,2026-08-06 12:18:05,this is app is so exhausting.. they donot deliver the item at appropriate time.. my.order was delayed for about half a month..customer care picks your call only after several times.. product was good.. but the delivery delay was exhausting...,Nykaa Fashion Google Play reviews,English
21c8279f-ca43-404a-9324-3d7d9fa7879d,Nykaa Fashion,Google Play,Review,https://play.google.com/store/apps/details?id=com.fsn.nds,Jijnasa Sharma,2026-08-06 11:55:46,customer support agents take 2 business days to reply and end the chat whenever they feel like,Nykaa Fashion Google Play reviews,English
273c0ab9-dd47-489d-b809-a1abfb113b68,Nykaa Fashion,Google Play,Review,https://play.google.com/store/apps/details?id=com.fsn.nds,ekta dhawas,2026-08-06 11:35:42,worst service don't shop from them.there customer care didn't respond cannot connect with them easily had to suffer a lot just to return the product. Nobody has that much time ( days) just to connect with you after repeated attempts,Nykaa Fashion Google Play reviews,English
90b29fd8-7d9e-458b-af32-4282ab19a62e,Nykaa Fashion,Google Play,Review,https://play.google.com/store/apps/details?id=com.fsn.nds,Sneha Pattar,2026-08-06 11:22:51,"worst experience in return, refund, and delivery. Literally regrating because I have ordered products in this app",Nykaa Fashion Google Play reviews,English
ae54ee69-272f-4622-bb6f-c99d2a194273,Nykaa Fashion,Google Play,Review,https://play.google.com/store/apps/details?id=com.fsn.nds,M Patel,2026-08-06 10:52:03,ok,Nykaa Fashion Google Play reviews,English
5362e684-6943-447a-905f-f852c430d766,Nykaa Fashion,Google Play,Review,https://play.google.com/store/apps/details?id=com.fsn.nds,Darshika Shah,2026-08-06 10:33:07,horrible experience until now..ordered a black trousers.. received a grey one.Now I am running behind them for pickup and replacement since almost 15 days.,Nykaa Fashion Google Play reviews,English
a0ee7044-c571-4f47-9705-b11139d349ce,Nykaa Fashion,Google Play,Review,https://play.google.com/store/apps/details?id=com.fsn.nds,Balaji Karthi,2026-08-06 10:32:08,one of the worst app i have experienced. There is no proper way while out of delivery the app doesn't show delivery agent mobile no so we can't navigate the person properly and also if i called with register mobile number as well can't reach that person and delivery person keep on attempt the delivery without call overall there is no convenient way to access the delivery.,Nykaa Fashion Google Play reviews,English
d0ef50a6-2a3b-42ce-b2cd-e9977bdbecd6,Nykaa Fashion,Google Play,Review,https://play.google.com/store/apps/details?id=com.fsn.nds,Ram Vilas,2026-08-06 09:14:54,👎,Nykaa Fashion Google Play reviews,English
32219e69-ac9b-4877-9da4-b4283ffd8cc6,Nykaa Fashion,Google Play,Review,https://play.google.com/store/apps/details?id=com.fsn.nds,Junaid Khan PATHAN,2026-08-06 08:55:46,nice,Nykaa Fashion Google Play reviews,English
f4ea0269-6b3c-4aa4-bce2-72e9c17df3d7,Nykaa Fashion,Google Play,Review,https://play.google.com/store/apps/details?id=com.fsn.nds,Vikram Saini,2026-08-06 08:08:48,Very Very Bad return policy and customer care service,Nykaa Fashion Google Play reviews,English
8c642dfb-f6fa-4e1f-910d-764831363f21,Nykaa Fashion,Google Play,Review,https://play.google.com/store/apps/details?id=com.fsn.nds,Raj maurya Raj,2026-08-06 07:11:00,so very good product,Nykaa Fashion Google Play reviews,English
62eb71bb-c321-4c4e-905d-098a6db13237,Nykaa Fashion,Google Play,Review,https://play.google.com/store/apps/details?id=com.fsn.nds,Pushkar Marothiya,2026-08-06 06:05:51,nike ki sando running order Kiya tha per quality bahot bekar hai or copy de diya,Nykaa Fashion Google Play reviews,English
64954bf5-9aa1-479e-b06a-11defde594e1,Nykaa Fashion,Google Play,Review,https://play.google.com/store/apps/details?id=com.fsn.nds,Ruby Saha,2026-08-06 04:56:46,Great shopping ! 😀🛍️,Nykaa Fashion Google Play reviews,English
23e02bb6-10c7-4448-b3fa-4100e983888b,Nykaa Fashion,Google Play,Review,https://play.google.com/store/apps/details?id=com.fsn.nds,Abhisek Kar,2026-08-06 03:11:24,v+Good,Nykaa Fashion Google Play reviews,English
b10a4397-69fc-489e-8be9-92b6f12139ea,Nykaa Fashion,Google Play,Review,https://play.google.com/store/apps/details?id=com.fsn.nds,Vikas paneer and eggs santar,2026-08-06 01:40:04,very good option,Nykaa Fashion Google Play reviews,English
adfdc65d-86f1-4738-ab61-5f43bbd40132,Nykaa Fashion,Google Play,Review,https://play.google.com/store/apps/details?id=com.fsn.nds,Md Reyaz khan,2026-08-06 01:21:58,thank you,Nykaa Fashion Google Play reviews,English
d78d9450-ce48-4f07-ab19-ddd468824eed,Nykaa Fashion,Google Play,Review,https://play.google.com/store/apps/details?id=com.fsn.nds,Yogesh Budhwar,2026-08-06 00:48:39,😍,Nykaa Fashion Google Play reviews,English
ab130064-53c5-45b9-b412-bbc47f9ae0a8,Nykaa Fashion,Google Play,Review,https://play.google.com/store/apps/details?id=com.fsn.nds,swanandi kadam,2026-08-06 00:11:35,👍,Nykaa Fashion Google Play reviews,English
b82ed8a6-7850-458d-a871-d6903e9c37f5,Nykaa Fashion,Google Play,Review,https://play.google.com/store/apps/details?id=com.fsn.nds,Sujit Tanti,2026-08-05 23:59:08,good 👍👍,Nykaa Fashion Google Play reviews,English
0b7537a7-e6f2-4253-9a5c-97dc5958d8c5,Nykaa Fashion,Google Play,Review,https://play.google.com/store/apps/details?id=com.fsn.nds,Kiran Reddy,2026-08-05 23:16:40,good,Nykaa Fashion Google Play reviews,English
29824135-23b4-478f-89d5-3b6af13094a4,Nykaa Fashion,Google Play,Review,https://play.google.com/store/apps/details?id=com.fsn.nds,Manpreet Kour,2026-08-05 23:04:46,"I received a duplicate product and now I am not able to return it, citing the cancellation policy. This is a very bad experience, and I won't recommend it to anyone.",Nykaa Fashion Google Play reviews,English
4f63514a-6894-4770-a8d4-fae3cab42052,Nykaa Fashion,Google Play,Review,https://play.google.com/store/apps/details?id=com.fsn.nds,Vaishnavi Avhad,2026-08-05 22:40:26,very bad app not refunding my payment as always send wrong size while buying every size available of shoes and when replace no size available worst experience ever with any this app don't use don't deserve any one of the star,Nykaa Fashion Google Play reviews,English
7e6e8da5-ba01-4e05-8f8b-1b872d194ad1,Nykaa Fashion,Google Play,Review,https://play.google.com/store/apps/details?id=com.fsn.nds,Sharath CN,2026-08-05 21:22:19,super,Nykaa Fashion Google Play reviews,English
879af354-ea1a-4fdc-b9ac-74e150c56985,Nykaa Fashion,Google Play,Review,https://play.google.com/store/apps/details?id=com.fsn.nds,Sahil Zaidi,2026-08-05 20:52:50,ghatiya kism ka app ya bakwas,Nykaa Fashion Google Play reviews,English
be1aa9a1-d339-48fc-a3e6-490370a98d7d,Nykaa Fashion,Google Play,Review,https://play.google.com/store/apps/details?id=com.fsn.nds,vivek patel,2026-08-05 20:39:29,worst experience. its Fraud app.,Nykaa Fashion Google Play reviews,English
83a60643-1765-4d2f-991d-cd75e068d811,Nykaa Fashion,Google Play,Review,https://play.google.com/store/apps/details?id=com.fsn.nds,Kunal Panwar,2026-08-05 19:11:37,"delivery iss veryyy late, no customer service, that was such a bad experience 👎",Nykaa Fashion Google Play reviews,English
d245f0bb-318b-4cbf-8678-0fba6fe9b3bb,Nykaa Fashion,Google Play,Review,https://play.google.com/store/apps/details?id=com.fsn.nds,Amit Guleria,2026-08-05 18:53:38,worse experience.,Nykaa Fashion Google Play reviews,English
868cc6c6-5cff-4e02-ba1f-3d7a3d25a94d,Nykaa Fashion,Google Play,Review,https://play.google.com/store/apps/details?id=com.fsn.nds,Gaurav khadatkar,2026-08-05 18:24:38,worst fashion app i have ever used no proper delivery facilities,Nykaa Fashion Google Play reviews,English
d779f6d8-6226-42f9-9539-3a74fe9f4360,Nykaa Fashion,Google Play,Review,https://play.google.com/store/apps/details?id=com.fsn.nds,Arya Bhattachacharya,2026-08-05 18:19:59,very bad customer care service,Nykaa Fashion Google Play reviews,English
c0afb3b3-3aa9-4c28-9f02-beda52ec4d26,Nykaa Fashion,Google Play,Review,https://play.google.com/store/apps/details?id=com.fsn.nds,Ashok Kumar,2026-08-05 17:48:54,nice,Nykaa Fashion Google Play reviews,English
a558965e-82db-4c5a-b4fa-52e1389f10f4,Nykaa Fashion,Google Play,Review,https://play.google.com/store/apps/details?id=com.fsn.nds,Patlola Anjan Reddy,2026-08-05 17:12:54,Worst Service. Doesn't Deliver on time . No proper customer service. My Slippers are supposed to be delivered on Aug 1st and not yet delivered. Nykaa fashion is beyond the worst.,Nykaa Fashion Google Play reviews,English
830ff590-b032-4cc1-885b-2fd4f2476bf8,Nykaa Fashion,Google Play,Review,https://play.google.com/store/apps/details?id=com.fsn.nds,akanksha kapoor,2026-08-05 16:50:09,"Extremely disappointing experience with this shopping app. Once an order is placed, there is no option to cancel it, even when the request is made immediately. The customer support team is highly unresponsive and unable to provide any meaningful solution or assistance. Despite multiple attempts to reach customer service, I received either generic responses or no response at all. The lack of transparency, flexibility, and customer-centric support makes the overall shopping experience frustrating",Nykaa Fashion Google Play reviews,English
cb533213-3544-4a67-9e94-6dcbcfd48901,Nykaa Fashion,Google Play,Review,https://play.google.com/store/apps/details?id=com.fsn.nds,shanku Biswas,2026-08-05 16:36:47,good,Nykaa Fashion Google Play reviews,English
ee123f9b-1042-4130-baef-9b8a30aad6ed,Nykaa Fashion,Google Play,Review,https://play.google.com/store/apps/details?id=com.fsn.nds,Himani himanshi Dewangan,2026-08-05 15:29:06,👍👍👍,Nykaa Fashion Google Play reviews,English
95dea241-e250-437e-8249-ad561f0187ec,Nykaa Fashion,Google Play,Review,https://play.google.com/store/apps/details?id=com.fsn.nds,Azhar Khan,2026-08-05 15:27:37,thank you,Nykaa Fashion Google Play reviews,English
774ec1e1-05b0-4f9e-9f1f-32e4631bd00e,Nykaa Fashion,Google Play,Review,https://play.google.com/store/apps/details?id=com.fsn.nds,Dakshan Dakshan46,2026-08-05 15:22:38,this app is very nice,Nykaa Fashion Google Play reviews,English
e0e2cd49-d3ff-4023-bbbe-a12793399519,Nykaa Fashion,Google Play,Review,https://play.google.com/store/apps/details?id=com.fsn.nds,Asma Sultana,2026-08-05 15:14:12,worst products.worst experience. Poor customer support. don't buy from Nyka fashion. to return the product they cheat by mismatching the tag when the pickup is done.,Nykaa Fashion Google Play reviews,English
88960458-b6c8-400f-b876-8482aad64477,Nykaa Fashion,Google Play,Review,https://play.google.com/store/apps/details?id=com.fsn.nds,Varsha Saxena,2026-08-05 14:08:19,excellent,Nykaa Fashion Google Play reviews,English
a388ec9b-f432-4302-983c-92694fe3d18c,Nykaa Fashion,Google Play,Review,https://play.google.com/store/apps/details?id=com.fsn.nds,Priyanka Jat,2026-08-05 14:07:09,good,Nykaa Fashion Google Play reviews,English
32d3e5b1-6b85-4384-9ed5-8306fd4a5cf8,Nykaa Fashion,Google Play,Review,https://play.google.com/store/apps/details?id=com.fsn.nds,Ayush Kamble,2026-08-05 13:31:54,"your delivery boy can't call for receiving order just coming and going, don't calling for order and then changes schedule of order.0 rating",Nykaa Fashion Google Play reviews,English
5c08c6d7-45ef-4602-9c3d-66c21e61a66a,Nykaa Fashion,Google Play,Review,https://play.google.com/store/apps/details?id=com.fsn.nds,Prajwal B,2026-08-05 13:18:32,Very Bad delivery. Never on time.,Nykaa Fashion Google Play reviews,English
a940d41b-6edc-4911-a1c0-c7d9122c7683,Nykaa Fashion,Google Play,Review,https://play.google.com/store/apps/details?id=com.fsn.nds,Ujjwal,2026-08-05 13:05:21,worst app no coustomer service attend the call neither they resolve the problem.,Nykaa Fashion Google Play reviews,English
6d1227f7-d7f3-4a94-a8b7-49c8ce60e9ec,Nykaa Fashion,Google Play,Review,https://play.google.com/store/apps/details?id=com.fsn.nds,Ann_ Hannaa,2026-08-05 12:51:50,had a very bad experience ordered a watch on July 26th and not yet received no response from the customer service,Nykaa Fashion Google Play reviews,English
0eab3974-d710-4e93-af86-2b4e4da87a07,Nykaa Fashion,Google Play,Review,https://play.google.com/store/apps/details?id=com.fsn.nds,Hanee Bhatt,2026-08-05 11:18:57,"Order ID has already been shared in your Facebook inbox as requested. You don't seem to bother looking into it and instead keep posting the same ""Please DM us your Order ID"" reply on every complaint. Kindly review the case and provide an actual resolution instead of copy paste responses.",Nykaa Fashion Google Play reviews,English
4523e4b5-2e60-4829-add4-92b519044665,Nykaa Fashion,Google Play,Review,https://play.google.com/store/apps/details?id=com.fsn.nds,layavardhan neyyala,2026-08-05 09:13:06,superrrr,Nykaa Fashion Google Play reviews,English
30fa4893-67f4-44a4-bb2c-0002a5db3cb6,Nykaa Fashion,Google Play,Review,https://play.google.com/store/apps/details?id=com.fsn.nds,Anita Varun,2026-08-05 09:00:36,UPI payments not done,Nykaa Fashion Google Play reviews,English
c86a041c-5223-4728-9688-14b486bce5fb,Nykaa Fashion,Google Play,Review,https://play.google.com/store/apps/details?id=com.fsn.nds,sam,2026-08-05 02:41:56,Worst experience ever.,Nykaa Fashion Google Play reviews,English
df6a91eb-937e-43e6-a5d3-2a9b77728071,Nykaa Fashion,Google Play,Review,https://play.google.com/store/apps/details?id=com.fsn.nds,Ekta Goswami,2026-08-05 00:53:40,"@Nykaa Repeatedly changing the delivery date without providing a proper resolution is unacceptable. My order is prepaid, and I request an immediate cancellation and full refund. If this is not resolved, I will proceed with a formal complaint before the Consumer Commission via e-Daakhil.",Nykaa Fashion Google Play reviews,English
02522cb7-a365-447d-82b1-a968d337cf6b,Nykaa Fashion,Google Play,Review,https://play.google.com/store/apps/details?id=com.fsn.nds,anju sahay,2026-08-04 23:12:50,down market,Nykaa Fashion Google Play reviews,English
43074c58-e971-45cc-96ec-d9d7e5b510f3,Nykaa Fashion,Google Play,Review,https://play.google.com/store/apps/details?id=com.fsn.nds,Suman Jena,2026-08-04 23:00:08,😎,Nykaa Fashion Google Play reviews,English
19070fc4-2a1b-40b2-988b-a5184f82c3cc,Nykaa Fashion,Google Play,Review,https://play.google.com/store/apps/details?id=com.fsn.nds,Angel Yt,2026-08-04 22:51:01,good,Nykaa Fashion Google Play reviews,English
1ff048ff-14f2-4461-8175-86b0abfe09d0,Nykaa Fashion,Google Play,Review,https://play.google.com/store/apps/details?id=com.fsn.nds,Sangay Sherpa,2026-08-04 21:58:16,thanku,Nykaa Fashion Google Play reviews,English
2a53bda7-b2dd-47f1-930b-d932f29936e4,Nykaa Fashion,Google Play,Review,https://play.google.com/store/apps/details?id=com.fsn.nds,SK Ismail Ali,2026-08-04 21:24:49,good,Nykaa Fashion Google Play reviews,English
b9df14c8-9829-4271-a0f0-b6286ae86312,Nykaa Fashion,Google Play,Review,https://play.google.com/store/apps/details?id=com.fsn.nds,Deepesh Rathor,2026-08-04 21:18:31,best,Nykaa Fashion Google Play reviews,English
50eed073-de0c-4ebc-9dd5-8c572789e63e,Nykaa Fashion,Google Play,Review,https://play.google.com/store/apps/details?id=com.fsn.nds,mammu dakshin,2026-08-04 20:18:32,awesome 👌 🆒️ 🙌 👌,Nykaa Fashion Google Play reviews,English
6be8a642-3c5e-44c4-ab1a-a5d5433b8c7c,Nykaa Fashion,Google Play,Review,https://play.google.com/store/apps/details?id=com.fsn.nds,M Praveen kumar,2026-08-04 18:59:51,👍 Nice,Nykaa Fashion Google Play reviews,English
0181362d-72db-49fd-8d6d-0430c665d24b,Nykaa Fashion,Google Play,Review,https://play.google.com/store/apps/details?id=com.fsn.nds,Sweetu,2026-08-04 17:50:23,"Their return policy is pathetic, its been 15 days since I requested return but no response from their side. I issued ticket and tried calling customer support but they are of no use. Ajio and Myntra is much more better than this",Nykaa Fashion Google Play reviews,English
f53c927a-1457-4ff9-a41b-3bbcf4077c6c,Nykaa Fashion,Google Play,Review,https://play.google.com/store/apps/details?id=com.fsn.nds,rajni mahajan,2026-08-04 17:41:29,good,Nykaa Fashion Google Play reviews,English
740c4ed0-4ecb-4b0d-9ea2-4007ab9230e4,Nykaa Fashion,Google Play,Review,https://play.google.com/store/apps/details?id=com.fsn.nds,Somi Singh,2026-08-04 16:04:47,very horrible experience my pickup was approved but no one came to pick the order even after many calls and chats every time same reply from all ...,Nykaa Fashion Google Play reviews,English
5bd1d1e8-96b5-4085-bdcd-98f9c52abec7,Nykaa Fashion,Google Play,Review,https://play.google.com/store/apps/details?id=com.fsn.nds,Ashok bheraiya,2026-08-04 15:38:25,"I have purchased a kurta pant dress in size S and later I was not given the option to replace it with size M through the app. It used to show out of stock in the app and in the same app it used to show size M available in new purchases. Also, we have not received a satisfactory answer from customer care.",Nykaa Fashion Google Play reviews,English
b72e2488-f3d6-4dc3-a62d-646d010a60f6,Nykaa Fashion,Google Play,Review,https://play.google.com/store/apps/details?id=com.fsn.nds,Deepa Shukla,2026-08-04 14:33:01,they are thiefs ...gave me a torn product and didn't take the return..they don't have a customer support...terrible platform,Nykaa Fashion Google Play reviews,English
52fceba7-9743-4883-a1c0-51d3504fc5dd,Nykaa Fashion,Google Play,Review,https://play.google.com/store/apps/details?id=com.fsn.nds,Kishorr,2026-08-04 14:27:59,Worst platform ever used.,Nykaa Fashion Google Play reviews,English
5fb07fca-fb82-4750-886e-0b859639ef12,Nykaa Fashion,Google Play,Review,https://play.google.com/store/apps/details?id=com.fsn.nds,amrut Patel,2026-08-04 14:06:50,👌 exlent,Nykaa Fashion Google Play reviews,English
2729600e-f70a-4897-b4a7-dbdde0f60a8d,Nykaa Fashion,Google Play,Review,https://play.google.com/store/apps/details?id=com.fsn.nds,Waqar Muslim,2026-08-04 14:04:52,"Absolute waste of time and money. The app is buggy, unresponsive, and feels like a half-baked cash grab. To make matters worse, customer service is non-existent—unhelpful, script-reading bots who refuse to solve basic issues. Save your sanity and your money; go literally anywhere else.",Nykaa Fashion Google Play reviews,English
7638b671-d5a7-43ca-beac-aea631c3ed27,Nykaa Fashion,Google Play,Review,https://play.google.com/store/apps/details?id=com.fsn.nds,Md Mokim,2026-08-04 12:58:09,color pink 💗,Nykaa Fashion Google Play reviews,English
82b22bb5-c69a-4d20-a0ca-8521071354b0,Nykaa Fashion,Google Play,Review,https://play.google.com/store/apps/details?id=com.fsn.nds,Vishwash,2026-08-04 12:56:46,happy 😊,Nykaa Fashion Google Play reviews,English
6efa28cd-40cb-42a8-861b-95963f629e25,Nykaa Fashion,Google Play,Review,https://play.google.com/store/apps/details?id=com.fsn.nds,Indal Kumar,2026-08-04 12:28:52,nice app,Nykaa Fashion Google Play reviews,English
6dc359a2-5486-4e80-b370-1931ea9f7366,Nykaa Fashion,Google Play,Review,https://play.google.com/store/apps/details?id=com.fsn.nds,Darshan,2026-08-04 12:10:30,good my opinion after use,Nykaa Fashion Google Play reviews,English
57569472-0eb1-4a9e-b003-017c8b8f3e75,Nykaa Fashion,Google Play,Review,https://play.google.com/store/apps/details?id=com.fsn.nds,Karni Jain,2026-08-04 11:44:25,Such a useless and pathetic app it is. They take orders but never deliver them. Delivery dates get delayed and delayed. And even worse is their customer service. They don't even answer your calls nor respond to any mode of communication. Disappointing app this is. With this type of service they cannot stand in this market and will close soon. They should close because of their false commitments and customer deceiving actions. Pathetic service.,Nykaa Fashion Google Play reviews,English
864eab8c-d574-4c9c-96af-b1f34dd7b27a,Nykaa Fashion,Google Play,Review,https://play.google.com/store/apps/details?id=com.fsn.nds,Manjita Das,2026-08-04 11:28:23,so sad,Nykaa Fashion Google Play reviews,English
359b015e-7f9a-4f67-a81e-81f7324ef240,Nykaa Fashion,Google Play,Review,https://play.google.com/store/apps/details?id=com.fsn.nds,Saurav Surya,2026-08-04 11:18:09,good 👍😊 impressed tshirt i sm satisfied,Nykaa Fashion Google Play reviews,English
4c0d5d2c-53f8-4518-957e-702b83ffe7eb,Nykaa Fashion,Google Play,Review,https://play.google.com/store/apps/details?id=com.fsn.nds,Fiyona Mariya,2026-08-04 10:05:52,"I received a tarnished product, so I requested a return. However, it's been 4 days and the return pickup has not been initiated yet. I've been a loyal Nykaa customer for a long time, and this is the first time I've faced an issue like this. I hope the return pickup can be arranged as soon as possible.",Nykaa Fashion Google Play reviews,English
a16bf734-cae7-44cd-9f5b-b1b52966df36,Nykaa Fashion,Google Play,Review,https://play.google.com/store/apps/details?id=com.fsn.nds,NAND RAM MEENA,2026-08-04 08:32:10,good,Nykaa Fashion Google Play reviews,English
21e939b8-4b74-49da-b51e-83e2f0f0dbaa,Nykaa Fashion,Google Play,Review,https://play.google.com/store/apps/details?id=com.fsn.nds,Shweta official,2026-08-04 06:59:23,best,Nykaa Fashion Google Play reviews,English
ad228060-a6c5-4879-81b1-0781e6ff45ce,Nykaa Fashion,Google Play,Review,https://play.google.com/store/apps/details?id=com.fsn.nds,HUZAIFA KHAN,2026-08-04 00:16:29,Amazing app,Nykaa Fashion Google Play reviews,English
cb7993bf-ca1a-4397-a9b9-582c85470125,Nykaa Fashion,Google Play,Review,https://play.google.com/store/apps/details?id=com.fsn.nds,Anagha m,2026-08-04 00:11:08,less offers,Nykaa Fashion Google Play reviews,English
e3363b23-97ab-4576-b183-609105bc83b8,Nykaa Fashion,Google Play,Review,https://play.google.com/store/apps/details?id=com.fsn.nds,Arav Singh,2026-08-03 23:56:43,superb,Nykaa Fashion Google Play reviews,English
c351046e-7e3b-4b66-b9a2-11126bf1f1a8,Nykaa Fashion,Google Play,Review,https://play.google.com/store/apps/details?id=com.fsn.nds,Swamy Tillu,2026-08-03 23:02:24,very nice 💯,Nykaa Fashion Google Play reviews,English
11de0fa0-6062-4507-a62e-e9ddce5b0c19,Nykaa Fashion,Google Play,Review,https://play.google.com/store/apps/details?id=com.fsn.nds,Shree s,2026-08-03 21:44:25,worst customer service we have to wait almost 2 to 3 hours get the refund back they never reply for almost 1 week I have chatting no one is coming to online never purchase from nykaa,Nykaa Fashion Google Play reviews,English
8ee31d69-e1d5-48c5-b40e-5df87a341dfa,Nykaa Fashion,Google Play,Review,https://play.google.com/store/apps/details?id=com.fsn.nds,Prachi,2026-08-03 21:31:53,"Ugh, what a terrible experience. Nykaa seriously thinks we have all the time in the world to track our orders for hours. Such a waste of time and money, and their customer service is useless. It's been three weeks and they still can't arrange a pickup. Honestly, if you've got endless free time, go ahead and shop there, otherwise, steer clear. It's just awful.",Nykaa Fashion Google Play reviews,English
944a2b47-1447-429e-abb4-3e9cc0aa1d32,Nykaa Fashion,Google Play,Review,https://play.google.com/store/apps/details?id=com.fsn.nds,Rujul Desai,2026-08-03 21:27:15,"its fraud. Myaaka is a fraud. delivered late and no response on Return request initiated frequently, after 3 weeks nobody comes and collected. customer care never attended the phone, number of times mailed but no response, totally fraud. don't go ever with Nyaaka. Rujul Desai",Nykaa Fashion Google Play reviews,English
3f322f8b-7531-428f-a51c-d49afaaa77bc,Nykaa Fashion,Google Play,Review,https://play.google.com/store/apps/details?id=com.fsn.nds,Priti Singh,2026-08-03 20:54:59,They side with scamster vendors instead of customer. I bought a dress worth 2600 and vendor sent 3 rag cloth pieces worth 100. Nykaa customer care after 3 weeks of investigation decided that vendor is right and customer is cheater. Vendor is wedhani. I hope both Nykaa and wedhani go bankrupt. Cheaters.,Nykaa Fashion Google Play reviews,English
5fb6d038-8730-499f-97d1-7ed4c4d89951,Nykaa Fashion,Google Play,Review,https://play.google.com/store/apps/details?id=com.fsn.nds,Raunak Bajaj,2026-08-03 20:43:33,dont use nykaa fashion. I ordered for first time. my order got delayed and my travel was due next day. I also called customer service which is like 30 mins of wait time each time. they are not at helpful and could not even provide delivery agent number. there are much better shopping sites stick to them don't try to fall for useless stuff. I don't think the owner has any intentions of improving service based on their zero response,Nykaa Fashion Google Play reviews,English
4ba5634c-cf03-4daa-963d-5bdd958c5170,Nykaa Fashion,Google Play,Review,https://play.google.com/store/apps/details?id=com.fsn.nds,Sajna Ameer,2026-08-03 20:29:24,"Nyka , always my fvrt app 💖",Nykaa Fashion Google Play reviews,English
fd8fcc97-cf51-438b-9117-91014672f962,Nykaa Fashion,Google Play,Review,https://play.google.com/store/apps/details?id=com.fsn.nds,Shailendra Kaushal,2026-08-03 19:42:25,nice looking,Nykaa Fashion Google Play reviews,English
15ff3f4e-9b36-4fe7-92b1-ab6c28e5ea42,Nykaa Fashion,Google Play,Review,https://play.google.com/store/apps/details?id=com.fsn.nds,Seoyo,2026-08-03 18:25:32,"worst service ever delay delivery 4/5 days, can't cancel, and packages without tag products box in horrible conditions like my order pick up frm trash. size exchange delay alwys reattempt pickup saying as I request which I didn't even. and to exchange the size they didn't even bring the product for exchange..🧐? it's not like myntra nd other shopping apps service ,it's good that i cancel for the size exchange who know if I give them they won't even deliver me another pairs.",Nykaa Fashion Google Play reviews,English
6ff4af09-68f2-49f7-bd79-2e7ab884c12f,Nykaa Fashion,Google Play,Review,https://play.google.com/store/apps/details?id=com.fsn.nds,Amrutha Reddy,2026-08-03 18:19:41,no punctual on delivery,Nykaa Fashion Google Play reviews,English
b89da9f5-a10b-4997-9690-ef2d8a2792c6,Nykaa Fashion,Google Play,Review,https://play.google.com/store/apps/details?id=com.fsn.nds,Osama Alam,2026-08-03 17:38:59,👍,Nykaa Fashion Google Play reviews,English
1c911f5d-87af-4edd-a915-818d81608ad5,Nykaa Fashion,Google Play,Review,https://play.google.com/store/apps/details?id=com.fsn.nds,Sujit Das,2026-08-03 17:09:38,very good,Nykaa Fashion Google Play reviews,English
5419c319-e9b4-4fbc-bc21-6b8d11c2ebc7,Nykaa Fashion,Google Play,Review,https://play.google.com/store/apps/details?id=com.fsn.nds,Dhruv Vishwakarma,2026-08-03 16:34:26,very bad app and service,Nykaa Fashion Google Play reviews,English
6631e50b-27f0-488a-8981-677402c05a93,Nykaa Fashion,Google Play,Review,https://play.google.com/store/apps/details?id=com.fsn.nds,Parul khandelwal,2026-08-03 15:18:19,"I am extremely disappointed with Nykaa's customer service. Every time I call, I am kept waiting for 10–15 minutes, and then the call gets disconnected without any resolution. The chatbot is also unhelpful and fails to provide proper assistance.",Nykaa Fashion Google Play reviews,English
fbac8104-3bb7-457e-866d-ee7c95179e83,Nykaa Fashion,Google Play,Review,https://play.google.com/store/apps/details?id=com.fsn.nds,Sunkara Ravi,2026-08-03 14:52:36,super,Nykaa Fashion Google Play reviews,English
ddc4b907-20af-4980-9bb6-177f7d36110e,Nykaa Fashion,Google Play,Review,https://play.google.com/store/apps/details?id=com.fsn.nds,Ankit Malviya,2026-08-03 14:41:30,"I ordered denim jeans last year. everything was fine but this year i placed an order it has not been shipped yet. It's been more than 3 weeks now. they are not cancelling the order, nor giving any details",Nykaa Fashion Google Play reviews,English
ee364f55-a20d-4ec7-835b-10e6599f8bd1,Nykaa Fashion,Google Play,Review,https://play.google.com/store/apps/details?id=com.fsn.nds,Parth Patel,2026-08-03 11:42:34,wast shopping experience ever,Nykaa Fashion Google Play reviews,English
e158780f-30bd-40ba-a206-3369872aecc8,Nykaa Fashion,Google Play,Review,https://play.google.com/store/apps/details?id=com.fsn.nds,Sandhya Tudu,2026-08-03 11:28:19,so much extra charges very sad,Nykaa Fashion Google Play reviews,English
40309ee9-03bd-485b-bc4b-682cd13e9933,Nykaa Fashion,Google Play,Review,https://play.google.com/store/apps/details?id=com.fsn.nds,Ishali Chauhan (Roll no. 32),2026-08-03 11:01:38,it is worst app I ever seen. they doesn't accept any request. return request. even don't pickup the customer call,Nykaa Fashion Google Play reviews,English
e391f48f-890a-43b6-a6fa-c16959beff00,Nykaa Fashion,Google Play,Review,https://play.google.com/store/apps/details?id=com.fsn.nds,Arindam Moni,2026-08-03 10:23:19,good,Nykaa Fashion Google Play reviews,English
a5e041e5-5c4c-4e45-9dbd-98cea8a0eb5f,Nykaa Fashion,Google Play,Review,https://play.google.com/store/apps/details?id=com.fsn.nds,SRISTI SINGHA,2026-08-03 09:23:20,👍,Nykaa Fashion Google Play reviews,English
9d2b14ca-7240-4b94-8e2b-93e7ef398f87,Nykaa Fashion,Google Play,Review,https://play.google.com/store/apps/details?id=com.fsn.nds,prajwal gowda,2026-08-03 08:59:34,better,Nykaa Fashion Google Play reviews,English
a958f0f3-45e6-454a-a47b-ab8e81e30020,Nykaa Fashion,Google Play,Review,https://play.google.com/store/apps/details?id=com.fsn.nds,Neeraj Pandit,2026-08-03 08:51:41,all well settled,Nykaa Fashion Google Play reviews,English
f24fcf5e-074f-4102-922d-f58feba21f72,Nykaa Fashion,Google Play,Review,https://play.google.com/store/apps/details?id=com.fsn.nds,Mohammad Iqbal,2026-08-03 07:37:41,nice,Nykaa Fashion Google Play reviews,English
56883409-b399-4500-bdb1-7971f7ef5c71,Nykaa Fashion,Google Play,Review,https://play.google.com/store/apps/details?id=com.fsn.nds,Swathi M,2026-08-03 06:30:33,"The worst experience was that I ordered boots and I received the damaged product there is no way to return or replace even after raising the ticket, worst app",Nykaa Fashion Google Play reviews,English
43ca895f-d9ef-435c-8e43-cadebd4ba148,Nykaa Fashion,Google Play,Review,https://play.google.com/store/apps/details?id=com.fsn.nds,ojit oinam,2026-08-03 00:13:31,good,Nykaa Fashion Google Play reviews,English
81596e90-8666-47e6-b02b-b89f3cdf8622,Nykaa Fashion,Google Play,Review,https://play.google.com/store/apps/details?id=com.fsn.nds,Jitendra Pal,2026-08-02 23:30:47,osm,Nykaa Fashion Google Play reviews,English
6ad4b3d2-1286-4a02-b3f4-70560cf0b7de,Nykaa Fashion,Google Play,Review,https://play.google.com/store/apps/details?id=com.fsn.nds,Amit Shashi,2026-08-02 22:58:48,good,Nykaa Fashion Google Play reviews,English
9cddacb8-433d-4827-932c-8e021c904c09,Nykaa Fashion,Google Play,Review,https://play.google.com/store/apps/details?id=com.fsn.nds,Jatin Nagda,2026-08-02 22:36:31,"bakwas app ek number ki fraud company hai not refundable not exchange kuchh Bhi maal bhejne ka.... aur nahi koi responsibility leta hai... main company ke owner koi bhi nahin.. ,😔",Nykaa Fashion Google Play reviews,English
bf951efa-a939-4e5b-ac1c-73173a110aa6,Nykaa Fashion,Google Play,Review,https://play.google.com/store/apps/details?id=com.fsn.nds,Shiv Shetty,2026-08-02 22:06:48,very nice 👌,Nykaa Fashion Google Play reviews,English
e362193b-ea55-46be-b9ba-e54cdb90d431,Nykaa Fashion,Google Play,Review,https://play.google.com/store/apps/details?id=com.fsn.nds,Kinjal Panchal,2026-08-02 20:48:30,good,Nykaa Fashion Google Play reviews,English
b16b2393-f993-412d-b3bf-2007a74f0d0a,Nykaa Fashion,Google Play,Review,https://play.google.com/store/apps/details?id=com.fsn.nds,Mahamad Ashraf,2026-08-02 20:33:34,well sarvis,Nykaa Fashion Google Play reviews,English
fb2f5fd6-a8cd-4564-9f18-fe7043446b81,Nykaa Fashion,Google Play,Review,https://play.google.com/store/apps/details?id=com.fsn.nds,Muna Sing,2026-08-02 20:19:44,good,Nykaa Fashion Google Play reviews,English
6aecb530-17c0-464f-89e6-881593d9d5a5,Nykaa Fashion,Google Play,Review,https://play.google.com/store/apps/details?id=com.fsn.nds,Vijay Rawal,2026-08-02 20:09:01,muje mera order milna chahiye,Nykaa Fashion Google Play reviews,English
56c63e23-68dd-47d8-8521-ff1e9cb9956e,Nykaa Fashion,Google Play,Review,https://play.google.com/store/apps/details?id=com.fsn.nds,Anilkumar BR,2026-08-02 19:33:29,nice app,Nykaa Fashion Google Play reviews,English
cc363616-9308-4dce-b388-1e5ec227ec14,Nykaa Fashion,Google Play,Review,https://play.google.com/store/apps/details?id=com.fsn.nds,Abhi singh,2026-08-02 18:19:08,good,Nykaa Fashion Google Play reviews,English
48dc6aec-369a-4f6f-b7c7-444e060b3af5,Nykaa Fashion,Google Play,Review,https://play.google.com/store/apps/details?id=com.fsn.nds,Dhrumi Shah,2026-08-02 18:04:16,worst experience I ordered one trouser and as it was not proper fit wanted to return it. i returned it through the app but it was cancelled by pick up partner. I returned the item again after multiple complaint on customer care and it was again cancelled by their pick up partner...they said it did not meet the quality check but they did not even attempt the pick up. The order finally got picked up after 20 days of order...got to say customer service is not upto the mark.,Nykaa Fashion Google Play reviews,English
c30fbdbc-077a-4a24-98b3-5312bb98ce5a,Nykaa Fashion,Google Play,Review,https://play.google.com/store/apps/details?id=com.fsn.nds,Deepanjali Neha,2026-08-02 18:01:46,"it's nice but sometimes I recieve poor quality products, and it's indeed better than myntra, but just the review of others are less available that makes it less reliable to use",Nykaa Fashion Google Play reviews,English
1ae37264-3d77-40a4-a46b-1ac65bf35c88,Nykaa Fashion,Google Play,Review,https://play.google.com/store/apps/details?id=com.fsn.nds,Sahu Deeptirani,2026-08-02 17:55:45,too much high rate all kids dress,Nykaa Fashion Google Play reviews,English
f9be0c7e-1181-45d5-aecb-58788ca860e2,Nykaa Fashion,Google Play,Review,https://play.google.com/store/apps/details?id=com.fsn.nds,mohit Ji,2026-08-02 17:49:09,ok,Nykaa Fashion Google Play reviews,English
68793693-6a06-4900-ab49-df2f90959f8c,Nykaa Fashion,Google Play,Review,https://play.google.com/store/apps/details?id=com.fsn.nds,Tufail Sofi,2026-08-02 17:26:35,great,Nykaa Fashion Google Play reviews,English
b746d471-7dab-4825-8d8a-ed919e96f213,Nykaa Fashion,Google Play,Review,https://play.google.com/store/apps/details?id=com.fsn.nds,Radhika Kalantri,2026-08-02 17:21:20,"Nykaa, worst platform ever do not download the app trust me you'll regret it latr. This was my last purchase. I had ordrd something & trying to return the prodct. their delivery partner service so poor that this has happnd to me thrice in 2 months. They do nt attempt to pick up the prodct but every day you'll get a message. That they didn't pickup becoz customer asked them to reschedule or customer didn't respond or all the fake reasons. we shud not let such co.s sell in India. dn't respect cust",Nykaa Fashion Google Play reviews,English
fa3676e5-0aa3-44c6-b5c0-3a0d258992ac,Nykaa Fashion,Google Play,Review,https://play.google.com/store/apps/details?id=com.fsn.nds,Thakur satendra Gaur,2026-08-02 17:11:53,"I am extremely disappointed with my experience with Nykaa Fashion. I placed my order last week, and the promised delivery date was Friday. However, the order was never delivered. For the past two days, the delivery agent never contacted me. Instead, I kept receiving messages claiming that I was unavailable at home, which was completely false. Without even attempting to call or deliver the package, the delivery was repeatedly postponed to the next day. Because of this unprofessional service and",Nykaa Fashion Google Play reviews,English
a56042fd-170c-4650-8586-4c323041de64,Nykaa Fashion,Google Play,Review,https://play.google.com/store/apps/details?id=com.fsn.nds,Mani Kanaga,2026-08-02 16:40:06,very nice,Nykaa Fashion Google Play reviews,English
23731fa3-21c0-4455-9fc1-a09d99fcbf1f,Nykaa Fashion,Google Play,Review,https://play.google.com/store/apps/details?id=com.fsn.nds,Rajesh Kumar,2026-08-02 15:53:53,good 👍,Nykaa Fashion Google Play reviews,English
426fecad-b748-453f-a513-232e1a779609,Nykaa Fashion,Google Play,Review,https://play.google.com/store/apps/details?id=com.fsn.nds,Dr Samita Paul,2026-08-02 15:42:46,"I had the worst experience of shopping from nyka don't waste your time one item was missing from my order I requested return I got the message that the item could not pass the quality check without picking it up i struggled connecting to the customer care service for 1.5 hours but no response press 1, 9 , wait , will.connect shortly bla bla bla nyka you have disappointed me",Nykaa Fashion Google Play reviews,English
edd9b10d-b769-406c-ac92-711f5d576812,Nykaa Fashion,Google Play,Review,https://play.google.com/store/apps/details?id=com.fsn.nds,mokshita jain,2026-08-02 15:23:26,Pathetic customer care service. Don't order from them.,Nykaa Fashion Google Play reviews,English
a35ec24c-cd30-4e37-8215-03868ebfa569,Nykaa Fashion,Google Play,Review,https://play.google.com/store/apps/details?id=com.fsn.nds,Pankaj Kumar,2026-08-02 15:13:23,good,Nykaa Fashion Google Play reviews,English
c22d3134-4f7f-4588-a3e8-60e81b28e328,Nykaa Fashion,Google Play,Review,https://play.google.com/store/apps/details?id=com.fsn.nds,Omkar Vyas,2026-08-02 14:22:52,scammers,Nykaa Fashion Google Play reviews,English
3034f70b-f3f0-417d-af02-e2d36617e2b2,Nykaa Fashion,Google Play,Review,https://play.google.com/store/apps/details?id=com.fsn.nds,Srinarthana Selvakumar,2026-08-02 13:42:34,"I had an issue with the return of a non- returnable product and the mistake was on my side ..i contacted customer care several times.Finally Janice mendes attended(through chat ), understood my concern n solved it .. really happy and grateful.. couldn't thank enough for the timely support she gave..",Nykaa Fashion Google Play reviews,English
61e40f36-661a-444b-a1cc-bab0a8d8fd6e,Nykaa Fashion,Google Play,Review,https://play.google.com/store/apps/details?id=com.fsn.nds,Rabindra Orawn,2026-08-02 12:45:03,very very impressive,Nykaa Fashion Google Play reviews,English
d75f1832-e0d3-4dd4-8928-e7146ba20340,Nykaa Fashion,Google Play,Review,https://play.google.com/store/apps/details?id=com.fsn.nds,Aditya Randhir,2026-08-02 12:37:06,good,Nykaa Fashion Google Play reviews,English
b4198130-ce84-4872-a509-8f61f4be0125,Nykaa Fashion,Google Play,Review,https://play.google.com/store/apps/details?id=com.fsn.nds,Savita Jaiswal,2026-08-02 12:32:00,I have had a very bad experience for the last 3 days I am very irritated because my order has not delivered me very poor service I can't use this any shopping Nayaka,Nykaa Fashion Google Play reviews,English
3225e26d-8478-4a6a-994c-7bcb1243321a,Nykaa Fashion,Google Play,Review,https://play.google.com/store/apps/details?id=com.fsn.nds,Laxman Goudra,2026-08-02 12:28:35,good,Nykaa Fashion Google Play reviews,English
52779449-b4e8-442b-9c2f-c2da40e2432f,Nykaa Fashion,Google Play,Review,https://play.google.com/store/apps/details?id=com.fsn.nds,vipul pandey,2026-08-02 12:20:11,nkce app,Nykaa Fashion Google Play reviews,English
5b5f0c03-8fe6-4f4b-ae9f-8f769e318e4a,Nykaa Fashion,Google Play,Review,https://play.google.com/store/apps/details?id=com.fsn.nds,Parth Patidargova,2026-08-02 11:29:10,very low price,Nykaa Fashion Google Play reviews,English
6b6eb8a5-5138-44bd-8064-0fe3c5020fe0,Nykaa Fashion,Google Play,Review,https://play.google.com/store/apps/details?id=com.fsn.nds,Karan vahoniya,2026-08-02 10:27:25,❤️😍,Nykaa Fashion Google Play reviews,English
902142a3-6d15-4d48-8446-c99071c06c09,Nykaa Fashion,Google Play,Review,https://play.google.com/store/apps/details?id=com.fsn.nds,Savitri Singh,2026-08-02 10:12:54,"Nykaa is the worst company I have ever experienced, 8 have ordered a product which returned after 8 days without attending delivery.",Nykaa Fashion Google Play reviews,English
14b6dae9-16bf-482e-ab7e-4b4f83555fc9,Nykaa Fashion,Google Play,Review,https://play.google.com/store/apps/details?id=com.fsn.nds,Aisiri,2026-08-02 09:59:38,BEWARE!!!! They scam you!!! There was a certain estimate date given to me about my fairly expensive order and they KEPT ON DELAYING IT. Once it was taking too long I asked them to cancel it and refund me the amount. BUT THEY ARE NOT doing it. I've been CONSTANTLY trying to get in touch. They just say item has not been returned to the warehouse. HOW IS THAT MY PROBLEM? PLEASE MOVE AHEAD AT YOUR OWN RISK IF YOU ARE ORDERING FROM HERE.,Nykaa Fashion Google Play reviews,English
6f15053a-bd3e-40d8-84aa-2f1af96a3e5f,Nykaa Fashion,Google Play,Review,https://play.google.com/store/apps/details?id=com.fsn.nds,ajay gautam,2026-08-02 09:09:47,"worst customer experience worst delivery agent they have ube given multiple requests of replacement of my denim shirt but they didn't pick it from last 6days and because of that my shirt got out of stock and now I've raised refund request but they are keeping cancelling it they are fraud and worst in customer experience you should have etiquette and learn some manners and pls learn how to manage your orders you are like noobs everything is going like auto option as per there convenience only,",Nykaa Fashion Google Play reviews,English
7080c3bd-5856-47b5-bd9e-b26015cb492f,Nykaa Fashion,Google Play,Review,https://play.google.com/store/apps/details?id=com.fsn.nds,neena khattri,2026-08-02 08:50:05,overall satisfactory,Nykaa Fashion Google Play reviews,English
efc53948-17d1-4484-9466-63660a008bcd,Nykaa Fashion,Google Play,Review,https://play.google.com/store/apps/details?id=com.fsn.nds,Namtse,2026-08-02 03:30:16,Worst online shopping app I have opted to return a product due to size issue but it's a been a month and the return keeps getting canceled and they have the worst customer support never ever faced such issue with any other app,Nykaa Fashion Google Play reviews,English
a51002f4-6a1e-4200-ab75-a1e457217b8c,Nykaa Fashion,Google Play,Review,https://play.google.com/store/apps/details?id=com.fsn.nds,vinod sirohi,2026-08-02 00:11:26,great,Nykaa Fashion Google Play reviews,English
8b2491df-8452-40b3-bf8c-d648ee2f9a7d,Nykaa Fashion,Google Play,Review,https://play.google.com/store/apps/details?id=com.fsn.nds,Sushmitha Sujith,2026-08-01 23:42:43,nice,Nykaa Fashion Google Play reviews,English
9d3a7ec9-ebea-4a12-837f-02eeeefe57da,Nykaa Fashion,Google Play,Review,https://play.google.com/store/apps/details?id=com.fsn.nds,Alekhyaa Bellana,2026-08-01 23:05:32,"I've ordered few cloths in the app while offers are running in their particular brands , they reschedule, and finally canceled after successful end of sales and their coupons never made sence during checkout it not the 1st time , it happens only during sale time. its better to oder from other specific platforms during sales.",Nykaa Fashion Google Play reviews,English
59651b98-cc62-428d-af05-c2d02fd6e9db,Nykaa Fashion,Google Play,Review,https://play.google.com/store/apps/details?id=com.fsn.nds,Is Biswas,2026-08-01 22:19:57,good 😊,Nykaa Fashion Google Play reviews,English
ad1f313a-ceb6-466a-8ebb-de68fcc0a982,Nykaa Fashion,Google Play,Review,https://play.google.com/store/apps/details?id=com.fsn.nds,Zinobia Jabbar,2026-08-01 21:46:29,Literally the worst app u can download. I ordered pants worth 2000 rupees and they delivered it in a wrong size and when I exchanged it they delivered it in an even smaller size. Like how hard can it be to deliver the right size. I did not expect this to happen especially not the second time and I am very disappointed and frustrated from the customer service because not only does absolutely no one pick up the call help line but nobody responds to the help chat either. Very bad service don't rec.,Nykaa Fashion Google Play reviews,English
a8ee74d7-678b-4251-87d9-44d22ebbaaf1,Nykaa Fashion,Google Play,Review,https://play.google.com/store/apps/details?id=com.fsn.nds,Intizar Mohamed,2026-08-01 21:26:52,nice,Nykaa Fashion Google Play reviews,English
c0242e02-721a-4bc0-8fb0-68de0376d7d5,Nykaa Fashion,Google Play,Review,https://play.google.com/store/apps/details?id=com.fsn.nds,Sunilkant Yadav,2026-08-01 21:22:51,good,Nykaa Fashion Google Play reviews,English
d38e4d21-a4c1-4168-84e7-221214deadd1,Nykaa Fashion,Google Play,Review,https://play.google.com/store/apps/details?id=com.fsn.nds,Ramcharanreddy,2026-08-01 21:01:35,very good app 💯,Nykaa Fashion Google Play reviews,English
31f80695-648a-4c10-b714-fc69cf73638f,Nykaa Fashion,Google Play,Review,https://play.google.com/store/apps/details?id=com.fsn.nds,Sagar Rajput,2026-08-01 17:50:52,great 👍,Nykaa Fashion Google Play reviews,English
df8b3a46-5ec6-4775-90fa-a27a58818837,Nykaa Fashion,Google Play,Review,https://play.google.com/store/apps/details?id=com.fsn.nds,Md Azhar,2026-08-01 16:20:42,best at price,Nykaa Fashion Google Play reviews,English
3ef41782-1033-467e-86fc-9464b5ccce8f,Nykaa Fashion,Google Play,Review,https://play.google.com/store/apps/details?id=com.fsn.nds,Beena Soni,2026-08-01 15:16:20,cheaters,Nykaa Fashion Google Play reviews,English
f9f09ff3-9ccc-47a7-bd12-9cb7be0ac127,Nykaa Fashion,Google Play,Review,https://play.google.com/store/apps/details?id=com.fsn.nds,Megha Jain,2026-08-01 15:15:26,beautiful shoping place,Nykaa Fashion Google Play reviews,English
8c6c3f12-8065-4ca8-897d-47f642f03ef4,Nykaa Fashion,Google Play,Review,https://play.google.com/store/apps/details?id=com.fsn.nds,Tahlia,2026-08-01 14:57:58,"Worst. Unethical. Scam. These guys send products that are absolutely not worth it. when you return the product, instead of refunding back to the original payment source, they give you a store credit that has an expiry date, if you don't shop in that specific time, they confiscate your money. Horrible app. Horrible products and even more Horrible customer service.",Nykaa Fashion Google Play reviews,English
5c8692ff-229e-4695-81b6-0bc53602b541,Nykaa Fashion,Google Play,Review,https://play.google.com/store/apps/details?id=com.fsn.nds,AJAY KUMAR YADAV,2026-08-01 14:45:40,nice app,Nykaa Fashion Google Play reviews,English
60e05be4-ac8e-4fbc-94ff-42acc77f7961,Nykaa Fashion,Google Play,Review,https://play.google.com/store/apps/details?id=com.fsn.nds,VENKATESHA BC,2026-08-01 14:22:20,Best shopping,Nykaa Fashion Google Play reviews,English
f81c3f00-475b-47e3-a763-f257910f0534,Nykaa Fashion,Google Play,Review,https://play.google.com/store/apps/details?id=com.fsn.nds,Khushi Upadhyay,2026-08-01 13:47:50,The customer care service is the worst. They have to focus on the issue of the customer. I am not getting my refund and the order has been picked up already but they didn't upgrade the order history.,Nykaa Fashion Google Play reviews,English
9bbd364f-9902-4c46-a830-9535c95fdf7b,Nykaa Fashion,Google Play,Review,https://play.google.com/store/apps/details?id=com.fsn.nds,Anjali Jaiswal,2026-08-01 13:00:38,worst service ever. I tried returning the product but their delivery partner without informing me or without any otp just cancelled my return request. I tried contacting there customer service helpline number but I think there is no customer service available as no one picked the call. I tried to send mail also but didn't get any reply. Please don't buy products from this app their return policy is horrible.,Nykaa Fashion Google Play reviews,English
01f93cb6-b080-4a70-80de-3e414fa0aa4b,Nykaa Fashion,Google Play,Review,https://play.google.com/store/apps/details?id=com.fsn.nds,Anjali Pavale,2026-08-01 12:48:52,"Worst and horrible experience. No one picked up the replacement order and it kept getting rescheduled without any reason or even an attempt. After all this drama, I finally returned the item, but again no one came for pickup and it kept getting rescheduled repeatedly. No delivery partner number was provided, customer support did not solve the issue, and there was no connection to any higher authority. Very disappointing service.",Nykaa Fashion Google Play reviews,English
ae0f7471-28de-4e85-a5ea-5faa576cf2f1,Nykaa Fashion,Google Play,Review,https://play.google.com/store/apps/details?id=com.fsn.nds,Sunny Bali,2026-08-01 12:48:32,good,Nykaa Fashion Google Play reviews,English
49dc3c46-c750-4e72-b786-510fdad40e53,Nykaa Fashion,Google Play,Review,https://play.google.com/store/apps/details?id=com.fsn.nds,Payal Sharma,2026-08-01 12:09:21,"Horrible experience. They are taking orders and then cancelling them from their end after more than 10 days, in spite of providing order confirmation and informing that the order is packed and ready to be shipped. In one order one item missing (so much hassle in getting refund), another cancelled. Another order cancelled. One more cancelled. One more confirmed for around 10 days. No information. I'm sure, that will also be cancelled. All orders are prepaid. Pathetic service.",Nykaa Fashion Google Play reviews,English
bc1f26c9-3d29-4a5d-9e4f-d695df329c88,Nykaa Fashion,Google Play,Review,https://play.google.com/store/apps/details?id=com.fsn.nds,Sadim Ansari,2026-08-01 11:43:25,"Disappointed! I returned a T-shirt which I recently bought and they are taking 3 days in approval, Even I uploaded pictures with seal and tags. What rubbish, you can never beat Myntra they would have picked up and refunded so far. I do not recommend Nykaa. Go shop on Myntra or Ajio. Nykaa sucks!",Nykaa Fashion Google Play reviews,English
19a5ad48-7f13-4131-b7aa-2293c8599e5a,Nykaa Fashion,Google Play,Review,https://play.google.com/store/apps/details?id=com.fsn.nds,Tirtharaj Chetry,2026-08-01 11:34:12,items not delivered and amount not refunded and customers care any no response why ????,Nykaa Fashion Google Play reviews,English
028ec10a-3e47-4af5-8610-562dd8c64545,Nykaa Fashion,Google Play,Review,https://play.google.com/store/apps/details?id=com.fsn.nds,Nilesh Parmar,2026-08-01 10:45:24,pathetic service. taking prepaid order but not shipped even after week..disappointed,Nykaa Fashion Google Play reviews,English
3134a39d-e2dd-49e8-b01f-49124f8b80ac,Nykaa Fashion,Google Play,Review,https://play.google.com/store/apps/details?id=com.fsn.nds,Amarjeet chaudhary,2026-08-01 10:02:23,Good,Nykaa Fashion Google Play reviews,English
d4e41bbd-cb61-4511-a3a4-43b800dee8ef,Nykaa Fashion,Google Play,Review,https://play.google.com/store/apps/details?id=com.fsn.nds,Singh Sahajdua,2026-08-01 08:13:58,is good 👍,Nykaa Fashion Google Play reviews,English
6fd9e78c-268d-4ec6-92f3-e1d0ca12c85a,Nykaa Fashion,Google Play,Review,https://play.google.com/store/apps/details?id=com.fsn.nds,Jashuva Dasari,2026-08-01 07:38:46,good product,Nykaa Fashion Google Play reviews,English
3d6c192e-5cbe-4b0f-9020-aef7e02522f3,Nykaa Fashion,Google Play,Review,https://play.google.com/store/apps/details?id=com.fsn.nds,Vishal Kumar,2026-08-01 07:38:39,ok,Nykaa Fashion Google Play reviews,English
1108dfa9-3a96-4040-a432-901964ef017d,Nykaa Fashion,Google Play,Review,https://play.google.com/store/apps/details?id=com.fsn.nds,Sreenivasulu Yadav,2026-08-01 01:00:17,very good super,Nykaa Fashion Google Play reviews,English
f7fef45b-2e94-4fce-a8cd-84179dc573f3,Nykaa Fashion,Google Play,Review,https://play.google.com/store/apps/details?id=com.fsn.nds,Sourav Saini,2026-07-31 23:34:16,guddd,Nykaa Fashion Google Play reviews,English
f300b190-da5c-46cf-984c-ce822768b417,Nykaa Fashion,Google Play,Review,https://play.google.com/store/apps/details?id=com.fsn.nds,nani nani,2026-07-31 23:27:37,without download i rejected this app by the review😂,Nykaa Fashion Google Play reviews,English
e513c7e1-3147-439f-9e74-35c6d35796f7,Nykaa Fashion,Google Play,Review,https://play.google.com/store/apps/details?id=com.fsn.nds,ANSH KASHYAP,2026-07-31 22:26:27,good,Nykaa Fashion Google Play reviews,English
3a20bebc-5a7c-4dab-bb48-08360997f6b0,Nykaa Fashion,Google Play,Review,https://play.google.com/store/apps/details?id=com.fsn.nds,Prameela grandi (Prameela),2026-07-31 22:08:34,good,Nykaa Fashion Google Play reviews,English
cc83bee9-c58c-4be6-a7fc-e109117f72fa,Nykaa Fashion,Google Play,Review,https://play.google.com/store/apps/details?id=com.fsn.nds,One Stop,2026-07-31 21:55:36,awesome 👍,Nykaa Fashion Google Play reviews,English
94b63947-0401-4990-a5f6-248009496938,Nykaa Fashion,Google Play,Review,https://play.google.com/store/apps/details?id=com.fsn.nds,Chirag Patel,2026-07-31 21:23:25,Very Nice Service,Nykaa Fashion Google Play reviews,English
42a028eb-3f4d-4121-862c-4b603c8ebca5,Nykaa Fashion,Google Play,Review,https://play.google.com/store/apps/details?id=com.fsn.nds,Priyanka Kathait,2026-07-31 21:13:34,large size not available,Nykaa Fashion Google Play reviews,English
7f12257d-17af-4954-a869-a9ddc435390a,Nykaa Fashion,Google Play,Review,https://play.google.com/store/apps/details?id=com.fsn.nds,Hemanth Gowda,2026-07-31 19:54:29,osm,Nykaa Fashion Google Play reviews,English
9334f4f9-55f3-4e14-84ad-6c22832476cc,Nykaa Fashion,Google Play,Review,https://play.google.com/store/apps/details?id=com.fsn.nds,Simar Deep,2026-07-31 18:31:18,"#nykaa fashion wasim syed wasim sir did a very great job, he solved my problem very smartly. i was not able get refund related to my order but wasim sir listened to my problem and solved it very smartly. thank you so much Wasim syed sir",Nykaa Fashion Google Play reviews,English
56932b59-5805-423e-a518-8d3e6d15ff3d,Nykaa Fashion,Google Play,Review,https://play.google.com/store/apps/details?id=com.fsn.nds,Manas Das,2026-07-31 18:25:27,a pretty good app btw,Nykaa Fashion Google Play reviews,English
340b1184-4626-4cca-a4bb-e84620ac1e5f,Nykaa Fashion,Google Play,Review,https://play.google.com/store/apps/details?id=com.fsn.nds,Kumar Vishwajeet,2026-07-31 18:24:07,good,Nykaa Fashion Google Play reviews,English
52d87d47-bc8a-49f5-a535-955f6fdd00db,Nykaa Fashion,Google Play,Review,https://play.google.com/store/apps/details?id=com.fsn.nds,Asmina Khatoon,2026-07-31 17:53:02,worst app. they automatically cancel orders without informing and won't give back the coupon used.,Nykaa Fashion Google Play reviews,English
b93f970f-25b4-41b4-b509-f984f3c345d7,Nykaa Fashion,Google Play,Review,https://play.google.com/store/apps/details?id=com.fsn.nds,Gopal Garg,2026-07-31 17:40:17,not Very user friendly,Nykaa Fashion Google Play reviews,English
5490d757-efa4-4a39-90d5-761a97e38671,Nykaa Fashion,Google Play,Review,https://play.google.com/store/apps/details?id=com.fsn.nds,Deepika Prabhakar,2026-07-31 17:01:18,I am trying to reach customer service team for the last 2 days to have to an update regarding an pending order but no one is available despite multiple attempts pathetic customer service,Nykaa Fashion Google Play reviews,English
02158636-59b1-422b-a446-02013cb7bbf2,Nykaa Fashion,Google Play,Review,https://play.google.com/store/apps/details?id=com.fsn.nds,Pradip Sethi,2026-07-31 15:18:22,wow super 💯,Nykaa Fashion Google Play reviews,English
9738ef79-ae51-4b6b-99dc-85dd441b6c48,Nykaa Fashion,Google Play,Review,https://play.google.com/store/apps/details?id=com.fsn.nds,Ari,2026-07-31 14:56:22,"very bad delivery service. first they keep delaying the delivery date, then say that order is out for delivery but it doesn't reach me. delivery partner never contacted me and when called, they don't even pick up. the customer care response is nil. never ordering again from them. worst service ever.",Nykaa Fashion Google Play reviews,English
9c6f0e3f-f07c-4f3e-97b0-31fe38e67c4f,Nykaa Fashion,Google Play,Review,https://play.google.com/store/apps/details?id=com.fsn.nds,srija gangadkar,2026-07-31 13:54:43,"fraud app, whenever you place a return request, they never contact you instead they mark customer was not available and cancel the return",Nykaa Fashion Google Play reviews,English
d59a0802-064a-4e5c-834c-cf7b64fc3d7f,Nykaa Fashion,Google Play,Review,https://play.google.com/store/apps/details?id=com.fsn.nds,K Sharma,2026-07-31 13:52:13,"worst app possible , they delayed my parcel , i kept trying to reach out but there was literally no response from their side . customer support is literally a scam atleast other app listen to their customer concern, this app choose to ignore them . i am never ordering from them . i am telling you'll prefer some other app . this app does not even take action on their negligence . i hope it work on their customer support CAUSE I TELL YOU ITS LITERALLY UNRESPONSIVE.",Nykaa Fashion Google Play reviews,English
70962618-3039-4ae3-98f9-10591603ce27,Nykaa Fashion,Google Play,Review,https://play.google.com/store/apps/details?id=com.fsn.nds,sajith singh,2026-07-31 13:49:57,excellent,Nykaa Fashion Google Play reviews,English
825742de-b98b-4b93-8419-0f7b110998f1,Nykaa Fashion,Google Play,Review,https://play.google.com/store/apps/details?id=com.fsn.nds,Abhi Choudhary,2026-07-31 13:43:07,service not good,Nykaa Fashion Google Play reviews,English
9d068d07-1aa4-4c56-81bc-36dde0c59af1,Nykaa Fashion,Google Play,Review,https://play.google.com/store/apps/details?id=com.fsn.nds,Ankita Das,2026-07-31 13:19:53,accha app nhi hain return krti hu toh pickup cancel kar dete hain help line number pe call bhi nhi uthata hain ...,Nykaa Fashion Google Play reviews,English
18919c21-3026-4635-9667-fef93ead8045,Nykaa Fashion,Google Play,Review,https://play.google.com/store/apps/details?id=com.fsn.nds,Rhytham,2026-07-31 13:09:41,"I purchased an item from nykaa and when i tried to return it, it was never returned. Daily i was getting the message that courier couldnt be picked up. This happened for about 2 weeks and is still happening now. Very frustrating experience.",Nykaa Fashion Google Play reviews,English
fca39a7b-473c-428c-8344-7957c8bf990c,Nykaa Fashion,Google Play,Review,https://play.google.com/store/apps/details?id=com.fsn.nds,Md Jugnu Mistiri,2026-07-31 10:18:06,very god,Nykaa Fashion Google Play reviews,English
81c69c3c-f826-4d1e-b39b-b0a546017098,Nykaa Fashion,Google Play,Review,https://play.google.com/store/apps/details?id=com.fsn.nds,KAMTA KUMAR,2026-07-31 10:15:30,nice,Nykaa Fashion Google Play reviews,English
91969852-100c-459e-9e20-f9031441acab,Nykaa Fashion,Google Play,Review,https://play.google.com/store/apps/details?id=com.fsn.nds,RoshanGautamofficial R,2026-07-31 10:02:55,good,Nykaa Fashion Google Play reviews,English
0f56b89b-b417-4cde-8766-ade665a57b62,Nykaa Fashion,Google Play,Review,https://play.google.com/store/apps/details?id=com.fsn.nds,Adinath Salve,2026-07-31 09:44:56,nice,Nykaa Fashion Google Play reviews,English
993beade-a07a-4678-a57a-d97b03810241,Nykaa Fashion,Google Play,Review,https://play.google.com/store/apps/details?id=com.fsn.nds,Cvam Singh,2026-07-31 08:51:54,excellent,Nykaa Fashion Google Play reviews,English
282286b4-3d01-4403-9fff-d4816545d73e,Nykaa Fashion,Google Play,Review,https://play.google.com/store/apps/details?id=com.fsn.nds,Nescafeximb Nescafe,2026-07-31 03:57:01,awasome,Nykaa Fashion Google Play reviews,English
19bdf50d-23db-4f5d-a761-67af2c9cf599,Nykaa Fashion,Google Play,Review,https://play.google.com/store/apps/details?id=com.fsn.nds,Eru F,2026-07-31 02:37:00,costly zyada hai product acche hain but kch cheejen unnecessarily costly hain,Nykaa Fashion Google Play reviews,English
52a43e94-169b-4d5d-adae-37c9681227bf,Nykaa Fashion,Google Play,Review,https://play.google.com/store/apps/details?id=com.fsn.nds,Javed Khan,2026-07-31 02:02:24,very good 👍,Nykaa Fashion Google Play reviews,English
8903b18a-3c1a-489c-b76a-5ad7b97954c4,Nykaa Fashion,Google Play,Review,https://play.google.com/store/apps/details?id=com.fsn.nds,Nitish Manisha,2026-07-31 01:56:22,best,Nykaa Fashion Google Play reviews,English
6e39d974-e298-49d8-b280-9d9245a33173,Nykaa Fashion,Google Play,Review,https://play.google.com/store/apps/details?id=com.fsn.nds,Rahul Chopra,2026-07-30 21:52:10,Return Policy is too late. I have call many times customer service and chat many time. but no Response. Very bad experience. please don't believe blindly in product and service 🙏,Nykaa Fashion Google Play reviews,English
5fd6dcd3-766e-45fe-b606-c7a03b864f6a,Nykaa Fashion,Google Play,Review,https://play.google.com/store/apps/details?id=com.fsn.nds,mannu Rao,2026-07-30 21:04:44,"very bad experience maine order Kiya tha order alg hi product aaya h or return kiya to return bhi 2,3din m hua or mera refund nhi hua h abhi tk please mera refund krdo",Nykaa Fashion Google Play reviews,English
d5ea9bf1-04e1-4062-ab7f-8327767776f3,Nykaa Fashion,Google Play,Review,https://play.google.com/store/apps/details?id=com.fsn.nds,Swami,2026-07-30 20:57:07,this app is very beautiful 🤩,Nykaa Fashion Google Play reviews,English
f8721a6b-9c1f-486d-b7a9-4c15ca2c76f2,Nykaa Fashion,Google Play,Review,https://play.google.com/store/apps/details?id=com.fsn.nds,Someli Rahul,2026-07-30 20:24:55,super,Nykaa Fashion Google Play reviews,English
588c833b-9a93-46e9-8cd3-3d401a6bf709,Nykaa Fashion,Google Play,Review,https://play.google.com/store/apps/details?id=com.fsn.nds,Aryan Singh,2026-07-30 20:04:19,"👕 Men’s/women’s clothing aur accessories ka achha collection hai. ✅ Nykaa Fashion ke according, products quality-check process se guzarte hain. � Nykaa Fashion 📦 Delivery product aur location ke hisaab se vary karti hai. �",Nykaa Fashion Google Play reviews,English
dedf521c-1275-4f93-94c2-d4f26916e8e6,Nykaa Fashion,Google Play,Review,https://play.google.com/store/apps/details?id=com.fsn.nds,Sneha Kadam _19,2026-07-30 18:39:27,good,Nykaa Fashion Google Play reviews,English
4ed967fa-2b1d-4f11-8a5c-3d8eea54c94d,Nykaa Fashion,Google Play,Review,https://play.google.com/store/apps/details?id=com.fsn.nds,SERAN A,2026-07-30 18:11:09,very good offer,Nykaa Fashion Google Play reviews,English
77ca47d2-932d-49f1-9fe1-916eedcdf0ea,Nykaa Fashion,Google Play,Review,https://play.google.com/store/apps/details?id=com.fsn.nds,Riya Jadon,2026-07-30 18:03:17,nice,Nykaa Fashion Google Play reviews,English
030a890e-4bae-4a41-b5d0-47cb5c1d66be,Nykaa Fashion,Google Play,Review,https://play.google.com/store/apps/details?id=com.fsn.nds,Burhan Ahmed,2026-07-30 16:59:37,good,Nykaa Fashion Google Play reviews,English
3143dc58-706d-463c-9a40-7f6b60df73ff,Nykaa Fashion,Google Play,Review,https://play.google.com/store/apps/details?id=com.fsn.nds,Sujay B,2026-07-30 16:06:42,"Worst application ever , no proper customer support , I wanted to exchange the product but it took too long approximately 3 weeks and the delivery person is saying that the tag isn't matching",Nykaa Fashion Google Play reviews,English
cba4b460-167c-4554-b571-c46a519efc57,Nykaa Fashion,Google Play,Review,https://play.google.com/store/apps/details?id=com.fsn.nds,Hanna Elizabeth Biju,2026-07-30 16:05:00,worst experience as a 1st time order...this is so irritating if you are not sure don't mention the date of delivery wasting my time waiting for the product and keep on delaying it and say like as if I did something..bro seriously? without calling how can you say delivery unsuccessful....very disappointing blue dart was the delivery partner...very very very bad.. atleast respond to the messages properly why the hell do you guys send automated messages...wth am I suppose to reply to automated msg?,Nykaa Fashion Google Play reviews,English
9563d2ad-d1a8-418d-a3cf-2fba11fd1b6a,Nykaa Fashion,Google Play,Review,https://play.google.com/store/apps/details?id=com.fsn.nds,sunita lalwani,2026-07-30 15:31:24,"I had a very disappointing experience with Nykaa Fashion. I received a completely wrong product instead of the one I ordered, and it arrived without any label or tag. Despite raising the issue, no one has come to pick up the parcel, and no proper action has been taken by the company. The delivery partner also refused to collect the return. I paid around ₹2,000 for my order, but I received a completely different and very poor-quality product. Now the pickup is still not happening,",Nykaa Fashion Google Play reviews,English
b3db62a2-9592-41cf-b2ca-0fc2de8be266,Nykaa Fashion,Google Play,Review,https://play.google.com/store/apps/details?id=com.fsn.nds,Bhavin Suthar,2026-07-30 14:31:22,"After placing the order in nykaa fashion, it feels like I have been scammed. I have been following up for the last five days; the delivery date changes every day, but I still haven't received my product And after calling nykaa fashion customer care, it feels as if we are criminals for having placed an order We should really boycott the nykaa fashion application",Nykaa Fashion Google Play reviews,English
07014fb9-6926-491e-9d70-0e3bc00703ff,Nykaa Fashion,Google Play,Review,https://play.google.com/store/apps/details?id=com.fsn.nds,Dragon Yadav,2026-07-30 14:28:22,okay okay,Nykaa Fashion Google Play reviews,English
850a9485-e617-4709-8730-f75717bc47b0,Nykaa Fashion,Google Play,Review,https://play.google.com/store/apps/details?id=com.fsn.nds,megha bhandary,2026-07-30 13:38:02,"Delayed Delivery and Poor Customer Support I am extremely disappointed with my Nykaa Fashion order. It is a prepaid order, but it has been delayed for several days without any proper update. I have tried calling customer support multiple times, but no one has answered my calls. It is very frustrating that I am unable to get any information about my order. I request you to provide an immediate update on my order and ensure that it is delivered as soon as possible.",Nykaa Fashion Google Play reviews,English
294862f2-e853-45f8-b3b9-aae46b29d18f,Nykaa Fashion,Google Play,Review,https://play.google.com/store/apps/details?id=com.fsn.nds,ROYAL TRADERS@gmail.com5336 ROYAL TRADERS@gmail.com5336,2026-07-30 13:37:57,good,Nykaa Fashion Google Play reviews,English
1ee254c7-ae5d-4aab-bc64-7c56f08b20cb,Nykaa Fashion,Google Play,Review,https://play.google.com/store/apps/details?id=com.fsn.nds,JAI VENKATA KRISHNA,2026-07-30 13:04:06,good,Nykaa Fashion Google Play reviews,English
a54a9d32-eb43-4006-91c1-629ccfb298e0,Nykaa Fashion,Google Play,Review,https://play.google.com/store/apps/details?id=com.fsn.nds,Kirshan Meena Meena,2026-07-30 11:40:13,good,Nykaa Fashion Google Play reviews,English
7e41c88a-55a9-4d67-8ebf-435888cb4e4b,Nykaa Fashion,Google Play,Review,https://play.google.com/store/apps/details?id=com.fsn.nds,Mounika Gangisetty,2026-07-30 11:11:10,"worst delaying the product was very hell. it shows 1day delivery but it takes 10 days too delivery . No support to call or chat ,I just want to uninstall this....If u want to save time don't buy in this",Nykaa Fashion Google Play reviews,English
a4320222-e00c-4665-aff2-e650d8faec3f,Nykaa Fashion,Google Play,Review,https://play.google.com/store/apps/details?id=com.fsn.nds,prasannkkp 579,2026-07-30 10:59:58,🤝ok great,Nykaa Fashion Google Play reviews,English
4e4283b6-59b8-4744-b5a6-4b08b31f45d8,Nykaa Fashion,Google Play,Review,https://play.google.com/store/apps/details?id=com.fsn.nds,Bolla Ganesh Reddy,2026-07-30 10:52:31,worst delivery services. not worthy app,Nykaa Fashion Google Play reviews,English
a9d8e48c-97dd-4242-a274-f965ac42532b,Nykaa Fashion,Google Play,Review,https://play.google.com/store/apps/details?id=com.fsn.nds,kiran sawant,2026-07-30 10:25:47,worst experience.. pathetic service no response on call on mail no where giving used product and not taking back plz check the pending tickets mail,Nykaa Fashion Google Play reviews,English
4a0700a2-dd84-4caa-8a93-33349fb3d355,Nykaa Fashion,Google Play,Review,https://play.google.com/store/apps/details?id=com.fsn.nds,satpal yadav,2026-07-30 10:13:50,very batter,Nykaa Fashion Google Play reviews,English
833f99a1-200b-461e-b566-b5a09a666755,Nykaa Fashion,Google Play,Review,https://play.google.com/store/apps/details?id=com.fsn.nds,Pallavi Thakur,2026-07-30 10:10:11,recently this was my first order from Nayka and I am having the worst experience of my life for shopping online the customer service is very poor they only do blame game. The hype for this app ain't worth it,Nykaa Fashion Google Play reviews,English
6242d883-bf36-44bf-9d7e-73454d0338b0,Nykaa Fashion,Google Play,Review,https://play.google.com/store/apps/details?id=com.fsn.nds,sudeshna roy,2026-07-30 08:27:12,"usability is not as smooth as other apps. Order help is not there, incase of delay we have no option to cancel or ask reason. Nykaa should work on app and order support",Nykaa Fashion Google Play reviews,English
c82b3b54-eba5-459a-8376-b0f135a50f17,Nykaa Fashion,Google Play,Review,https://play.google.com/store/apps/details?id=com.fsn.nds,Yash,2026-07-30 07:23:35,👍,Nykaa Fashion Google Play reviews,English
7b2854d2-e358-4108-b021-288aa723aabe,Nykaa Fashion,Google Play,Review,https://play.google.com/store/apps/details?id=com.fsn.nds,Rahul Tiwari,2026-07-30 01:30:56,this is the froud app ... mera ek return request is pending since last week.. koi bhi is app se shoping na kre,Nykaa Fashion Google Play reviews,English
546375e5-19cc-4fbd-97da-323de83a08c4,Nykaa Fashion,Google Play,Review,https://play.google.com/store/apps/details?id=com.fsn.nds,Peerzada Waseem Aarish,2026-07-30 00:36:10,Good,Nykaa Fashion Google Play reviews,English
a219087e-6699-4710-b07f-3538c0cf9484,Nykaa Fashion,Google Play,Review,https://play.google.com/store/apps/details?id=com.fsn.nds,teja addagarla,2026-07-29 23:40:39,nice,Nykaa Fashion Google Play reviews,English
f0485c26-5655-4468-8a4e-7c133c8c7c37,Nykaa Fashion,Google Play,Review,https://play.google.com/store/apps/details?id=com.fsn.nds,asha agarwal,2026-07-29 22:13:47,worst service,Nykaa Fashion Google Play reviews,English
ae846772-efa3-49de-a611-4e27af8efe06,Nykaa Fashion,Google Play,Review,https://play.google.com/store/apps/details?id=com.fsn.nds,rajiv rao,2026-07-29 22:01:03,good product,Nykaa Fashion Google Play reviews,English
de03cb63-8106-497b-bc06-b3e30d958a3e,Nykaa Fashion,Google Play,Review,https://play.google.com/store/apps/details?id=com.fsn.nds,Sodha balveer Singh,2026-07-29 21:50:08,vivo chi no good,Nykaa Fashion Google Play reviews,English
8b109b11-4bf5-4bbe-8b56-1848d4a887b8,Nykaa Fashion,Google Play,Review,https://play.google.com/store/apps/details?id=com.fsn.nds,Sikta Das,2026-07-29 21:28:46,worst app.no option for raise query regarding undelivered order,Nykaa Fashion Google Play reviews,English
41f40b84-dc44-4c53-abf8-0c145b8fa71d,Nykaa Fashion,Google Play,Review,https://play.google.com/store/apps/details?id=com.fsn.nds,Yasmin Qureshi,2026-07-29 21:05:42,good apps,Nykaa Fashion Google Play reviews,English
02317a9f-db0b-4236-87fb-175e9255e6d1,Nykaa Fashion,Google Play,Review,https://play.google.com/store/apps/details?id=com.fsn.nds,Prachi Arora,2026-07-29 19:52:05,they don't deliver products on time despite of following up 10 times and harass the customer mentally and take a long time to cancel after delaying delivery 8 times.,Nykaa Fashion Google Play reviews,English
ba1a5300-1083-457c-af2c-214fddf3811c,Nykaa Fashion,Google Play,Review,https://play.google.com/store/apps/details?id=com.fsn.nds,Muna Pradhan,2026-07-29 19:48:44,super,Nykaa Fashion Google Play reviews,English
320223f7-a8f8-4ded-a089-dc3fbf7190f6,Nykaa Fashion,Google Play,Review,https://play.google.com/store/apps/details?id=com.fsn.nds,Sneha Mallya,2026-07-29 17:42:37,"Extremely disappointed with Nykaa Fashion. I requested a return on the same day of delivery, and it was approved, but for the last 15 days the pickup has repeatedly failed. The Delhivery agent says the tag number doesn't match, which is an internal issue. Customer support only keeps rescheduling the pickup without resolving it. I've wasted my time and faced unnecessary harassment. Very poor after-sales service. I do not recommend Nykaa Fashion.",Nykaa Fashion Google Play reviews,English
21ae38b2-b221-4d0c-9574-f106caff9b4d,Nykaa Fashion,Google Play,Review,https://play.google.com/store/apps/details?id=com.fsn.nds,Amol Borhade,2026-07-29 17:35:09,no any discount coupon working it's showing minimum order amount when you reach that limit then it says this coupon is not applicable for these products you selected.,Nykaa Fashion Google Play reviews,English
1efd17fc-0d63-471e-87ba-24ccad909014,Nykaa Fashion,Google Play,Review,https://play.google.com/store/apps/details?id=com.fsn.nds,Madhu jain,2026-07-29 17:23:41,they don't accept returns it's a fraud company,Nykaa Fashion Google Play reviews,English
8531cb6d-4218-4bcb-9bff-788a440407b2,Nykaa Fashion,Google Play,Review,https://play.google.com/store/apps/details?id=com.fsn.nds,Krnn Thakur,2026-07-29 16:51:05,nice product 😃,Nykaa Fashion Google Play reviews,English
0072f51a-c467-4464-8e15-7b7ab9488464,Nykaa Fashion,Google Play,Review,https://play.google.com/store/apps/details?id=com.fsn.nds,Kavita Jain,2026-07-29 16:31:58,delivery and customer service late,Nykaa Fashion Google Play reviews,English
9df5a54d-2024-484b-8665-64d34926787a,Nykaa Fashion,Google Play,Review,https://play.google.com/store/apps/details?id=com.fsn.nds,Vinod Varma,2026-07-29 16:02:18,worst ever experience I added 1500 cash but it is not showing in my wallet and I bought one shirt and placed return order still I didn't get any call but it was rescheduled more than 5 times and cancelled automatically worst and pathetic service better to avoid Nykaa app,Nykaa Fashion Google Play reviews,English
5ffef716-b058-41be-96c7-045169096e28,Nykaa Fashion,Google Play,Review,https://play.google.com/store/apps/details?id=com.fsn.nds,Minakshi Singh,2026-07-29 15:02:28,Worst App . They don't deliver on time and later they try to scam even after cancellation they sent the person and insisted on taking it. Pathetic service,Nykaa Fashion Google Play reviews,English
d2d064e6-8803-4bf9-be29-0deeb9a05aed,Nykaa Fashion,Google Play,Review,https://play.google.com/store/apps/details?id=com.fsn.nds,Vatsal Shah,2026-07-29 14:59:09,very bad very bad experincse.. delivery partner not accept order .. 0 rate this application,Nykaa Fashion Google Play reviews,English
a5f8b214-a29a-455b-8349-20eb93cb6202,Nykaa Fashion,Google Play,Review,https://play.google.com/store/apps/details?id=com.fsn.nds,Mehar Kaur,2026-07-29 14:47:43,Average,Nykaa Fashion Google Play reviews,English
0f94fe42-c35c-46b5-8913-8d8b1a31b534,Nykaa Fashion,Google Play,Review,https://play.google.com/store/apps/details?id=com.fsn.nds,Kavya Jogi,2026-07-29 14:19:27,"Extremely disappointing experience with Nykaa. My order was shipped on 16 July and has been stuck at the Bengaluru hub for nearly two weeks. I raised a complaint on 25 July, but no action was taken. Customer support keeps giving the same generic responses without resolving the issue. This level of service is unacceptable. If you cannot deliver products on time, don't make false delivery commitments. I have completely lost trust in Nykaa. Improve your logistics and customer support.",Nykaa Fashion Google Play reviews,English
1d9587db-e98d-48ba-88a3-d74db0fd3abd,Nykaa Fashion,Google Play,Review,https://play.google.com/store/apps/details?id=com.fsn.nds,Sai,2026-07-29 12:46:57,good app,Nykaa Fashion Google Play reviews,English
5adf290d-e1aa-46bf-9bfd-280f3ea9d07a,Nykaa Fashion,Google Play,Review,https://play.google.com/store/apps/details?id=com.fsn.nds,Ravikiran N,2026-07-29 12:40:47,Never ever buy anything from this Nykaa. All the products prices are higher than normal. Worst is customer service. If you wanted to return your product then im sure it will take more than 3 weeks.,Nykaa Fashion Google Play reviews,English
8cb5db57-fe93-4166-bcaa-9d263072973b,Nykaa Fashion,Google Play,Review,https://play.google.com/store/apps/details?id=com.fsn.nds,Praveen Mewara,2026-07-29 11:40:06,"Very disappointing experience. I ordered two sarees, and both were completely different from what I ordered. I raised a complaint for the first one but received no proper response. Poor quality control and customer service. I have lost trust in shopping from Nykaa Fashion.I hope Nykaa takes customer complaints seriously and improves its service. Until then, I cannot recommend shopping here.",Nykaa Fashion Google Play reviews,English
c75a193f-f44c-410d-b443-2ce788ec181d,Nykaa Fashion,Google Play,Review,https://play.google.com/store/apps/details?id=com.fsn.nds,Kiran Patel,2026-07-29 11:39:13,worst app empty box received huwa hai usme complaint krne par koi response nahi aata,Nykaa Fashion Google Play reviews,English
4aadae2f-7356-42a4-a219-f02d73f89660,Nykaa Fashion,Google Play,Review,https://play.google.com/store/apps/details?id=com.fsn.nds,Samriti,2026-07-29 10:26:27,worst app,Nykaa Fashion Google Play reviews,English
1018967f-66b7-4cd9-b5c5-c0c75992d456,Nykaa Fashion,Google Play,Review,https://play.google.com/store/apps/details?id=com.fsn.nds,Muskan Sayyed,2026-07-29 10:10:37,"Very poor delivery experience. My order was delayed without any clear explanation, and customer support was not helpful in resolving the issue. I expected much better service from Nykaa.",Nykaa Fashion Google Play reviews,English
24a06423-0a53-45de-a49a-16db154e9166,Nykaa Fashion,Google Play,Review,https://play.google.com/store/apps/details?id=com.fsn.nds,Jahangir Hello,2026-07-29 09:56:52,wow,Nykaa Fashion Google Play reviews,English
8eda44ad-d76b-43c1-b883-f3b9490c0b27,Nykaa Fashion,Google Play,Review,https://play.google.com/store/apps/details?id=com.fsn.nds,VIVEK KUMAR,2026-07-29 09:51:03,frod app hai yha pr sirf frod hota h maine jeans order kiya faltu quality ka aya to maine return kr diya or return chla bhi gya or app me show kr raha h pickup unsuccesful or paisa bhi retun nahi aya ap sab se requst hai ki is app se shoping nahi kijye,Nykaa Fashion Google Play reviews,English
a751a4b1-a7d0-4984-af84-ebd338b011aa,Nykaa Fashion,Google Play,Review,https://play.google.com/store/apps/details?id=com.fsn.nds,Rekhasham Rekhasham,2026-07-29 09:38:56,super 👌,Nykaa Fashion Google Play reviews,English
0868cead-5c5c-4c0e-82b2-538a147c070e,Nykaa Fashion,Google Play,Review,https://play.google.com/store/apps/details?id=com.fsn.nds,Akshay teja Patel,2026-07-29 08:58:12,excellent app for shopping.,Nykaa Fashion Google Play reviews,English
aebe01b4-0555-4e63-8b5c-54ee9d6c4ba7,Nykaa Fashion,Google Play,Review,https://play.google.com/store/apps/details?id=com.fsn.nds,naresh singani,2026-07-29 08:17:25,"worst return policy in overall Industry, not even timely delivery and sells scrap with highest price.",Nykaa Fashion Google Play reviews,English
f7be27cf-2159-46a4-9186-c538c4ba77f6,Nykaa Fashion,Google Play,Review,https://play.google.com/store/apps/details?id=com.fsn.nds,Rupinder Hunjan,2026-07-29 07:49:36,"Had a horrible experience, not even worth one star. They dont deliver products and just say that there is a delay in the product and then cannot deliver. I have had this problem 5 times and everytime they charge a fee for 50Rs. My money is getting wasted and the app is so bad there is not customer care properly available to compliant. Worst possible experience and i have been shopping online for a while and my money is stuck in its wallet",Nykaa Fashion Google Play reviews,English
54221144-f5ff-4f97-98a8-e32ed1047708,Nykaa Fashion,Google Play,Review,https://play.google.com/store/apps/details?id=com.fsn.nds,Rizwan Ali,2026-07-29 01:56:14,So good shopping collection so good 👍😊,Nykaa Fashion Google Play reviews,English
44826877-a48a-47b7-b118-13623030ed43,Nykaa Fashion,Google Play,Review,https://play.google.com/store/apps/details?id=com.fsn.nds,M1 NX,2026-07-28 21:55:47,discinting,Nykaa Fashion Google Play reviews,English
91485063-0420-4fbc-934e-b9843a2ca996,Nykaa Fashion,Google Play,Review,https://play.google.com/store/apps/details?id=com.fsn.nds,RIJUMONI CHUTIA,2026-07-28 21:45:59,Good,Nykaa Fashion Google Play reviews,English
e76fee81-4033-4ece-bf73-6b65e1b62c90,Nykaa Fashion,Google Play,Review,https://play.google.com/store/apps/details?id=com.fsn.nds,Shreya Krishna,2026-07-28 21:42:46,need better discounts,Nykaa Fashion Google Play reviews,English
ee9f1c86-0547-44a0-9951-272eddc37a63,Nykaa Fashion,Google Play,Review,https://play.google.com/store/apps/details?id=com.fsn.nds,avinash katre,2026-07-28 21:27:01,"great service by 'kashif ansari', very helpful,tysm!",Nykaa Fashion Google Play reviews,English
56db046b-9949-4819-9425-2c70bd94aff6,Nykaa Fashion,Google Play,Review,https://play.google.com/store/apps/details?id=com.fsn.nds,Jagat Makodiya,2026-07-28 20:36:15,good,Nykaa Fashion Google Play reviews,English
ca168bdf-7ea6-48ce-aa13-43aadb82b279,Nykaa Fashion,Google Play,Review,https://play.google.com/store/apps/details?id=com.fsn.nds,Nripen Goswami,2026-07-28 19:30:29,good app but nykaa for makeup is horrible i would never recommend my order was broken i tried to replace rejected i tried to call they did not pick up i tried and everything nothing worked,Nykaa Fashion Google Play reviews,English
62e4767d-bf9b-4f66-bb21-522c00dd298b,Nykaa Fashion,Google Play,Review,https://play.google.com/store/apps/details?id=com.fsn.nds,1277 Trisha Jana,2026-07-28 19:11:35,good 😊,Nykaa Fashion Google Play reviews,English
afe340c3-702b-43c8-ba5e-552c2ce915b1,Nykaa Fashion,Google Play,Review,https://play.google.com/store/apps/details?id=com.fsn.nds,Suranjana Chatterjee,2026-07-28 18:45:22,disgusting app. customer assistance is just horrible,Nykaa Fashion Google Play reviews,English
21bffa90-5052-4ada-b632-07b120e9a280,Nykaa Fashion,Google Play,Review,https://play.google.com/store/apps/details?id=com.fsn.nds,Guru Shukla,2026-07-28 18:00:06,very bad Exp with naykaa fashion naver use again. two time order from nykaa . pahli baar product on the way missing. second time same product reorder than wrong item dispatch and deliverd after discussion custmar care but pikup and product cancled from nykaa. bahut bura exp raha .kisi ko suggest nhi karuga ke nykaa fashion use kare...😡😡,Nykaa Fashion Google Play reviews,English
dccb686e-f774-47a0-be32-e2c4c6b5746b,Nykaa Fashion,Google Play,Review,https://play.google.com/store/apps/details?id=com.fsn.nds,Vidhan Agrawal,2026-07-28 17:55:27,nice 👍 very nice 🙂,Nykaa Fashion Google Play reviews,English
62b91ac2-d259-46bd-afaf-55020a94add7,Nykaa Fashion,Google Play,Review,https://play.google.com/store/apps/details?id=com.fsn.nds,Sudha Kumari,2026-07-28 17:34:01,nice 👍,Nykaa Fashion Google Play reviews,English
6e28eab9-ff96-4621-aa95-81ed0d528595,Nykaa Fashion,Google Play,Review,https://play.google.com/store/apps/details?id=com.fsn.nds,VASIM AKRAM,2026-07-28 17:19:53,good,Nykaa Fashion Google Play reviews,English
fded0715-1544-45b9-8af7-bbd00449ce97,Nykaa Fashion,Google Play,Review,https://play.google.com/store/apps/details?id=com.fsn.nds,Sheetal Kumari,2026-07-28 16:44:34,"they don't provide delivery on time, guys if you have a prior event and the delivery date of a product you want is way before that, stilll please don't trust nykaa fashion",Nykaa Fashion Google Play reviews,English
6a63f204-1497-4817-9718-27375329415d,Nykaa Fashion,Google Play,Review,https://play.google.com/store/apps/details?id=com.fsn.nds,OSHANK SHUKLA,2026-07-28 16:33:26,Okayy,Nykaa Fashion Google Play reviews,English
c0b929d2-595e-4daa-90e9-3958daa58770,Nykaa Fashion,Google Play,Review,https://play.google.com/store/apps/details?id=com.fsn.nds,keerti murari,2026-07-28 16:30:08,i had the extremely unpleasant experience with this app. they have the worst customer support i have ever come across. never using it again,Nykaa Fashion Google Play reviews,English
0c483eb4-eaa3-4d3f-90d8-878f75683418,Nykaa Fashion,Google Play,Review,https://play.google.com/store/apps/details?id=com.fsn.nds,Rani Rani,2026-07-28 16:01:30,good,Nykaa Fashion Google Play reviews,English
4e111ceb-b45e-4c02-a5de-fc03f561db10,Nykaa Fashion,Google Play,Review,https://play.google.com/store/apps/details?id=com.fsn.nds,60 DEBABRATA DUTTA,2026-07-28 14:31:33,good,Nykaa Fashion Google Play reviews,English
9a31bf05-db40-4432-b0fd-d2236ec505fd,Nykaa Fashion,Google Play,Review,https://play.google.com/store/apps/details?id=com.fsn.nds,jszingkuila jajo,2026-07-28 14:28:48,Pathetic 😡 worst online shopping. Not even a single call from delivery person and they will cancelled saying that the person is not available.,Nykaa Fashion Google Play reviews,English
98a6c6a6-9fea-45c8-b815-8670c9bf21ba,Nykaa Fashion,Google Play,Review,https://play.google.com/store/apps/details?id=com.fsn.nds,sinchal gupta,2026-07-28 14:21:31,customer support is very poor. They don't pick up the call despite calling several times. Neither they respond on chat,Nykaa Fashion Google Play reviews,English
040cae6c-e61a-4c45-a144-6cf797783c03,Nykaa Fashion,Google Play,Review,https://play.google.com/store/apps/details?id=com.fsn.nds,Rajaswi Patil,2026-07-28 13:54:31,not Good Service I don't Like Give Money Back 😭😭😭😭,Nykaa Fashion Google Play reviews,English
5e6e7a77-be9c-4053-bc5d-c9e7098e9316,Nykaa Fashion,Google Play,Review,https://play.google.com/store/apps/details?id=com.fsn.nds,Khushi Saini,2026-07-28 13:01:21,this is ausome app I love the product,Nykaa Fashion Google Play reviews,English
d3506701-760f-4a81-bb7a-04eee36f1102,Nykaa Fashion,Google Play,Review,https://play.google.com/store/apps/details?id=com.fsn.nds,veeru Kadu,2026-07-28 12:58:12,good 😊,Nykaa Fashion Google Play reviews,English
b0b65856-e568-4602-8540-9c31159f72b3,Nykaa Fashion,Google Play,Review,https://play.google.com/store/apps/details?id=com.fsn.nds,Preeti Sharma,2026-07-28 12:30:28,gud service,Nykaa Fashion Google Play reviews,English
e787d72c-5f5a-4a95-aca4-d7b225b2ef83,Nykaa Fashion,Google Play,Review,https://play.google.com/store/apps/details?id=com.fsn.nds,Mohan Mohan,2026-07-28 12:22:17,good,Nykaa Fashion Google Play reviews,English
4dd8ec18-40f1-4c0b-9cb0-12baf9d6a5e6,Nykaa Fashion,Google Play,Review,https://play.google.com/store/apps/details?id=com.fsn.nds,Kundan Kumar,2026-07-28 11:40:50,it's very bust company don't respond properly to costumer.. a order show ready to place Last 4 Day I had cancelled but they told me tecnical issues ke karan cancel nhi hua h... nad not refund my amount,Nykaa Fashion Google Play reviews,English
198f1639-26e9-44f2-b48f-be2af9dd0bb9,Nykaa Fashion,Google Play,Review,https://play.google.com/store/apps/details?id=com.fsn.nds,Anandhi Ganeshkumar,2026-07-28 10:09:45,excellent shopping in nykaa always best,Nykaa Fashion Google Play reviews,English
5dd2fee4-de36-4a22-94c6-d6082e2cce16,Nykaa Fashion,Google Play,Review,https://play.google.com/store/apps/details?id=com.fsn.nds,Naina Singh,2026-07-28 09:27:45,the delivery process is pathetic. and now i am removing the app,Nykaa Fashion Google Play reviews,English
ee749fe8-bc6b-4c09-970c-e8ce06c9f31e,Nykaa Fashion,Google Play,Review,https://play.google.com/store/apps/details?id=com.fsn.nds,Rahul Amin,2026-07-28 09:08:28,good,Nykaa Fashion Google Play reviews,English
a60b26fd-8b98-48d1-a501-428313d3b2f1,Nykaa Fashion,Google Play,Review,https://play.google.com/store/apps/details?id=com.fsn.nds,Biswajit Biswas,2026-07-28 09:01:31,delay customer care response,Nykaa Fashion Google Play reviews,English
c541331b-2af9-41aa-8ac8-8898854e58a3,Nykaa Fashion,Google Play,Review,https://play.google.com/store/apps/details?id=com.fsn.nds,dishita valera,2026-07-28 08:16:56,"Nykaa courior service is very very very bad and Nobody can help you to get the order 😔 I ordered 6th of July today it's 27th of July but my order is not delivered yet and now also asking for me to get the order is 24/48 hours between the delivered to you and i surprised in morning 28th of July my order is cancelled, 21 day's gone but not delivered my order, His Shadowfax courior service is very very very bad, courior boy not coming to the your given add. and updated the person will be not there",Nykaa Fashion Google Play reviews,English
7c2542b6-9b9e-462e-a0e9-880a17f42a5e,Nykaa Fashion,Google Play,Review,https://play.google.com/store/apps/details?id=com.fsn.nds,Sakur Khan,2026-07-28 08:11:39,very nice service you good 💯,Nykaa Fashion Google Play reviews,English
f010c45b-e2cc-4ddb-bcdd-dd5685407f62,Nykaa Fashion,Google Play,Review,https://play.google.com/store/apps/details?id=com.fsn.nds,Kiran Pakhale,2026-07-28 06:34:00,Nice offer,Nykaa Fashion Google Play reviews,English
bd25c6e1-bda4-419d-b116-c45286b4c1bb,Nykaa Fashion,Google Play,Review,https://play.google.com/store/apps/details?id=com.fsn.nds,IFTI ANSARI,2026-07-28 02:31:46,the discount offers are very good,Nykaa Fashion Google Play reviews,English
729b16e7-2795-4496-812b-ae143b12f40d,Nykaa Fashion,Google Play,Review,https://play.google.com/store/apps/details?id=com.fsn.nds,KRISHN RAJ,2026-07-28 02:13:32,all good.,Nykaa Fashion Google Play reviews,English
1fc5d957-df43-4c3d-92f1-ab5db4952ec5,Nykaa Fashion,Google Play,Review,https://play.google.com/store/apps/details?id=com.fsn.nds,Barsha Banerjee Mukherjee,2026-07-28 01:53:48,I love it.,Nykaa Fashion Google Play reviews,English
6748b4b9-c377-46f9-8096-03f5577dd140,Nykaa Fashion,Google Play,Review,https://play.google.com/store/apps/details?id=com.fsn.nds,sreerag m s,2026-07-28 00:20:53,Struggles with timely deliveries.,Nykaa Fashion Google Play reviews,English
9baddc92-2055-4460-85ee-d88fd6510116,Nykaa Fashion,Google Play,Review,https://play.google.com/store/apps/details?id=com.fsn.nds,Shivani Valloji,2026-07-27 23:26:21,awesome collections,Nykaa Fashion Google Play reviews,English
d43e2a11-f52a-41bc-80a6-9e36f3e9ac15,Nykaa Fashion,Google Play,Review,https://play.google.com/store/apps/details?id=com.fsn.nds,Arshad Alam,2026-07-27 23:19:37,superb,Nykaa Fashion Google Play reviews,English
c85b66a3-a759-4eed-9a81-6262ab797110,Nykaa Fashion,Google Play,Review,https://play.google.com/store/apps/details?id=com.fsn.nds,Rajasekhar Reddy,2026-07-27 23:02:22,good,Nykaa Fashion Google Play reviews,English
0eace936-25eb-4b0f-b261-54baa5255517,Nykaa Fashion,Google Play,Review,https://play.google.com/store/apps/details?id=com.fsn.nds,Sheetal Choudhary,2026-07-27 22:51:06,nice,Nykaa Fashion Google Play reviews,English
4b87c73f-7197-45ca-a797-d22ea911ca16,Nykaa Fashion,Google Play,Review,https://play.google.com/store/apps/details?id=com.fsn.nds,priyanka mahajan,2026-07-27 21:26:16,Great shopping here,Nykaa Fashion Google Play reviews,English
1e9c6587-9dbc-4840-954a-c1cab0c19953,Nykaa Fashion,Google Play,Review,https://play.google.com/store/apps/details?id=com.fsn.nds,Contact Numbers,2026-07-27 20:56:42,"I can't exchange a product even it's in stock, better use myntra",Nykaa Fashion Google Play reviews,English
9e8d3d72-5453-4de7-b8a5-dbd65b23a9ed,Nykaa Fashion,Google Play,Review,https://play.google.com/store/apps/details?id=com.fsn.nds,Gousia Shaik,2026-07-27 20:21:21,"I have very bad experience with my first order,I missed the call from.delivery agent on the day of delivery(23-07-206).In the app they mentioned,it will be rescheduled within in 24-48 hrs.Even after contacting the customer support ,the order is not delivered yet..Giving one start for poor customer support",Nykaa Fashion Google Play reviews,English
d10feac8-0736-41db-a731-470bab07a732,Nykaa Fashion,Google Play,Review,https://play.google.com/store/apps/details?id=com.fsn.nds,lokpal betala,2026-07-27 20:07:34,"If you order forgot you will get a refund on the wrong item, I have requested for refund within 5 minutes of order marked as delivered as it was a wrong item, from 3 days they are still processing whether this return should be approved or not, forgot about what will happen if return pickup is not done, all positive reviews seems to be fake, a company selling goods worth billions and there is no support representative available till 3 days, all sales data seems to be fake, don't buy anything",Nykaa Fashion Google Play reviews,English
f33ab7b9-be85-47c3-80d3-c401cf334ed6,Nykaa Fashion,Google Play,Review,https://play.google.com/store/apps/details?id=com.fsn.nds,Milind Nilajkar,2026-07-27 19:18:30,For the very first time I placed order for a product and really very very bad experience. These guys are dependent on the courier services which they have tied up..The courier services show order out for delivery and the evening we get surprise since the recipient was not reachable the delivery is postpned for the next 24 hours and the same thing repeats the every next evening. In fact no courier person calls but we get a message from Nykaa since not reachable delivery is rescheduled.,Nykaa Fashion Google Play reviews,English
fe2ef2cc-24b4-43d2-a692-264588ef8c2b,Nykaa Fashion,Google Play,Review,https://play.google.com/store/apps/details?id=com.fsn.nds,neeraj gour,2026-07-27 19:03:28,good,Nykaa Fashion Google Play reviews,English
c33106b5-face-425b-8099-0777f50e87c2,Nykaa Fashion,Google Play,Review,https://play.google.com/store/apps/details?id=com.fsn.nds,Firoz Knk,2026-07-27 18:57:45,good,Nykaa Fashion Google Play reviews,English
ce8e2e83-6225-4b1f-bd09-15cdf9dc3a6b,Nykaa Fashion,Google Play,Review,https://play.google.com/store/apps/details?id=com.fsn.nds,Biju Kumar N,2026-07-27 18:48:13,very poor customer service. substandard items r selling with high end price with illogical coupon offers to lure innocent customer.,Nykaa Fashion Google Play reviews,English
e2e6997a-d785-4f46-a049-c7d107088a44,Nykaa Fashion,Google Play,Review,https://play.google.com/store/apps/details?id=com.fsn.nds,shanti yadav,2026-07-27 17:50:25,"This was my first order from Nykaa Fashion, and unfortunately I received the wrong product. I'm very disappointed with this experience. I've also tried contacting your support team through chat, but I haven't received any response. Please improve your customer support and resolve my issue as soon as possible.",Nykaa Fashion Google Play reviews,English
65f36ce9-e3b6-45cb-9042-31f76f739b40,Nykaa Fashion,Google Play,Review,https://play.google.com/store/apps/details?id=com.fsn.nds,Karan Nath,2026-07-27 17:34:10,good,Nykaa Fashion Google Play reviews,English
fea0a54a-8e30-4d1b-8b28-927c01fafb5d,Nykaa Fashion,Google Play,Review,https://play.google.com/store/apps/details?id=com.fsn.nds,Darsh Jindal,2026-07-27 17:22:56,ek number bakar product h or return policy toh or bekar h jaka mar jao khi pa,Nykaa Fashion Google Play reviews,English
0941d9d3-852f-45cf-80fb-cc06e22b4f88,Nykaa Fashion,Google Play,Review,https://play.google.com/store/apps/details?id=com.fsn.nds,Kumar Kumar,2026-07-27 16:52:41,3stars,Nykaa Fashion Google Play reviews,English
f613e3b2-bc7e-4cbf-bc47-dbfb7a5c6113,Nykaa Fashion,Google Play,Review,https://play.google.com/store/apps/details?id=com.fsn.nds,Saida Fathima,2026-07-27 16:40:43,Do NOT🚫 download this pathetic app. One of the most worst app I have ever used. customer support is the most most pathetic in this app. You will not get any compensation when you are wronged. Trust me I wish I never downloaded this stupid useless app. horrible just pure pathetic app and the customer support.,Nykaa Fashion Google Play reviews,English
41b47aa2-1316-44c3-810e-bfa8747b7a99,Nykaa Fashion,Google Play,Review,https://play.google.com/store/apps/details?id=com.fsn.nds,jerishma noufal,2026-07-27 15:56:37,very fraud app,Nykaa Fashion Google Play reviews,English
b592fb26-e992-46c5-b541-2d14dff7c694,Nykaa Fashion,Google Play,Review,https://play.google.com/store/apps/details?id=com.fsn.nds,Bhanu Prakash Rai,2026-07-27 15:53:53,this app is full of scammers Beware before buying anything!,Nykaa Fashion Google Play reviews,English
307156c8-3cc9-4eb8-830f-04515edf85d3,Nykaa Fashion,Google Play,Review,https://play.google.com/store/apps/details?id=com.fsn.nds,Ruchir Jadhav,2026-07-27 15:51:07,good,Nykaa Fashion Google Play reviews,English
894cb664-d158-4f4d-a9a4-9a299ba8778d,Nykaa Fashion,Google Play,Review,https://play.google.com/store/apps/details?id=com.fsn.nds,Satyam Jaiswal,2026-07-27 15:41:05,good app,Nykaa Fashion Google Play reviews,English
920cc1c7-79e8-4e56-b93b-41188c5f2e95,Nykaa Fashion,Google Play,Review,https://play.google.com/store/apps/details?id=com.fsn.nds,Rahul Naik,2026-07-27 15:37:33,I have ordered shoes size was not fitting me so I requested for replacement there is no response and I also contacted coustomer service no response worst service,Nykaa Fashion Google Play reviews,English
b8f93b03-0eb1-40c7-bbbd-9af27dcbfc3e,Nykaa Fashion,Google Play,Review,https://play.google.com/store/apps/details?id=com.fsn.nds,Umesh Soni,2026-07-27 15:29:47,best offers and delals 😁,Nykaa Fashion Google Play reviews,English
977e6cf1-7ddd-4e30-a430-e5e0160937f4,Nykaa Fashion,Google Play,Review,https://play.google.com/store/apps/details?id=com.fsn.nds,Raj Kumar,2026-07-27 15:05:58,nice they have good deal,Nykaa Fashion Google Play reviews,English
45d4b5b7-f2e5-4e00-a092-c3011a06f79c,Nykaa Fashion,Google Play,Review,https://play.google.com/store/apps/details?id=com.fsn.nds,Rekha Mandiya,2026-07-27 13:44:15,nice,Nykaa Fashion Google Play reviews,English
893f1d36-6a87-446c-8142-849b040e4946,Nykaa Fashion,Google Play,Review,https://play.google.com/store/apps/details?id=com.fsn.nds,Narayan Kadam,2026-07-27 13:33:31,bht bura aap hai bilkul bure products aate hai return k baad bhi aache product nhi aate paise refund nhi hote bht bura h mat hi use karna,Nykaa Fashion Google Play reviews,English
e1b7ba66-3507-4d01-9373-95c993d9c6a4,Nykaa Fashion,Google Play,Review,https://play.google.com/store/apps/details?id=com.fsn.nds,vijaya myneni,2026-07-27 13:13:49,Good,Nykaa Fashion Google Play reviews,English
705eda43-7d8f-4586-89e6-5dbcb2793205,Nykaa Fashion,Google Play,Review,https://play.google.com/store/apps/details?id=com.fsn.nds,shikha sharma,2026-07-27 13:09:00,love love love nykaa,Nykaa Fashion Google Play reviews,English
2586707a-01df-492a-a553-ca99ec6b8287,Nykaa Fashion,Google Play,Review,https://play.google.com/store/apps/details?id=com.fsn.nds,Yashika Gupta,2026-07-27 13:02:02,Good quality mantain 👍👍,Nykaa Fashion Google Play reviews,English
62ced2ca-e80f-40e1-9edc-f40c70b1056a,Nykaa Fashion,Google Play,Review,https://play.google.com/store/apps/details?id=com.fsn.nds,Ajay Thorat Thorat,2026-07-27 12:42:18,♥️,Nykaa Fashion Google Play reviews,English
d880aa0d-3168-4d30-a98d-a7a0e6cc16ee,Nykaa Fashion,Google Play,Review,https://play.google.com/store/apps/details?id=com.fsn.nds,Kiran Gupta,2026-07-27 12:41:16,awesome easy to login I'm so happy to order,Nykaa Fashion Google Play reviews,English
6e51e8ea-6de2-4760-af08-7465965ebcf1,Nykaa Fashion,Google Play,Review,https://play.google.com/store/apps/details?id=com.fsn.nds,Richa Gharat,2026-07-27 11:56:00,"Worst app ever! It's been over a month, and my return pickup is still not done. Customer support keeps giving false assurances instead of resolving the issue. This is completely unacceptable and a waste of customers' time. I regret ordering from Nykaa and won't be using this app again.",Nykaa Fashion Google Play reviews,English
c28aa3cf-52f8-4526-a010-a8481d4a0347,Nykaa Fashion,Google Play,Review,https://play.google.com/store/apps/details?id=com.fsn.nds,Gautam Sur,2026-07-27 10:10:20,EXCELLENT.,Nykaa Fashion Google Play reviews,English
574029b7-a542-49c9-87eb-6e7059aafdde,Nykaa Fashion,Google Play,Review,https://play.google.com/store/apps/details?id=com.fsn.nds,sreelal km,2026-07-27 09:40:23,good,Nykaa Fashion Google Play reviews,English
1f480018-7162-409d-a6ac-af96b3d20a41,Nykaa Fashion,Google Play,Review,https://play.google.com/store/apps/details?id=com.fsn.nds,Prithvi Cornerstone YT,2026-07-27 07:58:56,"​I am writing to express my deep disappointment and frustration regarding my recent shopping experience with Nykaa. ​I had initially ordered a Puma bag worth ₹1,200. The product I received was of extremely poor quality and appeared damaged/used. To make matters worse, the return process was a nightmare. ​ issues I faced 1)fake delivery/ pickup attemp 2) Unauthorised Wallet refund 3)Delay New Order ​This level of service is completely unacceptable.",Nykaa Fashion Google Play reviews,English
9c705846-5f07-4d17-9603-4f65f3beae3f,Nykaa Fashion,Google Play,Review,https://play.google.com/store/apps/details?id=com.fsn.nds,Ashika Dani,2026-07-27 01:15:36,"yr order delivery process, delivery time, refund process is not like myntra",Nykaa Fashion Google Play reviews,English
07d1874c-1089-4227-90e7-3c8f0df27f73,Nykaa Fashion,Google Play,Review,https://play.google.com/store/apps/details?id=com.fsn.nds,Kirti Dhangar,2026-07-27 00:49:10,wow unbelievable,Nykaa Fashion Google Play reviews,English
a47d94ed-d75e-4dc8-b11b-73c9844ede35,Nykaa Fashion,Google Play,Review,https://play.google.com/store/apps/details?id=com.fsn.nds,Mohima Sinha,2026-07-27 00:21:13,return policy is too bad can't connect to support team,Nykaa Fashion Google Play reviews,English
8d8b030e-555b-4cc9-9aab-fb2d45c81a28,Nykaa Fashion,Google Play,Review,https://play.google.com/store/apps/details?id=com.fsn.nds,Vanshita,2026-07-27 00:12:00,"Worst service ever, their customers care support is the worst they don't pick calls keep you waiting don't resolve your issue. For 2 times i have been delivered the wrong product and now they denying to return it , saying it failed quality check are bhai what quality check you guys deliver the wrong product and don't take accountblity are you guys looting your customers? seriously?? Didn't expected this from nykaa. This was my last purchase from this app.",Nykaa Fashion Google Play reviews,English
7a529aae-468f-4c4b-9fb1-c650c5b3dff3,Nykaa Fashion,Google Play,Review,https://play.google.com/store/apps/details?id=com.fsn.nds,Gursimran Kaur,2026-07-27 00:01:44,Good but expensive.,Nykaa Fashion Google Play reviews,English
2b5e996f-9e3a-4afe-ba14-0c5da29f36ee,Nykaa Fashion,Google Play,Review,https://play.google.com/store/apps/details?id=com.fsn.nds,Anusha Anu,2026-07-26 23:31:51,good,Nykaa Fashion Google Play reviews,English
f533be57-f7b8-4553-992f-a31bded92102,Nykaa Fashion,Google Play,Review,https://play.google.com/store/apps/details?id=com.fsn.nds,bear grills,2026-07-26 23:18:40,good,Nykaa Fashion Google Play reviews,English
db39d159-61c1-4a88-8811-7cdbc5eb158c,Nykaa Fashion,Google Play,Review,https://play.google.com/store/apps/details?id=com.fsn.nds,Rajesh Rao,2026-07-26 23:18:08,good deal,Nykaa Fashion Google Play reviews,English
f116b6d3-198c-4445-9a40-9654c1f5a94d,Nykaa Fashion,Google Play,Review,https://play.google.com/store/apps/details?id=com.fsn.nds,Chathripally Siddu,2026-07-26 23:02:32,good,Nykaa Fashion Google Play reviews,English
471c1a53-b859-4f87-b08d-0c3d021949fe,Nykaa Fashion,Google Play,Review,https://play.google.com/store/apps/details?id=com.fsn.nds,anil patidar,2026-07-26 23:02:25,well done ✅ gGood service,Nykaa Fashion Google Play reviews,English
b110a96b-7bb1-496e-b8ff-51a56560b5c5,Nykaa Fashion,Google Play,Review,https://play.google.com/store/apps/details?id=com.fsn.nds,vasim Agariya,2026-07-26 22:37:25,nice work,Nykaa Fashion Google Play reviews,English
252e6951-89c4-48f7-bbdd-98e09581760c,Nykaa Fashion,Google Play,Review,https://play.google.com/store/apps/details?id=com.fsn.nds,chandrama dash,2026-07-26 22:19:00,very expensive,Nykaa Fashion Google Play reviews,English
12586de8-b374-4f3a-ac92-c5d74cd6d908,Nykaa Fashion,Google Play,Review,https://play.google.com/store/apps/details?id=com.fsn.nds,Ashok Mandal,2026-07-26 21:10:41,suii good app i got bag at only 927 whose real cost is 1300,Nykaa Fashion Google Play reviews,English
de7d0fe0-be10-4443-a964-5f92117a35c5,Nykaa Fashion,Google Play,Review,https://play.google.com/store/apps/details?id=com.fsn.nds,Ranjith Jakka,2026-07-26 20:57:14,The delivery process was very sloww it's so irritating 5 days late delivered my product,Nykaa Fashion Google Play reviews,English
4ae32c48-f291-4734-af47-2e3b74c80c53,Nykaa Fashion,Google Play,Review,https://play.google.com/store/apps/details?id=com.fsn.nds,S. Shahid,2026-07-26 20:25:27,superb app,Nykaa Fashion Google Play reviews,English
7387a921-402c-4ce4-9f19-3b2284333fe0,Nykaa Fashion,Google Play,Review,https://play.google.com/store/apps/details?id=com.fsn.nds,Chinmoy Baruah,2026-07-26 20:12:34,nice,Nykaa Fashion Google Play reviews,English
a65fd6f3-6172-4a82-837b-142139a4a2e4,Nykaa Fashion,Google Play,Review,https://play.google.com/store/apps/details?id=com.fsn.nds,RAJENDRA JAMDADE,2026-07-26 18:14:20,EXCELLENT 👍👌,Nykaa Fashion Google Play reviews,English
a17b9b3a-9acf-4dfd-9877-8cf892d9a235,Nykaa Fashion,Google Play,Review,https://play.google.com/store/apps/details?id=com.fsn.nds,Ashwini Ghodke,2026-07-26 18:07:58,worst app..... all my orders and parcels keeps getting rescheduling and gets delivered after 1 month.... even now my 2 products have not reached since 1 month... myntra Amazon are far more better.... DON'T USE THIS PLATFORM FOR SHOPPING AT ALL😡,Nykaa Fashion Google Play reviews,English
e8624269-0527-4675-ac8a-d6df4f9d181d,Nykaa Fashion,Google Play,Review,https://play.google.com/store/apps/details?id=com.fsn.nds,hirok bharali,2026-07-26 18:02:20,good,Nykaa Fashion Google Play reviews,English
7e0ec4e5-b1a1-4b5d-8d94-bfa472389b99,Nykaa Fashion,Google Play,Review,https://play.google.com/store/apps/details?id=com.fsn.nds,Pritee Gaikwad,2026-07-26 17:31:33,applied return request but today almost 15-20 days gone and still my parcel has not been picked up yet......very bad service for return request...... myntra has giving better facility on return,Nykaa Fashion Google Play reviews,English
af4e8142-3c5d-4dd7-b351-e4b6fa1a2cf6,Nykaa Fashion,Google Play,Review,https://play.google.com/store/apps/details?id=com.fsn.nds,Gurpreet Gill,2026-07-26 17:01:58,my first time..let's see,Nykaa Fashion Google Play reviews,English
89731b9b-f53b-4425-9496-e1104625bf59,Nykaa Fashion,Google Play,Review,https://play.google.com/store/apps/details?id=com.fsn.nds,Kalyani Wadile,2026-07-26 16:31:01,order jis date ko batai hai hai usi date pr nahi ati hai jab order late dete hai to blue dart valose bhijvate hai or vo parcel pehelesehi open kiye hote hai bina uske upr ka lable nikale ord product dusra hai ata hai or customer care se baat karo to jan bujkar 10 15 min ke upr laga dete hai,Nykaa Fashion Google Play reviews,English
eb4bc8c3-d0bf-4dd0-9d1b-3307320d33a4,Nykaa Fashion,Google Play,Review,https://play.google.com/store/apps/details?id=com.fsn.nds,Khushbu Enterprise,2026-07-26 16:00:37,good condition cash on delivery,Nykaa Fashion Google Play reviews,English
143c5455-6e72-4478-b9fe-f55d785d204a,Nykaa Fashion,Google Play,Review,https://play.google.com/store/apps/details?id=com.fsn.nds,sunil sarvade,2026-07-26 15:53:56,ok,Nykaa Fashion Google Play reviews,English
05ecf1b2-d7a5-4e2e-a526-18169bb173e2,Nykaa Fashion,Google Play,Review,https://play.google.com/store/apps/details?id=com.fsn.nds,Varsha Rani,2026-07-26 15:07:45,very bad,Nykaa Fashion Google Play reviews,English
505a39f9-9c1c-4542-a147-41034b840266,Nykaa Fashion,Google Play,Review,https://play.google.com/store/apps/details?id=com.fsn.nds,Meera Bijumon,2026-07-26 14:48:54,Adipwoli,Nykaa Fashion Google Play reviews,English
cafc7bb2-e50e-4230-af1a-7507550ed0a8,Nykaa Fashion,Google Play,Review,https://play.google.com/store/apps/details?id=com.fsn.nds,Sk Baba,2026-07-26 14:31:33,good,Nykaa Fashion Google Play reviews,English
dbce4634-3ef0-47ab-a4aa-d1ef7acafcd5,Nykaa Fashion,Google Play,Review,https://play.google.com/store/apps/details?id=com.fsn.nds,Harishh Chhawchhria,2026-07-26 14:13:20,"There is no option to cancel the order once placed, totally unacceptable. Even if someone tries to cancel the order immediately after placing it, there is no option to cancel it. Email ID can neither be added nor be updated once account is created, I have a couple of accounts without any email IDs and it can't be added, extremely Pathetic. Getting pissed off with this Useless and Ridiculous App day by day!!!",Nykaa Fashion Google Play reviews,English
1c4767d8-330c-419a-a28b-d326acdd709f,Nykaa Fashion,Google Play,Review,https://play.google.com/store/apps/details?id=com.fsn.nds,"N, Ashok N, Ashok",2026-07-26 14:09:11,super design,Nykaa Fashion Google Play reviews,English
1a8e13c8-5c02-40dd-86b9-b4cc75b75a61,Nykaa Fashion,Google Play,Review,https://play.google.com/store/apps/details?id=com.fsn.nds,Kunal Singh,2026-07-26 13:53:52,quite good,Nykaa Fashion Google Play reviews,English
4506fe49-9559-4e1c-8023-5c011bac4696,Nykaa Fashion,Google Play,Review,https://play.google.com/store/apps/details?id=com.fsn.nds,Manne Singh,2026-07-26 13:50:52,thank you,Nykaa Fashion Google Play reviews,English
f72538e7-1ae0-46f5-aaff-24dc636c7494,Nykaa Fashion,Google Play,Review,https://play.google.com/store/apps/details?id=com.fsn.nds,Rishu Swami,2026-07-26 13:44:58,good,Nykaa Fashion Google Play reviews,English
74be0f51-27a5-41ca-918a-871f31d82182,Nykaa Fashion,Google Play,Review,https://play.google.com/store/apps/details?id=com.fsn.nds,Gurpreet Ajmani,2026-07-26 13:16:22,"I raised a return over a month ago and am still waiting for the pickup. My initial request was cancelled without any notice, and despite repeated follow-ups, no one has taken ownership or provided a clear resolution. I was then told the request was raised only 2–3 days ago and that I must wait another 5 days, which is unacceptable. The support team has also become rude on calls and has not been helpful at all. This has been the worst customer service experience I have faced in a long time.",Nykaa Fashion Google Play reviews,English
edc829f4-c794-453b-afa1-559e35eec458,Nykaa Fashion,Google Play,Review,https://play.google.com/store/apps/details?id=com.fsn.nds,madhulika chakraborty,2026-07-26 13:13:59,Horrible customer service,Nykaa Fashion Google Play reviews,English
34bee6c0-fe74-4ec3-9c43-c3e19709eb13,Nykaa Fashion,Google Play,Review,https://play.google.com/store/apps/details?id=com.fsn.nds,Sri,2026-07-26 12:56:09,"Worst delivery and return. order return is getting updated as attempt made, but there is no attempt being made (by Delhivery). Just false updates, no accountability when calling customer service. expensive items are not being picked for return and then no refunds happening. Nykaa customer service is just to answer calls, no actual actions. Avoid expensive purchased if there is return possibility. there entire system is built to avoid giving refunds.",Nykaa Fashion Google Play reviews,English
8c1a4dcb-da12-4d23-a1d3-82653d366f29,Nykaa Fashion,Google Play,Review,https://play.google.com/store/apps/details?id=com.fsn.nds,Arjun Gautam,2026-07-26 12:53:31,I like how clearly you can view the product.,Nykaa Fashion Google Play reviews,English
029e9622-a379-4bea-8cd0-2804594389e6,Nykaa Fashion,Google Play,Review,https://play.google.com/store/apps/details?id=com.fsn.nds,SreeVishnu E,2026-07-26 12:39:36,AI preview really helps.,Nykaa Fashion Google Play reviews,English
cd976077-4a13-42ac-966c-1c653f84f2d0,Nykaa Fashion,Google Play,Review,https://play.google.com/store/apps/details?id=com.fsn.nds,Darshan Kumar,2026-07-26 12:37:39,Superd,Nykaa Fashion Google Play reviews,English
1a75c497-4636-4803-8365-481c80baf4dc,Nykaa Fashion,Google Play,Review,https://play.google.com/store/apps/details?id=com.fsn.nds,Sidhu Saab,2026-07-26 11:41:58,good app 👍👍👍👎,Nykaa Fashion Google Play reviews,English
deae8bbc-1677-4023-ad23-a3716c694da2,Nykaa Fashion,Google Play,Review,https://play.google.com/store/apps/details?id=com.fsn.nds,Smit Maheshwari,2026-07-26 11:09:35,I have placed my first order before 8 days and it has been postponed thrice without any reason being mentioned on the application. The customer care team is also blank and unable to help. This kind of service wasn't accepted when there are other multiple e-commerce platforms which are doing great.,Nykaa Fashion Google Play reviews,English
531d1890-24f0-4584-a0e7-4773b27c536b,Nykaa Fashion,Google Play,Review,https://play.google.com/store/apps/details?id=com.fsn.nds,ABHA RANI,2026-07-26 09:24:47,Nykaa always provide best product with love,Nykaa Fashion Google Play reviews,English
8a28e4d2-fea0-48ab-a492-ae153ec4f2df,Nykaa Fashion,Google Play,Review,https://play.google.com/store/apps/details?id=com.fsn.nds,Venkatesh Battula,2026-07-26 09:23:34,its best trending app,Nykaa Fashion Google Play reviews,English
709826b8-71a0-4b06-b0c1-73dd77b83c0d,Nykaa Fashion,Google Play,Review,https://play.google.com/store/apps/details?id=com.fsn.nds,Ruji,2026-07-26 08:53:39,Good,Nykaa Fashion Google Play reviews,English
b41dd582-2cde-4c3d-847d-6fbf65301fb5,Nykaa Fashion,Google Play,Review,https://play.google.com/store/apps/details?id=com.fsn.nds,Kunal Mehta,2026-07-26 01:39:35,"⭐⭐☆☆☆ (2/5) My experience with Nykaa Fashion has been disappointing. Many products are advertised with attractive discounts or commission-based offers, but when I proceed to checkout, the actual savings are often far less than expected or don't apply. The pricing feels inconsistent. I also noticed what appears to be identical or very similar clothing listed at different prices under different listings, which makes it difficult to know",Nykaa Fashion Google Play reviews,English
70af423d-78c0-4d1d-b31b-05e8c65fa604,Nykaa Fashion,Google Play,Review,https://play.google.com/store/apps/details?id=com.fsn.nds,Samay Singh,2026-07-26 01:25:53,nice aap,Nykaa Fashion Google Play reviews,English
65d1e886-c266-4216-840e-9256b4cc8b55,Nykaa Fashion,Google Play,Review,https://play.google.com/store/apps/details?id=com.fsn.nds,Anand Guttedar,2026-07-26 01:16:17,Good 👍,Nykaa Fashion Google Play reviews,English
888cfb05-a20a-440b-af89-bdea08f69a39,Nykaa Fashion,Google Play,Review,https://play.google.com/store/apps/details?id=com.fsn.nds,Harry Gillu,2026-07-26 00:04:56,Good,Nykaa Fashion Google Play reviews,English
f971fc0a-23c5-4c0c-af7a-1690c8501096,Nykaa Fashion,Google Play,Review,https://play.google.com/store/apps/details?id=com.fsn.nds,Moni Kumari,2026-07-25 22:31:43,nice,Nykaa Fashion Google Play reviews,English
ffecdfc4-d506-4de3-b69a-71364811b058,Nykaa Fashion,Google Play,Review,https://play.google.com/store/apps/details?id=com.fsn.nds,Om Singh,2026-07-25 21:37:39,good product,Nykaa Fashion Google Play reviews,English
b508c71c-ced5-4913-99c0-21cdaa548717,Nykaa Fashion,Google Play,Review,https://play.google.com/store/apps/details?id=com.fsn.nds,Karan Rathod,2026-07-25 21:30:25,"Very disappointing experience. I have been trying to request an exchange for my order, but the app keeps showing ""Please try again later"" every time. I also contacted customer support, but I haven't received any response. An e-commerce app should have a reliable exchange process and responsive customer service. Please fix these issues and improve the app.",Nykaa Fashion Google Play reviews,English
f17c7363-637f-4d5d-885b-d38e9bc48326,Nykaa Fashion,Google Play,Review,https://play.google.com/store/apps/details?id=com.fsn.nds,Dr Anoop Jain,2026-07-25 21:14:34,wrong article are delivered frequently,Nykaa Fashion Google Play reviews,English
791f292a-f6af-4deb-9998-f5f6932f79fb,Nykaa Fashion,Google Play,Review,https://play.google.com/store/apps/details?id=com.fsn.nds,Bishal Misra,2026-07-25 20:40:48,very good,Nykaa Fashion Google Play reviews,English
a764f251-f8de-41c0-a752-e4268016c307,Nykaa Fashion,Google Play,Review,https://play.google.com/store/apps/details?id=com.fsn.nds,Dummu Suman,2026-07-25 20:13:27,nice one but price is heavy,Nykaa Fashion Google Play reviews,English
607f066c-489b-435c-815b-1e874b483e44,Nykaa Fashion,Google Play,Review,https://play.google.com/store/apps/details?id=com.fsn.nds,dream,2026-07-25 19:32:56,"very bad experience!they do fraud and the return policy is so bad i returned the product next day, seals were intact, but my refund was rejected due to 'Quality Check Failed.Very disappointing return experience. I returned the product the very next day, and the seals were completely intact. Still, my return was rejected with the reason ""Quality Check Failed"" without any proper explanation. This is unfair and highly disappointing. If customers return a sealed product on time, they should receive",Nykaa Fashion Google Play reviews,English
0dc8b1e9-51e3-4bf4-b6ee-61fa8a6f55ca,Nykaa Fashion,Google Play,Review,https://play.google.com/store/apps/details?id=com.fsn.nds,ʙʟᴀᴄᴋʙᴇʀɢ ᴛᴇᴄʜɴᴏʟᴏɢɪᴇꜱ,2026-07-25 19:17:41,nice,Nykaa Fashion Google Play reviews,English
a6ec8447-1f8c-4459-835e-6264dc1f7729,Nykaa Fashion,Google Play,Review,https://play.google.com/store/apps/details?id=com.fsn.nds,Yash Jhanginiya,2026-07-25 18:39:50,great,Nykaa Fashion Google Play reviews,English
953d2547-49dd-40f6-bc3f-5d7c09c6fdbe,Nykaa Fashion,Google Play,Review,https://play.google.com/store/apps/details?id=com.fsn.nds,Saloni Rajput,2026-07-25 18:08:27,khud hi order cancel kr dete h 😒 bekaar aap 😐,Nykaa Fashion Google Play reviews,English
396eb4b8-faa4-4641-8c6e-ec29fa35db55,Nykaa Fashion,Google Play,Review,https://play.google.com/store/apps/details?id=com.fsn.nds,Navanath Balaji Hande,2026-07-25 17:45:43,best deal and thank you for idias to nykaa,Nykaa Fashion Google Play reviews,English
516ba381-fc94-4b2b-9241-636451bd7ee0,Nykaa Fashion,Google Play,Review,https://play.google.com/store/apps/details?id=com.fsn.nds,Rahul Sharma,2026-07-25 16:22:54,it was my first experience with nykaa fashion and it was great and amazing..and i get shoes at discounted price from other platforms... thanks 👍 nykaa fashion,Nykaa Fashion Google Play reviews,English
0416c639-6743-44a1-9984-d1bbdda6dde6,Nykaa Fashion,Google Play,Review,https://play.google.com/store/apps/details?id=com.fsn.nds,Mohammed Khizar,2026-07-25 13:53:19,Awesome,Nykaa Fashion Google Play reviews,English
8e2cc382-6716-4e53-918e-982e9fb6331f,Nykaa Fashion,Google Play,Review,https://play.google.com/store/apps/details?id=com.fsn.nds,Gaurav MAHAJAN,2026-07-25 13:39:10,"Worst app and service, send me a fake product and refuse for return ... NEVER buy from nykaa... 😡😡😡😡",Nykaa Fashion Google Play reviews,English
9c8d3171-a468-4e94-a8f2-1462455cdf62,Nykaa Fashion,Google Play,Review,https://play.google.com/store/apps/details?id=com.fsn.nds,Bharath Reddy,2026-07-25 12:42:08,not bad,Nykaa Fashion Google Play reviews,English
fff02be2-4e98-46c3-bcb5-cb5a8daaa37c,Nykaa Fashion,Google Play,Review,https://play.google.com/store/apps/details?id=com.fsn.nds,Diksha Jaiswal,2026-07-25 11:15:06,"Worst customer service ever - do not pick up for returns, do not refund and have no accountability. Never order from this",Nykaa Fashion Google Play reviews,English
a2af4973-acc6-4d47-8211-81be0dce8ca4,Nykaa Fashion,Google Play,Review,https://play.google.com/store/apps/details?id=com.fsn.nds,Vedang,2026-07-25 10:49:28,worst after sale service,Nykaa Fashion Google Play reviews,English
4d12c6fe-9d65-44ba-a21f-93775c53913f,Nykaa Fashion,Google Play,Review,https://play.google.com/store/apps/details?id=com.fsn.nds,Dipak Joshi,2026-07-25 07:12:24,good,Nykaa Fashion Google Play reviews,English
362c3095-4fea-433c-9b87-60cf2ab48730,Nykaa Fashion,Google Play,Review,https://play.google.com/store/apps/details?id=com.fsn.nds,khode sunil,2026-07-25 01:27:01,good app,Nykaa Fashion Google Play reviews,English
f0b7c638-a241-4f88-a730-1a0c656d7d12,Nykaa Fashion,Google Play,Review,https://play.google.com/store/apps/details?id=com.fsn.nds,SANJAY KUMAR JENA,2026-07-25 00:23:32,average,Nykaa Fashion Google Play reviews,English
04c454b8-fdf1-4430-85e5-6234c636834c,Nykaa Fashion,Google Play,Review,https://play.google.com/store/apps/details?id=com.fsn.nds,Ujjval Koli,2026-07-24 23:59:05,your happy nykaa,Nykaa Fashion Google Play reviews,English
2a77a72a-11ef-4daf-a8af-915464670cfa,Nykaa Fashion,Google Play,Review,https://play.google.com/store/apps/details?id=com.fsn.nds,Sagar Sahu,2026-07-24 23:40:54,"disgusting app, can't change the number cause I ordered. and no need to do pre-paid orders. they just suck time. refund policy is also bad",Nykaa Fashion Google Play reviews,English
1d0d20bc-48a3-47cb-b704-375af9a9b4f0,Nykaa Fashion,Google Play,Review,https://play.google.com/store/apps/details?id=com.fsn.nds,MINAKHI BHUYAN,2026-07-24 22:09:53,cash on delivery extra charge kiyo lete hai,Nykaa Fashion Google Play reviews,English
f26c5c2f-da12-471a-8d56-d4089eca4f59,Nykaa Fashion,Google Play,Review,https://play.google.com/store/apps/details?id=com.fsn.nds,Ramkumar Verma,2026-07-24 21:44:14,beutiful,Nykaa Fashion Google Play reviews,English
a0b0f2ae-9c9e-4fbd-a26b-dfe41a3d6dfc,Nykaa Fashion,Google Play,Review,https://play.google.com/store/apps/details?id=com.fsn.nds,Ansh Omkar Singh,2026-07-24 20:20:29,hi nykaa i ordered a h&m regular oxford shirt in black colour when I open it there was no tags and when I saw the shirt condition it was faded and also there was perfume smell in it now what to do my 1800 wasted and it was my first order from your app 😡 deliver me new and fresh shirt,Nykaa Fashion Google Play reviews,English
73ca23bd-f50d-4608-8340-095331342057,Nykaa Fashion,Google Play,Review,https://play.google.com/store/apps/details?id=com.fsn.nds,ISHA KUJUR,2026-07-24 20:15:21,"highly disappointed by Nykaa fashion.I placed a return request on 17th product was suppose to get picked on 19th,delivery partner never called pickup never happened called the nykaa team and raised the complaint twice they told me the same thing saying they've placed an urgent pickup request and pickup will happen in next 2-3 days but never happened.I only get msg saying ""our courier couldn't attempt pickup"" Team isn't helping at all. I simply do not wish to keep the product and want a refund",Nykaa Fashion Google Play reviews,English
9deaa6bb-e2a7-49be-99be-87e81d5148b6,Nykaa Fashion,Google Play,Review,https://play.google.com/store/apps/details?id=com.fsn.nds,Usharani Alavala,2026-07-24 19:26:20,great,Nykaa Fashion Google Play reviews,English
a70bf09a-8c92-463f-b896-1798fa0656bf,Nykaa Fashion,Google Play,Review,https://play.google.com/store/apps/details?id=com.fsn.nds,Gobind Pahilajani,2026-07-24 19:08:02,"poor, can't copy or share in",Nykaa Fashion Google Play reviews,English
c2b3ee44-6c2c-4100-a606-16ba5d264886,Nykaa Fashion,Google Play,Review,https://play.google.com/store/apps/details?id=com.fsn.nds,DEEPAK,2026-07-24 18:49:08,"never ever buy from any thing from Nyyka support was pathetic,send me different product & they denied for any resolution ask every one i know never purchase from myntra if you don't want horrible expired,pathetic..shame on you ..",Nykaa Fashion Google Play reviews,English
96b4f133-9500-447b-a923-bdf4f9bf6907,Nykaa Fashion,Google Play,Review,https://play.google.com/store/apps/details?id=com.fsn.nds,Dibakar Rout,2026-07-24 18:34:11,good,Nykaa Fashion Google Play reviews,English
085d0631-aa7f-4a27-8acf-2176cc98798a,Nykaa Fashion,Google Play,Review,https://play.google.com/store/apps/details?id=com.fsn.nds,Manhar Solanki,2026-07-24 18:28:39,nice app and shoes,Nykaa Fashion Google Play reviews,English
c940cd22-1241-4473-af22-f8d6209ff559,Nykaa Fashion,Google Play,Review,https://play.google.com/store/apps/details?id=com.fsn.nds,mahesh janrao,2026-07-24 17:51:16,good,Nykaa Fashion Google Play reviews,English
6cb31fd0-0945-4dff-833a-8239b166c3be,Nykaa Fashion,Google Play,Review,https://play.google.com/store/apps/details?id=com.fsn.nds,Noman Chandiwala,2026-07-24 17:18:25,good,Nykaa Fashion Google Play reviews,English
266ae2f9-593e-4912-8cfa-ba824a71773c,Nykaa Fashion,Google Play,Review,https://play.google.com/store/apps/details?id=com.fsn.nds,Kanchan Devi,2026-07-24 16:31:41,very bad 😞😞😞😞😞 i u,Nykaa Fashion Google Play reviews,English
3d4962bf-ad09-48dc-8843-659fc08c2315,Nykaa Fashion,Google Play,Review,https://play.google.com/store/apps/details?id=com.fsn.nds,Ikramul Hoque,2026-07-24 16:15:52,good,Nykaa Fashion Google Play reviews,English
dcc49e52-e86e-4fb1-8109-90dd027725f3,Nykaa Fashion,Google Play,Review,https://play.google.com/store/apps/details?id=com.fsn.nds,Sabhajeet Singh,2026-07-24 15:41:18,good,Nykaa Fashion Google Play reviews,English
5fa58e97-acb5-4e32-b255-031429de592c,Nykaa Fashion,Google Play,Review,https://play.google.com/store/apps/details?id=com.fsn.nds,ankush pathak,2026-07-24 15:08:24,Awesome,Nykaa Fashion Google Play reviews,English
9235ed1f-803c-4649-8815-6375a87b9781,Nykaa Fashion,Google Play,Review,https://play.google.com/store/apps/details?id=com.fsn.nds,Mohammed Anshad P,2026-07-24 14:11:46,very bad customer service i raise a return request 4 times and i didnt get any update very bad and irresponsible team,Nykaa Fashion Google Play reviews,English
1e60b123-9785-42b9-9d77-137e4c7a8385,Nykaa Fashion,Google Play,Review,https://play.google.com/store/apps/details?id=com.fsn.nds,kaushiki kashyap,2026-07-24 13:36:22,Nykaa Fashion has the worst customer service when it comes to returns and refunds. I have had to call their customer care multiple times to return. The delivery partner keeps cancelling the pick up without even calling and the customer care has done nothing except transferring my calls from one person to another. I think Nykaa operates with the belief that they should annoy the customer so much that they are forced to keep whatever sub standard item they have delivered,Nykaa Fashion Google Play reviews,English
e7d4037b-b631-434a-991a-024f5cd30c84,Nykaa Fashion,Google Play,Review,https://play.google.com/store/apps/details?id=com.fsn.nds,mayank bajpai,2026-07-24 13:25:07,worst experience I wish I could give minus rating. this company is careless and delivery is worst . never ever will visit this,Nykaa Fashion Google Play reviews,English
6d3659ba-c37d-4f10-83c6-fa00ef6632d3,Nykaa Fashion,Google Play,Review,https://play.google.com/store/apps/details?id=com.fsn.nds,harsha kathotia,2026-07-24 12:49:35,love everything about the app...Just that convenience charge hits... you are gold member no shipping charge but this convenience charge has to be paid...,Nykaa Fashion Google Play reviews,English
fce7c6e2-d7a5-413a-a226-5b60a130b7e2,Nykaa Fashion,Google Play,Review,https://play.google.com/store/apps/details?id=com.fsn.nds,Prabeen Puhan,2026-07-24 12:34:07,good,Nykaa Fashion Google Play reviews,English
e255404f-b25e-47ff-ab6a-6a7ca407bda8,Nykaa Fashion,Google Play,Review,https://play.google.com/store/apps/details?id=com.fsn.nds,dilip singh,2026-07-24 11:25:53,excellent,Nykaa Fashion Google Play reviews,English
69c103e8-ecc3-4a79-bf09-7152cb8bd490,Nykaa Fashion,Google Play,Review,https://play.google.com/store/apps/details?id=com.fsn.nds,Aryan Verma,2026-07-24 11:11:58,good,Nykaa Fashion Google Play reviews,English
bed9ba74-bfef-4d56-82eb-6508495aebab,Nykaa Fashion,Google Play,Review,https://play.google.com/store/apps/details?id=com.fsn.nds,Deepak Jaiswal,2026-07-24 09:25:00,good,Nykaa Fashion Google Play reviews,English
fedeabe5-4e9b-4d41-8d44-bb502873a6b4,Nykaa Fashion,Google Play,Review,https://play.google.com/store/apps/details?id=com.fsn.nds,Shajith Kommana,2026-07-24 07:43:10,awesome,Nykaa Fashion Google Play reviews,English
c048fc22-8772-4fcf-9971-5c85a0042028,Nykaa Fashion,Google Play,Review,https://play.google.com/store/apps/details?id=com.fsn.nds,Mohd Danish,2026-07-24 02:28:09,mast,Nykaa Fashion Google Play reviews,English
0e0893a5-8c8f-4c3f-8a15-02a6be8f2077,Nykaa Fashion,Google Play,Review,https://play.google.com/store/apps/details?id=com.fsn.nds,Kaka Verma,2026-07-24 00:29:19,good,Nykaa Fashion Google Play reviews,English
353a3b75-af3b-4bbb-a149-0f219538b7ca,Nykaa Fashion,Google Play,Review,https://play.google.com/store/apps/details?id=com.fsn.nds,Sheetal Kamble,2026-07-24 00:26:31,nice return karne per turant paise milte Hain isiliye,Nykaa Fashion Google Play reviews,English
ced8f2c5-20bb-4da8-b158-9951eced553c,Nykaa Fashion,Google Play,Review,https://play.google.com/store/apps/details?id=com.fsn.nds,Khwaish Dogra,2026-07-24 00:18:02,prices are very high,Nykaa Fashion Google Play reviews,English
2175239f-1fa3-4c0f-89da-49790ce820ac,Nykaa Fashion,Google Play,Review,https://play.google.com/store/apps/details?id=com.fsn.nds,Imran Ahmad,2026-07-24 00:13:14,best aap discount,Nykaa Fashion Google Play reviews,English
5a1f299d-b20f-4196-af81-0f5f6deb1a4f,Nykaa Fashion,Google Play,Review,https://play.google.com/store/apps/details?id=com.fsn.nds,madhuri bachu,2026-07-23 23:46:09,worst exp I had,Nykaa Fashion Google Play reviews,English
2c6ecf6b-6cd2-47ff-91a0-3b1692d052e5,Nykaa Fashion,Google Play,Review,https://play.google.com/store/apps/details?id=com.fsn.nds,HIMADRI MITRA,2026-07-23 23:39:49,"I SHOULD REVIEW STARS AFTER DELIVERY, SEEING THE PRODUCT.THANKS",Nykaa Fashion Google Play reviews,English
baf9c93e-7e80-4eff-aadb-db0032a4996d,Nykaa Fashion,Google Play,Review,https://play.google.com/store/apps/details?id=com.fsn.nds,Raksha Rani,2026-07-23 21:52:16,good 👍,Nykaa Fashion Google Play reviews,English
3e169d4b-ecd4-4049-b55e-389693455c9a,Nykaa Fashion,Google Play,Review,https://play.google.com/store/apps/details?id=com.fsn.nds,Akriti Kumari,2026-07-23 21:30:43,"Nykaa Fashion Complaint Comment Mera Nykaa Fashion ke saath bahut bura experience raha. Maine order diya tha, lekin mujhe bahut pareshani hui. Delivery aur tracking ki information clear nahi thi. Customer support se kai baar baat ki, lekin meri problem ka theek se solution nahi mila. Har baar sirf wait karne ko bola gaya. Ek customer hone ke nate mujhe better service ki ummeed thi, lekin mujhe sirf frustration mili. Main chahti hoon ki meri problem ko jaldi se jaldi resolve kiya jaye aur aage",Nykaa Fashion Google Play reviews,English
49f7feeb-dbae-4540-8dba-bdda8a8b545c,Nykaa Fashion,Google Play,Review,https://play.google.com/store/apps/details?id=com.fsn.nds,Prem Tamang,2026-07-23 21:19:48,"""I've never received this much discount on an online purchase before.""",Nykaa Fashion Google Play reviews,English
4f8ecc88-edb1-41bb-aa03-89c54c5fab7b,Nykaa Fashion,Google Play,Review,https://play.google.com/store/apps/details?id=com.fsn.nds,Mahesh Saini,2026-07-23 21:11:08,Too Good,Nykaa Fashion Google Play reviews,English
716ae2d0-fc1a-40f8-bad0-ef00d5c9e6e8,Nykaa Fashion,Google Play,Review,https://play.google.com/store/apps/details?id=com.fsn.nds,Madhu Sagar,2026-07-23 20:56:30,nice 👍,Nykaa Fashion Google Play reviews,English
d6a27327-1b77-4988-bee5-7e3816803d24,Nykaa Fashion,Google Play,Review,https://play.google.com/store/apps/details?id=com.fsn.nds,Suranjana,2026-07-23 20:50:38,the worst customer service I've ever seen,Nykaa Fashion Google Play reviews,English
27852e39-e114-405c-8e3a-d393b941a850,Nykaa Fashion,Google Play,Review,https://play.google.com/store/apps/details?id=com.fsn.nds,Shreeyash Kadam,2026-07-23 20:40:31,nice,Nykaa Fashion Google Play reviews,English
ea79cf6a-20ad-41bd-9cb2-a6a5f3d26945,Nykaa Fashion,Google Play,Review,https://play.google.com/store/apps/details?id=com.fsn.nds,Ankita Kumari,2026-07-23 20:12:00,"worst experience . don't ever buy anything from here. Even after placing a return request, nobody comes to collect the parcel.They just keep delaying it. Customer support keeps making excuses and keeps saying they'll look into it. and they have cancelled my return. this is disgusting. customer Care don't even pick call.",Nykaa Fashion Google Play reviews,English
213a1bc8-9bf0-4f4c-a9b8-21ce9b4b024b,Nykaa Fashion,Google Play,Review,https://play.google.com/store/apps/details?id=com.fsn.nds,Sudip Marak,2026-07-23 16:59:22,fantastico,Nykaa Fashion Google Play reviews,English
b42ee7a3-96c0-4238-a5bf-500378ce3e8a,Nykaa Fashion,Google Play,Review,https://play.google.com/store/apps/details?id=com.fsn.nds,Binod Sharma,2026-07-23 16:50:24,nice app,Nykaa Fashion Google Play reviews,English
16be4452-be5d-4812-a3df-c94c05bca6e4,Nykaa Fashion,Google Play,Review,https://play.google.com/store/apps/details?id=com.fsn.nds,Gunupuram Ravindra,2026-07-23 16:00:23,exlent,Nykaa Fashion Google Play reviews,English
50319c8f-d29a-4110-9dcd-9bd71060ae86,Nykaa Fashion,Google Play,Review,https://play.google.com/store/apps/details?id=com.fsn.nds,Vidya sharan,2026-07-23 15:21:21,I m not getting any apt rzn why they introduced platform fees it's time to switch ...coz home makers like us needs more discounts,Nykaa Fashion Google Play reviews,English
88403e3a-665d-4148-b03e-ff1cbf412a42,Nykaa Fashion,Google Play,Review,https://play.google.com/store/apps/details?id=com.fsn.nds,Syed Habeeb,2026-07-23 13:32:37,Good 👍,Nykaa Fashion Google Play reviews,English
470b5ecf-8001-4e13-a76f-2d2e642d2114,Nykaa Fashion,Google Play,Review,https://play.google.com/store/apps/details?id=com.fsn.nds,Neha Rai,2026-07-23 13:15:32,very worst experience from nykaa. customer support of nykaa is worst nobady will respond you on call as well as on mail. they will not refund your money after cancellation.,Nykaa Fashion Google Play reviews,English
d718e578-3180-4aac-a993-7a75f9c7d607,Nykaa Fashion,Google Play,Review,https://play.google.com/store/apps/details?id=com.fsn.nds,Mahesh Majhi,2026-07-23 12:18:54,good 👍,Nykaa Fashion Google Play reviews,English
2507aff3-cd99-4f7e-ae99-8dbe681d065f,Nykaa Fashion,Google Play,Review,https://play.google.com/store/apps/details?id=com.fsn.nds,Prem Yadav,2026-07-23 11:02:17,good,Nykaa Fashion Google Play reviews,English
27b27e0c-ede9-4b06-a2b2-69b253ccccaa,Nykaa Fashion,Google Play,Review,https://play.google.com/store/apps/details?id=com.fsn.nds,Malvika Sonowal,2026-07-23 09:37:43,very good,Nykaa Fashion Google Play reviews,English
cca346e2-a07a-4e72-9892-fac189095fb5,Nykaa Fashion,Google Play,Review,https://play.google.com/store/apps/details?id=com.fsn.nds,Bandana kumari Khusboo,2026-07-23 08:32:57,it's good 😊,Nykaa Fashion Google Play reviews,English
85275a28-2987-40ad-b15d-7957591b9bb6,Nykaa Fashion,Google Play,Review,https://play.google.com/store/apps/details?id=com.fsn.nds,Vinod Kumar J,2026-07-23 08:14:36,super,Nykaa Fashion Google Play reviews,English
7bad70bd-e005-40ca-85f4-ca3410fa05c2,Nykaa Fashion,Google Play,Review,https://play.google.com/store/apps/details?id=com.fsn.nds,Sirisha madani,2026-07-23 08:02:48,nice,Nykaa Fashion Google Play reviews,English
95f528b5-e826-435e-b71b-5ba6c86ad648,Nykaa Fashion,Google Play,Review,https://play.google.com/store/apps/details?id=com.fsn.nds,kajal sinha,2026-07-23 07:33:10,payment gate is too slow and errorouiness,Nykaa Fashion Google Play reviews,English
41927202-5d0e-4789-ae0b-2f24f5e341d8,Nykaa Fashion,Google Play,Review,https://play.google.com/store/apps/details?id=com.fsn.nds,Hasnain Shaikh,2026-07-23 04:40:42,lowest price original item,Nykaa Fashion Google Play reviews,English
f6606eb0-e684-4039-91e8-6f661d196539,Nykaa Fashion,Google Play,Review,https://play.google.com/store/apps/details?id=com.fsn.nds,s bindu,2026-07-23 03:40:06,best,Nykaa Fashion Google Play reviews,English
9481f531-656d-4c93-8581-383e74ab0dea,Nykaa Fashion,Google Play,Review,https://play.google.com/store/apps/details?id=com.fsn.nds,Hemanta Kundu,2026-07-23 01:29:42,Nice 👍👍👍👍👍,Nykaa Fashion Google Play reviews,English
7758998b-60bc-4a55-bec9-439670a53476,Nykaa Fashion,Google Play,Review,https://play.google.com/store/apps/details?id=com.fsn.nds,NOOBMASTER69ED,2026-07-23 00:03:03,"since my first order, all gets delayed",Nykaa Fashion Google Play reviews,English
6e1d6bb6-8066-46b9-b8fa-1d48081dd998,Nykaa Fashion,Google Play,Review,https://play.google.com/store/apps/details?id=com.fsn.nds,Rowdy Hunter,2026-07-22 22:32:48,awesome 👍,Nykaa Fashion Google Play reviews,English
e3ef6b66-2302-4772-b82d-54581d152bdb,Nykaa Fashion,Google Play,Review,https://play.google.com/store/apps/details?id=com.fsn.nds,Yogesh Sharma,2026-07-22 22:32:43,Good,Nykaa Fashion Google Play reviews,English
6b805407-ba49-4c18-9ac8-6e4ed254cb23,Nykaa Fashion,Google Play,Review,https://play.google.com/store/apps/details?id=com.fsn.nds,Manish Dabhade,2026-07-22 22:10:00,"Worst customer service. My return pickup was falsely marked as ""Delivery Failed"" repeatedly without any pickup attempt. Only generic responses, no resolution. Extremely disappointing.",Nykaa Fashion Google Play reviews,English
73e48f98-0205-4b3b-bc35-756e8ee284e2,Nykaa Fashion,Google Play,Review,https://play.google.com/store/apps/details?id=com.fsn.nds,Ashu Mahli,2026-07-22 22:02:35,🥺,Nykaa Fashion Google Play reviews,English
b1369caa-cd24-4205-8eed-aa99e99e4751,Nykaa Fashion,Google Play,Review,https://play.google.com/store/apps/details?id=com.fsn.nds,Sana thoibi chanu,2026-07-22 22:02:12,super nykaa fashion,Nykaa Fashion Google Play reviews,English
cad781dd-66ba-4180-b3ec-a9010741bea2,Nykaa Fashion,Google Play,Review,https://play.google.com/store/apps/details?id=com.fsn.nds,Tarigoppula SRINIVASA RAO,2026-07-22 21:59:56,good,Nykaa Fashion Google Play reviews,English
944d10ae-dce1-4326-a39f-b504059db4d4,Nykaa Fashion,Google Play,Review,https://play.google.com/store/apps/details?id=com.fsn.nds,CHANDRA MALGADE,2026-07-22 21:32:45,awesome,Nykaa Fashion Google Play reviews,English
14549af8-7fd8-40ce-9062-b0a8b516b3e2,Nykaa Fashion,Google Play,Review,https://play.google.com/store/apps/details?id=com.fsn.nds,siddhukeerthana,2026-07-22 21:26:08,nice,Nykaa Fashion Google Play reviews,English
c36993e4-b8ae-4830-9d29-daaf1b60e07f,Nykaa Fashion,Google Play,Review,https://play.google.com/store/apps/details?id=com.fsn.nds,Noopur Goswami,2026-07-22 21:20:04,order missing and without tag,Nykaa Fashion Google Play reviews,English
1e99b185-1303-45e7-8380-c1e0f6df896f,Nykaa Fashion,Google Play,Review,https://play.google.com/store/apps/details?id=com.fsn.nds,Quran Sharif,2026-07-22 21:18:34,slo working,Nykaa Fashion Google Play reviews,English
ff73849d-87be-4742-a4db-398dd010fd9f,Nykaa Fashion,Google Play,Review,https://play.google.com/store/apps/details?id=com.fsn.nds,Harsh,2026-07-22 21:18:21,"they either send the wrong product or cancel your order because it was 'out of stock' whenever you try to avail the first order discount, if they cannot afford to give the discount then they shouldn't instead of taking the offered discount back in roundabout ways",Nykaa Fashion Google Play reviews,English
9c479063-593d-4542-b2bc-860cb12d50de,Nykaa Fashion,Google Play,Review,https://play.google.com/store/apps/details?id=com.fsn.nds,Aayisha Vhora,2026-07-22 20:59:41,good quality,Nykaa Fashion Google Play reviews,English
e4a04bdc-30a9-482e-a644-d29b6ef48582,Nykaa Fashion,Google Play,Review,https://play.google.com/store/apps/details?id=com.fsn.nds,Aizah Angel,2026-07-22 19:47:44,very bad app,Nykaa Fashion Google Play reviews,English
ed284de7-fd44-4652-9a47-850eeae87e13,Nykaa Fashion,Google Play,Review,https://play.google.com/store/apps/details?id=com.fsn.nds,Mr Saif,2026-07-22 19:06:40,good performance,Nykaa Fashion Google Play reviews,English
c22967e4-9722-4355-9631-7fe26dcabd3e,Nykaa Fashion,Google Play,Review,https://play.google.com/store/apps/details?id=com.fsn.nds,konduru Bharani,2026-07-22 18:23:53,good 👍🏻,Nykaa Fashion Google Play reviews,English
a4440789-8790-441d-862e-ae50742b21f4,Nykaa Fashion,Google Play,Review,https://play.google.com/store/apps/details?id=com.fsn.nds,Sagar Holkar,2026-07-22 17:43:17,"I had ordered Woodland brand formal shoes on 7thJuly, by prepaid order delivery date was on 10thJuly Today is 22ndJuly and till now I did not got my order or my Money back , this was my first time getting WORST Customer SERVICE . And the worst part is whenever I call to Customer Service Executive they were like in 24 hours you will get your refund and the same thing I heard from the three different Customers service executives , The brand image is getting down day by day like this it can't grow",Nykaa Fashion Google Play reviews,English
012097d4-fad0-4c77-8e73-bf70eb8bca1e,Nykaa Fashion,Google Play,Review,https://play.google.com/store/apps/details?id=com.fsn.nds,Ashis singh Parihar,2026-07-22 17:13:31,👍,Nykaa Fashion Google Play reviews,English
711aadd2-bd94-4074-8b40-75245fe939dc,Nykaa Fashion,Google Play,Review,https://play.google.com/store/apps/details?id=com.fsn.nds,Febina P,2026-07-22 15:12:28,perfecto 👏🤌,Nykaa Fashion Google Play reviews,English
656ff064-f6bf-4e59-aac3-b0d706d94677,Nykaa Fashion,Google Play,Review,https://play.google.com/store/apps/details?id=com.fsn.nds,MANOJ SHARMA,2026-07-22 14:28:27,very good,Nykaa Fashion Google Play reviews,English
1c667934-3eb9-4bca-b8bd-f575404581c6,Nykaa Fashion,Google Play,Review,https://play.google.com/store/apps/details?id=com.fsn.nds,BISWAJIT DAS,2026-07-22 13:34:51,GOOD...🙂,Nykaa Fashion Google Play reviews,English
3f58df69-d631-4a5f-827e-4d29ccfbdd9c,Nykaa Fashion,Google Play,Review,https://play.google.com/store/apps/details?id=com.fsn.nds,Shuva Das,2026-07-22 13:15:15,nice app,Nykaa Fashion Google Play reviews,English
a54c4ca1-94a8-4de0-b742-14a4101eb854,Nykaa Fashion,Google Play,Review,https://play.google.com/store/apps/details?id=com.fsn.nds,Nandita Pande,2026-07-22 12:56:57,worst experience you can't easily return an item there helpline doesn't work you can't raise a ticket chat isn't helpful at all it doesn't have any option to help you return.,Nykaa Fashion Google Play reviews,English
e3be1627-1239-4591-9c40-29446689280b,Nykaa Fashion,Google Play,Review,https://play.google.com/store/apps/details?id=com.fsn.nds,Roshni Kushwaha,2026-07-22 12:03:46,very good,Nykaa Fashion Google Play reviews,English
0ac2fae2-4317-4c83-a255-f3f9c805666e,Nykaa Fashion,Google Play,Review,https://play.google.com/store/apps/details?id=com.fsn.nds,Neshu Cardoz,2026-07-22 11:14:21,"since 15 days I have been requesting for the pickup of the item. no one is bothered to attempt it ,even customer support service is very poor. I hope the management take customers feedback seriously and work on it",Nykaa Fashion Google Play reviews,English
d0992dab-025a-4639-b07e-87c9796d8162,Nykaa Fashion,Google Play,Review,https://play.google.com/store/apps/details?id=com.fsn.nds,Alfrienia Sangma,2026-07-22 11:09:08,"I ordered a bag and I received a different product, no matter how much I tried returning or exchanging I couldn't the app kept on repeatedly saying I should try later , and I tried the whole day yet nothing was done I even tried contacting the customer service and it was not reliable at all they dont even respond to your texts , these app is a total scam never ever buy anything from these scaming app",Nykaa Fashion Google Play reviews,English
4c5cea91-dbc1-450a-9d63-068d1a160887,Nykaa Fashion,Google Play,Review,https://play.google.com/store/apps/details?id=com.fsn.nds,Sangamesh,2026-07-22 10:44:15,so good,Nykaa Fashion Google Play reviews,English
cb53519d-1361-4a56-92e1-39d641b53ed9,Nykaa Fashion,Google Play,Review,https://play.google.com/store/apps/details?id=com.fsn.nds,Prem Singh,2026-07-22 10:25:11,good 👍,Nykaa Fashion Google Play reviews,English
f833a885-1175-465d-bd7b-e0d44334fe4a,Nykaa Fashion,Google Play,Review,https://play.google.com/store/apps/details?id=com.fsn.nds,Piyush Kumar,2026-07-22 09:40:42,v nice 👍,Nykaa Fashion Google Play reviews,English
b85eae41-1229-4437-90a9-8ebcc2e6113e,Nykaa Fashion,Google Play,Review,https://play.google.com/store/apps/details?id=com.fsn.nds,Dillo yadav Dillo yadav,2026-07-22 08:41:43,good,Nykaa Fashion Google Play reviews,English
b8cedd6e-f477-44e3-8de1-66f0866081ff,Nykaa Fashion,Google Play,Review,https://play.google.com/store/apps/details?id=com.fsn.nds,Anu Sharma,2026-07-22 07:31:07,"As a customer, I paid for my order and trusted Nykaa Fashion to provide reliable service. Instead, I have been left waiting without any proper explanation or resolution. Every day the delivery keeps getting delayed, and there is no transparency regarding when I will actually receive my order. This level of service is unacceptable for a platform that claims to sell premium and branded products.",Nykaa Fashion Google Play reviews,English
ac0eacb5-b88a-4297-92e5-f9aba9f0cdb3,Nykaa Fashion,Google Play,Review,https://play.google.com/store/apps/details?id=com.fsn.nds,Vikram Singh,2026-07-22 02:33:05,very good,Nykaa Fashion Google Play reviews,English
a1fc5506-f0ef-4383-ba95-86554742e26f,Nykaa Fashion,Google Play,Review,https://play.google.com/store/apps/details?id=com.fsn.nds,Xemostar Production,2026-07-22 02:10:42,Amazing Service,Nykaa Fashion Google Play reviews,English
ad3f72fa-04b6-49d0-8bbe-6dc5a2ac973e,Nykaa Fashion,Google Play,Review,https://play.google.com/store/apps/details?id=com.fsn.nds,Sayeed Akhtar,2026-07-22 01:02:33,good,Nykaa Fashion Google Play reviews,English
39013609-c244-44c1-a448-6365f4f6589e,Nykaa Fashion,Google Play,Review,https://play.google.com/store/apps/details?id=com.fsn.nds,Koteswaramma Mutluri,2026-07-21 22:54:01,worst app no customer support survive.. fake app high cost fake fake app,Nykaa Fashion Google Play reviews,English
282d40b9-33d2-4cf5-a6bd-76d233c1fd7f,Nykaa Fashion,Google Play,Review,https://play.google.com/store/apps/details?id=com.fsn.nds,Posw Debbarma,2026-07-21 22:11:50,over charge case on delivery,Nykaa Fashion Google Play reviews,English
55166c45-aa8a-4fb4-bd84-33edd364d462,Nykaa Fashion,Google Play,Review,https://play.google.com/store/apps/details?id=com.fsn.nds,Raval Aayush,2026-07-21 20:52:42,good service,Nykaa Fashion Google Play reviews,English
005601cf-5a41-4b6b-96c3-0927f3650c67,Nykaa Fashion,Google Play,Review,https://play.google.com/store/apps/details?id=com.fsn.nds,Sumi S,2026-07-21 20:36:58,overall 👍,Nykaa Fashion Google Play reviews,English
bf59cb4b-3522-4071-b485-534552f5aa98,Nykaa Fashion,Google Play,Review,https://play.google.com/store/apps/details?id=com.fsn.nds,Shoaib Qureshi,2026-07-21 19:28:59,fast order,Nykaa Fashion Google Play reviews,English
d3c82afc-648e-4908-b2bf-3854142f14ed,Nykaa Fashion,Google Play,Review,https://play.google.com/store/apps/details?id=com.fsn.nds,Md Khurshid Alam,2026-07-21 19:25:09,excellent,Nykaa Fashion Google Play reviews,English
12c7b385-08ec-46c3-8acc-8a60740d277f,Nykaa Fashion,Google Play,Review,https://play.google.com/store/apps/details?id=com.fsn.nds,Anirudhsinh Jadeja,2026-07-21 19:10:20,payment refund bhi nai karte hai or replacement bhi nai ghatiya app hai or order milne ke baad koi service nai dete hai aapka order missing ho ya kuch bhi bhi product under ho unse koi matlab nai hai... complaint karne pe vo bolte hai ki hamare end se proper gaya hai hum kuch nai kar sakte.... or proof mango to vo bhi nai send kar rahe hai... koi service nai hai refund bhi nai hai replacement me bolte hai jo hai vo yahi hai,Nykaa Fashion Google Play reviews,English
29ceb4cd-3ca8-4d87-8dcb-ba102faea2bc,Nykaa Fashion,Google Play,Review,https://play.google.com/store/apps/details?id=com.fsn.nds,Janet D'souza,2026-07-21 19:07:12,"If you try to use a voucher but don't complete the payment (for example if you wanted to go back to add/remove items), the voucher still gets used up. Wasted two vouchers today because of issues with the GPay app. That shouldn't use up the vouchers. Fix your site/app.",Nykaa Fashion Google Play reviews,English
0397b14b-cd80-4bb2-8716-310e34b0a07e,Nykaa Fashion,Google Play,Review,https://play.google.com/store/apps/details?id=com.fsn.nds,Meghna Gupta,2026-07-21 17:59:47,"The app is not getting updated it seems, I ordered a saree and it was torn when we received it. The return request is not yet approved and it's been more than 10 days now. Please don't fall into a trap, I would prefer myntra over this one which is quick in service.",Nykaa Fashion Google Play reviews,English
e219bef4-dc32-4ffe-a8dc-1a730aeff91e,Nykaa Fashion,Google Play,Review,https://play.google.com/store/apps/details?id=com.fsn.nds,Sahil Kolhe,2026-07-21 17:53:04,good,Nykaa Fashion Google Play reviews,English
930ba677-9061-4285-ba5e-e9096a9230ce,Nykaa Fashion,Google Play,Review,https://play.google.com/store/apps/details?id=com.fsn.nds,Naresh Jain,2026-07-21 17:41:20,"my first order, process order is to eady",Nykaa Fashion Google Play reviews,English
ffc9e309-7b4e-4ae4-9b1d-e697ebdd90d8,Nykaa Fashion,Google Play,Review,https://play.google.com/store/apps/details?id=com.fsn.nds,shakeel saifi,2026-07-21 16:18:28,good discount,Nykaa Fashion Google Play reviews,English
16dd80b9-0c4b-4760-9274-3004f63eb870,Nykaa Fashion,Google Play,Review,https://play.google.com/store/apps/details?id=com.fsn.nds,Sri devi,2026-07-21 16:02:13,My favourite clothing 👑 app,Nykaa Fashion Google Play reviews,English
1a05a19b-f3bb-4ee1-939b-f2f1b1b0ad6e,Nykaa Fashion,Google Play,Review,https://play.google.com/store/apps/details?id=com.fsn.nds,Taniya Das,2026-07-21 15:10:12,very bad experience... itna paise deke kharidrah h .. or product bohot ghatiya dete h ... aisa lagta bas do din m kisi tarah banake de diya ho 😑😑,Nykaa Fashion Google Play reviews,English
a58e1561-5a13-4329-9230-b273b94581f6,Nykaa Fashion,Google Play,Review,https://play.google.com/store/apps/details?id=com.fsn.nds,Priyu Verma,2026-07-21 13:46:31,best soping app in play store ......****,Nykaa Fashion Google Play reviews,English
2d677c53-8fa8-4553-856d-d4ffd8b91886,Nykaa Fashion,Google Play,Review,https://play.google.com/store/apps/details?id=com.fsn.nds,Akilesh Gupta,2026-07-21 11:53:53,good work,Nykaa Fashion Google Play reviews,English
2db87d29-b4e6-4b2e-8fc3-57526a725aad,Nykaa Fashion,Google Play,Review,https://play.google.com/store/apps/details?id=com.fsn.nds,Gurudev Sah,2026-07-21 11:45:05,Achha bahut,Nykaa Fashion Google Play reviews,English
85b0998c-5fdd-4e8a-8477-9604ce6ad34b,Nykaa Fashion,Google Play,Review,https://play.google.com/store/apps/details?id=com.fsn.nds,AMEYA PAWAR,2026-07-21 11:01:40,"This app is a scam. I requested a return immediately after receiving my order. Even after 20 days, no one came to pick it up. Now, they have cancelled my return request without my consent. I contacted them three times, but they just kept giving me false hope about the pickup. I am ready to take legal action against them.",Nykaa Fashion Google Play reviews,English
9b1f7069-7293-490a-b97e-d1461326179e,Nykaa Fashion,Google Play,Review,https://play.google.com/store/apps/details?id=com.fsn.nds,Gagan Dhruw,2026-07-21 10:41:53,good,Nykaa Fashion Google Play reviews,English
f8c94a4c-94b3-4e70-8721-2f920517978c,Nykaa Fashion,Google Play,Review,https://play.google.com/store/apps/details?id=com.fsn.nds,Triloki Dangi Triloki Dangi,2026-07-21 08:33:46,is par Jo delivery recharge cash mein aur platform fees charge lete hain na yah rs 40 ho jata hai itna jyada Lena band karo,Nykaa Fashion Google Play reviews,English
cb235329-76e1-4bea-97af-14534d333ea0,Nykaa Fashion,Google Play,Review,https://play.google.com/store/apps/details?id=com.fsn.nds,Mounika Doddi,2026-07-21 07:29:36,happy shopping,Nykaa Fashion Google Play reviews,English
d09da760-1365-441e-bcd5-45561ae852ab,Nykaa Fashion,Google Play,Review,https://play.google.com/store/apps/details?id=com.fsn.nds,ABHISHEK MEGHWANSHI,2026-07-21 06:53:42,👍,Nykaa Fashion Google Play reviews,English
b2a71126-a806-4c54-b57b-63152dc089f2,Nykaa Fashion,Google Play,Review,https://play.google.com/store/apps/details?id=com.fsn.nds,Pawan Kumar,2026-07-21 03:54:38,supb,Nykaa Fashion Google Play reviews,English
804b3f56-19c7-40d7-a6c3-eff53ae0630f,Nykaa Fashion,Google Play,Review,https://play.google.com/store/apps/details?id=com.fsn.nds,Jai Singh Bisht,2026-07-21 01:32:50,"solid app, good collection. just need to add dark mode",Nykaa Fashion Google Play reviews,English
52b1fe7b-f3f9-4bab-8402-bbb520e4683a,Nykaa Fashion,Google Play,Review,https://play.google.com/store/apps/details?id=com.fsn.nds,Sujata Upadhya,2026-07-21 00:33:00,Best Fashion App,Nykaa Fashion Google Play reviews,English
b59bff2c-99a5-4237-a0be-303972685aef,Nykaa Fashion,Google Play,Review,https://play.google.com/store/apps/details?id=com.fsn.nds,Rutuja Patil,2026-07-21 00:30:50,The customer support is useless. First they deliver the wrong product without checking anything n then take like a year to give resolution.,Nykaa Fashion Google Play reviews,English
90dcdbf8-9723-467c-9531-6e88f5704df3,Nykaa Fashion,Google Play,Review,https://play.google.com/store/apps/details?id=com.fsn.nds,Jyoshna N,2026-07-20 23:44:03,"best quality, I love pink sale",Nykaa Fashion Google Play reviews,English
9f0dc854-f618-4e04-a0f6-0675d2610b01,Nykaa Fashion,Google Play,Review,https://play.google.com/store/apps/details?id=com.fsn.nds,Anik Debnath,2026-07-20 23:37:11,cash on delivery fees very high compared to another website.,Nykaa Fashion Google Play reviews,English
fc13a062-af64-47fc-a996-e636807956bd,Nykaa Fashion,Google Play,Review,https://play.google.com/store/apps/details?id=com.fsn.nds,AASHISH ANAND,2026-07-20 23:24:00,good,Nykaa Fashion Google Play reviews,English
a422e042-5797-49eb-9dd5-3e170a1948f9,Nykaa Fashion,Google Play,Review,https://play.google.com/store/apps/details?id=com.fsn.nds,jeetu Verma,2026-07-20 23:06:34,awsm,Nykaa Fashion Google Play reviews,English
e881c31f-a944-4877-928d-6952ac77b27a,Nykaa Fashion,Google Play,Review,https://play.google.com/store/apps/details?id=com.fsn.nds,Piyush Kumar,2026-07-20 21:14:19,good 👍🏻,Nykaa Fashion Google Play reviews,English
0b6e8409-d50d-4616-a8a2-70accd3e453a,Nykaa Fashion,Google Play,Review,https://play.google.com/store/apps/details?id=com.fsn.nds,Wings Music,2026-07-20 20:47:02,fake promotion fake strategies,Nykaa Fashion Google Play reviews,English
55f1f2b3-e9ed-442c-b816-a6ba9e97e609,Nykaa Fashion,Google Play,Review,https://play.google.com/store/apps/details?id=com.fsn.nds,Poonam Kumari,2026-07-20 20:21:02,This is my first order from Nykaa; I hope you send me a good product. Everything looks good so far—at least from what I can see. thanks,Nykaa Fashion Google Play reviews,English
e67b2d89-5651-4503-8420-a5dc5dd2a588,Nykaa Fashion,Google Play,Review,https://play.google.com/store/apps/details?id=com.fsn.nds,Kavya Shah,2026-07-20 19:13:17,they picked up my return product and never refunded my money. ive been fighting with this app's personal foe a month now and they aren't giving my money back. worst app and service. they are IN THE LOOT BUSINESS,Nykaa Fashion Google Play reviews,English
3150e272-9cc7-4bde-beb1-0390ba050691,Nykaa Fashion,Google Play,Review,https://play.google.com/store/apps/details?id=com.fsn.nds,Naresh Riya,2026-07-20 19:06:57,good,Nykaa Fashion Google Play reviews,English
c159592a-03ab-40a3-ab72-81051075c0af,Nykaa Fashion,Google Play,Review,https://play.google.com/store/apps/details?id=com.fsn.nds,elle Pamei,2026-07-20 17:44:18,bad...very disappointing.....i ordered for the first time in this app and expected delivery date was 19th when I checked the status on 19th July it change to 20th today as I check it and it has been rescheduled for 21st again...I tried to contact customer support through msg but nobody attended...now i don't know if I will be able to get my order on time or not as I ordered it for a function......,Nykaa Fashion Google Play reviews,English
c39385f5-b4fe-4ae3-a2ad-fe343a530645,Nykaa Fashion,Google Play,Review,https://play.google.com/store/apps/details?id=com.fsn.nds,vinith sigamani,2026-07-20 16:37:51,"I had a very disappointing experience with the nykaa fashion app. the delivery partner never attempted the return pickup, yet I received a message claiming that a pickup had been attempted and could not be completed.This information is false. After that, there was no further pickup attempt. it has now been more than a week, and I still haven't received any update or response from the customer support team.This lack of transparency and poor customer service is extremely frustrating.",Nykaa Fashion Google Play reviews,English
e2320cd7-c2bf-42a5-a9e5-fda231afad3c,Nykaa Fashion,Google Play,Review,https://play.google.com/store/apps/details?id=com.fsn.nds,Avinash Mishra,2026-07-20 15:49:53,good 😊,Nykaa Fashion Google Play reviews,English
b6a7a8cb-7dd3-4fa5-b867-d0092f7ecd49,Nykaa Fashion,Google Play,Review,https://play.google.com/store/apps/details?id=com.fsn.nds,debjani hembram,2026-07-20 15:25:56,my first time order ..,Nykaa Fashion Google Play reviews,English
8d83cd22-80e7-4250-a8fa-d948934bd7c8,Nykaa Fashion,Google Play,Review,https://play.google.com/store/apps/details?id=com.fsn.nds,Karn Raj,2026-07-20 13:57:17,abhi use ne kiye,Nykaa Fashion Google Play reviews,English
33df16e5-a6fa-492c-b169-885d4135d1b5,Nykaa Fashion,Google Play,Review,https://play.google.com/store/apps/details?id=com.fsn.nds,Hrishika Dey,2026-07-20 13:13:52,"one of worst customer services they got because I placed an order for a top 2 weeks back and recently 4 days ago i received a completely wrong item so I contacted the customer support on the chat as well as spoke with them over the call and at first on the chat box they said they need 48 to 72 to investigate and update me with a better response, I waited for 2 days still no response came from them so I called them directly and complaint abt the issue n they're saying they can't help or do anythg",Nykaa Fashion Google Play reviews,English
ffd54373-2518-409b-8cc7-0d8189c6cfc8,Nykaa Fashion,Google Play,Review,https://play.google.com/store/apps/details?id=com.fsn.nds,Tonu Geyi,2026-07-20 12:44:16,"I can't use online payment because nykaa doesn't support fampay , i have to cod all the time and spend extra rs 20 for cod charges I hate it",Nykaa Fashion Google Play reviews,English
acfaed33-c1b9-4c0e-8e7e-feb3c8a5f119,Nykaa Fashion,Google Play,Review,https://play.google.com/store/apps/details?id=com.fsn.nds,Vartika Shukla,2026-07-20 12:43:34,amazing😍,Nykaa Fashion Google Play reviews,English
dd2328f2-b153-4ec6-a625-debe20fcfd94,Nykaa Fashion,Google Play,Review,https://play.google.com/store/apps/details?id=com.fsn.nds,Tejas 36,2026-07-20 11:58:48,running fake ads on Instagram,Nykaa Fashion Google Play reviews,English
dd824e58-f94b-4fdf-9644-c680999c7f67,Nykaa Fashion,Google Play,Review,https://play.google.com/store/apps/details?id=com.fsn.nds,Badavath Dinesh,2026-07-20 11:35:53,good,Nykaa Fashion Google Play reviews,English
45afbca6-85ec-4f42-8f5b-50821c51527d,Nykaa Fashion,Google Play,Review,https://play.google.com/store/apps/details?id=com.fsn.nds,Radha Vijay Kumar,2026-07-20 11:03:30,"Great products, delivery to all locations, excellent brands available and easy returns",Nykaa Fashion Google Play reviews,English
857f109b-93eb-470c-be59-c94dcbb5042b,Nykaa Fashion,Google Play,Review,https://play.google.com/store/apps/details?id=com.fsn.nds,Yash Pandey,2026-07-20 11:00:38,fake advertisement. expensive more than reasonable,Nykaa Fashion Google Play reviews,English
c52b0f2e-8e81-4478-b423-f49753791d89,Nykaa Fashion,Google Play,Review,https://play.google.com/store/apps/details?id=com.fsn.nds,Shubhangi Matele,2026-07-20 10:59:20,👍,Nykaa Fashion Google Play reviews,English
a3b8161d-f9c0-4da0-acf8-500285c95466,Nykaa Fashion,Google Play,Review,https://play.google.com/store/apps/details?id=com.fsn.nds,Akshaya Behera,2026-07-20 10:57:38,OK thanks,Nykaa Fashion Google Play reviews,English
e04d2c55-659b-464f-9e16-3352d181513b,Nykaa Fashion,Google Play,Review,https://play.google.com/store/apps/details?id=com.fsn.nds,Harshit Yadav,2026-07-20 10:31:43,nice,Nykaa Fashion Google Play reviews,English
5a999dd6-26f9-4462-a088-b2a0ef566120,Nykaa Fashion,Google Play,Review,https://play.google.com/store/apps/details?id=com.fsn.nds,Vibha Khorana,2026-07-20 10:06:41,outstanding quality outstanding sale wow wow wow,Nykaa Fashion Google Play reviews,English
0d17c026-27c0-404e-baf6-07e894525960,Nykaa Fashion,Google Play,Review,https://play.google.com/store/apps/details?id=com.fsn.nds,Jousringdao Khersa,2026-07-20 08:46:08,i like this,Nykaa Fashion Google Play reviews,English
c53f587f-354c-4b60-a740-10c4b0ad3ffe,Nykaa Fashion,Google Play,Review,https://play.google.com/store/apps/details?id=com.fsn.nds,anoop dwivedi,2026-07-20 02:55:24,best seller,Nykaa Fashion Google Play reviews,English
02ce0300-d3ce-40bb-8bfd-9574e5ca85d7,Nykaa Fashion,Google Play,Review,https://play.google.com/store/apps/details?id=com.fsn.nds,Vinay Kumar,2026-07-20 02:14:39,good,Nykaa Fashion Google Play reviews,English
156af1b9-cf08-4f4c-aa7b-0808cd66684b,Nykaa Fashion,Google Play,Review,https://play.google.com/store/apps/details?id=com.fsn.nds,Sonu Gupta,2026-07-20 01:17:13,good,Nykaa Fashion Google Play reviews,English
68c915dd-0e0d-4466-8436-fad393db59d9,Nykaa Fashion,Google Play,Review,https://play.google.com/store/apps/details?id=com.fsn.nds,Jegyansu Padhi,2026-07-19 22:50:11,Good app for fashion both for men and women. Btw...also good UI experience. Good virtual try feature.,Nykaa Fashion Google Play reviews,English
c6767a18-b12c-4970-baab-847594ad8333,Nykaa Fashion,Google Play,Review,https://play.google.com/store/apps/details?id=com.fsn.nds,Manish Kumar,2026-07-19 22:42:44,works like magic,Nykaa Fashion Google Play reviews,English
320ff37d-be84-4f99-a685-fd7a89ab428d,Nykaa Fashion,Google Play,Review,https://play.google.com/store/apps/details?id=com.fsn.nds,Dr. Tanu Solanki,2026-07-19 22:04:10,"total is something different, but during payment the amount changed",Nykaa Fashion Google Play reviews,English
ff1208ff-8a19-4ed9-83d0-c3cbc276fa1d,Nykaa Fashion,Google Play,Review,https://play.google.com/store/apps/details?id=com.fsn.nds,Anu Anu,2026-07-19 21:30:31,nice app,Nykaa Fashion Google Play reviews,English
c00d2822-ee37-4123-aff0-7a82a81adc2d,Nykaa Fashion,Google Play,Review,https://play.google.com/store/apps/details?id=com.fsn.nds,Sujatha Thota,2026-07-19 21:19:02,good,Nykaa Fashion Google Play reviews,English
04d24cab-8e79-41a9-9f4c-033950d59e34,Nykaa Fashion,Google Play,Review,https://play.google.com/store/apps/details?id=com.fsn.nds,MANISH PANJIYAR,2026-07-19 20:55:37,excellent,Nykaa Fashion Google Play reviews,English
1176c76e-1682-44c3-8ea3-62b8ad8e7b79,Nykaa Fashion,Google Play,Review,https://play.google.com/store/apps/details?id=com.fsn.nds,Samiksha Jeena,2026-07-19 19:46:52,"Very bad 1st experience, not able to deliver my 2 products idk for what reason, nykaa beauty orders gets delivered to my address somehow but not nykaa fashion orders how lame, & I asked replacement for 1 product, they came for return pickup but couldn't deliver them & then couldn't issue refund also on time, have to complain so many times almost took 3-4 weeks, their customer service is also very bad no one respond on call timely, gives lame excuses for their bad service. Won't recommend it.",Nykaa Fashion Google Play reviews,English
226b4b34-5fa9-4adc-99a4-fc157db74e91,Nykaa Fashion,Google Play,Review,https://play.google.com/store/apps/details?id=com.fsn.nds,Parul Kandpal8,2026-07-19 19:10:13,My order is getting rescheduled for last 4 days... No delivery partner ever contacted me for rescheduling and on top of that there is no way to reach any customer care service. They have a weird policy where you can not cancel an order once it is shipped. it can only be returned once it is delivered. So now they are not delivering also so I can't cancel the order and there is no way to reach customer care service.. Pathetic app.. Never ordering again.. Myntra and TATA cliq are 100 times better.,Nykaa Fashion Google Play reviews,English
bb370363-ff2b-4ca9-a8a6-c08d123c1b4e,Nykaa Fashion,Google Play,Review,https://play.google.com/store/apps/details?id=com.fsn.nds,Shankar Swami,2026-07-19 18:59:19,good,Nykaa Fashion Google Play reviews,English
71fa4fd1-4dc6-4751-a925-54febfc321b7,Nykaa Fashion,Google Play,Review,https://play.google.com/store/apps/details?id=com.fsn.nds,David,2026-07-19 18:37:37,"Despicable return service. The customer care is either incompetent or indifferent towards customer grievences, they will say it is fixed, only it isn't. No response, no pick up, everytime I raise the issue, the same scripted response. Online purchases should have a feel at ease but my experience with the return service has been harrowing. Credit where it is due- Product quality and delivery were in good order. I however dont think I will ever order from Nykaa anymore given their indifference.",Nykaa Fashion Google Play reviews,English
a4aea31a-c3e1-420c-8f09-782be450b5fd,Nykaa Fashion,Google Play,Review,https://play.google.com/store/apps/details?id=com.fsn.nds,Amit,2026-07-19 18:36:56,"PATHETIC DELIVERY SERVICE AND CUSTOMERCARE SERVICE. MY ORDER NEVER REACHED TO DESTINATION AND CUSTOMER CARE EXECUTIVE WAS REPLYING THE SAME STANDARD MESSAGE WITHOUT READING THE ISSUE. I THINK THEY DON'T KNOW HOW TO READ A MAIL. I BET, THERE WILL BE A STANDARD REPLY ON THIS REVIEW...",Nykaa Fashion Google Play reviews,English
93ad0ce4-d6b2-4f46-87dc-e0bc0d388b96,Nykaa Fashion,Google Play,Review,https://play.google.com/store/apps/details?id=com.fsn.nds,Mukti Mondal,2026-07-19 18:16:32,nice ♥️♥️❤️,Nykaa Fashion Google Play reviews,English
7a056c62-52e9-4a13-9d60-7ba0ddd35f50,Nykaa Fashion,Google Play,Review,https://play.google.com/store/apps/details?id=com.fsn.nds,Tofik Khan,2026-07-19 17:36:33,very good 👍,Nykaa Fashion Google Play reviews,English
926aae8b-09ec-4ddb-8b02-6b62a6ff3c2b,Nykaa Fashion,Google Play,Review,https://play.google.com/store/apps/details?id=com.fsn.nds,Ajeet Pal,2026-07-19 17:27:28,bad experience,Nykaa Fashion Google Play reviews,English
fdaae030-5ec3-42b6-a0e6-4090d91a630a,Nykaa Fashion,Google Play,Review,https://play.google.com/store/apps/details?id=com.fsn.nds,Tanishk Rai,2026-07-19 16:34:09,worst experience ever for returning the order I return the order within I hour after the delivery the replace order supposed to. pick. next day but after that evey day it was reschedule no. update from any delivery agent no. calls every day mess came (delivery partner couldn't able to collect your order,Nykaa Fashion Google Play reviews,English
6483ad54-c096-4d95-8819-cbba3887213c,Nykaa Fashion,Google Play,Review,https://play.google.com/store/apps/details?id=com.fsn.nds,Twinkle Ashitha,2026-07-19 16:33:12,good but pricy,Nykaa Fashion Google Play reviews,English
7f7f6aa8-0fef-4421-9055-e5f784f9f821,Nykaa Fashion,Google Play,Review,https://play.google.com/store/apps/details?id=com.fsn.nds,Suhail Ali,2026-07-19 15:44:20,I received the wrong product instead of the one I ordered.,Nykaa Fashion Google Play reviews,English
976bffd6-cafb-4ef4-8309-645e74967ef9,Nykaa Fashion,Google Play,Review,https://play.google.com/store/apps/details?id=com.fsn.nds,Suraj Mukhiya,2026-07-19 15:06:12,good job,Nykaa Fashion Google Play reviews,English
dd3ca28a-b8d2-4ae0-8a54-4f7c4152eb46,Nykaa Fashion,Google Play,Review,https://play.google.com/store/apps/details?id=com.fsn.nds,SAMIR KUMAR,2026-07-19 15:04:47,super,Nykaa Fashion Google Play reviews,English
e9cd7ec5-0a35-4d23-9edf-b0eceddf8efb,Nykaa Fashion,Google Play,Review,https://play.google.com/store/apps/details?id=com.fsn.nds,Maroti Pawade,2026-07-19 14:40:05,nice,Nykaa Fashion Google Play reviews,English
325ae5db-0fdd-44ea-9ccc-5893790cfc04,Nykaa Fashion,Google Play,Review,https://play.google.com/store/apps/details?id=com.fsn.nds,Chukka Raju,2026-07-19 14:26:54,exlent,Nykaa Fashion Google Play reviews,English
b8f995c9-a02e-4fab-b786-9cd98f8cc5bc,Nykaa Fashion,Google Play,Review,https://play.google.com/store/apps/details?id=com.fsn.nds,Sathya Reddy,2026-07-19 13:29:40,good,Nykaa Fashion Google Play reviews,English
acca8b11-feca-4db2-bf48-a85ce4f0bcd0,Nykaa Fashion,Google Play,Review,https://play.google.com/store/apps/details?id=com.fsn.nds,AKASH KUMAR,2026-07-19 13:18:51,good 👍,Nykaa Fashion Google Play reviews,English
4211fb0c-6077-4ac8-b2ff-98bf32c1b90a,Nykaa Fashion,Google Play,Review,https://play.google.com/store/apps/details?id=com.fsn.nds,Robin Mondal,2026-07-19 13:05:30,It is out of my imagination. It's too good to explain,Nykaa Fashion Google Play reviews,English
8fe24c3f-f9e5-4811-a48a-36e00bdbc556,Nykaa Fashion,Google Play,Review,https://play.google.com/store/apps/details?id=com.fsn.nds,Mandhati Kavya,2026-07-19 13:04:15,very good,Nykaa Fashion Google Play reviews,English
4cafe101-1dab-4d1e-b481-eba2c50a1d32,Nykaa Fashion,Google Play,Review,https://play.google.com/store/apps/details?id=com.fsn.nds,Raj Singh,2026-07-19 11:43:34,good brand and good items,Nykaa Fashion Google Play reviews,English
b93c421b-9043-4aaa-9b3d-62f4a0f9b020,Nykaa Fashion,Google Play,Review,https://play.google.com/store/apps/details?id=com.fsn.nds,Tabish,2026-07-19 10:47:13,"Very bad experience with Nykaa Fashion. My order was delivered very late, and the delivery date kept getting delayed automatically without any proper explanation. The product quality was also disappointing and did not match my expectations. Customer service is very poor and not helpful. Overall, very bad service. I will not recommend Nykaa Fashion to anyone.",Nykaa Fashion Google Play reviews,English
c1a8da6a-5cb4-4610-9a8d-e212cae39900,Nykaa Fashion,Google Play,Review,https://play.google.com/store/apps/details?id=com.fsn.nds,Asha Rani,2026-07-19 10:34:43,please don't buy anything because they didn't replacement ur order please don't trust very bad nykaa fashion team,Nykaa Fashion Google Play reviews,English
dbd1779e-696e-4567-800b-a86bfe87afbe,Nykaa Fashion,Google Play,Review,https://play.google.com/store/apps/details?id=com.fsn.nds,nagarjuna kondareddy,2026-07-19 10:27:17,good,Nykaa Fashion Google Play reviews,English
5e66557c-70b1-43d2-b39b-7ff73eaa0f64,Nykaa Fashion,Google Play,Review,https://play.google.com/store/apps/details?id=com.fsn.nds,Lukman Khan,2026-07-19 10:12:07,वेरी गुड,Nykaa Fashion Google Play reviews,English
fd0416e5-e57a-41f8-bca4-95ca5e88dee4,Nykaa Fashion,Google Play,Review,https://play.google.com/store/apps/details?id=com.fsn.nds,Ankit Kumar,2026-07-19 10:10:25,Best choise product,Nykaa Fashion Google Play reviews,English
10a66c23-f1b9-4d24-95c3-6a808507a3cb,Nykaa Fashion,Google Play,Review,https://play.google.com/store/apps/details?id=com.fsn.nds,DILEEP KUMAR,2026-07-19 09:17:49,Mast Hai,Nykaa Fashion Google Play reviews,English
9987360f-2b0f-49ac-a8d6-ecdbf8534a30,Nykaa Fashion,Google Play,Review,https://play.google.com/store/apps/details?id=com.fsn.nds,Madduri Praveen,2026-07-19 08:31:47,good,Nykaa Fashion Google Play reviews,English
a802358b-3e63-4a45-91df-a0b088ebd4d0,Nykaa Fashion,Google Play,Review,https://play.google.com/store/apps/details?id=com.fsn.nds,Mohit kumar,2026-07-19 07:47:53,बहुत बढ़िया है,Nykaa Fashion Google Play reviews,English
61333b21-fbd9-4954-a2e4-e6238def5c41,Nykaa Fashion,Google Play,Review,https://play.google.com/store/apps/details?id=com.fsn.nds,Diya Chandani,2026-07-19 01:41:49,good,Nykaa Fashion Google Play reviews,English
6e7a2b50-d195-4484-a75a-a576928131dc,Nykaa Fashion,Google Play,Review,https://play.google.com/store/apps/details?id=com.fsn.nds,Arunabhutia Arunabhutia,2026-07-19 01:05:58,very nice,Nykaa Fashion Google Play reviews,English
e70afff9-adb5-45c2-a1fa-5eba30a68845,Nykaa Fashion,Google Play,Review,https://play.google.com/store/apps/details?id=com.fsn.nds,Atharva Chavan,2026-07-19 00:51:25,good 👍,Nykaa Fashion Google Play reviews,English
a5ec16f2-2fa4-465c-957c-7acd7b09ddd7,Nykaa Fashion,Google Play,Review,https://play.google.com/store/apps/details?id=com.fsn.nds,Harsh Dwivedi,2026-07-19 00:11:13,Good,Nykaa Fashion Google Play reviews,English
7c0fe7c5-4a53-4363-bcd1-37adfbb6f40a,Nykaa Fashion,Google Play,Review,https://play.google.com/store/apps/details?id=com.fsn.nds,Sachin singh Shekhawat,2026-07-18 23:02:36,good,Nykaa Fashion Google Play reviews,English
7782ef4e-4e85-48a5-a733-5b43a53a82a9,Nykaa Fashion,Google Play,Review,https://play.google.com/store/apps/details?id=com.fsn.nds,KRUPA DIGITAL,2026-07-18 22:49:23,super,Nykaa Fashion Google Play reviews,English
b6b09b9b-4457-437c-9bd3-253925a2f588,Nykaa Fashion,Google Play,Review,https://play.google.com/store/apps/details?id=com.fsn.nds,Shakthi Rajesh,2026-07-18 22:22:16,good.,Nykaa Fashion Google Play reviews,English
e3a3024e-f347-4be2-9626-159ce82e9926,Nykaa Fashion,Google Play,Review,https://play.google.com/store/apps/details?id=com.fsn.nds,somisetty sampath7703,2026-07-18 19:47:11,❣️,Nykaa Fashion Google Play reviews,English
ad49c021-5cf1-4792-a00c-a943094b51e9,Nykaa Fashion,Google Play,Review,https://play.google.com/store/apps/details?id=com.fsn.nds,ASHOK GURJAR,2026-07-18 19:29:11,nice,Nykaa Fashion Google Play reviews,English
169ca31c-c0ee-4564-8048-c3844e0312ba,Nykaa Fashion,Google Play,Review,https://play.google.com/store/apps/details?id=com.fsn.nds,Soumik Biswas,2026-07-18 19:27:21,good,Nykaa Fashion Google Play reviews,English
2ad68c76-d0c6-491b-89f2-303a971d4ae6,Nykaa Fashion,Google Play,Review,https://play.google.com/store/apps/details?id=com.fsn.nds,Tanya Pahwa,2026-07-18 18:33:01,"worst app , I bought pants but I received the parcel without tags but I didn't liked the product I put in return.and when person came back to take return he refused parcel just because it doesn't have tag and re applied it no response This absolutely horrible if you don't put tag in parcel how can you expect that I put on return in just 15 minutes of receiving it",Nykaa Fashion Google Play reviews,English
a3480649-fe96-4671-aa83-ad81d20f219f,Nykaa Fashion,Google Play,Review,https://play.google.com/store/apps/details?id=com.fsn.nds,RAKESH CHANDRA,2026-07-18 18:33:00,super,Nykaa Fashion Google Play reviews,English
e470814c-0779-4c70-b175-3f581ffcb3f6,Nykaa Fashion,Google Play,Review,https://play.google.com/store/apps/details?id=com.fsn.nds,narendra khatri,2026-07-18 18:23:06,Nice customer interaction process,Nykaa Fashion Google Play reviews,English
01a8f32e-c121-4da5-a294-22489fd2b43c,Nykaa Fashion,Google Play,Review,https://play.google.com/store/apps/details?id=com.fsn.nds,Rahmat King,2026-07-18 17:18:21,exlent your nykaa fashion app 🫶🏻💖🤩,Nykaa Fashion Google Play reviews,English
80cb7915-8f8b-4cf6-97d1-aceb41805c97,Nykaa Fashion,Google Play,Review,https://play.google.com/store/apps/details?id=com.fsn.nds,Basaveni Narasaiah,2026-07-18 16:55:15,superrr,Nykaa Fashion Google Play reviews,English
6cc97dfb-57d8-4f95-bcf8-5a1051b7ba5c,Nykaa Fashion,Google Play,Review,https://play.google.com/store/apps/details?id=com.fsn.nds,Benu naik,2026-07-18 16:40:11,superb experience,Nykaa Fashion Google Play reviews,English
d4e59ce7-a075-429f-9103-d5204e9f0199,Nykaa Fashion,Google Play,Review,https://play.google.com/store/apps/details?id=com.fsn.nds,Manisha Sharma,2026-07-18 16:02:20,this is just an absurd app. they are not delivering like nykka fashion. no proper customer support. any time they can say no to delivery like delivery is not available in your area . worst experience ever.,Nykaa Fashion Google Play reviews,English
0859c46b-12fc-4887-a28d-4c722f382b46,Nykaa Fashion,Google Play,Review,https://play.google.com/store/apps/details?id=com.fsn.nds,Shakshamojha Shakshamojha,2026-07-18 16:01:58,good 👍🏻,Nykaa Fashion Google Play reviews,English
8e0bbd4c-007f-41c7-9883-f5bfab8aa3c4,Nykaa Fashion,Google Play,Review,https://play.google.com/store/apps/details?id=com.fsn.nds,BINOD SHARAN,2026-07-18 15:14:58,excellent,Nykaa Fashion Google Play reviews,English
027f4685-1d72-4570-888b-38f5ee0705b1,Nykaa Fashion,Google Play,Review,https://play.google.com/store/apps/details?id=com.fsn.nds,Kamlesh Madhania,2026-07-18 15:11:35,👍,Nykaa Fashion Google Play reviews,English
6964d94c-7c6b-49cf-a45f-c3a43fb252e8,Nykaa Fashion,Google Play,Review,https://play.google.com/store/apps/details?id=com.fsn.nds,Nausheenayaz,2026-07-18 15:06:19,"Products quality are very good,, I liked it 👍",Nykaa Fashion Google Play reviews,English
b7aee7a9-81f3-4bb6-a082-03415bec7d45,Nykaa Fashion,Google Play,Review,https://play.google.com/store/apps/details?id=com.fsn.nds,Addy Shake,2026-07-18 14:48:41,good but prizes are too high,Nykaa Fashion Google Play reviews,English
911cc7bb-58c6-4edd-b0bd-d9f5fdd5fddc,Nykaa Fashion,Google Play,Review,https://play.google.com/store/apps/details?id=com.fsn.nds,Mukta Gogtay,2026-07-18 14:34:35,its soo good to be here on Nykaa,Nykaa Fashion Google Play reviews,English
7ec00a47-e929-42cb-b4b2-7b671248a567,Nykaa Fashion,Google Play,Review,https://play.google.com/store/apps/details?id=com.fsn.nds,SVN Roof Works,2026-07-18 14:31:55,goid,Nykaa Fashion Google Play reviews,English
a386342f-6a0f-42c0-bb91-f02b0862aeb3,Nykaa Fashion,Google Play,Review,https://play.google.com/store/apps/details?id=com.fsn.nds,Vikram Dhumal,2026-07-18 13:21:28,nice,Nykaa Fashion Google Play reviews,English
fbe31768-8aac-4641-81b9-5f236d69d1ca,Nykaa Fashion,Google Play,Review,https://play.google.com/store/apps/details?id=com.fsn.nds,samir Jayade,2026-07-18 12:42:36,awesome,Nykaa Fashion Google Play reviews,English
5dd2c869-13ff-4931-a3db-11aaa7876669,Nykaa Fashion,Google Play,Review,https://play.google.com/store/apps/details?id=com.fsn.nds,Ritesh Singh,2026-07-18 12:12:30,nice,Nykaa Fashion Google Play reviews,English
6791063c-48e2-4cb3-97b1-eeb3715109bc,Nykaa Fashion,Google Play,Review,https://play.google.com/store/apps/details?id=com.fsn.nds,Rakesh Kumar,2026-07-18 12:03:11,good,Nykaa Fashion Google Play reviews,English
f8cd484f-7418-4d0f-a5b6-251e23c175ae,Nykaa Fashion,Google Play,Review,https://play.google.com/store/apps/details?id=com.fsn.nds,Dharshika R,2026-07-18 11:00:55,good,Nykaa Fashion Google Play reviews,English
f26962f8-7f77-405b-8496-30a55b2f6fd4,Nykaa Fashion,Google Play,Review,https://play.google.com/store/apps/details?id=com.fsn.nds,Dineshtalreja Dineshtalreja,2026-07-18 10:44:05,fraud apps,Nykaa Fashion Google Play reviews,English
c5e8e1da-9ba4-452b-a97e-e0c1ff256ef7,Nykaa Fashion,Google Play,Review,https://play.google.com/store/apps/details?id=com.fsn.nds,R.k. Sharma,2026-07-18 10:37:40,Nykaa fashion is the wrost shopping platform please anyone do not shopping with app inka customer support b third class hai mere paise west hue hai ye log sirf return banate hai but aage forward nahi karte khud se hi decline karte hai cheating app hai public ko lootne k liye banaya hai is per to case hona chahiye am very disapponit with this west my mony and timealso,Nykaa Fashion Google Play reviews,English
eead722a-b71b-4dd2-9cfc-85875295392a,Nykaa Fashion,Google Play,Review,https://play.google.com/store/apps/details?id=com.fsn.nds,Sunil Nayak,2026-07-18 09:23:13,Super 👌,Nykaa Fashion Google Play reviews,English
7ee6dfb3-9649-4a69-ba23-d934012ba4a2,Nykaa Fashion,Google Play,Review,https://play.google.com/store/apps/details?id=com.fsn.nds,lalit verma,2026-07-18 09:17:26,very good,Nykaa Fashion Google Play reviews,English
a795e227-37ae-4e6a-86e1-d34abf961d25,Nykaa Fashion,Google Play,Review,https://play.google.com/store/apps/details?id=com.fsn.nds,Pratik Raje,2026-07-18 09:02:02,runs fake marketing,Nykaa Fashion Google Play reviews,English
356a4dd9-8bac-40c4-9be3-302e62b9560f,Nykaa Fashion,Google Play,Review,https://play.google.com/store/apps/details?id=com.fsn.nds,Mahesh Rai,2026-07-18 08:56:29,I like it,Nykaa Fashion Google Play reviews,English
be8669e2-9835-41ed-998b-d357e01e0c95,Nykaa Fashion,Google Play,Review,https://play.google.com/store/apps/details?id=com.fsn.nds,BASANT Rajput singh,2026-07-18 06:48:04,good ✨✨✨✨✨✨✨✨✨✨✨✨✨✨✨✨,Nykaa Fashion Google Play reviews,English
6bcc2279-484c-4c6b-9509-d40ac50e3442,Nykaa Fashion,Google Play,Review,https://play.google.com/store/apps/details?id=com.fsn.nds,Kanishk Baisoya,2026-07-18 04:20:57,good app for shopping,Nykaa Fashion Google Play reviews,English
4330fe4c-379f-4acb-b179-e78cb6da1a18,Nykaa Fashion,Google Play,Review,https://play.google.com/store/apps/details?id=com.fsn.nds,AjayKumar GOCHIPATHALA,2026-07-18 00:44:46,good,Nykaa Fashion Google Play reviews,English
8474c017-6640-41d0-aeae-3d7b24180720,Nykaa Fashion,Google Play,Review,https://play.google.com/store/apps/details?id=com.fsn.nds,Rajesh verma,2026-07-18 00:39:32,good,Nykaa Fashion Google Play reviews,English
647b1f10-3e12-46cd-b0ea-44281a4c550d,Nykaa Fashion,Google Play,Review,https://play.google.com/store/apps/details?id=com.fsn.nds,Pinkal Patel,2026-07-18 00:34:01,good service,Nykaa Fashion Google Play reviews,English
c3e223df-d52a-4348-8e34-7d5550d5f449,Nykaa Fashion,Google Play,Review,https://play.google.com/store/apps/details?id=com.fsn.nds,Udit Chaudhary,2026-07-18 00:16:01,Very good all in one platform,Nykaa Fashion Google Play reviews,English
7951d50d-202a-48ff-bf0d-bf64d8623d07,Nykaa Fashion,Google Play,Review,https://play.google.com/store/apps/details?id=com.fsn.nds,aditri Duley,2026-07-17 23:34:49,good,Nykaa Fashion Google Play reviews,English
08da2508-a217-45d0-9bfd-4fbd166b03ab,Nykaa Fashion,Google Play,Review,https://play.google.com/store/apps/details?id=com.fsn.nds,Anand vikram Singh,2026-07-17 23:11:28,good service 👍,Nykaa Fashion Google Play reviews,English
736177ae-790d-4058-be0e-83291dcbcb54,Nykaa Fashion,Google Play,Review,https://play.google.com/store/apps/details?id=com.fsn.nds,Pallavi Reddy,2026-07-17 22:38:20,not nice clothes choice,Nykaa Fashion Google Play reviews,English
550d308b-af41-4176-8b08-e26779f7a51b,Nykaa Fashion,Google Play,Review,https://play.google.com/store/apps/details?id=com.fsn.nds,Devarshi Patel,2026-07-17 21:41:18,"I am extremely disappointed with Nykaa Fashion.I ordered a jeans trouser but received a wrong and defective item.I immediately requested a return but the pickup was refused because the delivered product did not match my order.Despite repeated calls and emails I only received excuses about an internal investigation.Even after a return request was approved,the logistics partner refused pickup. This has been frustrating and feels like harassment.Please don't buy from Nykaa- their poor customer care",Nykaa Fashion Google Play reviews,English
42bd2d0b-6c0c-4095-8425-ed2dc8604396,Nykaa Fashion,Google Play,Review,https://play.google.com/store/apps/details?id=com.fsn.nds,riddhi leuva,2026-07-17 21:38:02,ghatiya brand Naykaa don't buy products from here they don't do return if u don't like product,Nykaa Fashion Google Play reviews,English
1639ff53-601e-412a-a595-f960eb2ff2d9,Nykaa Fashion,Google Play,Review,https://play.google.com/store/apps/details?id=com.fsn.nds,Ravinder Kaur,2026-07-17 21:32:53,bad service,Nykaa Fashion Google Play reviews,English
b547af4d-1f32-4976-97b6-1749170141b5,Nykaa Fashion,Google Play,Review,https://play.google.com/store/apps/details?id=com.fsn.nds,mr. circuit,2026-07-17 20:53:52,very good app 👍,Nykaa Fashion Google Play reviews,English
3f364637-5b90-4943-8d74-184a677daa63,Nykaa Fashion,Google Play,Review,https://play.google.com/store/apps/details?id=com.fsn.nds,Aj Alok,2026-07-17 20:50:45,😍,Nykaa Fashion Google Play reviews,English
358d6685-8a40-402c-af7b-2b04d0af4b2a,Nykaa Fashion,Google Play,Review,https://play.google.com/store/apps/details?id=com.fsn.nds,Kme J,2026-07-17 19:47:44,very worst experience I had in buying,Nykaa Fashion Google Play reviews,English
90f50692-b21f-4be9-a275-801b2c6fa6e3,Nykaa Fashion,Google Play,Review,https://play.google.com/store/apps/details?id=com.fsn.nds,Seema Pandey,2026-07-17 18:10:13,my first experience was the worst experience . they sent premium dresses defective and then don't send any pick up agent,Nykaa Fashion Google Play reviews,English
aa2bdcd5-d600-46a9-aea1-5d1e8b7a1716,Nykaa Fashion,Google Play,Review,https://play.google.com/store/apps/details?id=com.fsn.nds,Yamini,2026-07-17 16:29:34,worst they'll not deliver ur products,Nykaa Fashion Google Play reviews,English
f844db80-457e-4fff-a367-a94128f69b6e,Nykaa Fashion,Google Play,Review,https://play.google.com/store/apps/details?id=com.fsn.nds,Ramu Chintala,2026-07-17 15:57:33,i am use this app,Nykaa Fashion Google Play reviews,English
1cea8fbb-9b8f-448d-8883-477cb8dac9fc,Nykaa Fashion,Google Play,Review,https://play.google.com/store/apps/details?id=com.fsn.nds,Prakash Raj,2026-07-17 15:50:37,good,Nykaa Fashion Google Play reviews,English
efcca4ad-610e-47e4-940e-bf1cacbdc1ad,Nykaa Fashion,Google Play,Review,https://play.google.com/store/apps/details?id=com.fsn.nds,Poonam Devi,2026-07-17 15:32:26,product mai size exchange karwana mai problem aati h replacement karne ke baad bhi,Nykaa Fashion Google Play reviews,English
52120d44-9a1d-434e-8bb2-3114b8e6022a,Nykaa Fashion,Google Play,Review,https://play.google.com/store/apps/details?id=com.fsn.nds,Gulshan Kumar Yadav,2026-07-17 14:52:57,😍,Nykaa Fashion Google Play reviews,English
00551ab7-fb0c-4c28-bde7-515bedcccf85,Nykaa Fashion,Google Play,Review,https://play.google.com/store/apps/details?id=com.fsn.nds,Blue B,2026-07-17 14:28:29,thankyou,Nykaa Fashion Google Play reviews,English
0355e696-4931-42c1-ad5b-12777457baaf,Nykaa Fashion,Google Play,Review,https://play.google.com/store/apps/details?id=com.fsn.nds,Saran Raj,2026-07-17 14:24:24,ok,Nykaa Fashion Google Play reviews,English
b7500a30-826e-4ac7-ab18-4b09c0aea237,Nykaa Fashion,Google Play,Review,https://play.google.com/store/apps/details?id=com.fsn.nds,Nikhil kumar,2026-07-17 13:35:04,excellent,Nykaa Fashion Google Play reviews,English
4e380fea-8c6e-486e-8bd2-46e0f24bed48,Nykaa Fashion,Google Play,Review,https://play.google.com/store/apps/details?id=com.fsn.nds,Vishnu Patel,2026-07-17 13:30:28,but UPI payment offer 100 not backup,Nykaa Fashion Google Play reviews,English
19d2d602-611d-4a13-a87f-82f3121ba476,Nykaa Fashion,Google Play,Review,https://play.google.com/store/apps/details?id=com.fsn.nds,Vidya Venkat,2026-07-17 12:20:56,customer service is very bad . they dont respond quickly .,Nykaa Fashion Google Play reviews,English
29c5c835-9041-4fa5-af6c-5543f27c9313,Nykaa Fashion,Google Play,Review,https://play.google.com/store/apps/details?id=com.fsn.nds,Annapurna Siddhartha,2026-07-17 12:14:02,the cvv is not getting entered in payment page for new card,Nykaa Fashion Google Play reviews,English
cd202835-1472-4002-9ff4-5877ab1b179b,Nykaa Fashion,Google Play,Review,https://play.google.com/store/apps/details?id=com.fsn.nds,Saif Mansoori,2026-07-17 12:02:31,good,Nykaa Fashion Google Play reviews,English
015d4c06-c972-48bf-862a-b65bc2cab33b,Nykaa Fashion,Google Play,Review,https://play.google.com/store/apps/details?id=com.fsn.nds,Anisha Dey,2026-07-17 11:44:58,hope for best,Nykaa Fashion Google Play reviews,English
afd02aca-dd60-4f59-83d9-eb9b34588b72,Nykaa Fashion,Google Play,Review,https://play.google.com/store/apps/details?id=com.fsn.nds,Shariq Ali,2026-07-17 11:44:20,froud he puri company 1 hafte sa pgl bana rhi he paise return nahi kr rhi he roj call krta hu kuch na kuch bata dati hee froud he mare paise roj pgl bana dati he bolti he 24 ghante me paise aha jaye ge aate nhi he call be cut kr dati he na apne head pe baat kra ti froud he ye aap esse shopping na kre aap log be fas jaoge,Nykaa Fashion Google Play reviews,English
b4909f36-38a2-4c8c-99cc-5ce1d17a2b25,Nykaa Fashion,Google Play,Review,https://play.google.com/store/apps/details?id=com.fsn.nds,Nisha Jefin,2026-07-17 11:36:49,good,Nykaa Fashion Google Play reviews,English
10dbdd5a-db20-4f33-9cd1-00eaf1b93769,Nykaa Fashion,Google Play,Review,https://play.google.com/store/apps/details?id=com.fsn.nds,Shaikh Mohsin,2026-07-17 10:56:16,❤️‍🔥,Nykaa Fashion Google Play reviews,English
a0192cf7-2b23-4f08-ad67-b4e6826624cc,Nykaa Fashion,Google Play,Review,https://play.google.com/store/apps/details?id=com.fsn.nds,GEETHA,2026-07-17 10:12:21,quality important,Nykaa Fashion Google Play reviews,English
fc22df6c-287a-44b6-9bd3-ece50c409c57,Nykaa Fashion,Google Play,Review,https://play.google.com/store/apps/details?id=com.fsn.nds,Arun Bhattacharyya,2026-07-17 08:39:11,hope for the best,Nykaa Fashion Google Play reviews,English
cb6c3b26-2652-4265-b7d8-e8d6e5a18522,Nykaa Fashion,Google Play,Review,https://play.google.com/store/apps/details?id=com.fsn.nds,Snehalatha T,2026-07-17 07:54:31,very good experience for purchase,Nykaa Fashion Google Play reviews,English
ed9b31b0-bb77-4d94-982c-995779376f80,Nykaa Fashion,Google Play,Review,https://play.google.com/store/apps/details?id=com.fsn.nds,sarika shere,2026-07-17 07:44:50,best,Nykaa Fashion Google Play reviews,English
4c5a226b-3ed1-4268-9a6f-47d6672b1492,Nykaa Fashion,Google Play,Review,https://play.google.com/store/apps/details?id=com.fsn.nds,Moin Chippa,2026-07-17 02:22:26,fast return lete Hain,Nykaa Fashion Google Play reviews,English
7d9ad631-694f-4839-ba00-092f6cb95b10,Nykaa Fashion,Google Play,Review,https://play.google.com/store/apps/details?id=com.fsn.nds,Jenifer,2026-07-17 02:01:36,Good,Nykaa Fashion Google Play reviews,English
7f255a0e-cd8c-4547-8377-d5e4495816a2,Nykaa Fashion,Google Play,Review,https://play.google.com/store/apps/details?id=com.fsn.nds,Shashi Kant,2026-07-16 23:06:33,"Hi friends, Please don't order from this app. I ordered a product that I urgently needed and it was supposed to be delivered by 17 July. Because of this order, I did not place an order elsewhere. Now they have suddenly changed the delivery date to 19 July due to ""inconvenience"" without providing any proper reason. There is no customer support available, no response to emails, and even cancellation is not possible. The product will arrive only after the wedding, so it will be of no use to me.",Nykaa Fashion Google Play reviews,English
612cd169-b71b-4b95-b10b-b1280a827de4,Nykaa Fashion,Google Play,Review,https://play.google.com/store/apps/details?id=com.fsn.nds,shaik phani786,2026-07-16 22:20:48,Nice,Nykaa Fashion Google Play reviews,English
c72e103a-a901-4753-a404-3aa8ed1f18fd,Nykaa Fashion,Google Play,Review,https://play.google.com/store/apps/details?id=com.fsn.nds,Sandeep kumar bugwan,2026-07-16 22:10:34,I hope if I will good product..I will perchage in future also,Nykaa Fashion Google Play reviews,English
d8720d22-de37-459c-a7d9-9b19636d961f,Nykaa Fashion,Google Play,Review,https://play.google.com/store/apps/details?id=com.fsn.nds,Sisinti Lokanath Patro,2026-07-16 21:40:46,good,Nykaa Fashion Google Play reviews,English
bb7388ff-c2cc-4eec-9042-a62fbf2922a0,Nykaa Fashion,Google Play,Review,https://play.google.com/store/apps/details?id=com.fsn.nds,jatinder singh,2026-07-16 21:30:27,good 👍,Nykaa Fashion Google Play reviews,English
97c4f651-b757-4e7d-b854-4f075d31c4ef,Nykaa Fashion,Google Play,Review,https://play.google.com/store/apps/details?id=com.fsn.nds,AROKIA RAJASURESH M,2026-07-16 20:55:27,worst,Nykaa Fashion Google Play reviews,English
46a5b476-0f44-435b-9646-aad572db3d11,Nykaa Fashion,Google Play,Review,https://play.google.com/store/apps/details?id=com.fsn.nds,Anu Sharma,2026-07-16 19:26:04,why your coupon code not working?,Nykaa Fashion Google Play reviews,English
31952ccc-aeaf-45af-b5fc-109978071f61,Nykaa Fashion,Google Play,Review,https://play.google.com/store/apps/details?id=com.fsn.nds,Keerthan Thykandy,2026-07-16 19:11:49,Horrible return policy. When you can deliver a product without price tag but ask for a price tag when it is to return item.!! they don't even coordinate with the delivery partner. Do no order from Nykaa unless they have open box delivery.,Nykaa Fashion Google Play reviews,English
17403f51-1ef1-429e-a895-b7b25c2290ba,Nykaa Fashion,Google Play,Review,https://play.google.com/store/apps/details?id=com.fsn.nds,Shamim Qureshi,2026-07-16 19:06:40,A very bad experience they don't deliver on time at all. I ordered my product on the third of July and it is almost 15 days now but I didn't receive my order even when I am trying to reach customer care there is no such response and the order status is showing that it will deliver soon since 2 week .. same product I ordered from clovia and received in just two days and still waiting for the nykaa's order,Nykaa Fashion Google Play reviews,English
839fa46d-e30f-4b67-b7a1-be8b227c905d,Nykaa Fashion,Google Play,Review,https://play.google.com/store/apps/details?id=com.fsn.nds,Jigar Ag,2026-07-16 18:41:27,"I am extremely disappointed with the way my replacement request has been handled. I requested a replacement for my black jeans (Size 32 to Size 34) on 9 June, and despite waiting for more than a month, the pickup has still not been completed. Every time I contact your support team, I receive only excuses and repetitive responses instead of an actual resolution. It is completely unacceptable that your internal logistics issues are being used as a reason to delay my replacement indefinitely. As a",Nykaa Fashion Google Play reviews,English
2bf78a5e-71ff-4ed5-a0a1-39636c671040,Nykaa Fashion,Google Play,Review,https://play.google.com/store/apps/details?id=com.fsn.nds,Ritu Rastogi,2026-07-16 15:58:36,Excellent,Nykaa Fashion Google Play reviews,English
792ba129-dfa1-4044-9ab3-b8d2d96ce065,Nykaa Fashion,Google Play,Review,https://play.google.com/store/apps/details?id=com.fsn.nds,pinki dhal,2026-07-16 14:15:05,"nice app, just I have ordered something, after getting this I can say it's better or not.",Nykaa Fashion Google Play reviews,English
b23c6ac5-d3a0-4782-ad15-dab66d3281f3,Nykaa Fashion,Google Play,Review,https://play.google.com/store/apps/details?id=com.fsn.nds,Khushi Mishra,2026-07-16 13:56:50,"worst service, the return n refund policy cancelation policy is very poor , i received soiled product and when requested for return they denied it the reason was mentioned its like trapping a customer, is the company going to be broken, amazon is much better in customer service in this regard. they should",Nykaa Fashion Google Play reviews,English
8e8bfb47-ffdf-4e22-8e13-14673d1c8e1e,Nykaa Fashion,Google Play,Review,https://play.google.com/store/apps/details?id=com.fsn.nds,Chavda Meghvendrasinh,2026-07-16 13:49:19,mera return 30 day se pending or help line me call karo to 48 hours rah dekho ase hi ans mil rahe he return policy ekdum bekar he worst experience,Nykaa Fashion Google Play reviews,English
7eebe37f-7326-422a-8baa-136c8782b30c,Nykaa Fashion,Google Play,Review,https://play.google.com/store/apps/details?id=com.fsn.nds,Sreyansh Chaudhary,2026-07-16 13:18:04,"useless app jo cheez myntra , flipkart , amazon per 500 ki hai wo nykaa me 750 rupaye ki hai useless app",Nykaa Fashion Google Play reviews,English
62d80efd-888c-488f-b808-5a5e4c45ea6c,Nykaa Fashion,Google Play,Review,https://play.google.com/store/apps/details?id=com.fsn.nds,Gourav Jangid,2026-07-16 12:33:24,Order delayed. Expected delivery is approaching but there has been no shipment update and customer support is not giving a clear response. Please resolve this order issue urgently.,Nykaa Fashion Google Play reviews,English
f8a0ce1f-8450-4ffa-b995-8ed8d333560e,Nykaa Fashion,Google Play,Review,https://play.google.com/store/apps/details?id=com.fsn.nds,Pranami Patel,2026-07-16 11:09:05,3RD CLASS APP.....THE WORST APP I EVER USED......PLACED ORDER FOR BIRTHDAY ITS ALMOST 25 DAYS UP.....DELAYED ORDER....NO TEAM RESPONCE.....NO CANCELLATION OPTION......NOT REFUNDING MONEY.... JUST WORST,Nykaa Fashion Google Play reviews,English
4780579b-b68e-440f-a820-7b05b69c53fe,Nykaa Fashion,Google Play,Review,https://play.google.com/store/apps/details?id=com.fsn.nds,Rohit Yellappa,2026-07-16 10:46:32,"⭐ 1 Star Extremely disappointing experience with Nykaa Fashion. I placed an order on 3 July and made the payment successfully. Due to unavoidable reasons, I cancelled the order and immediately raised a refund request. Today is 16 July, and I still haven't received my refund. I have been waiting for almost two weeks, while my money is stuck with the company. This kind of delay is completely unacceptable. Customers trust a brand like Nykaa Fashion with their hard-earned money, but this experien",Nykaa Fashion Google Play reviews,English
44e58a34-ba43-4859-b015-fe8f67b15f43,Nykaa Fashion,Google Play,Review,https://play.google.com/store/apps/details?id=com.fsn.nds,Nilesh Nk,2026-07-16 10:06:11,Nice,Nykaa Fashion Google Play reviews,English
51fe27cc-e97b-47a8-b4c4-e4a7d2966575,Nykaa Fashion,Google Play,Review,https://play.google.com/store/apps/details?id=com.fsn.nds,Malvika Bana,2026-07-16 08:53:49,worst customer service,Nykaa Fashion Google Play reviews,English
bbec54e7-ff1a-44cb-acbf-916e3b8ad9eb,Nykaa Fashion,Google Play,Review,https://play.google.com/store/apps/details?id=com.fsn.nds,Lovely Dinesh,2026-07-16 07:51:40,naic,Nykaa Fashion Google Play reviews,English
afc2ace5-312e-413e-a298-aefcca33c8bf,Nykaa Fashion,Google Play,Review,https://play.google.com/store/apps/details?id=com.fsn.nds,SHAILENDRA KUMAR,2026-07-16 07:31:54,Let delivery,Nykaa Fashion Google Play reviews,English
88002dd2-a82f-49e4-a3a4-996c8661d508,Nykaa Fashion,Google Play,Review,https://play.google.com/store/apps/details?id=com.fsn.nds,Humaira Shaik,2026-07-16 04:20:00,nice,Nykaa Fashion Google Play reviews,English
99128b0a-28a4-4962-a829-25a91b2b85b6,Nykaa Fashion,Google Play,Review,https://play.google.com/store/apps/details?id=com.fsn.nds,Suhani Medusa,2026-07-16 03:02:12,nice,Nykaa Fashion Google Play reviews,English
d36dd263-a6a6-4744-82ad-86f21eae49cb,Nykaa Fashion,Google Play,Review,https://play.google.com/store/apps/details?id=com.fsn.nds,Karan Kalyan,2026-07-15 23:31:05,😃,Nykaa Fashion Google Play reviews,English
f494018a-2306-4977-9c37-f0e989a6524b,Nykaa Fashion,Google Play,Review,https://play.google.com/store/apps/details?id=com.fsn.nds,Pankaj Kumar Praveen,2026-07-15 22:30:56,overpriced,Nykaa Fashion Google Play reviews,English
3a140861-6352-4a89-90a4-271208b4b5d7,Nykaa Fashion,Google Play,Review,https://play.google.com/store/apps/details?id=com.fsn.nds,Jessus,2026-07-15 21:24:15,it's good,Nykaa Fashion Google Play reviews,English
4d1fc1c5-364e-4723-af01-69f01f355bf7,Nykaa Fashion,Google Play,Review,https://play.google.com/store/apps/details?id=com.fsn.nds,Shaily Jain,2026-07-15 19:28:32,"Worst application ever, clothes quality and size both are worst. Worst help center service, no help received after if you are facing issue. No option available on app for changing return or exchange product address. Also delivery boy who were assigned for the return order not respond to a call or messages if someone misses the pickup call.",Nykaa Fashion Google Play reviews,English
d0650de7-1582-4b61-91bd-2e71b1a834cb,Nykaa Fashion,Google Play,Review,https://play.google.com/store/apps/details?id=com.fsn.nds,Sanjay Thakur,2026-07-15 18:00:23,good experience,Nykaa Fashion Google Play reviews,English
c25d1d74-b3c6-472a-9b2b-db7c88874f30,Nykaa Fashion,Google Play,Review,https://play.google.com/store/apps/details?id=com.fsn.nds,Fashion Love,2026-07-15 16:03:23,"Hi team, I have placed an order which delivered damaged to me. Hook was broken. Retrn got approved however pickup partner never called me nor visited at my place. I continuously received msg that delivery failed customer was not available but no one called me customer care escalation promised to arrange another pickup person they & call but not helped at 2:55 am midnight I am getting msg for pickup. this is mentally harrasment. CC is not helping disc call I have ss & recording safety issues",Nykaa Fashion Google Play reviews,English
8fe7611a-960d-4fb5-9a30-095df9c4dcd9,Nykaa Fashion,Google Play,Review,https://play.google.com/store/apps/details?id=com.fsn.nds,Sumit Yadav,2026-07-15 15:46:35,abhi batuga order aane ke baad,Nykaa Fashion Google Play reviews,English
badd85c7-24fc-4cae-9df5-8cc6ef4cf822,Nykaa Fashion,Google Play,Review,https://play.google.com/store/apps/details?id=com.fsn.nds,Mounika01 Padakanti,2026-07-15 14:16:33,excellent,Nykaa Fashion Google Play reviews,English
8f7e36e2-0061-43d4-9642-2ab292ea75de,Nykaa Fashion,Google Play,Review,https://play.google.com/store/apps/details?id=com.fsn.nds,Abbad badi,2026-07-15 13:22:21,worst app ever pick up partner never come to pickup the order and they keep delaying dates costumer service act like they can't hear us pure scam.,Nykaa Fashion Google Play reviews,English
0ff75c51-6bd7-46ce-be56-6bb0297c0fd1,Nykaa Fashion,Google Play,Review,https://play.google.com/store/apps/details?id=com.fsn.nds,Win Babu,2026-07-15 12:46:49,"Pathetic app with unimaginable and horrible delivery service. Pathetic. They were good earlier, now their delivery service is pathetic",Nykaa Fashion Google Play reviews,English
e595c31d-860a-4022-8135-849133e75b02,Nykaa Fashion,Google Play,Review,https://play.google.com/store/apps/details?id=com.fsn.nds,Barkha V Mishra,2026-07-15 12:46:28,very slow in refund. they give weird reasons for cancellation of return. it is very difficult and involves any steps to return or to exchange. I have had extremely torturous and time consuming experience with nykaa. it's always better to opt for offline nykaa. they sell garbage online and do not return or exchange. very adamant rude and straight forward say no to customers. I am uninstalling this app right away. it is only using my space in the phone.,Nykaa Fashion Google Play reviews,English
141b28ec-759d-4193-a976-0db5c150e0a8,Nykaa Fashion,Google Play,Review,https://play.google.com/store/apps/details?id=com.fsn.nds,KETAKI CHIKERUR,2026-07-15 12:38:28,"So so so bad and worst experience from Nykaa, I would never ever buy anything from nykaa, I bought a watch from Nykaa for 2100 and the watch came defective and now I have initiated replacement and it's been almost 2 weeks, nobody has came to pickup the product, everyday we get the message that partner will come today and nobody comes, no proper customer support and they lie that we were not at the address which is not true, everybody just assures that the issue will be solved but nobody is.",Nykaa Fashion Google Play reviews,English
fc949d7b-905f-4b4c-aec8-bfd96ab26dc3,Nykaa Fashion,Google Play,Review,https://play.google.com/store/apps/details?id=com.fsn.nds,santosh Kumar,2026-07-15 12:34:44,ye khade pair dhokha dene Wale h shoes order kiya discount me 930 ka tha jo usi din upi kr diya tha do din baad rate badh gya 1170 ho gya us 230 rs badhne ke chakkar me mera order cancel kr diya jabki mai 1 week se wait kr rha tha custome ko bewkoof samjhate h online shopping app wale first time iss app se order kiya tha ab aap btaye kya mai dobara iss app se order Krna chahunga💔💔💔💔👎👎👎👎👎👊👊👊👊,Nykaa Fashion Google Play reviews,English
1daae204-840f-43a5-a2ca-4aca541e2d5b,Nykaa Fashion,Google Play,Review,https://play.google.com/store/apps/details?id=com.fsn.nds,Suresh Kumar,2026-07-15 12:12:42,nice,Nykaa Fashion Google Play reviews,English
bbf03fd8-7e98-41c1-bdce-396b65961bb6,Nykaa Fashion,Google Play,Review,https://play.google.com/store/apps/details?id=com.fsn.nds,Vijay Chauhan,2026-07-15 11:17:57,👍 okay,Nykaa Fashion Google Play reviews,English
eca0bd36-18d7-4ec6-a6b5-d7e0117e9547,Nykaa Fashion,Google Play,Review,https://play.google.com/store/apps/details?id=com.fsn.nds,Yadnyesh Bhostekar,2026-07-15 09:53:03,good 👍,Nykaa Fashion Google Play reviews,English
726adfea-da18-4a9a-8557-87843d4f5462,Nykaa Fashion,Google Play,Review,https://play.google.com/store/apps/details?id=com.fsn.nds,VMR Transport,2026-07-15 08:45:13,Very good app,Nykaa Fashion Google Play reviews,English
309a55ca-5f92-481b-bc8e-4efd88662dde,Nykaa Fashion,Google Play,Review,https://play.google.com/store/apps/details?id=com.fsn.nds,Karmbirpaswan Karmbirpaswan,2026-07-15 08:10:45,👍,Nykaa Fashion Google Play reviews,English
3fe19fe1-d8bd-44f7-8b10-07595b3b20fc,Nykaa Fashion,Google Play,Review,https://play.google.com/store/apps/details?id=com.fsn.nds,let's learn chem,2026-07-15 05:53:32,excellent 👍,Nykaa Fashion Google Play reviews,English
03de22b3-2177-4638-a633-830d2b570b3c,Nykaa Fashion,Google Play,Review,https://play.google.com/store/apps/details?id=com.fsn.nds,Abhishek Chauhan,2026-07-15 01:37:31,❤️💖,Nykaa Fashion Google Play reviews,English
ccac7f41-fbca-4caf-adfc-cbce38053e4c,Nykaa Fashion,Google Play,Review,https://play.google.com/store/apps/details?id=com.fsn.nds,avtar Avtar सिंह,2026-07-15 00:23:18,Love you too,Nykaa Fashion Google Play reviews,English
5a295b48-9c38-481b-9ca2-0ca002a6b54b,Nykaa Fashion,Google Play,Review,https://play.google.com/store/apps/details?id=com.fsn.nds,Mipe Ronya,2026-07-14 23:42:34,like this apps,Nykaa Fashion Google Play reviews,English
ce5f1c1d-2a49-466c-b3c6-0fd38d6dddc1,Nykaa Fashion,Google Play,Review,https://play.google.com/store/apps/details?id=com.fsn.nds,sandhya danduprolu,2026-07-14 23:28:52,after receiving I gave a 5star,Nykaa Fashion Google Play reviews,English
d6adabc0-42ca-4066-a174-e2dd16809197,Nykaa Fashion,Google Play,Review,https://play.google.com/store/apps/details?id=com.fsn.nds,Raja Sree,2026-07-14 22:29:46,nicee,Nykaa Fashion Google Play reviews,English
1ae0c2d2-ffaf-4dcd-9cbe-e81b7b99bd2d,Nykaa Fashion,Google Play,Review,https://play.google.com/store/apps/details?id=com.fsn.nds,Mani Kanta,2026-07-14 19:55:14,super,Nykaa Fashion Google Play reviews,English
0af14748-61aa-4882-8b39-30fe2c484ed4,Nykaa Fashion,Google Play,Review,https://play.google.com/store/apps/details?id=com.fsn.nds,Shilpi Roy,2026-07-14 19:40:48,very slow,Nykaa Fashion Google Play reviews,English
b0788e29-5225-4559-9a4f-d70570d8225d,Nykaa Fashion,Google Play,Review,https://play.google.com/store/apps/details?id=com.fsn.nds,Sachin Reddy,2026-07-14 19:02:13,"Absolutely pathetic service from Nykaa. I strongly advise everyone not to buy product from them. They seem to be selling used or previously opened products instead of brand-new ones. When I requested a replacement, they picked up the defective product but never shipped the replacement. Instead, they kept me waiting for 15 days and then suddenly cancelled my replacement order on the expected delivery date without any valid reason. This is one of the worst shopping experiences I've ever had.",Nykaa Fashion Google Play reviews,English
59ff370c-c4a7-43d0-8382-967948098498,Nykaa Fashion,Google Play,Review,https://play.google.com/store/apps/details?id=com.fsn.nds,3064 Parmar Riya,2026-07-14 18:18:13,Very poor and disappointing delivery services I ever had and very disgusting customer service it’s took almost 12/15 days to delivery,Nykaa Fashion Google Play reviews,English
8d8478b2-2411-4b43-97dd-2d45542208a6,Nykaa Fashion,Google Play,Review,https://play.google.com/store/apps/details?id=com.fsn.nds,Surabhi Sachan,2026-07-14 18:09:43,"Worst customer support experience I have faced till now ,no one is resolving my problem it's more than 12 days and they don't even have answers for my simple question and they just cut the call. No one is answering even when I mailed them . They don't care about their customers at all.",Nykaa Fashion Google Play reviews,English
7e05a3f7-8b8f-4670-b7f1-8b2a37dec3f5,Nykaa Fashion,Google Play,Review,https://play.google.com/store/apps/details?id=com.fsn.nds,Simran patra Simran patra,2026-07-14 13:37:26,nice,Nykaa Fashion Google Play reviews,English
0d1c0035-a66e-45dd-ae34-cead25ba3bd3,Nykaa Fashion,Google Play,Review,https://play.google.com/store/apps/details?id=com.fsn.nds,Sourab Sharma,2026-07-14 12:04:35,nice 👍,Nykaa Fashion Google Play reviews,English
e435a881-851a-4342-b4f3-ee94e51fc1e0,Nykaa Fashion,Google Play,Review,https://play.google.com/store/apps/details?id=com.fsn.nds,Sheetal Mhatre,2026-07-14 11:55:11,worst experience. u have exchange my product. now almost 2 months completed after i request for pickup order. but no one collected the same. i am very disappointed. no support team is reverting or no one is taking action.,Nykaa Fashion Google Play reviews,English
6b6549d2-853e-45cf-a3f4-382198f016a6,Nykaa Fashion,Google Play,Review,https://play.google.com/store/apps/details?id=com.fsn.nds,Shaarav Agrawal,2026-07-14 11:54:18,very bed experience. called many times for refund. but dey r delaying my refund and very bed cloth material.,Nykaa Fashion Google Play reviews,English
b5ee0085-d347-40ab-a665-0ce182e670a1,Nykaa Fashion,Google Play,Review,https://play.google.com/store/apps/details?id=com.fsn.nds,Arpit malik official,2026-07-14 11:00:26,best always,Nykaa Fashion Google Play reviews,English
b04aee8f-3d2c-4948-ae98-8ab640966538,Nykaa Fashion,Google Play,Review,https://play.google.com/store/apps/details?id=com.fsn.nds,Hey Jyshh,2026-07-14 10:13:56,good,Nykaa Fashion Google Play reviews,English
1306a4c1-656d-4f32-ba3e-46d428d26769,Nykaa Fashion,Google Play,Review,https://play.google.com/store/apps/details?id=com.fsn.nds,Sb Photography,2026-07-14 09:52:28,ok,Nykaa Fashion Google Play reviews,English
75fe9330-dafc-45f2-bf16-4e199647e989,Nykaa Fashion,Google Play,Review,https://play.google.com/store/apps/details?id=com.fsn.nds,Nitish Dhurve,2026-07-14 09:15:20,very good,Nykaa Fashion Google Play reviews,English
e1a8d168-f719-4443-bf1e-c12349b47c7d,Nykaa Fashion,Google Play,Review,https://play.google.com/store/apps/details?id=com.fsn.nds,Padmanabha Nayak,2026-07-14 08:50:38,Good,Nykaa Fashion Google Play reviews,English
1bd20bb3-4798-4d3f-9ac9-c36c9f15435e,Nykaa Fashion,Google Play,Review,https://play.google.com/store/apps/details?id=com.fsn.nds,༼ WARRIOR༽ヾHYDRAノ ゙,2026-07-14 08:50:20,"this app is a scam app . Don't buy anything from this app 🤬,I have ordered a shoe on 16 Jun ..but today its 14 jul I haven't got my order yet but in app it's showing delivery done..I have informed to the nykaa fashion that my order not delivered yet but they had not showed any action towards it...It was so irresponsible.. I lot my 700rs from this app",Nykaa Fashion Google Play reviews,English
ee636f7f-27a3-47e4-9b56-f27f37ea230a,Nykaa Fashion,Google Play,Review,https://play.google.com/store/apps/details?id=com.fsn.nds,Ashwin,2026-07-14 08:33:25,"Worst experience so far. As my first order is being delayed and has already been postponed 3 times and there is no proper support as it couldn't be cancelled and customer service is also not able to provide any proper help also tracking order is also not functioning properly as it is showing me some different location and different location to customer support , worst experience so far",Nykaa Fashion Google Play reviews,English
9892a0af-3787-47c1-b493-66bbf3b2c923,Nykaa Fashion,Google Play,Review,https://play.google.com/store/apps/details?id=com.fsn.nds,Saro jini,2026-07-14 08:10:29,good,Nykaa Fashion Google Play reviews,English
621d8cd0-d9d4-4249-b326-90ebedd95e33,Nykaa Fashion,Google Play,Review,https://play.google.com/store/apps/details?id=com.fsn.nds,Manjiwan Garcha,2026-07-14 07:23:11,good,Nykaa Fashion Google Play reviews,English
