dataType,subredditName,postId,id,parentId,createdAt,score,upVotes,title,body,post_context,candidate_intents,contentUrl
post,r/IndianMakeupAddicts,,t3_qztydw,,2021-11-22T19:46:26.000Z,16,16.0,Hi girls!! What are y’all ordering from the myntra and nykaa sales?,Need product recommendations 👀,Hi girls!! What are y’all ordering from the myntra and nykaa sales? Need product recommendations 👀,sale_discount,https://www.reddit.com/r/IndianMakeupAddicts/comments/qztydw/hi_girls_what_are_yall_ordering_from_the_myntra/
post,r/IndianFashionAddicts,,t3_1sw3ma3,,2026-04-26T10:10:12.000Z,1,1.0,Girliess help! Can you guys share your cart/wishlist (clothing)?,"I'm trying to understand fashion trend preferences among women aged 18 to 30. If you could share your cart/wishlist, it'd of great help. Thanks <3","Girliess help! Can you guys share your cart/wishlist (clothing)? I'm trying to understand fashion trend preferences among women aged 18 to 30. If you could share your cart/wishlist, it'd of great help. Thanks <3",wishlist,https://www.reddit.com/r/IndianFashionAddicts/comments/1sw3ma3/girliess_help_can_you_guys_share_your/
post,r/IndianBeautyDeals,,t3_1h7b7fq,,2024-12-05T15:05:29.000Z,63,63.0,Is it just me or the myntra eros is very underwhelming!,Title☝🏼☝🏼,Is it just me or the myntra eros is very underwhelming! Title☝🏼☝🏼,,https://www.reddit.com/r/IndianBeautyDeals/comments/1h7b7fq/is_it_just_me_or_the_myntra_eros_is_very/
comment,nan,t3_qztydw,hlqkiwd,t3_qztydw,2021-11-23T05:58:30.000Z,28,28.0,,Paisa nahi hai wishlist hai chalega?,Hi girls!! What are y’all ordering from the myntra and nykaa sales? Need product recommendations 👀,"wishlist, sale_discount",
comment,nan,t3_qztydw,hlql5un,t1_hlqkiwd,2021-11-23T06:05:28.000Z,3,3.0,,Lol same! Trying to figure the most loved and most decently priced products,Hi girls!! What are y’all ordering from the myntra and nykaa sales? Need product recommendations 👀,"price_drop, sale_discount",
comment,nan,t3_qztydw,hlok13u,t3_qztydw,2021-11-22T20:27:15.000Z,14,14.0,,Restocking on shampoo and conditioner sets and loads of body moisturiser as well as bio oil for winter,Hi girls!! What are y’all ordering from the myntra and nykaa sales? Need product recommendations 👀,sale_discount,
comment,nan,t3_qztydw,hlok6uf,t1_hlok13u,2021-11-22T20:28:19.000Z,1,1.0,,Hi !!May i ask which shampoo and conditioner?,Hi girls!! What are y’all ordering from the myntra and nykaa sales? Need product recommendations 👀,sale_discount,
comment,nan,t3_qztydw,hlokd92,t1_hlok6uf,2021-11-22T20:29:32.000Z,5,5.0,,Oh for daily wash - L’Oréal dream length - shampoo and conditioner & for weekly use L’Oréal pure resource ( scalp clarifying) & the Schwarzkopf q10 time restore series for my mom,Hi girls!! What are y’all ordering from the myntra and nykaa sales? Need product recommendations 👀,sale_discount,
comment,nan,t3_qztydw,hlqa0bu,t1_hlokd92,2021-11-23T04:14:27.000Z,2,2.0,,Maybelline shampoo ? 😵,Hi girls!! What are y’all ordering from the myntra and nykaa sales? Need product recommendations 👀,sale_discount,
comment,nan,t3_qztydw,hlqfxtj,t1_hlokd92,2021-11-23T05:10:42.000Z,2,2.0,,Haha...pretty sure you mean loreal dream length. Maybelline shampoos don't exist yet!,Hi girls!! What are y’all ordering from the myntra and nykaa sales? Need product recommendations 👀,sale_discount,
comment,nan,t3_qztydw,hlqgwvx,t1_hlqa0bu,2021-11-23T05:20:33.000Z,3,3.0,,"?yes
.
.
.
Edit : apparently it’s L’Oréal….",Hi girls!! What are y’all ordering from the myntra and nykaa sales? Need product recommendations 👀,sale_discount,
comment,nan,t3_qztydw,hlqgy2t,t1_hlqfxtj,2021-11-23T05:20:53.000Z,2,2.0,,"Omg…I didn’t even realise, yes ye that’s the one…",Hi girls!! What are y’all ordering from the myntra and nykaa sales? Need product recommendations 👀,sale_discount,
comment,nan,t3_qztydw,hlqhjc0,t1_hlqgwvx,2021-11-23T05:26:54.000Z,3,3.0,,"Lol when you wrote you use maybelline shampoo, I was like dang what did I miss ?  I was about to start looking for it.",Hi girls!! What are y’all ordering from the myntra and nykaa sales? Need product recommendations 👀,sale_discount,
comment,nan,t3_qztydw,hlqhp20,t1_hlqhjc0,2021-11-23T05:28:32.000Z,4,4.0,,I am getting 0 in the brand loyalty game 🤣,Hi girls!! What are y’all ordering from the myntra and nykaa sales? Need product recommendations 👀,sale_discount,
comment,nan,t3_qztydw,hlpa1k4,t3_qztydw,2021-11-22T23:29:31.000Z,9,9.0,,"Only buying things that I need.

Tangle teezer wet detangling hairbrush.
Maybe Smashbox mini bawse because I used it up.",Hi girls!! What are y’all ordering from the myntra and nykaa sales? Need product recommendations 👀,sale_discount,
comment,nan,t3_qztydw,hlqn7zu,t1_hlpa1k4,2021-11-23T06:29:01.000Z,1,1.0,,How is bawse's texture? Is it very drying?,Hi girls!! What are y’all ordering from the myntra and nykaa sales? Need product recommendations 👀,sale_discount,
comment,nan,t3_qztydw,hlqvrhq,t1_hlqn7zu,2021-11-23T08:19:19.000Z,3,3.0,,I do not love it. I own tonnes of lipsticks from smashbox and they all dried up too fast.,Hi girls!! What are y’all ordering from the myntra and nykaa sales? Need product recommendations 👀,sale_discount,
comment,nan,t3_qztydw,hlqtq2y,t1_hlqn7zu,2021-11-23T07:50:52.000Z,2,2.0,,I have the Bawse mini and the texture is great. My only complaint with smashbox liquid lips is that they dry up in the tube way too soon. Which is why I only buy their minis now.,Hi girls!! What are y’all ordering from the myntra and nykaa sales? Need product recommendations 👀,sale_discount,
comment,nan,t3_qztydw,hlr8e2b,t1_hlqn7zu,2021-11-23T11:22:48.000Z,1,1.0,,"I love the formula. I have several other minis. Very comfortable on the lips and long lasting but yes, they dry up in the tube too fast.",Hi girls!! What are y’all ordering from the myntra and nykaa sales? Need product recommendations 👀,sale_discount,
comment,nan,t3_qztydw,hlqvuq6,t1_hlqvrhq,2021-11-23T08:20:31.000Z,1,1.0,,Thank you!,Hi girls!! What are y’all ordering from the myntra and nykaa sales? Need product recommendations 👀,sale_discount,
comment,nan,t3_qztydw,hlqvuh2,t1_hlqtq2y,2021-11-23T08:20:24.000Z,1,1.0,,Thanks for the feedback 😊,Hi girls!! What are y’all ordering from the myntra and nykaa sales? Need product recommendations 👀,sale_discount,
comment,nan,t3_qztydw,hlrgtjj,t1_hlr8e2b,2021-11-23T12:58:52.000Z,2,2.0,,Thanks!,Hi girls!! What are y’all ordering from the myntra and nykaa sales? Need product recommendations 👀,sale_discount,
comment,nan,t3_qztydw,hlqvxws,t1_hlqvuq6,2021-11-23T08:21:41.000Z,2,2.0,,I recommend this everywhere but you must try chambor desire if you want a nice red. My fav lipstick formulations are by huda beauty tho but havent found the right red yet,Hi girls!! What are y’all ordering from the myntra and nykaa sales? Need product recommendations 👀,sale_discount,
comment,nan,t3_qztydw,hlqw4vw,t1_hlqvxws,2021-11-23T08:24:26.000Z,2,2.0,,I've been meaning to get a Chambor. I love reds and have many. Will definitely give it a try!,Hi girls!! What are y’all ordering from the myntra and nykaa sales? Need product recommendations 👀,sale_discount,
comment,nan,t3_qztydw,hlqof7b,t3_qztydw,2021-11-23T06:43:13.000Z,10,10.0,,"Nothing, i am trying to finish all i have and resist the urge to buy just because of sale.",Hi girls!! What are y’all ordering from the myntra and nykaa sales? Need product recommendations 👀,sale_discount,
comment,nan,t3_qztydw,hlofhg0,t3_qztydw,2021-11-22T19:56:39.000Z,7,7.0,,Huda palettes especially the pastel ones are at 50% for like 700 rs! Seems like a great pick if ur into those shades.,Hi girls!! What are y’all ordering from the myntra and nykaa sales? Need product recommendations 👀,sale_discount,
comment,nan,t3_qztydw,hlqjkyx,t1_hlofhg0,2021-11-23T05:48:22.000Z,2,2.0,,Check the expiry! Most of them expire in April 2022,Hi girls!! What are y’all ordering from the myntra and nykaa sales? Need product recommendations 👀,sale_discount,
comment,nan,t3_qztydw,hlojlh8,t1_hlofhg0,2021-11-22T20:24:19.000Z,1,1.0,,"Wow, thank you so much!! ! Have you used the pastel palettes personally?",Hi girls!! What are y’all ordering from the myntra and nykaa sales? Need product recommendations 👀,sale_discount,
comment,nan,t3_qztydw,hlqr30p,t1_hlofhg0,2021-11-23T07:16:10.000Z,1,1.0,,"Be careful with the HUDA beauty palettes you buy, I think all the small ones are made in China (as opposed to the big ones like Mercury retrograde which are from Italy) so they're significantly worse in quality and there are loads of complaints about nykaa selling fakes during their big sales",Hi girls!! What are y’all ordering from the myntra and nykaa sales? Need product recommendations 👀,sale_discount,
comment,nan,t3_qztydw,hlqv0fg,t1_hlqjkyx,2021-11-23T08:08:43.000Z,2,2.0,,"Only the rose gold is expiring in April 2022. And I think mercury retrograde in September 2022. Rest all are expiring in 2023.

Also, the expiry date mentioned on the website is the earliest of all the products in stock, but expiry date of your product could be later. I ordered desert dusk 2 years ago in the black friday sale, the website said 1 year to expiry and what I got was 3 years away from expiry!",Hi girls!! What are y’all ordering from the myntra and nykaa sales? Need product recommendations 👀,sale_discount,
comment,nan,t3_qztydw,hlpsjfm,t1_hlojlh8,2021-11-23T01:54:11.000Z,3,3.0,,Same! Planning to get the Huda Beauty Naughty Nude palette at 40% off,Hi girls!! What are y’all ordering from the myntra and nykaa sales? Need product recommendations 👀,sale_discount,
comment,nan,t3_qztydw,hlqq6fz,t1_hlojlh8,2021-11-23T07:04:40.000Z,1,1.0,,My friend has used the purple one and she's happy with that particular color. Point to also note she really loves purple as a color as well. So shes usually buying outfits in that shade. So I thin she used the palette well. Maybe see the eyeshadow swatches and colors and how it can work for you,Hi girls!! What are y’all ordering from the myntra and nykaa sales? Need product recommendations 👀,"sale_discount, product_quality",
comment,nan,t3_qztydw,hlqy6nf,t3_qztydw,2021-11-23T08:53:58.000Z,6,6.0,,Absolutely nothing. I have deleted practically all the shopping apps except for Amazon and will not reinstall them until the sale is over lol.,Hi girls!! What are y’all ordering from the myntra and nykaa sales? Need product recommendations 👀,sale_discount,
comment,nan,t3_1sw3ma3,oicowgs,t3_1sw3ma3,2026-04-26T10:10:12.000Z,1,1.0,,"For style advice, outfit help, item finding, store reviews (websites, apps, Instagram shops), and more. - &#x1f4ac; **[Join IFA Discord Here](https://discord.gg/y46qHYQd2u)** 

*I am a bot, and this action was performed automatically. Please [contact the moderators of this subreddit](/message/compose/?to=/r/IndianFashionAddicts) if you have any questions or concerns.*","Girliess help! Can you guys share your cart/wishlist (clothing)? I'm trying to understand fashion trend preferences among women aged 18 to 30. If you could share your cart/wishlist, it'd of great help. Thanks <3","wishlist, product_quality",
comment,nan,t3_1sw3ma3,oicpabp,t3_1sw3ma3,2026-04-26T10:13:39.000Z,8,8.0,,Sounds sus,"Girliess help! Can you guys share your cart/wishlist (clothing)? I'm trying to understand fashion trend preferences among women aged 18 to 30. If you could share your cart/wishlist, it'd of great help. Thanks <3",wishlist,
comment,nan,t3_1sw3ma3,oidg8dl,t1_oicpabp,2026-04-26T13:25:20.000Z,-3,-3.0,,"Hello, its understandable if you do not want to share. But just letting you know there is nothing wrong I could possibly do by getting to know what kind of clothes do people like. Thanks!","Girliess help! Can you guys share your cart/wishlist (clothing)? I'm trying to understand fashion trend preferences among women aged 18 to 30. If you could share your cart/wishlist, it'd of great help. Thanks <3",wishlist,
comment,nan,t3_1sw3ma3,oidlviy,t3_1sw3ma3,2026-04-26T13:56:35.000Z,1,1.0,,"Pls tell where I can get modest and classy plus size dresses online in India? Should be ideal for Delhi summers and have good return/exchange policy?

lol may be I’m asking for too much.

Preference- mid length or ankle length.","Girliess help! Can you guys share your cart/wishlist (clothing)? I'm trying to understand fashion trend preferences among women aged 18 to 30. If you could share your cart/wishlist, it'd of great help. Thanks <3","wishlist, product_quality, cancellation_refund",
comment,nan,t3_1sw3ma3,oiemzvi,t1_oidlviy,2026-04-26T17:01:40.000Z,1,1.0,,I usually prefer Myntra for variety of options,"Girliess help! Can you guys share your cart/wishlist (clothing)? I'm trying to understand fashion trend preferences among women aged 18 to 30. If you could share your cart/wishlist, it'd of great help. Thanks <3",wishlist,
comment,nan,t3_1sw3ma3,oijw0wy,t1_oiemzvi,2026-04-27T13:13:14.000Z,1,1.0,,Could you please share some good brands on it? ,"Girliess help! Can you guys share your cart/wishlist (clothing)? I'm trying to understand fashion trend preferences among women aged 18 to 30. If you could share your cart/wishlist, it'd of great help. Thanks <3",wishlist,
comment,nan,t3_1sw3ma3,oigbxuk,t3_1sw3ma3,2026-04-26T22:03:12.000Z,3,3.0,,"I wanted to know the same thing. Thanks for posting OP. I have minimal clothes and that too very well coordinated and anything goes with everything. 
I want to understand people's buying choice who love playing with fashion and trends.","Girliess help! Can you guys share your cart/wishlist (clothing)? I'm trying to understand fashion trend preferences among women aged 18 to 30. If you could share your cart/wishlist, it'd of great help. Thanks <3",wishlist,
comment,nan,t3_1sw3ma3,oidng33,t3_1sw3ma3,2026-04-26T14:04:55.000Z,4,4.0,,https://preview.redd.it/c6v7u13lkjxg1.jpeg?width=1179&format=pjpg&auto=webp&s=eb7241d4cf9f084ec0787784b219d6d1586cc9b9,"Girliess help! Can you guys share your cart/wishlist (clothing)? I'm trying to understand fashion trend preferences among women aged 18 to 30. If you could share your cart/wishlist, it'd of great help. Thanks <3",wishlist,
comment,nan,t3_1sw3ma3,oif6edp,t1_oidng33,2026-04-26T18:33:37.000Z,2,2.0,,Fellow meesho shopper ! 🫶🏼🔥🔥,"Girliess help! Can you guys share your cart/wishlist (clothing)? I'm trying to understand fashion trend preferences among women aged 18 to 30. If you could share your cart/wishlist, it'd of great help. Thanks <3",wishlist,
comment,nan,t3_1sw3ma3,oj5ruec,t1_oidng33,2026-04-30T16:42:46.000Z,1,1.0,,[removed],"Girliess help! Can you guys share your cart/wishlist (clothing)? I'm trying to understand fashion trend preferences among women aged 18 to 30. If you could share your cart/wishlist, it'd of great help. Thanks <3",wishlist,
comment,nan,t3_1sw3ma3,oj5sims,t1_oj5ruec,2026-04-30T16:45:49.000Z,1,1.0,,dmss,"Girliess help! Can you guys share your cart/wishlist (clothing)? I'm trying to understand fashion trend preferences among women aged 18 to 30. If you could share your cart/wishlist, it'd of great help. Thanks <3",wishlist,
comment,nan,t3_1vp2daf,p45j4vj,t1_p3whm94,2026-08-17T03:41:33.000Z,2,2.0,,"I was seeing this many times. One day it’s allowing, I add to cart and then next day it’s undeliverable. 

Then I did a test with several cities, and it show delivery to one not that rest. Weird shit. ","Myntra Sales are just for namesake and none of the good items got any discounts whatsoever Has anyone noticed that sales in myntra are just posters and nothing else. None of the items in my wishlist and cart got their price reduced, there were some coupons applicable few days ago which have also disappeared now. On top of that shamelessly taking unnecessary fees on everything. I have stopped purchasing from this shitty app just that some brands are exclusively available on it sadly.","wishlist, price_drop, sale_discount, coupon, delivery",
comment,nan,t3_1h7b7fq,m0jsftm,t3_1h7b7fq,2024-12-05T15:20:25.000Z,45,45.0,,"Wasted Rs.29

![gif](giphy|p8Uw3hzdAE2dO)",Is it just me or the myntra eros is very underwhelming! Title☝🏼☝🏼,,
comment,nan,t3_1h7b7fq,m0jqjft,t3_1h7b7fq,2024-12-05T15:09:56.000Z,36,36.0,,There is nothing special for which we paid INR 29/99 extra. Products go on better discounts..,Is it just me or the myntra eros is very underwhelming! Title☝🏼☝🏼,price_drop,
comment,nan,t3_1h7b7fq,m0js20p,t3_1h7b7fq,2024-12-05T15:18:19.000Z,49,49.0,,Infact i had kept a track of a few items frm my wishlist and realised tht they ve increased the prices and thn gave a discount and tht also came out to me mre expensive thn wat it was bfre the so called EROS started ! Myntra tryna act smart ha!!,Is it just me or the myntra eros is very underwhelming! Title☝🏼☝🏼,"wishlist, price_drop",
comment,nan,t3_1h7b7fq,m0jwjze,t1_m0js20p,2024-12-05T15:42:27.000Z,8,8.0,,so disappointing i was looking forward to it. my one hasn't started yet but I noticed that,Is it just me or the myntra eros is very underwhelming! Title☝🏼☝🏼,,
comment,nan,t3_1h7b7fq,m0l2iki,t1_m0js20p,2024-12-05T19:17:08.000Z,5,5.0,,"I do the exact same thing, and it’s true for most platform. Next time I’ll keep a proper record and share in the sub",Is it just me or the myntra eros is very underwhelming! Title☝🏼☝🏼,,
comment,nan,t3_1h7b7fq,m0kjek0,t3_1h7b7fq,2024-12-05T17:39:56.000Z,20,20.0,,"Heard from a friend in Myntra, this time they are out of budget as focus is on profitability. There are hardly any offers they will funds this time.",Is it just me or the myntra eros is very underwhelming! Title☝🏼☝🏼,product_quality,
comment,nan,t3_1h7b7fq,m0kktcg,t1_m0kjek0,2024-12-05T17:47:05.000Z,11,11.0,,Whos gonna buy if the deals arent worthy..,Is it just me or the myntra eros is very underwhelming! Title☝🏼☝🏼,,
comment,nan,t3_1h7b7fq,m0n9baq,t1_m0kktcg,2024-12-06T02:38:54.000Z,4,4.0,,"If they mark up the prices and then stick on a ridiculous discount rate, you’d be surprised how many will buy.",Is it just me or the myntra eros is very underwhelming! Title☝🏼☝🏼,price_drop,
comment,nan,t3_1h7b7fq,m0knngv,t3_1h7b7fq,2024-12-05T18:01:22.000Z,10,10.0,,I have bought cheaper stuff without the sale,Is it just me or the myntra eros is very underwhelming! Title☝🏼☝🏼,sale_discount,
comment,nan,t3_1h7b7fq,m0koac3,t1_m0knngv,2024-12-05T18:04:38.000Z,6,6.0,,Exactly!! I just bought a mango dress. Week bak fr 2200 whch is now 2900,Is it just me or the myntra eros is very underwhelming! Title☝🏼☝🏼,,
comment,nan,t3_1h7b7fq,m0kfyi7,t3_1h7b7fq,2024-12-05T17:22:29.000Z,10,10.0,,They added a platform fee out of nowhere,Is it just me or the myntra eros is very underwhelming! Title☝🏼☝🏼,,
comment,nan,t3_1h7b7fq,m0kuzuf,t1_m0kfyi7,2024-12-05T18:38:38.000Z,13,13.0,,"No, it was always there.",Is it just me or the myntra eros is very underwhelming! Title☝🏼☝🏼,,
comment,nan,t3_1h7b7fq,m0kz126,t1_m0kfyi7,2024-12-05T18:59:10.000Z,4,4.0,,It has always been there,Is it just me or the myntra eros is very underwhelming! Title☝🏼☝🏼,,
comment,nan,t3_1h7b7fq,m0l0vzd,t1_m0kuzuf,2024-12-05T19:08:48.000Z,6,6.0,,"No, there hasn't been any extra fee in my account. I order  frequently.",Is it just me or the myntra eros is very underwhelming! Title☝🏼☝🏼,,
comment,nan,t3_1h7b7fq,m0l0z87,t1_m0kz126,2024-12-05T19:09:16.000Z,1,1.0,,Wasn't there in mine. I order frequently.,Is it just me or the myntra eros is very underwhelming! Title☝🏼☝🏼,,
comment,nan,t3_1h7b7fq,m0l15ai,t1_m0l0vzd,2024-12-05T19:10:08.000Z,10,10.0,,I mean I'm a Myntra insider and have always seen the 20Rs charge.,Is it just me or the myntra eros is very underwhelming! Title☝🏼☝🏼,,
comment,nan,t3_1h7b7fq,m0lp4d8,t1_m0l0vzd,2024-12-05T21:14:28.000Z,2,2.0,,[deleted],Is it just me or the myntra eros is very underwhelming! Title☝🏼☝🏼,,
comment,nan,t3_1h7b7fq,m0l1krb,t1_m0l15ai,2024-12-05T19:12:19.000Z,1,1.0,,Me too. Maybe it depends from account to account. Who knows what myntra is upto.,Is it just me or the myntra eros is very underwhelming! Title☝🏼☝🏼,,
comment,nan,t3_1h7b7fq,m0o1uj3,t1_m0lp4d8,2024-12-06T05:55:00.000Z,1,1.0,,They added a platform fee and a COD fee earlier this year but removed both within weeks and hasn't been there since then in my account. Why wouldn't I notice this before ordering?,Is it just me or the myntra eros is very underwhelming! Title☝🏼☝🏼,,
comment,nan,t3_1h7b7fq,m0l325j,t1_m0l1krb,2024-12-05T19:19:55.000Z,2,2.0,,Me too platform wasn’t there for me but just recently they delivered kurta  set without palazoo so i raised a ticket may be thats y??,Is it just me or the myntra eros is very underwhelming! Title☝🏼☝🏼,,
comment,nan,t3_1h7b7fq,m0o262n,t1_m0l325j,2024-12-06T05:57:48.000Z,1,1.0,,Makes sense. I usually don't return or raise any issue but in my last order I accidentally ordered the wrong shade and asked for a replacement. Fee got added after that.,Is it just me or the myntra eros is very underwhelming! Title☝🏼☝🏼,cancellation_refund,
comment,nan,t3_1h7b7fq,m0o9bxw,t1_m0o262n,2024-12-06T07:04:55.000Z,1,1.0,,Yeah but if i remember before sale started there were few products in my bag at that time i dont think there was platform fee… but cant say anything about Myntra 😬,Is it just me or the myntra eros is very underwhelming! Title☝🏼☝🏼,sale_discount,
comment,nan,t3_1h7b7fq,m0jtbrh,t3_1h7b7fq,2024-12-05T15:25:11.000Z,5,5.0,,"https://preview.redd.it/8xtq20zqs15e1.jpeg?width=720&format=pjpg&auto=webp&s=53db9822510a304c89b0b08b2673a9ddc52f67fe

Bought for 175+470. Lowest ever price. Thnk every1",Is it just me or the myntra eros is very underwhelming! Title☝🏼☝🏼,price_drop,
comment,nan,t3_1h7b7fq,m0o4136,t3_1h7b7fq,2024-12-06T06:14:31.000Z,2,2.0,,I got a few stuff like 100 rs tee some polos and a hoodie and a kurta so for me it was a 29rs  wasool,Is it just me or the myntra eros is very underwhelming! Title☝🏼☝🏼,,
comment,nan,t3_1h7b7fq,m0o4z8q,t1_m0o4136,2024-12-06T06:23:17.000Z,2,2.0,,Good fr u!’,Is it just me or the myntra eros is very underwhelming! Title☝🏼☝🏼,,
comment,nan,t3_1h7b7fq,m0k3j8y,t3_1h7b7fq,2024-12-05T16:18:51.000Z,7,7.0,,[removed],Is it just me or the myntra eros is very underwhelming! Title☝🏼☝🏼,,
comment,nan,t3_1h7b7fq,m0k3yn5,t1_m0k3j8y,2024-12-05T16:21:01.000Z,14,14.0,,Yes coz at times their prices r crazy so much so tht i hoard!!,Is it just me or the myntra eros is very underwhelming! Title☝🏼☝🏼,price_drop,
comment,nan,t3_1h7b7fq,m0jyj92,t3_1h7b7fq,2024-12-05T15:52:51.000Z,2,2.0,,Yes I had so much hope from it,Is it just me or the myntra eros is very underwhelming! Title☝🏼☝🏼,,
comment,nan,t3_1h7b7fq,m0kvpoy,t3_1h7b7fq,2024-12-05T18:42:15.000Z,1,1.0,,Agreed.,Is it just me or the myntra eros is very underwhelming! Title☝🏼☝🏼,,
comment,nan,t3_1h7b7fq,m0pp1b6,t3_1h7b7fq,2024-12-06T14:46:42.000Z,1,1.0,,"Agreed, seen better discounts before
Also they are giving only 12.5% myntra kotak card discount and not 15% which it should be in EORS",Is it just me or the myntra eros is very underwhelming! Title☝🏼☝🏼,"price_drop, sale_discount",
post,r/IndianBeautyDeals,,t3_1h0vrhe,,2024-11-27T04:13:14.000Z,20,20.0,Anything worth buying on myntra now that their sale is on? ,Same as title. ,Anything worth buying on myntra now that their sale is on?  Same as title.,sale_discount,https://www.reddit.com/r/IndianBeautyDeals/comments/1h0vrhe/anything_worth_buying_on_myntra_now_that_their/
comment,nan,t3_1h0vrhe,lz775ru,t3_1h0vrhe,2024-11-27T05:24:48.000Z,29,29.0,,Things i wanted are not even on any discount. Will wait for dec eors for sure,Anything worth buying on myntra now that their sale is on? Same as title.,"price_drop, sale_discount",
comment,nan,t3_1h0vrhe,lz79l84,t1_lz775ru,2024-11-27T05:45:24.000Z,1,1.0,,[deleted],Anything worth buying on myntra now that their sale is on? Same as title.,sale_discount,
comment,nan,t3_1h0vrhe,lz7arya,t1_lz79l84,2024-11-27T05:55:42.000Z,11,11.0,,From 7th or 8th Dec,Anything worth buying on myntra now that their sale is on? Same as title.,sale_discount,
comment,nan,t3_1h0vrhe,lz7dkvr,t1_lz79l84,2024-11-27T06:21:08.000Z,3,3.0,,![gif](giphy|nGwUR2miMBY4lXfLkt),Anything worth buying on myntra now that their sale is on? Same as title.,sale_discount,
comment,nan,t3_1h0vrhe,lz6yjtb,t3_1h0vrhe,2024-11-27T04:18:27.000Z,16,16.0,,I got a cross body bag and Jackets from H&M. Their jacket quality is good.,Anything worth buying on myntra now that their sale is on? Same as title.,sale_discount,
comment,nan,t3_1h0vrhe,lz74j27,t1_lz6yjtb,2024-11-27T05:03:25.000Z,6,6.0,,Hey could u pls share the links or pics of what all u got? Thankyou 🤍,Anything worth buying on myntra now that their sale is on? Same as title.,sale_discount,
comment,nan,t3_1h0vrhe,lz754k2,t1_lz6yjtb,2024-11-27T05:08:11.000Z,4,4.0,,Can I get it from h&m original website ....as their sale is also coming in two days....or unki qualities bhi jyada acchi hoti hain,Anything worth buying on myntra now that their sale is on? Same as title.,sale_discount,
comment,nan,t3_1h0vrhe,lz79x3m,t1_lz74j27,2024-11-27T05:48:12.000Z,4,4.0,,"
H&M Teddy Jacket http://www.myntra.com/mailers/topwear/h&m/h&m-teddy-jacket/28354788/buy?utm_source=social_share_pdp&utm_medium=deeplink&utm_campaign=social_share_pdp_deeplink on Myntra

H&M Teddy Jackets http://www.myntra.com/mailers/topwear/h&m/h&m-teddy-jackets/30760731/buy?utm_source=social_share_pdp&utm_medium=deeplink&utm_campaign=social_share_pdp_deeplink on Myntra

H&M Women Small Crossbody Bag http://www.myntra.com/mailers/bags/h&m/h&m-women-small-crossbody-bag/30134770/buy?utm_source=social_share_pdp&utm_medium=deeplink&utm_campaign=social_share_pdp_deeplink on Myntra",Anything worth buying on myntra now that their sale is on? Same as title.,sale_discount,
comment,nan,t3_1h0vrhe,lz78sb2,t1_lz754k2,2024-11-27T05:38:34.000Z,3,3.0,,Imo h&m site sales are disappointing,Anything worth buying on myntra now that their sale is on? Same as title.,sale_discount,
comment,nan,t3_1h0vrhe,lz7acjx,t1_lz79x3m,2024-11-27T05:51:59.000Z,24,24.0,,DO NOT BUY THESE TEDDY JACKETS. I bought them a month ago and was sooo disappointed by the quality. It looked like it has been picked up from rag. I felt if I had to buy such bad quality I could easily find it in flee market at cheaper prices ew,Anything worth buying on myntra now that their sale is on? Same as title.,"price_drop, sale_discount",
comment,nan,t3_1h0vrhe,lz7d441,t1_lz78sb2,2024-11-27T06:16:47.000Z,2,2.0,,Then which brand hoodie have best quality and also affordable,Anything worth buying on myntra now that their sale is on? Same as title.,sale_discount,
comment,nan,t3_1h0vrhe,lz7aibb,t1_lz7acjx,2024-11-27T05:53:21.000Z,1,1.0,,Ohh.. Which one did you got? Cuz I have used one of the variants previously and quite liked the quality,Anything worth buying on myntra now that their sale is on? Same as title.,sale_discount,
comment,nan,t3_1h0vrhe,lz94fiy,t1_lz7d441,2024-11-27T15:20:25.000Z,1,1.0,,Check max and amazon symbol.,Anything worth buying on myntra now that their sale is on? Same as title.,sale_discount,
comment,nan,t3_1h0vrhe,lz7bfig,t1_lz7aibb,2024-11-27T06:01:31.000Z,2,2.0,,It's the same one you've linked. The second one specifically.,Anything worth buying on myntra now that their sale is on? Same as title.,sale_discount,
comment,nan,t3_1h0vrhe,lz7bipd,t1_lz7bfig,2024-11-27T06:02:18.000Z,1,1.0,,Ohh got it. Thanks for the heads up,Anything worth buying on myntra now that their sale is on? Same as title.,sale_discount,
comment,nan,t3_1h0vrhe,lz75v2p,t3_1h0vrhe,2024-11-27T05:14:08.000Z,15,15.0,,I'm planning to wait for EORS... It'll probably start from the 2nd week of December.,Anything worth buying on myntra now that their sale is on? Same as title.,sale_discount,
comment,nan,t3_1h0vrhe,lz78e2f,t1_lz75v2p,2024-11-27T05:35:12.000Z,11,11.0,,Nothing can beat eors prices 😮‍💨,Anything worth buying on myntra now that their sale is on? Same as title.,"price_drop, sale_discount",
comment,nan,t3_1h0vrhe,lz78vqj,t1_lz78e2f,2024-11-27T05:39:23.000Z,3,3.0,,Exactly... That's why just adding products to the wishlist rn,Anything worth buying on myntra now that their sale is on? Same as title.,"wishlist, sale_discount",
comment,nan,t3_1h0vrhe,lz752k7,t3_1h0vrhe,2024-11-27T05:07:45.000Z,15,15.0,,Bath&body works.. i bought shower gels at 540 ish,Anything worth buying on myntra now that their sale is on? Same as title.,sale_discount,
comment,nan,t3_1h0vrhe,lz77pir,t1_lz752k7,2024-11-27T05:29:23.000Z,3,3.0,,how😭,Anything worth buying on myntra now that their sale is on? Same as title.,sale_discount,
comment,nan,t3_1h0vrhe,lz7e95c,t1_lz752k7,2024-11-27T06:27:20.000Z,2,2.0,,Howwww,Anything worth buying on myntra now that their sale is on? Same as title.,sale_discount,
comment,nan,t3_1h0vrhe,lz7b7vz,t3_1h0vrhe,2024-11-27T05:59:38.000Z,6,6.0,,"BBW is on sale, esp w coupons and supercoins, u can get mists/lotions/shower gels for 500-600",Anything worth buying on myntra now that their sale is on? Same as title.,"sale_discount, coupon",
comment,nan,t3_1h0vrhe,lz7dxsv,t1_lz7b7vz,2024-11-27T06:24:25.000Z,1,1.0,,Hi pls can you share how to? Really need lotions.,Anything worth buying on myntra now that their sale is on? Same as title.,sale_discount,
comment,nan,t3_1h0vrhe,lz7eaa1,t1_lz7b7vz,2024-11-27T06:27:37.000Z,1,1.0,,Howw,Anything worth buying on myntra now that their sale is on? Same as title.,sale_discount,
comment,nan,t3_1h0vrhe,lz7e71y,t1_lz7dxsv,2024-11-27T06:26:47.000Z,1,1.0,,"Jst search for bath and body works and sort by discount, thn add to cart and apply the coupon BEAUTYREWARDS and it will also give you options to use your supercoins( this could be account specific as well), also the coupon is not available for everything but most of the products.",Anything worth buying on myntra now that their sale is on? Same as title.,"price_drop, sale_discount, coupon",
comment,nan,t3_1h0vrhe,lz7ekwn,t1_lz7eaa1,2024-11-27T06:30:24.000Z,1,1.0,,"https://preview.redd.it/ejpvype12e3e1.jpeg?width=1290&format=pjpg&auto=webp&s=f45194d300d496cdc25a0eb21fb890c77833a6b3

See🥰",Anything worth buying on myntra now that their sale is on? Same as title.,sale_discount,
comment,nan,t3_1h0vrhe,lz6zpgt,t3_1h0vrhe,2024-11-27T04:26:51.000Z,6,6.0,,You can check zink london website amazing sale is going on under 399,Anything worth buying on myntra now that their sale is on? Same as title.,sale_discount,
comment,nan,t3_1h0vrhe,lz82olw,t1_lz6zpgt,2024-11-27T10:45:48.000Z,1,1.0,,How is the quality?,Anything worth buying on myntra now that their sale is on? Same as title.,sale_discount,
comment,nan,t3_1h0vrhe,lz75m1d,t3_1h0vrhe,2024-11-27T05:12:06.000Z,15,15.0,,"item in my wishlist actually got expensive😭😭😭
i wanted to gift it to my gf",Anything worth buying on myntra now that their sale is on? Same as title.,"wishlist, sale_discount",
comment,nan,t3_1h0vrhe,lz794bi,t1_lz75m1d,2024-11-27T05:41:23.000Z,6,6.0,,If possible just wait for 10 more days... It'll most likely go on discount during EORS... Then you can purchase it.,Anything worth buying on myntra now that their sale is on? Same as title.,"price_drop, sale_discount",
post,r/IndiaCart,,t3_1vvdacm,,2026-08-22T14:03:07.000Z,1,1.0,Is this a good buy at this price ? Realme Buds Air 7,"Swiggy Instamart is showing ₹2231 for Realme Buds 7 Air with only 1 stock left, should I pull the trigger or search for alternatives within a similar price range. Please help !!","Is this a good buy at this price ? Realme Buds Air 7 Swiggy Instamart is showing ₹2231 for Realme Buds 7 Air with only 1 stock left, should I pull the trigger or search for alternatives within a similar price range. Please help !!",price_drop,https://i.redd.it/a87a7h9unxkh1.jpeg
comment,nan,t3_1vvdacm,p5835ae,t3_1vvdacm,2026-08-22T14:15:36.000Z,1,1.0,,"Ordered oneplus nords buds 4 pro , were legit , pull the trigger","Is this a good buy at this price ? Realme Buds Air 7 Swiggy Instamart is showing ₹2231 for Realme Buds 7 Air with only 1 stock left, should I pull the trigger or search for alternatives within a similar price range. Please help !!",price_drop,
post,r/finch,,t3_1vvd83g,,2026-08-22T14:00:40.000Z,3,3.0,"Megathread: Trading, Gifting, & Requesting Finch Items","# Hi there! Welcome to the Finch Subreddit & Community! 💛

This ""megathread"" is for making **trades**, sending **gifts**, and requesting **Finch items** (attire, furniture, and micropets). Here, you can:

* Post or link to your **wishlist** (links may only be to a person's own post on their **Reddit profile** or a **google doc/sheet**).
* **Request a specific item**, with or without trade offers.
* Sending **gifts** to other users.
* Discuss and arrange **trades** with other users.

**Introductions**, blurbs **About You**, and finding **Goal Buddies** go in the [other megathread](https://www.reddit.com/r/finch/comments/1rw8yo2/megathread_sharing_finchie_friend_codes_finding/) (Sharing Finchie Friend Codes & Finding Goal Buddies).

>🛑 **ATTENTION** 🛑

>If this is your first time posting in the megathreads (such as your first time trading, gifting, or requesting) and/or you just need the reminder - **PLEASE READ THE COMPLETE** [**MEGATHREAD GUIDELINES**](https://www.reddit.com/r/finch/wiki/index/megathreads-guidelines/#wiki_megathread.3A_trading.2C_gifting.2C_.26_requesting_finch_items_.D83C.DF81) found in our subreddit [Wiki](https://www.reddit.com/r/finch/wiki/index/).

This megathread gets newly reposted every day so that it does not become completely endless and overwhelming, and then pinned at the top of the subreddit so it's easy to find!

**Remember that you value and you matter! 💖**","Megathread: Trading, Gifting, & Requesting Finch Items # Hi there! Welcome to the Finch Subreddit & Community! 💛

This ""megathread"" is for making **trades**, sending **gifts**, and requesting **Finch items** (attire, furniture, and micropets). Here, you can:

* Post or link to your **wishlist** (links may only be to a person's own post on their **Reddit profile** or a **google doc/sheet**).
* **Request a specific item**, with or without trade offers.
* Sending **gifts** to other users.
* Discuss and arrange **trades** with other users.

**Introductions**, blurbs **About You**, and finding **Goal Buddies** go in the [other megathread](https://www.reddit.com/r/finch/comments/1rw8yo2/megathread_sharing_finchie_friend_codes_finding/) (Sharing Finchie Friend Codes & Finding Goal Buddies).

>🛑 **ATTENTION** 🛑

>If this is your first time posting in the megathreads (such as your first time trading, gifting, or requesting) and/or you just need the reminder - **PLEASE READ THE COMPLETE** [**MEGATHREAD GUIDELINES**](https://www.reddit.com/r/finch/wiki/index/megathreads-guidelines/#wiki_megathread.3A_trading.2C_gifting.2C_.26_requesting_finch_items_.D83C.DF81) found in our subreddit [Wiki](https://www.reddit.com/r/finch/wiki/index/).

This megathread gets newly reposted every day so that it does not become completely endless and overwhelming, and then pinned at the top of the subreddit so it's easy to find!

**Remember that you value and you matter! 💖**",wishlist,https://www.reddit.com/r/finch/comments/1vvd83g/megathread_trading_gifting_requesting_finch_items/
comment,nan,t3_1vvd83g,p580807,t3_1vvd83g,2026-08-22T14:00:41.000Z,1,1.0,,"**Shop Bazaar!**

For sharing and trading from *shops* specifically, please reply to this comment. If you instead want to share a wishlist or a list of items available for trade, please use a regular comment on the post.

* If you’d like to trade, please mention the user’s name (human or birb) and reply directly to the picture you’re interested in.
* When posting a second picture of your shop, add it as a reply to your first shop picture.
* If you’re only looking to trade with a specific person for a specific item, please note that in your comment when you post your shop so others know your shop is not an open trade.

This is a new format suggested by a few of you to hopefully make things a bit more organized. (Shout out to No_Safety_3650 and LoadAdvanced9547 in particular.) Let's see how it goes!


*I am a bot, and this action was performed automatically. Please [contact the moderators of this subreddit](/message/compose/?to=/r/finch) if you have any questions or concerns.*","Megathread: Trading, Gifting, & Requesting Finch Items # Hi there! Welcome to the Finch Subreddit & Community! 💛

This ""megathread"" is for making **trades**, sending **gifts**, and requesting **Finch items** (attire, furniture, and micropets). Here, you can:

* Post or link to your **wishlist** (links may only be to a person's own post on their **Reddit profile** or a **google doc/sheet**).
* **Request a specific item**, with or without trade offers.
* Sending **gifts** to other users.
* Discuss and arrange **trades** with other users.

**Introductions**, blurbs **About You**, and finding **Goal Buddies** go in the [other megathread](https://www.reddit.com/r/finch/comments/1rw8yo2/megathread_sharing_finchie_friend_codes_finding/) (Sharing Finchie Friend Codes & Finding Goal Buddies).

>🛑 **ATTENTION** 🛑

>If this is your first time posting in the megathreads (such as your first time trading, gifting, or requesting) and/or you just need the reminder - **PLEASE READ THE COMPLETE** [**MEGATHREAD GUIDELINES**](https://www.reddit.com/r/finch/wiki/index/megathreads-guidelines/#wiki_megathread.3A_trading.2C_gifting.2C_.26_requesting_finch_items_.D83C.DF81) found in our subreddit [Wiki](https://www.reddit.com/r/finch/wiki/index/).

This megathread gets newly reposted every day so that it does not become completely endless and overwhelming, and then pinned at the top of the subreddit so it's easy to find!

**Remember that you value and you matter! 💖**",wishlist,
comment,nan,t3_1vvd83g,p582wkz,t3_1vvd83g,2026-08-22T14:14:22.000Z,1,1.0,,Hello! Send me a fr (or let me know that we are already tree friends) and I’ll send you a surprise! My app STILL crashes if I have more than 2-3 trees (why do I continue to pay for plus?!) so I have to unfriend right after I leave the surprise. Check your inventory if you don’t see me in your tree!,"Megathread: Trading, Gifting, & Requesting Finch Items # Hi there! Welcome to the Finch Subreddit & Community! 💛

This ""megathread"" is for making **trades**, sending **gifts**, and requesting **Finch items** (attire, furniture, and micropets). Here, you can:

* Post or link to your **wishlist** (links may only be to a person's own post on their **Reddit profile** or a **google doc/sheet**).
* **Request a specific item**, with or without trade offers.
* Sending **gifts** to other users.
* Discuss and arrange **trades** with other users.

**Introductions**, blurbs **About You**, and finding **Goal Buddies** go in the [other megathread](https://www.reddit.com/r/finch/comments/1rw8yo2/megathread_sharing_finchie_friend_codes_finding/) (Sharing Finchie Friend Codes & Finding Goal Buddies).

>🛑 **ATTENTION** 🛑

>If this is your first time posting in the megathreads (such as your first time trading, gifting, or requesting) and/or you just need the reminder - **PLEASE READ THE COMPLETE** [**MEGATHREAD GUIDELINES**](https://www.reddit.com/r/finch/wiki/index/megathreads-guidelines/#wiki_megathread.3A_trading.2C_gifting.2C_.26_requesting_finch_items_.D83C.DF81) found in our subreddit [Wiki](https://www.reddit.com/r/finch/wiki/index/).

This megathread gets newly reposted every day so that it does not become completely endless and overwhelming, and then pinned at the top of the subreddit so it's easy to find!

**Remember that you value and you matter! 💖**",wishlist,
comment,nan,t3_1vvd83g,p5828cp,t3_1vvd83g,2026-08-22T14:10:58.000Z,1,1.0,,"Finch wishlist. These are requests but I'm willing to trade anything you guys want if I have it

Chessy and Uma

Friend code: K7BQFHF6AE

Outfit items:

🩷💚💜Sweet Sakura ribboned top

🤎💚💜 Boho top

🤎💚🩷 Cozy crafter top

💜🩷💚 Ocean fun Mermaid pants

🤎🩷💜💚 Preppy plaid pants

 🩷🤎💜💚 Spring blossom dress 

💚💜🤎🩷 Soft boho head wrap

🩷🤎💚 Preppy vintage headband

💚🩷🤎 Preppy vintage neck ribbon 

🩷💚🤎  Classic dinner roller skates

💚🤎 Preppy vintage heels

💚🩷🤎 Brown boho bottle

Blonde carefree hairstyle

Furniture items

💚🩷🤎 Outback rug

💚🩷🤎 outback doormat

💚🩷🤎 Outback wall shelf

💚🩷💜🤎 Outback clock

💚🩷🤎 Outback lamp

💚💜🩷🤎 Outback dresser

💚💜🩷🤎 outback explorer gear

💚💜🤎Outback window

💚🩷🤎 Outback wall

💚💜🩷🤎 Outback door","Megathread: Trading, Gifting, & Requesting Finch Items # Hi there! Welcome to the Finch Subreddit & Community! 💛

This ""megathread"" is for making **trades**, sending **gifts**, and requesting **Finch items** (attire, furniture, and micropets). Here, you can:

* Post or link to your **wishlist** (links may only be to a person's own post on their **Reddit profile** or a **google doc/sheet**).
* **Request a specific item**, with or without trade offers.
* Sending **gifts** to other users.
* Discuss and arrange **trades** with other users.

**Introductions**, blurbs **About You**, and finding **Goal Buddies** go in the [other megathread](https://www.reddit.com/r/finch/comments/1rw8yo2/megathread_sharing_finchie_friend_codes_finding/) (Sharing Finchie Friend Codes & Finding Goal Buddies).

>🛑 **ATTENTION** 🛑

>If this is your first time posting in the megathreads (such as your first time trading, gifting, or requesting) and/or you just need the reminder - **PLEASE READ THE COMPLETE** [**MEGATHREAD GUIDELINES**](https://www.reddit.com/r/finch/wiki/index/megathreads-guidelines/#wiki_megathread.3A_trading.2C_gifting.2C_.26_requesting_finch_items_.D83C.DF81) found in our subreddit [Wiki](https://www.reddit.com/r/finch/wiki/index/).

This megathread gets newly reposted every day so that it does not become completely endless and overwhelming, and then pinned at the top of the subreddit so it's easy to find!

**Remember that you value and you matter! 💖**","wishlist, product_quality",
comment,nan,t3_1vvd83g,p5824f2,t3_1vvd83g,2026-08-22T14:10:25.000Z,1,1.0,,"Q7ZD49HE6W

Hi!! Toddler birb here, would love any orange or blue outfits/furniture!! Love color coordinated themes and those are the next 2 I’d like to go for 🧡 always looking for new friends as well <3 thank you!!","Megathread: Trading, Gifting, & Requesting Finch Items # Hi there! Welcome to the Finch Subreddit & Community! 💛

This ""megathread"" is for making **trades**, sending **gifts**, and requesting **Finch items** (attire, furniture, and micropets). Here, you can:

* Post or link to your **wishlist** (links may only be to a person's own post on their **Reddit profile** or a **google doc/sheet**).
* **Request a specific item**, with or without trade offers.
* Sending **gifts** to other users.
* Discuss and arrange **trades** with other users.

**Introductions**, blurbs **About You**, and finding **Goal Buddies** go in the [other megathread](https://www.reddit.com/r/finch/comments/1rw8yo2/megathread_sharing_finchie_friend_codes_finding/) (Sharing Finchie Friend Codes & Finding Goal Buddies).

>🛑 **ATTENTION** 🛑

>If this is your first time posting in the megathreads (such as your first time trading, gifting, or requesting) and/or you just need the reminder - **PLEASE READ THE COMPLETE** [**MEGATHREAD GUIDELINES**](https://www.reddit.com/r/finch/wiki/index/megathreads-guidelines/#wiki_megathread.3A_trading.2C_gifting.2C_.26_requesting_finch_items_.D83C.DF81) found in our subreddit [Wiki](https://www.reddit.com/r/finch/wiki/index/).

This megathread gets newly reposted every day so that it does not become completely endless and overwhelming, and then pinned at the top of the subreddit so it's easy to find!

**Remember that you value and you matter! 💖**","wishlist, product_quality",
comment,nan,t3_1vvd83g,p582p4c,t1_p5824f2,2026-08-22T14:13:20.000Z,1,1.0,,Hi!  And welcome!  Picklerick and mamadunn here!  Ill send you some stuff 🥰 sent friend request ,"Megathread: Trading, Gifting, & Requesting Finch Items # Hi there! Welcome to the Finch Subreddit & Community! 💛

This ""megathread"" is for making **trades**, sending **gifts**, and requesting **Finch items** (attire, furniture, and micropets). Here, you can:

* Post or link to your **wishlist** (links may only be to a person's own post on their **Reddit profile** or a **google doc/sheet**).
* **Request a specific item**, with or without trade offers.
* Sending **gifts** to other users.
* Discuss and arrange **trades** with other users.

**Introductions**, blurbs **About You**, and finding **Goal Buddies** go in the [other megathread](https://www.reddit.com/r/finch/comments/1rw8yo2/megathread_sharing_finchie_friend_codes_finding/) (Sharing Finchie Friend Codes & Finding Goal Buddies).

>🛑 **ATTENTION** 🛑

>If this is your first time posting in the megathreads (such as your first time trading, gifting, or requesting) and/or you just need the reminder - **PLEASE READ THE COMPLETE** [**MEGATHREAD GUIDELINES**](https://www.reddit.com/r/finch/wiki/index/megathreads-guidelines/#wiki_megathread.3A_trading.2C_gifting.2C_.26_requesting_finch_items_.D83C.DF81) found in our subreddit [Wiki](https://www.reddit.com/r/finch/wiki/index/).

This megathread gets newly reposted every day so that it does not become completely endless and overwhelming, and then pinned at the top of the subreddit so it's easy to find!

**Remember that you value and you matter! 💖**",wishlist,
comment,nan,t3_1vvd83g,p580i2h,t3_1vvd83g,2026-08-22T14:02:07.000Z,3,3.0,,"Noodle’s Finch wishlist:

Noodle’s Finch wishlist:

DK9D2PJFGZ. Noodle and I are searching for the following:

Micropet: talon the gryphon  
💜land of sweets wall decor  
💜gothic mirror  
💜outback wall shelf  
💜cozy cottage wall decor  
💜Dino shelf  
💜spooky rug  
💜winter snowflake rug  
💜winter tree doormat  
💜spooky doormat  
💜pumpkin patch scarecrow  
💜pumpkin patch hay bale  
💜supergirl accessories  
💜veggie garden dress  
💜sugarplum dress  
💜whimsical hatter hat  
💜galaxy nomad robe/hood  
💜cosmic mask  
💜dazzling mask  
Basically anything in purple or seasonal we don’t have

Offering for trade:  
❤️vintage drive in rug  
🩷classic diner uniform  
❤️classic diner visor  
🤎preppy vintage headband  
💚preppy vintage dress  
💛boho clock  
🩶💛boho door  
💙boho lamp  
💛boho dresser  
🩷groovy sweater vest  
💚lobo top  
💚playroom lamp  
🩷dance party disco ball  
❤️Supergirl Krypto Bed  
❤️Supergirl disco light  
❤️Supergirl door  
💛🖤Stylish Boho Vest  
💙steampunk aviator helmet  
💙steampunk hat  
❤️spring flower lamp  
🩷dance party dj booth  
❤️woodsy dresser  
💚❤️oz clock  
🖤groovy window  
🖤oz rug  
🖤oz doormat  
💛queen of hearts door  
🩷secret base bed  
🤎🩶💚pirate bed  
🩷ice palace fire place  
🖤steampunk bed  
🤎woodsy window  
Micropet: adult pinecone the hedgie, adult Agnes the sheep  
\\\\\\\\\\\\\\\*\\\\\\\\\\\\\\\*If you don’t see something on my trade list, please ask as I might have it but haven’t added to my trade list.","Megathread: Trading, Gifting, & Requesting Finch Items # Hi there! Welcome to the Finch Subreddit & Community! 💛

This ""megathread"" is for making **trades**, sending **gifts**, and requesting **Finch items** (attire, furniture, and micropets). Here, you can:

* Post or link to your **wishlist** (links may only be to a person's own post on their **Reddit profile** or a **google doc/sheet**).
* **Request a specific item**, with or without trade offers.
* Sending **gifts** to other users.
* Discuss and arrange **trades** with other users.

**Introductions**, blurbs **About You**, and finding **Goal Buddies** go in the [other megathread](https://www.reddit.com/r/finch/comments/1rw8yo2/megathread_sharing_finchie_friend_codes_finding/) (Sharing Finchie Friend Codes & Finding Goal Buddies).

>🛑 **ATTENTION** 🛑

>If this is your first time posting in the megathreads (such as your first time trading, gifting, or requesting) and/or you just need the reminder - **PLEASE READ THE COMPLETE** [**MEGATHREAD GUIDELINES**](https://www.reddit.com/r/finch/wiki/index/megathreads-guidelines/#wiki_megathread.3A_trading.2C_gifting.2C_.26_requesting_finch_items_.D83C.DF81) found in our subreddit [Wiki](https://www.reddit.com/r/finch/wiki/index/).

This megathread gets newly reposted every day so that it does not become completely endless and overwhelming, and then pinned at the top of the subreddit so it's easy to find!

**Remember that you value and you matter! 💖**",wishlist,
comment,nan,t3_1vvd83g,p580tzz,t1_p580i2h,2026-08-22T14:03:51.000Z,3,3.0,,Sending friend request to help now from picklerick and mamadunn 💛,"Megathread: Trading, Gifting, & Requesting Finch Items # Hi there! Welcome to the Finch Subreddit & Community! 💛

This ""megathread"" is for making **trades**, sending **gifts**, and requesting **Finch items** (attire, furniture, and micropets). Here, you can:

* Post or link to your **wishlist** (links may only be to a person's own post on their **Reddit profile** or a **google doc/sheet**).
* **Request a specific item**, with or without trade offers.
* Sending **gifts** to other users.
* Discuss and arrange **trades** with other users.

**Introductions**, blurbs **About You**, and finding **Goal Buddies** go in the [other megathread](https://www.reddit.com/r/finch/comments/1rw8yo2/megathread_sharing_finchie_friend_codes_finding/) (Sharing Finchie Friend Codes & Finding Goal Buddies).

>🛑 **ATTENTION** 🛑

>If this is your first time posting in the megathreads (such as your first time trading, gifting, or requesting) and/or you just need the reminder - **PLEASE READ THE COMPLETE** [**MEGATHREAD GUIDELINES**](https://www.reddit.com/r/finch/wiki/index/megathreads-guidelines/#wiki_megathread.3A_trading.2C_gifting.2C_.26_requesting_finch_items_.D83C.DF81) found in our subreddit [Wiki](https://www.reddit.com/r/finch/wiki/index/).

This megathread gets newly reposted every day so that it does not become completely endless and overwhelming, and then pinned at the top of the subreddit so it's easy to find!

**Remember that you value and you matter! 💖**",wishlist,
comment,nan,t3_1vvd83g,p581wxt,t1_p580tzz,2026-08-22T14:09:22.000Z,1,1.0,,Thank you so much! Is there anything you’d like in return?,"Megathread: Trading, Gifting, & Requesting Finch Items # Hi there! Welcome to the Finch Subreddit & Community! 💛

This ""megathread"" is for making **trades**, sending **gifts**, and requesting **Finch items** (attire, furniture, and micropets). Here, you can:

* Post or link to your **wishlist** (links may only be to a person's own post on their **Reddit profile** or a **google doc/sheet**).
* **Request a specific item**, with or without trade offers.
* Sending **gifts** to other users.
* Discuss and arrange **trades** with other users.

**Introductions**, blurbs **About You**, and finding **Goal Buddies** go in the [other megathread](https://www.reddit.com/r/finch/comments/1rw8yo2/megathread_sharing_finchie_friend_codes_finding/) (Sharing Finchie Friend Codes & Finding Goal Buddies).

>🛑 **ATTENTION** 🛑

>If this is your first time posting in the megathreads (such as your first time trading, gifting, or requesting) and/or you just need the reminder - **PLEASE READ THE COMPLETE** [**MEGATHREAD GUIDELINES**](https://www.reddit.com/r/finch/wiki/index/megathreads-guidelines/#wiki_megathread.3A_trading.2C_gifting.2C_.26_requesting_finch_items_.D83C.DF81) found in our subreddit [Wiki](https://www.reddit.com/r/finch/wiki/index/).

This megathread gets newly reposted every day so that it does not become completely endless and overwhelming, and then pinned at the top of the subreddit so it's easy to find!

**Remember that you value and you matter! 💖**","wishlist, cancellation_refund",
comment,nan,t3_1vvd83g,p5824nt,t1_p581wxt,2026-08-22T14:10:27.000Z,1,1.0,,Just for you to have an amazing day! 🥰,"Megathread: Trading, Gifting, & Requesting Finch Items # Hi there! Welcome to the Finch Subreddit & Community! 💛

This ""megathread"" is for making **trades**, sending **gifts**, and requesting **Finch items** (attire, furniture, and micropets). Here, you can:

* Post or link to your **wishlist** (links may only be to a person's own post on their **Reddit profile** or a **google doc/sheet**).
* **Request a specific item**, with or without trade offers.
* Sending **gifts** to other users.
* Discuss and arrange **trades** with other users.

**Introductions**, blurbs **About You**, and finding **Goal Buddies** go in the [other megathread](https://www.reddit.com/r/finch/comments/1rw8yo2/megathread_sharing_finchie_friend_codes_finding/) (Sharing Finchie Friend Codes & Finding Goal Buddies).

>🛑 **ATTENTION** 🛑

>If this is your first time posting in the megathreads (such as your first time trading, gifting, or requesting) and/or you just need the reminder - **PLEASE READ THE COMPLETE** [**MEGATHREAD GUIDELINES**](https://www.reddit.com/r/finch/wiki/index/megathreads-guidelines/#wiki_megathread.3A_trading.2C_gifting.2C_.26_requesting_finch_items_.D83C.DF81) found in our subreddit [Wiki](https://www.reddit.com/r/finch/wiki/index/).

This megathread gets newly reposted every day so that it does not become completely endless and overwhelming, and then pinned at the top of the subreddit so it's easy to find!

**Remember that you value and you matter! 💖**",wishlist,
comment,nan,t3_1vvd83g,p582b6m,t1_p5824nt,2026-08-22T14:11:22.000Z,1,1.0,,Thank you so much 🥰 I hope your day is as wonderful as you have made mine!,"Megathread: Trading, Gifting, & Requesting Finch Items # Hi there! Welcome to the Finch Subreddit & Community! 💛

This ""megathread"" is for making **trades**, sending **gifts**, and requesting **Finch items** (attire, furniture, and micropets). Here, you can:

* Post or link to your **wishlist** (links may only be to a person's own post on their **Reddit profile** or a **google doc/sheet**).
* **Request a specific item**, with or without trade offers.
* Sending **gifts** to other users.
* Discuss and arrange **trades** with other users.

**Introductions**, blurbs **About You**, and finding **Goal Buddies** go in the [other megathread](https://www.reddit.com/r/finch/comments/1rw8yo2/megathread_sharing_finchie_friend_codes_finding/) (Sharing Finchie Friend Codes & Finding Goal Buddies).

>🛑 **ATTENTION** 🛑

>If this is your first time posting in the megathreads (such as your first time trading, gifting, or requesting) and/or you just need the reminder - **PLEASE READ THE COMPLETE** [**MEGATHREAD GUIDELINES**](https://www.reddit.com/r/finch/wiki/index/megathreads-guidelines/#wiki_megathread.3A_trading.2C_gifting.2C_.26_requesting_finch_items_.D83C.DF81) found in our subreddit [Wiki](https://www.reddit.com/r/finch/wiki/index/).

This megathread gets newly reposted every day so that it does not become completely endless and overwhelming, and then pinned at the top of the subreddit so it's easy to find!

**Remember that you value and you matter! 💖**",wishlist,
comment,nan,t3_1vvd83g,p582dp0,t1_p582b6m,2026-08-22T14:11:43.000Z,1,1.0,,💛💛💛💛💛,"Megathread: Trading, Gifting, & Requesting Finch Items # Hi there! Welcome to the Finch Subreddit & Community! 💛

This ""megathread"" is for making **trades**, sending **gifts**, and requesting **Finch items** (attire, furniture, and micropets). Here, you can:

* Post or link to your **wishlist** (links may only be to a person's own post on their **Reddit profile** or a **google doc/sheet**).
* **Request a specific item**, with or without trade offers.
* Sending **gifts** to other users.
* Discuss and arrange **trades** with other users.

**Introductions**, blurbs **About You**, and finding **Goal Buddies** go in the [other megathread](https://www.reddit.com/r/finch/comments/1rw8yo2/megathread_sharing_finchie_friend_codes_finding/) (Sharing Finchie Friend Codes & Finding Goal Buddies).

>🛑 **ATTENTION** 🛑

>If this is your first time posting in the megathreads (such as your first time trading, gifting, or requesting) and/or you just need the reminder - **PLEASE READ THE COMPLETE** [**MEGATHREAD GUIDELINES**](https://www.reddit.com/r/finch/wiki/index/megathreads-guidelines/#wiki_megathread.3A_trading.2C_gifting.2C_.26_requesting_finch_items_.D83C.DF81) found in our subreddit [Wiki](https://www.reddit.com/r/finch/wiki/index/).

This megathread gets newly reposted every day so that it does not become completely endless and overwhelming, and then pinned at the top of the subreddit so it's easy to find!

**Remember that you value and you matter! 💖**",wishlist,
post,r/overclocking,,t3_1vvch2h,,2026-08-22T13:28:38.000Z,2,2.0,How safe is this overlock in my Linux/CachyOS Overclock using LACT?,"Look, I'm used to Overclocking with MSI Afterburner in my Windows but with my Dual Boot setup and LACT adding GPU Voltage Boost recently, I wanted to maybe get more juice or get a more powerful OC out of my 5080. (Basically I'm noob here in LACT)

On my Windows Side, I have the following stable profiles, my UV and OC profiles.

( *Undervolt: 2812MHz@865mV & +2000 Memory Clock || Overclock: Sustained 3170MHz, +475 Core Clock & +2000 Memory Clock (Note: Any Voltage settings is at default, didnt touch anything here)* )

I know that Nvidia drivers in linux are not up to par with Windows thats why for my dual Boot setup in Cachy OS I want a stable more powerful OC.

My Overclock profile in windows was once Sustained 3210MHz, +500 Core Clock & +2000 Memory Clock but the latest drivers couldnt do that anymore.

So my Target in my Cachy OS is somewhere around Sustained 3200MHz Core Clock & 2000 Memory Clock (its 17000mhz sustained clock)

https://preview.redd.it/n8tawlvrfxkh1.png?width=2560&format=png&auto=webp&s=8dab64f4e12285a8468022156f8be9ef60cbef27

I wanted to ask if this safe or looks atleast good?

\- 3250 Max Core Clock (to get it close to 3200 sustained core clock)  
\- 100% GPU Voltage boost  
\- Power Usage Limit at Max (400W)  
\- +4000 for the memory (This is the only thing im sure is safe as this is the equivalent of +2000 memory clock in afterburner)

The pic above was taken after 10 mins firing up STALKER 2 with Max settings, DLSS Quality, no frame gen 1440p. GPU Model is Asus Prime RTX 5080 16GB. Room Temp is 25C. Any advices for a proper overclockijng in Linux / LACT will be very much apreciated as well.","How safe is this overlock in my Linux/CachyOS Overclock using LACT? Look, I'm used to Overclocking with MSI Afterburner in my Windows but with my Dual Boot setup and LACT adding GPU Voltage Boost recently, I wanted to maybe get more juice or get a more powerful OC out of my 5080. (Basically I'm noob here in LACT)

On my Windows Side, I have the following stable profiles, my UV and OC profiles.

( *Undervolt: 2812MHz@865mV & +2000 Memory Clock || Overclock: Sustained 3170MHz, +475 Core Clock & +2000 Memory Clock (Note: Any Voltage settings is at default, didnt touch anything here)* )

I know that Nvidia drivers in linux are not up to par with Windows thats why for my dual Boot setup in Cachy OS I want a stable more powerful OC.

My Overclock profile in windows was once Sustained 3210MHz, +500 Core Clock & +2000 Memory Clock but the latest drivers couldnt do that anymore.

So my Target in my Cachy OS is somewhere around Sustained 3200MHz Core Clock & 2000 Memory Clock (its 17000mhz sustained clock)

https://preview.redd.it/n8tawlvrfxkh1.png?width=2560&format=png&auto=webp&s=8dab64f4e12285a8468022156f8be9ef60cbef27

I wanted to ask if this safe or looks atleast good?

\- 3250 Max Core Clock (to get it close to 3200 sustained core clock)  
\- 100% GPU Voltage boost  
\- Power Usage Limit at Max (400W)  
\- +4000 for the memory (This is the only thing im sure is safe as this is the equivalent of +2000 memory clock in afterburner)

The pic above was taken after 10 mins firing up STALKER 2 with Max settings, DLSS Quality, no frame gen 1440p. GPU Model is Asus Prime RTX 5080 16GB. Room Temp is 25C. Any advices for a proper overclockijng in Linux / LACT will be very much apreciated as well.",,https://www.reddit.com/r/overclocking/comments/1vvch2h/how_safe_is_this_overlock_in_my_linuxcachyos/
post,r/hyderabad_telugu,,t3_1vv99b5,,2026-08-22T10:52:54.000Z,3,3.0,Tell me how u squeeze ur credit card offers 😎,"Naku evina offers ante chala istam so credit cards offers attract me so much. Naa daggara already 4 credit cards unnay and this is how each of them i squeeze. 

1) Axis flipkart: 

I get 5% cashback on Flipkart and 7.5% cashback on Myntra. Plus additional offers sale appudu.

2) Axis Myzone:

Ee card mostly nenu movie 1+1 ticket (upto 200), zomato order above 500 ki 120 off , appudappudu eazydiner lo 15% discount ki use chesta.

3) Uni gold credit card:

idi nenu zepto or some other gift cards but cheyyataniki use chesta around 4% cashback vastundi and monthly spend 10k cross ayithe next month pvr inox lo 500 rs gift card 250ki vastadi. 

One more deenlone naa daggara rupay credit card kuda undi adi nenu gpay lo setup cheskoni upi payments ki use chesta and I get 1% cashback. 

And all this cashback nenu gold redeem cheskunta instead of money. Uni gives that feature. 

Naa current  cibil score: 779

Meeru mee best cards and offers gurinchi cheppandi kudirite vati pi kuda oka kannesta 😁","Tell me how u squeeze ur credit card offers 😎 Naku evina offers ante chala istam so credit cards offers attract me so much. Naa daggara already 4 credit cards unnay and this is how each of them i squeeze. 

1) Axis flipkart: 

I get 5% cashback on Flipkart and 7.5% cashback on Myntra. Plus additional offers sale appudu.

2) Axis Myzone:

Ee card mostly nenu movie 1+1 ticket (upto 200), zomato order above 500 ki 120 off , appudappudu eazydiner lo 15% discount ki use chesta.

3) Uni gold credit card:

idi nenu zepto or some other gift cards but cheyyataniki use chesta around 4% cashback vastundi and monthly spend 10k cross ayithe next month pvr inox lo 500 rs gift card 250ki vastadi. 

One more deenlone naa daggara rupay credit card kuda undi adi nenu gpay lo setup cheskoni upi payments ki use chesta and I get 1% cashback. 

And all this cashback nenu gold redeem cheskunta instead of money. Uni gives that feature. 

Naa current  cibil score: 779

Meeru mee best cards and offers gurinchi cheppandi kudirite vati pi kuda oka kannesta 😁","price_drop, sale_discount",https://i.redd.it/pwq0y2jwpwkh1.jpeg
post,r/SoloDev,,t3_1vvd3l1,,2026-08-22T13:55:27.000Z,1,1.0,I Made a Little Game That Lets You Keep Working After Work,"\# I Work in Demolition, and I Spent the Last Few Months Making My First Indie Game

Hey everyone! This is \*\*Flying Cow Club\*\* — a game development club with exactly \*\*one member: me\*\*.

My day job is demolition work: tearing down walls, ripping out interiors, hauling debris... basically, I make a living by destroying things that already exist.

But ever since I was a kid, I’ve wanted to do the exact opposite and \*\*create a game of my own\*\*.

I messed around with RPG Maker years ago, although what I made back then was... not exactly great.

To be fair, what I’m making now might still not be great either.

But hey, progress!

I also used to write fiction, so the writing, game systems, mechanics, and overall structure were all designed by me.

As for the artwork... well, I’m sure the sharp-eyed people here can already tell that \*\*AI was involved\*\*.

!\[img\](2dps3i98lnkh1)

!\[img\](n4wjfo98lnkh1)

!\[img\](zashoh98lnkh1)

!\[img\](jkx3qi98lnkh1)

\*\*Still Working?\*\* is a workplace-themed \*\*roguelike extraction game\*\* with a lighthearted and slightly absurd tone.  

(There will be an English version.)

Besides the usual roguelike idea of making every run feel different, I added an extraction system with persistent equipment progression.

The game currently has around \*\*480 equipment items\*\*, a relatively simple affix system, high-difficulty endgame content, and one decision I want players to constantly struggle with:

\*\*Do I keep pushing my luck, or do I take what I’ve got and get the hell out?\*\*

That risk-versus-reward decision is one of the main things I want the game to be about.

The visual style might remind you of \*that kind of game\*...

But no.

It does \*\*not\*\* contain the thing you’re probably thinking of.

Probably.

I’ve been working on the game for about \*\*six months\*\*, and it has now entered the final stage of development.

I’m still polishing it and having friends and family help me test it. The current plan is to release it on \*\*October 28\*\*, right after Steam Next Fest.

I honestly don’t expect to make a fortune from it.

But after wanting to make my own game for so long, actually seeing one of my ideas turn into a real, playable game feels ridiculously good.

So I wanted to share it with everyone here.

And I have to say...

\*\*Making games is insanely fun.\*\*

For transparency, here are the AI tools I’ve used during development:

\*\*Midjourney, ChatGPT, Scenario, Gemini, Adobe Firefly, ElevenLabs, Suno, and Claude Code.\*\*

If the game looks interesting to you, feel free to add it to your wishlist as a little virtual thumbs-up.

And if it doesn’t...

Well, you can always use the link to go browse some other Steam games instead. (?)

\*\*Steam — Still Working?\*\*  ","I Made a Little Game That Lets You Keep Working After Work \# I Work in Demolition, and I Spent the Last Few Months Making My First Indie Game

Hey everyone! This is \*\*Flying Cow Club\*\* — a game development club with exactly \*\*one member: me\*\*.

My day job is demolition work: tearing down walls, ripping out interiors, hauling debris... basically, I make a living by destroying things that already exist.

But ever since I was a kid, I’ve wanted to do the exact opposite and \*\*create a game of my own\*\*.

I messed around with RPG Maker years ago, although what I made back then was... not exactly great.

To be fair, what I’m making now might still not be great either.

But hey, progress!

I also used to write fiction, so the writing, game systems, mechanics, and overall structure were all designed by me.

As for the artwork... well, I’m sure the sharp-eyed people here can already tell that \*\*AI was involved\*\*.

!\[img\](2dps3i98lnkh1)

!\[img\](n4wjfo98lnkh1)

!\[img\](zashoh98lnkh1)

!\[img\](jkx3qi98lnkh1)

\*\*Still Working?\*\* is a workplace-themed \*\*roguelike extraction game\*\* with a lighthearted and slightly absurd tone.  

(There will be an English version.)

Besides the usual roguelike idea of making every run feel different, I added an extraction system with persistent equipment progression.

The game currently has around \*\*480 equipment items\*\*, a relatively simple affix system, high-difficulty endgame content, and one decision I want players to constantly struggle with:

\*\*Do I keep pushing my luck, or do I take what I’ve got and get the hell out?\*\*

That risk-versus-reward decision is one of the main things I want the game to be about.

The visual style might remind you of \*that kind of game\*...

But no.

It does \*\*not\*\* contain the thing you’re probably thinking of.

Probably.

I’ve been working on the game for about \*\*six months\*\*, and it has now entered the final stage of development.

I’m still polishing it and having friends and family help me test it. The current plan is to release it on \*\*October 28\*\*, right after Steam Next Fest.

I honestly don’t expect to make a fortune from it.

But after wanting to make my own game for so long, actually seeing one of my ideas turn into a real, playable game feels ridiculously good.

So I wanted to share it with everyone here.

And I have to say...

\*\*Making games is insanely fun.\*\*

For transparency, here are the AI tools I’ve used during development:

\*\*Midjourney, ChatGPT, Scenario, Gemini, Adobe Firefly, ElevenLabs, Suno, and Claude Code.\*\*

If the game looks interesting to you, feel free to add it to your wishlist as a little virtual thumbs-up.

And if it doesn’t...

Well, you can always use the link to go browse some other Steam games instead. (?)

\*\*Steam — Still Working?\*\*",wishlist,https://store.steampowered.com/app/5059140/_/
comment,nan,t3_1vv99b5,p577qxr,t3_1vv99b5,2026-08-22T11:12:30.000Z,2,2.0,,"I use kiwi rupay cc\[pnb\]

1.5/0.5 % cashback 

Only this cc anthe ","Tell me how u squeeze ur credit card offers 😎 Naku evina offers ante chala istam so credit cards offers attract me so much. Naa daggara already 4 credit cards unnay and this is how each of them i squeeze. 

1) Axis flipkart: 

I get 5% cashback on Flipkart and 7.5% cashback on Myntra. Plus additional offers sale appudu.

2) Axis Myzone:

Ee card mostly nenu movie 1+1 ticket (upto 200), zomato order above 500 ki 120 off , appudappudu eazydiner lo 15% discount ki use chesta.

3) Uni gold credit card:

idi nenu zepto or some other gift cards but cheyyataniki use chesta around 4% cashback vastundi and monthly spend 10k cross ayithe next month pvr inox lo 500 rs gift card 250ki vastadi. 

One more deenlone naa daggara rupay credit card kuda undi adi nenu gpay lo setup cheskoni upi payments ki use chesta and I get 1% cashback. 

And all this cashback nenu gold redeem cheskunta instead of money. Uni gives that feature. 

Naa current  cibil score: 779

Meeru mee best cards and offers gurinchi cheppandi kudirite vati pi kuda oka kannesta 😁","price_drop, sale_discount",
comment,nan,t3_1vv99b5,p578yvl,t1_p577qxr,2026-08-22T11:21:17.000Z,1,1.0,,Oh daniki apply chesa appatlo but application response ki time pattindhi aa gap lo UNI vadu ichesadu so light tiskunna.,"Tell me how u squeeze ur credit card offers 😎 Naku evina offers ante chala istam so credit cards offers attract me so much. Naa daggara already 4 credit cards unnay and this is how each of them i squeeze. 

1) Axis flipkart: 

I get 5% cashback on Flipkart and 7.5% cashback on Myntra. Plus additional offers sale appudu.

2) Axis Myzone:

Ee card mostly nenu movie 1+1 ticket (upto 200), zomato order above 500 ki 120 off , appudappudu eazydiner lo 15% discount ki use chesta.

3) Uni gold credit card:

idi nenu zepto or some other gift cards but cheyyataniki use chesta around 4% cashback vastundi and monthly spend 10k cross ayithe next month pvr inox lo 500 rs gift card 250ki vastadi. 

One more deenlone naa daggara rupay credit card kuda undi adi nenu gpay lo setup cheskoni upi payments ki use chesta and I get 1% cashback. 

And all this cashback nenu gold redeem cheskunta instead of money. Uni gives that feature. 

Naa current  cibil score: 779

Meeru mee best cards and offers gurinchi cheppandi kudirite vati pi kuda oka kannesta 😁","price_drop, sale_discount",
comment,nan,t3_1vv99b5,p57bu1y,t1_p578yvl,2026-08-22T11:41:23.000Z,1,1.0,,Oh okok,"Tell me how u squeeze ur credit card offers 😎 Naku evina offers ante chala istam so credit cards offers attract me so much. Naa daggara already 4 credit cards unnay and this is how each of them i squeeze. 

1) Axis flipkart: 

I get 5% cashback on Flipkart and 7.5% cashback on Myntra. Plus additional offers sale appudu.

2) Axis Myzone:

Ee card mostly nenu movie 1+1 ticket (upto 200), zomato order above 500 ki 120 off , appudappudu eazydiner lo 15% discount ki use chesta.

3) Uni gold credit card:

idi nenu zepto or some other gift cards but cheyyataniki use chesta around 4% cashback vastundi and monthly spend 10k cross ayithe next month pvr inox lo 500 rs gift card 250ki vastadi. 

One more deenlone naa daggara rupay credit card kuda undi adi nenu gpay lo setup cheskoni upi payments ki use chesta and I get 1% cashback. 

And all this cashback nenu gold redeem cheskunta instead of money. Uni gives that feature. 

Naa current  cibil score: 779

Meeru mee best cards and offers gurinchi cheppandi kudirite vati pi kuda oka kannesta 😁","price_drop, sale_discount",
comment,nan,t3_1vv99b5,p57is3p,t3_1vv99b5,2026-08-22T12:25:20.000Z,2,2.0,,What are the uses of cibil score sir. And mainly cc if u can explain patiently,"Tell me how u squeeze ur credit card offers 😎 Naku evina offers ante chala istam so credit cards offers attract me so much. Naa daggara already 4 credit cards unnay and this is how each of them i squeeze. 

1) Axis flipkart: 

I get 5% cashback on Flipkart and 7.5% cashback on Myntra. Plus additional offers sale appudu.

2) Axis Myzone:

Ee card mostly nenu movie 1+1 ticket (upto 200), zomato order above 500 ki 120 off , appudappudu eazydiner lo 15% discount ki use chesta.

3) Uni gold credit card:

idi nenu zepto or some other gift cards but cheyyataniki use chesta around 4% cashback vastundi and monthly spend 10k cross ayithe next month pvr inox lo 500 rs gift card 250ki vastadi. 

One more deenlone naa daggara rupay credit card kuda undi adi nenu gpay lo setup cheskoni upi payments ki use chesta and I get 1% cashback. 

And all this cashback nenu gold redeem cheskunta instead of money. Uni gives that feature. 

Naa current  cibil score: 779

Meeru mee best cards and offers gurinchi cheppandi kudirite vati pi kuda oka kannesta 😁","price_drop, sale_discount",
comment,nan,t3_1vv99b5,p57vnc6,t1_p57is3p,2026-08-22T13:37:02.000Z,2,2.0,,"What is CIBIL Score?

CIBIL score is a 3-digit number between 300 to 900. It is like your financial report card. Banks check it before giving you a loan or credit card.

Why is a good CIBIL score important? (750+ is good)

1. Loans get approved quickly.
2. You get lower interest rates.
3. You can get a higher loan amount.
4. You get more time to repay.

How is CIBIL connected to Credit Card (CC)?

1. To get a Credit Card: If your score is low, your application will be rejected. If score is high, you get premium cards with lounge access, discounts etc.

2. To decide your Limit: 
   - Low score = Low limit like Rs. 25,000
   - High score = High limit like Rs. 2,00,000

3. To BUILD your score: If you don't have a score, use a credit card and pay the bill on time every month. Your score will increase.

4. Mistakes that spoil your score:

   - Late payment: Even 1 day late will reduce your score.
   - Paying only Minimum Due: If bill is Rs. 10,000 and you pay only Rs. 500, you will pay 40% interest and score will go down.
   - Using too much limit: If your limit is Rs. 1,00,000 and you use Rs. 90,000, your score will go down. Use only 30% of your limit.

Simple rules to keep your score good:

1. Always pay the FULL bill, not just minimum.
2. Set Autopay so you don't forget the date.
3. Don't overspend.
4. Check your CIBIL score regularly for free.","Tell me how u squeeze ur credit card offers 😎 Naku evina offers ante chala istam so credit cards offers attract me so much. Naa daggara already 4 credit cards unnay and this is how each of them i squeeze. 

1) Axis flipkart: 

I get 5% cashback on Flipkart and 7.5% cashback on Myntra. Plus additional offers sale appudu.

2) Axis Myzone:

Ee card mostly nenu movie 1+1 ticket (upto 200), zomato order above 500 ki 120 off , appudappudu eazydiner lo 15% discount ki use chesta.

3) Uni gold credit card:

idi nenu zepto or some other gift cards but cheyyataniki use chesta around 4% cashback vastundi and monthly spend 10k cross ayithe next month pvr inox lo 500 rs gift card 250ki vastadi. 

One more deenlone naa daggara rupay credit card kuda undi adi nenu gpay lo setup cheskoni upi payments ki use chesta and I get 1% cashback. 

And all this cashback nenu gold redeem cheskunta instead of money. Uni gives that feature. 

Naa current  cibil score: 779

Meeru mee best cards and offers gurinchi cheppandi kudirite vati pi kuda oka kannesta 😁","price_drop, sale_discount",
comment,nan,t3_1vv99b5,p57w083,t1_p57vnc6,2026-08-22T13:38:55.000Z,2,2.0,,Thank you,"Tell me how u squeeze ur credit card offers 😎 Naku evina offers ante chala istam so credit cards offers attract me so much. Naa daggara already 4 credit cards unnay and this is how each of them i squeeze. 

1) Axis flipkart: 

I get 5% cashback on Flipkart and 7.5% cashback on Myntra. Plus additional offers sale appudu.

2) Axis Myzone:

Ee card mostly nenu movie 1+1 ticket (upto 200), zomato order above 500 ki 120 off , appudappudu eazydiner lo 15% discount ki use chesta.

3) Uni gold credit card:

idi nenu zepto or some other gift cards but cheyyataniki use chesta around 4% cashback vastundi and monthly spend 10k cross ayithe next month pvr inox lo 500 rs gift card 250ki vastadi. 

One more deenlone naa daggara rupay credit card kuda undi adi nenu gpay lo setup cheskoni upi payments ki use chesta and I get 1% cashback. 

And all this cashback nenu gold redeem cheskunta instead of money. Uni gives that feature. 

Naa current  cibil score: 779

Meeru mee best cards and offers gurinchi cheppandi kudirite vati pi kuda oka kannesta 😁","price_drop, sale_discount",
comment,nan,t3_1vv99b5,p57wv6w,t1_p57vnc6,2026-08-22T13:43:22.000Z,1,1.0,,"This has all the points, good explanation.","Tell me how u squeeze ur credit card offers 😎 Naku evina offers ante chala istam so credit cards offers attract me so much. Naa daggara already 4 credit cards unnay and this is how each of them i squeeze. 

1) Axis flipkart: 

I get 5% cashback on Flipkart and 7.5% cashback on Myntra. Plus additional offers sale appudu.

2) Axis Myzone:

Ee card mostly nenu movie 1+1 ticket (upto 200), zomato order above 500 ki 120 off , appudappudu eazydiner lo 15% discount ki use chesta.

3) Uni gold credit card:

idi nenu zepto or some other gift cards but cheyyataniki use chesta around 4% cashback vastundi and monthly spend 10k cross ayithe next month pvr inox lo 500 rs gift card 250ki vastadi. 

One more deenlone naa daggara rupay credit card kuda undi adi nenu gpay lo setup cheskoni upi payments ki use chesta and I get 1% cashback. 

And all this cashback nenu gold redeem cheskunta instead of money. Uni gives that feature. 

Naa current  cibil score: 779

Meeru mee best cards and offers gurinchi cheppandi kudirite vati pi kuda oka kannesta 😁","price_drop, sale_discount",
comment,nan,t3_1vv99b5,p57nmtr,t3_1vv99b5,2026-08-22T12:53:43.000Z,2,2.0,,"Bob eterna is one of the best, if you are getting it ltf. You will get 3.5% back(in reward points) on all purchases except offline. Plus it also gives visa infinite card which has so much perks when you travel abroad... ","Tell me how u squeeze ur credit card offers 😎 Naku evina offers ante chala istam so credit cards offers attract me so much. Naa daggara already 4 credit cards unnay and this is how each of them i squeeze. 

1) Axis flipkart: 

I get 5% cashback on Flipkart and 7.5% cashback on Myntra. Plus additional offers sale appudu.

2) Axis Myzone:

Ee card mostly nenu movie 1+1 ticket (upto 200), zomato order above 500 ki 120 off , appudappudu eazydiner lo 15% discount ki use chesta.

3) Uni gold credit card:

idi nenu zepto or some other gift cards but cheyyataniki use chesta around 4% cashback vastundi and monthly spend 10k cross ayithe next month pvr inox lo 500 rs gift card 250ki vastadi. 

One more deenlone naa daggara rupay credit card kuda undi adi nenu gpay lo setup cheskoni upi payments ki use chesta and I get 1% cashback. 

And all this cashback nenu gold redeem cheskunta instead of money. Uni gives that feature. 

Naa current  cibil score: 779

Meeru mee best cards and offers gurinchi cheppandi kudirite vati pi kuda oka kannesta 😁","price_drop, sale_discount",
comment,nan,t3_1vv99b5,p57x764,t3_1vv99b5,2026-08-22T13:45:04.000Z,2,2.0,,Dont pull your creditscore multiple times unless there is a reason. It will affect your credit score as well as you wont get discounted interest percentage while you taking home loan or big amounts of loan,"Tell me how u squeeze ur credit card offers 😎 Naku evina offers ante chala istam so credit cards offers attract me so much. Naa daggara already 4 credit cards unnay and this is how each of them i squeeze. 

1) Axis flipkart: 

I get 5% cashback on Flipkart and 7.5% cashback on Myntra. Plus additional offers sale appudu.

2) Axis Myzone:

Ee card mostly nenu movie 1+1 ticket (upto 200), zomato order above 500 ki 120 off , appudappudu eazydiner lo 15% discount ki use chesta.

3) Uni gold credit card:

idi nenu zepto or some other gift cards but cheyyataniki use chesta around 4% cashback vastundi and monthly spend 10k cross ayithe next month pvr inox lo 500 rs gift card 250ki vastadi. 

One more deenlone naa daggara rupay credit card kuda undi adi nenu gpay lo setup cheskoni upi payments ki use chesta and I get 1% cashback. 

And all this cashback nenu gold redeem cheskunta instead of money. Uni gives that feature. 

Naa current  cibil score: 779

Meeru mee best cards and offers gurinchi cheppandi kudirite vati pi kuda oka kannesta 😁","price_drop, sale_discount",
comment,nan,t3_1vv99b5,p57xszv,t1_p57x764,2026-08-22T13:48:10.000Z,1,1.0,,"There are 2 types of pulls. One is soft which you get when you try to check through apps like cred, gpay , MobiKwik. The other is hard which is when you apply for some loan or new credit card or something they pull your credit history and stuff for verification which reduces your credit score. 

Soft ones doesn't affect don't worry and thanks for info.","Tell me how u squeeze ur credit card offers 😎 Naku evina offers ante chala istam so credit cards offers attract me so much. Naa daggara already 4 credit cards unnay and this is how each of them i squeeze. 

1) Axis flipkart: 

I get 5% cashback on Flipkart and 7.5% cashback on Myntra. Plus additional offers sale appudu.

2) Axis Myzone:

Ee card mostly nenu movie 1+1 ticket (upto 200), zomato order above 500 ki 120 off , appudappudu eazydiner lo 15% discount ki use chesta.

3) Uni gold credit card:

idi nenu zepto or some other gift cards but cheyyataniki use chesta around 4% cashback vastundi and monthly spend 10k cross ayithe next month pvr inox lo 500 rs gift card 250ki vastadi. 

One more deenlone naa daggara rupay credit card kuda undi adi nenu gpay lo setup cheskoni upi payments ki use chesta and I get 1% cashback. 

And all this cashback nenu gold redeem cheskunta instead of money. Uni gives that feature. 

Naa current  cibil score: 779

Meeru mee best cards and offers gurinchi cheppandi kudirite vati pi kuda oka kannesta 😁","price_drop, sale_discount",
comment,nan,t3_1vv99b5,p57z4t8,t1_p57xszv,2026-08-22T13:55:03.000Z,1,1.0,,Most of credit analyst dont analyse this much. They just see how many times your credit score got pulled and how many requests made on your CBIL from different sources and decides your ability to pay back. I just said what i came to know. Its upto you follow or not to follow,"Tell me how u squeeze ur credit card offers 😎 Naku evina offers ante chala istam so credit cards offers attract me so much. Naa daggara already 4 credit cards unnay and this is how each of them i squeeze. 

1) Axis flipkart: 

I get 5% cashback on Flipkart and 7.5% cashback on Myntra. Plus additional offers sale appudu.

2) Axis Myzone:

Ee card mostly nenu movie 1+1 ticket (upto 200), zomato order above 500 ki 120 off , appudappudu eazydiner lo 15% discount ki use chesta.

3) Uni gold credit card:

idi nenu zepto or some other gift cards but cheyyataniki use chesta around 4% cashback vastundi and monthly spend 10k cross ayithe next month pvr inox lo 500 rs gift card 250ki vastadi. 

One more deenlone naa daggara rupay credit card kuda undi adi nenu gpay lo setup cheskoni upi payments ki use chesta and I get 1% cashback. 

And all this cashback nenu gold redeem cheskunta instead of money. Uni gives that feature. 

Naa current  cibil score: 779

Meeru mee best cards and offers gurinchi cheppandi kudirite vati pi kuda oka kannesta 😁","price_drop, sale_discount",
comment,nan,t3_1vv99b5,p57zplr,t1_p57z4t8,2026-08-22T13:58:03.000Z,1,1.0,,"Ok, thanks for the info. Generally i pay cc bills through cred and my credit score auto refreshes once every month. I rarely pull apart from that. ","Tell me how u squeeze ur credit card offers 😎 Naku evina offers ante chala istam so credit cards offers attract me so much. Naa daggara already 4 credit cards unnay and this is how each of them i squeeze. 

1) Axis flipkart: 

I get 5% cashback on Flipkart and 7.5% cashback on Myntra. Plus additional offers sale appudu.

2) Axis Myzone:

Ee card mostly nenu movie 1+1 ticket (upto 200), zomato order above 500 ki 120 off , appudappudu eazydiner lo 15% discount ki use chesta.

3) Uni gold credit card:

idi nenu zepto or some other gift cards but cheyyataniki use chesta around 4% cashback vastundi and monthly spend 10k cross ayithe next month pvr inox lo 500 rs gift card 250ki vastadi. 

One more deenlone naa daggara rupay credit card kuda undi adi nenu gpay lo setup cheskoni upi payments ki use chesta and I get 1% cashback. 

And all this cashback nenu gold redeem cheskunta instead of money. Uni gives that feature. 

Naa current  cibil score: 779

Meeru mee best cards and offers gurinchi cheppandi kudirite vati pi kuda oka kannesta 😁","price_drop, sale_discount",
post,r/PasabuyPHpage,,t3_1vvd6ce,,2026-08-22T13:58:46.000Z,1,1.0,KOREA PASABUY 🇰🇷,"𝐀𝐧𝐧𝐲𝐞𝐨𝐧𝐠! 𝐊𝐨𝐫𝐞𝐚 𝐏𝐚𝐬𝐚𝐛𝐮𝐲 𝐢𝐬 𝐧𝐨𝐰 𝐨𝐩𝐞𝐧 🇰🇷

Curated finds, sourced directly from South Korea.

From 𝙗𝙚𝙖𝙪𝙩𝙮 & 𝙨𝙠𝙞𝙣𝙘𝙖𝙧𝙚 𝙩𝙤 𝙛𝙖𝙨𝙝𝙞𝙤𝙣, 𝙡𝙞𝙛𝙚𝙨𝙩𝙮𝙡𝙚, 𝙨𝙣𝙖𝙘𝙠𝙨, 𝙜𝙖𝙙𝙜𝙚𝙩𝙨, 𝙖𝙣𝙙 𝙢𝙤𝙧𝙚 — send us your wishlist, and we’ll source it for you. ✨

📍 Order cut off: August 31  
🇵🇭 EDA: September (October for very bulky items)  
💸 50% downpayment required

📩 𝙉𝙤𝙬 𝙖𝙘𝙘𝙚𝙥𝙩𝙞𝙣𝙜 𝙧𝙚𝙦𝙪𝙚𝙨𝙩𝙨.  
DM your wishlist to inquire or place an order.","KOREA PASABUY 🇰🇷 𝐀𝐧𝐧𝐲𝐞𝐨𝐧𝐠! 𝐊𝐨𝐫𝐞𝐚 𝐏𝐚𝐬𝐚𝐛𝐮𝐲 𝐢𝐬 𝐧𝐨𝐰 𝐨𝐩𝐞𝐧 🇰🇷

Curated finds, sourced directly from South Korea.

From 𝙗𝙚𝙖𝙪𝙩𝙮 & 𝙨𝙠𝙞𝙣𝙘𝙖𝙧𝙚 𝙩𝙤 𝙛𝙖𝙨𝙝𝙞𝙤𝙣, 𝙡𝙞𝙛𝙚𝙨𝙩𝙮𝙡𝙚, 𝙨𝙣𝙖𝙘𝙠𝙨, 𝙜𝙖𝙙𝙜𝙚𝙩𝙨, 𝙖𝙣𝙙 𝙢𝙤𝙧𝙚 — send us your wishlist, and we’ll source it for you. ✨

📍 Order cut off: August 31  
🇵🇭 EDA: September (October for very bulky items)  
💸 50% downpayment required

📩 𝙉𝙤𝙬 𝙖𝙘𝙘𝙚𝙥𝙩𝙞𝙣𝙜 𝙧𝙚𝙦𝙪𝙚𝙨𝙩𝙨.  
DM your wishlist to inquire or place an order.",wishlist,https://i.redd.it/zyeqd1e2nxkh1.jpeg
post,r/IndianCreditCards,,t3_1vvc3t0,,2026-08-22T13:12:21.000Z,2,2.0,"Best Credit Card for Amazon, Flipkart & Myntra?","Hi I'm planning to get my first credit card mainly for online shopping, especially Amazon, Flipkart and Myntra.

After doing some research, I've shortlisted a few options:

1)Amazon Pay ICICI

2)Flipkart Axis

3)SBI Cashback

4)HDFC Millennia

My main priorities are:

Good cashback/rewards on Amazon, Flipkart and Myntra

•Useful discounts during major sales

•Low/waivable annual fee

•Good value for regular spending rather than     premium travel benefits

For those who have used these cards, which one would you pick and why? Are there any important cashback exclusions, spending limits or recent changes I should know about?

Also, if there's a better card than these for my use case, I'm open to suggestions.

Thanks!","Best Credit Card for Amazon, Flipkart & Myntra? Hi I'm planning to get my first credit card mainly for online shopping, especially Amazon, Flipkart and Myntra.

After doing some research, I've shortlisted a few options:

1)Amazon Pay ICICI

2)Flipkart Axis

3)SBI Cashback

4)HDFC Millennia

My main priorities are:

Good cashback/rewards on Amazon, Flipkart and Myntra

•Useful discounts during major sales

•Low/waivable annual fee

•Good value for regular spending rather than     premium travel benefits

For those who have used these cards, which one would you pick and why? Are there any important cashback exclusions, spending limits or recent changes I should know about?

Also, if there's a better card than these for my use case, I'm open to suggestions.

Thanks!","price_drop, sale_discount, product_quality",https://www.reddit.com/r/IndianCreditCards/comments/1vvc3t0/best_credit_card_for_amazon_flipkart_myntra/
post,r/finch,,t3_1vvd82x,,2026-08-22T14:00:40.000Z,1,1.0,Megathread: Sharing Finchie Friend Codes & Finding Goal Buddies,"# Hi there! Welcome to the Finch Subreddit & Community! 💛

This ""megathread"" is for sharing you **Finch Friend Codes** and for finding **Goal Buddies**. Please use this post and thread for:

* Trading **Friend Codes** to add to each other into your **Tree Towns**.
* Finding **Goal Buddies** to encourage and support each other.
* **Introducing** **yourself** alongside your **Friend Code** and/or **Goals**.

**Trading**, **gifting**, **wishlists**, and **item/micropet** requests go in the [other megathread](https://www.reddit.com/r/finch/comments/1rtlm58/thread_for_trading_gifting_and_requesting_finch/) (Trading, Gifting, & Requesting Finch Items).

>🛑 **ATTENTION** 🛑

>If this is your first time posting in the megathreads (such as your first time posting your friend code and/or goals to buddy up with) and/or you just need the reminder - **PLEASE READ THE COMPLETE** [**MEGATHREAD GUIDELINES**](https://www.reddit.com/r/finch/wiki/index/megathreads-guidelines/#wiki_megathread.3A_sharing_finchie_friend_codes_.26_finding_goal_buddies_.D83C.DF33) found in our subreddit [Wiki](https://www.reddit.com/r/finch/wiki/index/).

This megathread gets newly reposted every day so that it does not become completely endless and overwhelming, and then pinned at the top of the subreddit so it's easy to find!

**Remember that you value and you matter! 💖**","Megathread: Sharing Finchie Friend Codes & Finding Goal Buddies # Hi there! Welcome to the Finch Subreddit & Community! 💛

This ""megathread"" is for sharing you **Finch Friend Codes** and for finding **Goal Buddies**. Please use this post and thread for:

* Trading **Friend Codes** to add to each other into your **Tree Towns**.
* Finding **Goal Buddies** to encourage and support each other.
* **Introducing** **yourself** alongside your **Friend Code** and/or **Goals**.

**Trading**, **gifting**, **wishlists**, and **item/micropet** requests go in the [other megathread](https://www.reddit.com/r/finch/comments/1rtlm58/thread_for_trading_gifting_and_requesting_finch/) (Trading, Gifting, & Requesting Finch Items).

>🛑 **ATTENTION** 🛑

>If this is your first time posting in the megathreads (such as your first time posting your friend code and/or goals to buddy up with) and/or you just need the reminder - **PLEASE READ THE COMPLETE** [**MEGATHREAD GUIDELINES**](https://www.reddit.com/r/finch/wiki/index/megathreads-guidelines/#wiki_megathread.3A_sharing_finchie_friend_codes_.26_finding_goal_buddies_.D83C.DF33) found in our subreddit [Wiki](https://www.reddit.com/r/finch/wiki/index/).

This megathread gets newly reposted every day so that it does not become completely endless and overwhelming, and then pinned at the top of the subreddit so it's easy to find!

**Remember that you value and you matter! 💖**",wishlist,https://www.reddit.com/r/finch/comments/1vvd82x/megathread_sharing_finchie_friend_codes_finding/
post,r/DHgate,,t3_1vvbu83,,2026-08-22T13:00:41.000Z,1,1.0,💡 Random Tip Of The Day!," **Utilizing Wishlists and Favorites**

Create Wishlists: DHgate allows you to create wishlists where you can save items you're interested in for future reference. This is especially useful if you're still exploring options or waiting for a special promotion.

Add Favorites: The ""Add to Favorites"" feature lets you mark products or sellers you admire. This feature streamlines your shopping experience by providing quick access to items you frequently browse.","💡 Random Tip Of The Day!  **Utilizing Wishlists and Favorites**

Create Wishlists: DHgate allows you to create wishlists where you can save items you're interested in for future reference. This is especially useful if you're still exploring options or waiting for a special promotion.

Add Favorites: The ""Add to Favorites"" feature lets you mark products or sellers you admire. This feature streamlines your shopping experience by providing quick access to items you frequently browse.",wishlist,https://www.reddit.com/r/DHgate/comments/1vvbu83/random_tip_of_the_day/
comment,nan,t3_1vvd82x,p581e37,t3_1vvd82x,2026-08-22T14:06:43.000Z,1,1.0,,"9M8SLWYJPK
I am a dark midnight moon girl I loveee dark aesthetics you are very very welcome to be my friends🤪","Megathread: Sharing Finchie Friend Codes & Finding Goal Buddies # Hi there! Welcome to the Finch Subreddit & Community! 💛

This ""megathread"" is for sharing you **Finch Friend Codes** and for finding **Goal Buddies**. Please use this post and thread for:

* Trading **Friend Codes** to add to each other into your **Tree Towns**.
* Finding **Goal Buddies** to encourage and support each other.
* **Introducing** **yourself** alongside your **Friend Code** and/or **Goals**.

**Trading**, **gifting**, **wishlists**, and **item/micropet** requests go in the [other megathread](https://www.reddit.com/r/finch/comments/1rtlm58/thread_for_trading_gifting_and_requesting_finch/) (Trading, Gifting, & Requesting Finch Items).

>🛑 **ATTENTION** 🛑

>If this is your first time posting in the megathreads (such as your first time posting your friend code and/or goals to buddy up with) and/or you just need the reminder - **PLEASE READ THE COMPLETE** [**MEGATHREAD GUIDELINES**](https://www.reddit.com/r/finch/wiki/index/megathreads-guidelines/#wiki_megathread.3A_sharing_finchie_friend_codes_.26_finding_goal_buddies_.D83C.DF33) found in our subreddit [Wiki](https://www.reddit.com/r/finch/wiki/index/).

This megathread gets newly reposted every day so that it does not become completely endless and overwhelming, and then pinned at the top of the subreddit so it's easy to find!

**Remember that you value and you matter! 💖**",wishlist,
post,r/RedditLaqueristas,,t3_1vvb5yw,,2026-08-22T12:28:48.000Z,12,12.0,ISO Dupes for Clionadh Black Widow from HHC - currently devastated,Was literally one minute over the HHC timer last night due to being called in to cover a shift at work and missed the pre-order for the Clionadh shade Black Widow from HHC. Would’ve ordered sooner in the window but literally just found out HHC exists yesterday. If anyone has any ideas for dupes that would be appreciated - maybe minus the random scattered dotty holo. Currently devastated and painting with an old discontinued holo taco holo-day glitter to cope.,ISO Dupes for Clionadh Black Widow from HHC - currently devastated Was literally one minute over the HHC timer last night due to being called in to cover a shift at work and missed the pre-order for the Clionadh shade Black Widow from HHC. Would’ve ordered sooner in the window but literally just found out HHC exists yesterday. If anyone has any ideas for dupes that would be appreciated - maybe minus the random scattered dotty holo. Currently devastated and painting with an old discontinued holo taco holo-day glitter to cope.,,https://www.reddit.com/gallery/1vvb5yw
post,r/IndianCats,,t3_1vvb644,,2026-08-22T12:29:00.000Z,4,4.0,Help needed for food & care products for stray cats 🐾❤️,"Hi everyone,

I'm a student from India and I regularly feed and care for several stray cats in my area.

I'm currently struggling to cover their food expenses, along with medical treatment for a few cats who need it. I'm sharing the actual photos and bills/receipts for transparency.

*Sorry, I have posted before as well but I couldn't raise a good amount, that's why I'm posting again. This is not spam, I'm genuinely trying to get help for them*.

UPI ID- hebakhan74-1@okaxis 

Even a small contribution would help a lot. Even ₹100-200rs can make a good contribution and will help me feed them 

If you want to donate with foods and care items I made a amozon wishlist for that cost around 81$ :- 👇🏻

https://www.amazon.in/hz/wishlist/dl/invite/AQICAHgv7cct2SGZ58TbNYwiFrb-8NeSw0t4jGZKtponcI7CSwEoRTLjkmL_bIP9BgauqmvpAAAAkTCBjgYJKoZIhvcNAQcGoIGAMH4CAQAweQYJKoZIhvcNAQcBMB4GCWCGSAFlAwQBLjARBAybCeDRgx3sZerZpS8CARCATKZ9RO0vKS0HpqzPyDUsAwHVhtr0Vy1l6fNdkj9yCZGG8edJftaKiYr_g8EktvhenC-RV9KVspj8weN-JsxRX9OFZHqPFcGffBd_TeE?ref_=wl_share

If you can't donate, an upvote or share would also mean a lot.

Thank you for helping these little ones. ❤️🐈","Help needed for food & care products for stray cats 🐾❤️ Hi everyone,

I'm a student from India and I regularly feed and care for several stray cats in my area.

I'm currently struggling to cover their food expenses, along with medical treatment for a few cats who need it. I'm sharing the actual photos and bills/receipts for transparency.

*Sorry, I have posted before as well but I couldn't raise a good amount, that's why I'm posting again. This is not spam, I'm genuinely trying to get help for them*.

UPI ID- hebakhan74-1@okaxis 

Even a small contribution would help a lot. Even ₹100-200rs can make a good contribution and will help me feed them 

If you want to donate with foods and care items I made a amozon wishlist for that cost around 81$ :- 👇🏻

https://www.amazon.in/hz/wishlist/dl/invite/AQICAHgv7cct2SGZ58TbNYwiFrb-8NeSw0t4jGZKtponcI7CSwEoRTLjkmL_bIP9BgauqmvpAAAAkTCBjgYJKoZIhvcNAQcGoIGAMH4CAQAweQYJKoZIhvcNAQcBMB4GCWCGSAFlAwQBLjARBAybCeDRgx3sZerZpS8CARCATKZ9RO0vKS0HpqzPyDUsAwHVhtr0Vy1l6fNdkj9yCZGG8edJftaKiYr_g8EktvhenC-RV9KVspj8weN-JsxRX9OFZHqPFcGffBd_TeE?ref_=wl_share

If you can't donate, an upvote or share would also mean a lot.

Thank you for helping these little ones. ❤️🐈",wishlist,https://www.reddit.com/gallery/1vvb644
comment,nan,t3_1vvb5yw,p57kw11,t3_1vvb5yw,2026-08-22T12:37:51.000Z,13,13.0,,I skipped buying it because i own Mooncat’s Black Widow and unmagnetized it looks really similar! Ilnp’s Black Out could also be a good dupe if you want something cheaper,ISO Dupes for Clionadh Black Widow from HHC - currently devastated Was literally one minute over the HHC timer last night due to being called in to cover a shift at work and missed the pre-order for the Clionadh shade Black Widow from HHC. Would’ve ordered sooner in the window but literally just found out HHC exists yesterday. If anyone has any ideas for dupes that would be appreciated - maybe minus the random scattered dotty holo. Currently devastated and painting with an old discontinued holo taco holo-day glitter to cope.,,
comment,nan,t3_1vvb5yw,p57llbr,t1_p57kw11,2026-08-22T12:41:58.000Z,5,5.0,,Thank you for literally saving me with this wisdom. It looked like a grown up version of my beloved double dare from holo taco and yesterday my fish brain said pretty and then got dragged into a shift till a minute after the sale ended. Knowing how similar the mooncat is that definitely might be the way to go as I’ve been eyeing avatar state and need an excuse for shipping.,ISO Dupes for Clionadh Black Widow from HHC - currently devastated Was literally one minute over the HHC timer last night due to being called in to cover a shift at work and missed the pre-order for the Clionadh shade Black Widow from HHC. Would’ve ordered sooner in the window but literally just found out HHC exists yesterday. If anyone has any ideas for dupes that would be appreciated - maybe minus the random scattered dotty holo. Currently devastated and painting with an old discontinued holo taco holo-day glitter to cope.,sale_discount,
comment,nan,t3_1vvb5yw,p57mirz,t1_p57llbr,2026-08-22T12:47:21.000Z,9,9.0,,"Oh! I also want to give you a headsup that HHC does overpours! I think they are 3-4 months behind, so in a few months if there are extras of a polish you loved you could snag them up then! ",ISO Dupes for Clionadh Black Widow from HHC - currently devastated Was literally one minute over the HHC timer last night due to being called in to cover a shift at work and missed the pre-order for the Clionadh shade Black Widow from HHC. Would’ve ordered sooner in the window but literally just found out HHC exists yesterday. If anyone has any ideas for dupes that would be appreciated - maybe minus the random scattered dotty holo. Currently devastated and painting with an old discontinued holo taco holo-day glitter to cope.,,
comment,nan,t3_1vvb5yw,p57m05y,t1_p57llbr,2026-08-22T12:44:22.000Z,3,3.0,,"Oh avatar state is also stunning and so worth getting! I actually prefer Black Widow unmagnetized, its gorgeous, i think you’ll love it as a dupe",ISO Dupes for Clionadh Black Widow from HHC - currently devastated Was literally one minute over the HHC timer last night due to being called in to cover a shift at work and missed the pre-order for the Clionadh shade Black Widow from HHC. Would’ve ordered sooner in the window but literally just found out HHC exists yesterday. If anyone has any ideas for dupes that would be appreciated - maybe minus the random scattered dotty holo. Currently devastated and painting with an old discontinued holo taco holo-day glitter to cope.,,
comment,nan,t3_1vvb5yw,p57n1wg,t1_p57mirz,2026-08-22T12:50:24.000Z,7,7.0,,"That is such helpful knowledge for me (and very unhelpful knowledge for my wallets ahaha). I’ve been strictly a holo taco, ppu, and occasional cracked or nailed it shopper so far, so I really appreciate your tip on how HHC operates.",ISO Dupes for Clionadh Black Widow from HHC - currently devastated Was literally one minute over the HHC timer last night due to being called in to cover a shift at work and missed the pre-order for the Clionadh shade Black Widow from HHC. Would’ve ordered sooner in the window but literally just found out HHC exists yesterday. If anyone has any ideas for dupes that would be appreciated - maybe minus the random scattered dotty holo. Currently devastated and painting with an old discontinued holo taco holo-day glitter to cope.,,
comment,nan,t3_1vvb5yw,p57jn1y,t3_1vvb5yw,2026-08-22T12:30:29.000Z,9,9.0,,Just to adhere to sub rules this is a photo of Clionadh’s Black Widow with a base and top coat from a similar brand (presumably) applied.,ISO Dupes for Clionadh Black Widow from HHC - currently devastated Was literally one minute over the HHC timer last night due to being called in to cover a shift at work and missed the pre-order for the Clionadh shade Black Widow from HHC. Would’ve ordered sooner in the window but literally just found out HHC exists yesterday. If anyone has any ideas for dupes that would be appreciated - maybe minus the random scattered dotty holo. Currently devastated and painting with an old discontinued holo taco holo-day glitter to cope.,,
comment,nan,t3_1vvb5yw,p57u2ju,t3_1vvb5yw,2026-08-22T13:28:51.000Z,1,1.0,,"I’m still pretty new to preorder boxes but I believe If there’s any extras leftover, it’ll be back on the site in October but over pours sell out soooo so fast cuz sometimes there’s literally only like 6 bottles so set an alarm! I set my alarm for am instead of pm this month so I missed a couple I was hoping for 😭",ISO Dupes for Clionadh Black Widow from HHC - currently devastated Was literally one minute over the HHC timer last night due to being called in to cover a shift at work and missed the pre-order for the Clionadh shade Black Widow from HHC. Would’ve ordered sooner in the window but literally just found out HHC exists yesterday. If anyone has any ideas for dupes that would be appreciated - maybe minus the random scattered dotty holo. Currently devastated and painting with an old discontinued holo taco holo-day glitter to cope.,,
comment,nan,t3_1vvb5yw,p57pkoe,t3_1vvb5yw,2026-08-22T13:04:38.000Z,2,2.0,,Cirques Black widow is very similar and definitely looks darker than some of their photos,ISO Dupes for Clionadh Black Widow from HHC - currently devastated Was literally one minute over the HHC timer last night due to being called in to cover a shift at work and missed the pre-order for the Clionadh shade Black Widow from HHC. Would’ve ordered sooner in the window but literally just found out HHC exists yesterday. If anyone has any ideas for dupes that would be appreciated - maybe minus the random scattered dotty holo. Currently devastated and painting with an old discontinued holo taco holo-day glitter to cope.,,
comment,nan,t3_1vvb5yw,p57qlfh,t1_p57pkoe,2026-08-22T13:10:19.000Z,2,2.0,,https://preview.redd.it/2d1gqi6fexkh1.jpeg?width=4590&format=pjpg&auto=webp&s=6387773786244ef4f22263acb7a4df3be1cdc4d0,ISO Dupes for Clionadh Black Widow from HHC - currently devastated Was literally one minute over the HHC timer last night due to being called in to cover a shift at work and missed the pre-order for the Clionadh shade Black Widow from HHC. Would’ve ordered sooner in the window but literally just found out HHC exists yesterday. If anyone has any ideas for dupes that would be appreciated - maybe minus the random scattered dotty holo. Currently devastated and painting with an old discontinued holo taco holo-day glitter to cope.,,
comment,nan,t3_1vvb5yw,p57xyjs,t3_1vvb5yw,2026-08-22T13:48:59.000Z,1,1.0,,"Send them an email! Can’t promise anything, but I’ve had luck requesting an invoice for a polish I just missed the day before. ",ISO Dupes for Clionadh Black Widow from HHC - currently devastated Was literally one minute over the HHC timer last night due to being called in to cover a shift at work and missed the pre-order for the Clionadh shade Black Widow from HHC. Would’ve ordered sooner in the window but literally just found out HHC exists yesterday. If anyone has any ideas for dupes that would be appreciated - maybe minus the random scattered dotty holo. Currently devastated and painting with an old discontinued holo taco holo-day glitter to cope.,,
comment,nan,t3_1vvb5yw,p57jcwf,t3_1vvb5yw,2026-08-22T12:28:48.000Z,1,1.0,,"Thanks for posting, /u/lazerbrains_m! A quick reminder: If this is a **nail image**, you must provide a complete product list within **1 hour** of posting. Posts without a complete product list will be removed. Lists must include full names of brands and color names or numbers. [More info here.](https://www.reddit.com/r/RedditLaqueristas/wiki/rules---extended/polish-list-faq/)
   
[Consider joining our Discord](https://discord.gg/redditlaquerists) - Get questions answered in real time, get notified for releases and deals, post your manis, and more!

If your post is related to magnets, please keep in mind that magnets come with very real risks; especially stronger magnets and/or when creating homemade devices. [You may review some safety concerns and considerations here](https://researchsafety.uky.edu/general-lab-safety/magnet-safety) - if the mod team deems a magnet post to be a potential safety hazard, that post will be removed. 

If you have any questions, please reach out to the mod team via mod-mail.


*I am a bot, and this action was performed automatically. Please [contact the moderators of this subreddit](/message/compose/?to=/r/RedditLaqueristas) if you have any questions or concerns.*",ISO Dupes for Clionadh Black Widow from HHC - currently devastated Was literally one minute over the HHC timer last night due to being called in to cover a shift at work and missed the pre-order for the Clionadh shade Black Widow from HHC. Would’ve ordered sooner in the window but literally just found out HHC exists yesterday. If anyone has any ideas for dupes that would be appreciated - maybe minus the random scattered dotty holo. Currently devastated and painting with an old discontinued holo taco holo-day glitter to cope.,,
comment,nan,t3_1vvb5yw,p57s7w2,t3_1vvb5yw,2026-08-22T13:19:10.000Z,1,1.0,,"Have a look at Cirque’s Black Widow, it’s really similar - Messy Mx on YouTube has a comparison on her YouTube video for this month’s HHC, I’ll find the link",ISO Dupes for Clionadh Black Widow from HHC - currently devastated Was literally one minute over the HHC timer last night due to being called in to cover a shift at work and missed the pre-order for the Clionadh shade Black Widow from HHC. Would’ve ordered sooner in the window but literally just found out HHC exists yesterday. If anyone has any ideas for dupes that would be appreciated - maybe minus the random scattered dotty holo. Currently devastated and painting with an old discontinued holo taco holo-day glitter to cope.,,
comment,nan,t3_1vvb5yw,p57sfbf,t1_p57s7w2,2026-08-22T13:20:16.000Z,1,1.0,,https://youtu.be/Gd-N6bwgB\_A,ISO Dupes for Clionadh Black Widow from HHC - currently devastated Was literally one minute over the HHC timer last night due to being called in to cover a shift at work and missed the pre-order for the Clionadh shade Black Widow from HHC. Would’ve ordered sooner in the window but literally just found out HHC exists yesterday. If anyone has any ideas for dupes that would be appreciated - maybe minus the random scattered dotty holo. Currently devastated and painting with an old discontinued holo taco holo-day glitter to cope.,,
comment,nan,t3_1vvb5yw,p57sm1y,t1_p57sfbf,2026-08-22T13:21:16.000Z,1,1.0,,About 13 minutes in ,ISO Dupes for Clionadh Black Widow from HHC - currently devastated Was literally one minute over the HHC timer last night due to being called in to cover a shift at work and missed the pre-order for the Clionadh shade Black Widow from HHC. Would’ve ordered sooner in the window but literally just found out HHC exists yesterday. If anyone has any ideas for dupes that would be appreciated - maybe minus the random scattered dotty holo. Currently devastated and painting with an old discontinued holo taco holo-day glitter to cope.,,
comment,nan,t3_1vvb5yw,p57wfsl,t1_p57sm1y,2026-08-22T13:41:10.000Z,1,1.0,,Thank you so much! Truly everyone on this sub has been so sweet and helpful - I love this community.,ISO Dupes for Clionadh Black Widow from HHC - currently devastated Was literally one minute over the HHC timer last night due to being called in to cover a shift at work and missed the pre-order for the Clionadh shade Black Widow from HHC. Would’ve ordered sooner in the window but literally just found out HHC exists yesterday. If anyone has any ideas for dupes that would be appreciated - maybe minus the random scattered dotty holo. Currently devastated and painting with an old discontinued holo taco holo-day glitter to cope.,,
comment,nan,t3_1vvb644,p57je29,t3_1vvb644,2026-08-22T12:29:00.000Z,1,1.0,,"Do not contribute to fundraiser post unless verified and approved by mods or you have personally verified it. Each fundraiser post must have recent bills and verification picture attached, please be very careful and either verify yourself or wait for mod verification before making any contribution.


*I am a bot, and this action was performed automatically. Please [contact the moderators of this subreddit](/message/compose/?to=/r/IndianCats) if you have any questions or concerns.*","Help needed for food & care products for stray cats 🐾❤️ Hi everyone,

I'm a student from India and I regularly feed and care for several stray cats in my area.

I'm currently struggling to cover their food expenses, along with medical treatment for a few cats who need it. I'm sharing the actual photos and bills/receipts for transparency.

*Sorry, I have posted before as well but I couldn't raise a good amount, that's why I'm posting again. This is not spam, I'm genuinely trying to get help for them*.

UPI ID- hebakhan74-1@okaxis 

Even a small contribution would help a lot. Even ₹100-200rs can make a good contribution and will help me feed them 

If you want to donate with foods and care items I made a amozon wishlist for that cost around 81$ :- 👇🏻

https://www.amazon.in/hz/wishlist/dl/invite/AQICAHgv7cct2SGZ58TbNYwiFrb-8NeSw0t4jGZKtponcI7CSwEoRTLjkmL_bIP9BgauqmvpAAAAkTCBjgYJKoZIhvcNAQcGoIGAMH4CAQAweQYJKoZIhvcNAQcBMB4GCWCGSAFlAwQBLjARBAybCeDRgx3sZerZpS8CARCATKZ9RO0vKS0HpqzPyDUsAwHVhtr0Vy1l6fNdkj9yCZGG8edJftaKiYr_g8EktvhenC-RV9KVspj8weN-JsxRX9OFZHqPFcGffBd_TeE?ref_=wl_share

If you can't donate, an upvote or share would also mean a lot.

Thank you for helping these little ones. ❤️🐈",wishlist,
post,r/GadgetsIndia,,t3_1vvcb12,,2026-08-22T13:21:13.000Z,6,6.0,Is this a good buy at this price ? Realme Buds Air 7,"Swiggy Instamart is showing ₹2231 for Realme Buds 7 Air with only 1 stock left, should I pull the trigger or search for alternatives within a similar price range. Please help !! 🙏","Is this a good buy at this price ? Realme Buds Air 7 Swiggy Instamart is showing ₹2231 for Realme Buds 7 Air with only 1 stock left, should I pull the trigger or search for alternatives within a similar price range. Please help !! 🙏",price_drop,https://i.redd.it/xereav5dgxkh1.jpeg
comment,nan,t3_1vvcb12,p57suvu,t3_1vvcb12,2026-08-22T13:22:34.000Z,2,2.0,,"Pull the trigger

I have these and they’re really great. ANC’s just right and Spatial Audio is really good.

I bought them at release for 3299","Is this a good buy at this price ? Realme Buds Air 7 Swiggy Instamart is showing ₹2231 for Realme Buds 7 Air with only 1 stock left, should I pull the trigger or search for alternatives within a similar price range. Please help !! 🙏",price_drop,
comment,nan,t3_1vvcb12,p57svnr,t3_1vvcb12,2026-08-22T13:22:41.000Z,2,2.0,,Get ,"Is this a good buy at this price ? Realme Buds Air 7 Swiggy Instamart is showing ₹2231 for Realme Buds 7 Air with only 1 stock left, should I pull the trigger or search for alternatives within a similar price range. Please help !! 🙏",price_drop,
comment,nan,t3_1vvcb12,p57uo1r,t3_1vvcb12,2026-08-22T13:31:57.000Z,1,1.0,,"Same for my location, where do you live?","Is this a good buy at this price ? Realme Buds Air 7 Swiggy Instamart is showing ₹2231 for Realme Buds 7 Air with only 1 stock left, should I pull the trigger or search for alternatives within a similar price range. Please help !! 🙏",price_drop,
comment,nan,t3_1vvcb12,p57urlv,t1_p57uo1r,2026-08-22T13:32:28.000Z,1,1.0,,Gr. Noida,"Is this a good buy at this price ? Realme Buds Air 7 Swiggy Instamart is showing ₹2231 for Realme Buds 7 Air with only 1 stock left, should I pull the trigger or search for alternatives within a similar price range. Please help !! 🙏",price_drop,
comment,nan,t3_1vvcb12,p57utft,t1_p57uo1r,2026-08-22T13:32:43.000Z,1,1.0,,https://preview.redd.it/36acuwzeixkh1.jpeg?width=1216&format=pjpg&auto=webp&s=d1db2fc90cd0bfa6d1e98f45e5d10627025c4b42,"Is this a good buy at this price ? Realme Buds Air 7 Swiggy Instamart is showing ₹2231 for Realme Buds 7 Air with only 1 stock left, should I pull the trigger or search for alternatives within a similar price range. Please help !! 🙏",price_drop,
comment,nan,t3_1vvcb12,p57v3ij,t1_p57urlv,2026-08-22T13:34:11.000Z,1,1.0,,"Oh then just a coincidence, did you buy them then?","Is this a good buy at this price ? Realme Buds Air 7 Swiggy Instamart is showing ₹2231 for Realme Buds 7 Air with only 1 stock left, should I pull the trigger or search for alternatives within a similar price range. Please help !! 🙏",price_drop,
comment,nan,t3_1vvcb12,p57vgrq,t1_p57utft,2026-08-22T13:36:05.000Z,2,2.0,,"not yet, just sceptical regarding the authenticity with Instamart, have seen incidents where they sell used/refurbished products","Is this a good buy at this price ? Realme Buds Air 7 Swiggy Instamart is showing ₹2231 for Realme Buds 7 Air with only 1 stock left, should I pull the trigger or search for alternatives within a similar price range. Please help !! 🙏",price_drop,
comment,nan,t3_1vvcb12,p57ws4w,t3_1vvcb12,2026-08-22T13:42:56.000Z,1,1.0,,I have bought this at 2700. Definitely A Steal at this pricing!!,"Is this a good buy at this price ? Realme Buds Air 7 Swiggy Instamart is showing ₹2231 for Realme Buds 7 Air with only 1 stock left, should I pull the trigger or search for alternatives within a similar price range. Please help !! 🙏",price_drop,
comment,nan,t3_1vvcb12,p57xgo0,t3_1vvcb12,2026-08-22T13:46:25.000Z,1,1.0,,Go for iems. These are sucks,"Is this a good buy at this price ? Realme Buds Air 7 Swiggy Instamart is showing ₹2231 for Realme Buds 7 Air with only 1 stock left, should I pull the trigger or search for alternatives within a similar price range. Please help !! 🙏",price_drop,
comment,nan,t3_1vvcb12,p57yp8k,t1_p57xgo0,2026-08-22T13:52:49.000Z,1,1.0,,but my usage covers attending meetings and calls so need mic as well :|,"Is this a good buy at this price ? Realme Buds Air 7 Swiggy Instamart is showing ₹2231 for Realme Buds 7 Air with only 1 stock left, should I pull the trigger or search for alternatives within a similar price range. Please help !! 🙏",price_drop,
comment,nan,t3_1vvcb12,p580oo2,t3_1vvcb12,2026-08-22T14:03:04.000Z,1,1.0,,Too good at this price,"Is this a good buy at this price ? Realme Buds Air 7 Swiggy Instamart is showing ₹2231 for Realme Buds 7 Air with only 1 stock left, should I pull the trigger or search for alternatives within a similar price range. Please help !! 🙏",price_drop,
post,r/delhimarketplace,,t3_1vv3zup,,2026-08-22T05:49:33.000Z,5,5.0,FOR SALE- NIKE AF1 White,"Hi all  
Looking to sell out Nike af1 triple white

Size- UK7

Location- Delhi f2f deal preferred

Reason for sale- bought it last year but havent wore them out even once , just tried it once or twice and the pair has been lying up unused with me since last year

Bought it from myntra and bill copy available

Price: 6000inr expected","FOR SALE- NIKE AF1 White Hi all  
Looking to sell out Nike af1 triple white

Size- UK7

Location- Delhi f2f deal preferred

Reason for sale- bought it last year but havent wore them out even once , just tried it once or twice and the pair has been lying up unused with me since last year

Bought it from myntra and bill copy available

Price: 6000inr expected","price_drop, sale_discount, product_quality",https://www.reddit.com/gallery/1vv3zup
post,r/delhi_marketplace,,t3_1vv3z8z,,2026-08-22T05:48:38.000Z,0,0.0,For sale - NIKE AF1 triple white,"Hi all  
Looking to sell out Nike af1 triple white

Size- UK7

Location- Delhi f2f deal preferred

Reason for sale- bought it last year but havent wore them out even once , just tried it once or twice and the pair has been lying up unused with me since last year

Bought it from myntra and bill copy available

Price: 6000inr expected","For sale - NIKE AF1 triple white Hi all  
Looking to sell out Nike af1 triple white

Size- UK7

Location- Delhi f2f deal preferred

Reason for sale- bought it last year but havent wore them out even once , just tried it once or twice and the pair has been lying up unused with me since last year

Bought it from myntra and bill copy available

Price: 6000inr expected","price_drop, sale_discount, product_quality",https://i.redd.it/8wr7r17m7vkh1.jpeg
comment,nan,t3_1vv3zup,p56fufl,t3_1vv3zup,2026-08-22T07:16:13.000Z,1,1.0,,If you got uk9 lmk,"FOR SALE- NIKE AF1 White Hi all  
Looking to sell out Nike af1 triple white

Size- UK7

Location- Delhi f2f deal preferred

Reason for sale- bought it last year but havent wore them out even once , just tried it once or twice and the pair has been lying up unused with me since last year

Bought it from myntra and bill copy available

Price: 6000inr expected","price_drop, sale_discount, product_quality",
comment,nan,t3_1vv3z8z,p56cbpq,t3_1vv3z8z,2026-08-22T06:47:12.000Z,5,5.0,,6k for tried on pair is insanity,"For sale - NIKE AF1 triple white Hi all  
Looking to sell out Nike af1 triple white

Size- UK7

Location- Delhi f2f deal preferred

Reason for sale- bought it last year but havent wore them out even once , just tried it once or twice and the pair has been lying up unused with me since last year

Bought it from myntra and bill copy available

Price: 6000inr expected","price_drop, sale_discount, product_quality",
comment,nan,t3_1vv3z8z,p56d7kq,t1_p56cbpq,2026-08-22T06:54:28.000Z,0,0.0,,Trying it to check the size doesnt make it used ? Or does it ? No one’s forcing you just get a new pair from Nike,"For sale - NIKE AF1 triple white Hi all  
Looking to sell out Nike af1 triple white

Size- UK7

Location- Delhi f2f deal preferred

Reason for sale- bought it last year but havent wore them out even once , just tried it once or twice and the pair has been lying up unused with me since last year

Bought it from myntra and bill copy available

Price: 6000inr expected","price_drop, sale_discount, product_quality",
comment,nan,t3_1vv3z8z,p56n0ep,t1_p56d7kq,2026-08-22T08:17:58.000Z,1,1.0,,Nike pacific jasola mall mai ja waha tujhe nike textured  white 6K se kaam mai miljayega aur tu triple white 6K mai bechrha woh bhi 2nd hand Uk07 😂,"For sale - NIKE AF1 triple white Hi all  
Looking to sell out Nike af1 triple white

Size- UK7

Location- Delhi f2f deal preferred

Reason for sale- bought it last year but havent wore them out even once , just tried it once or twice and the pair has been lying up unused with me since last year

Bought it from myntra and bill copy available

Price: 6000inr expected","price_drop, sale_discount, product_quality",
comment,nan,t3_1vv3z8z,p56n90m,t1_p56n0ep,2026-08-22T08:20:04.000Z,1,1.0,,Lelo bhai fir jal kyu rhe ho💀,"For sale - NIKE AF1 triple white Hi all  
Looking to sell out Nike af1 triple white

Size- UK7

Location- Delhi f2f deal preferred

Reason for sale- bought it last year but havent wore them out even once , just tried it once or twice and the pair has been lying up unused with me since last year

Bought it from myntra and bill copy available

Price: 6000inr expected","price_drop, sale_discount, product_quality",
comment,nan,t3_1vv3z8z,p56nfpu,t1_p56n90m,2026-08-22T08:21:41.000Z,1,1.0,,"Hahaha tera price dekh kar …hassi arhi bhai😂🤣  
6K maangrha hai logo ko bewakoof smjh rkha hai","For sale - NIKE AF1 triple white Hi all  
Looking to sell out Nike af1 triple white

Size- UK7

Location- Delhi f2f deal preferred

Reason for sale- bought it last year but havent wore them out even once , just tried it once or twice and the pair has been lying up unused with me since last year

Bought it from myntra and bill copy available

Price: 6000inr expected","price_drop, sale_discount, product_quality",
comment,nan,t3_1vv3z8z,p56nobf,t1_p56nfpu,2026-08-22T08:23:47.000Z,1,1.0,,Bhai kisi ko force thodi krra hu jisse lena hoga krlega mssg aapki kyu jal rhi h ye smjh nai aarha 😂,"For sale - NIKE AF1 triple white Hi all  
Looking to sell out Nike af1 triple white

Size- UK7

Location- Delhi f2f deal preferred

Reason for sale- bought it last year but havent wore them out even once , just tried it once or twice and the pair has been lying up unused with me since last year

Bought it from myntra and bill copy available

Price: 6000inr expected","price_drop, sale_discount, product_quality",
comment,nan,t3_1vv3z8z,p56o09h,t1_p56nobf,2026-08-22T08:26:41.000Z,2,2.0,,Todha sa hila hua hai kya? Jal kaun rha hai bhai teri pricing dekh Kar haasi arhi 😭 ki kuch bhi pricing likhdo,"For sale - NIKE AF1 triple white Hi all  
Looking to sell out Nike af1 triple white

Size- UK7

Location- Delhi f2f deal preferred

Reason for sale- bought it last year but havent wore them out even once , just tried it once or twice and the pair has been lying up unused with me since last year

Bought it from myntra and bill copy available

Price: 6000inr expected","price_drop, sale_discount, product_quality",
comment,nan,t3_1vv3z8z,p56o6n3,t1_p56o09h,2026-08-22T08:28:15.000Z,1,1.0,,Koi nai bhai araam se hasso happy to give someone a reason to laugh 🙂‍↔️,"For sale - NIKE AF1 triple white Hi all  
Looking to sell out Nike af1 triple white

Size- UK7

Location- Delhi f2f deal preferred

Reason for sale- bought it last year but havent wore them out even once , just tried it once or twice and the pair has been lying up unused with me since last year

Bought it from myntra and bill copy available

Price: 6000inr expected","price_drop, sale_discount, product_quality",
comment,nan,t3_1vv3z8z,p5653n9,t3_1vv3z8z,2026-08-22T05:48:39.000Z,1,1.0,,"Thanks for your listing. To make everyone’s experience easier, please take note of the following rules.
* **Mark post as sold automatically:** To mark your post as sold, just comment any of these: !sold, !Sold or !SOLD in the comments section. This will automatically update the post flair to sold.


*I am a bot, and this action was performed automatically. Please [contact the moderators of this subreddit](/message/compose/?to=/r/delhi_marketplace) if you have any questions or concerns.*","For sale - NIKE AF1 triple white Hi all  
Looking to sell out Nike af1 triple white

Size- UK7

Location- Delhi f2f deal preferred

Reason for sale- bought it last year but havent wore them out even once , just tried it once or twice and the pair has been lying up unused with me since last year

Bought it from myntra and bill copy available

Price: 6000inr expected","price_drop, sale_discount, product_quality",
comment,nan,t3_1vv3z8z,p56h4lk,t3_1vv3z8z,2026-08-22T07:27:03.000Z,1,1.0,,Uk 7 to ladkiyo ko hi ayega,"For sale - NIKE AF1 triple white Hi all  
Looking to sell out Nike af1 triple white

Size- UK7

Location- Delhi f2f deal preferred

Reason for sale- bought it last year but havent wore them out even once , just tried it once or twice and the pair has been lying up unused with me since last year

Bought it from myntra and bill copy available

Price: 6000inr expected","price_drop, sale_discount, product_quality",
post,r/SneakerheadsIndia,,t3_1vv3y48,,2026-08-22T05:46:55.000Z,1,1.0,WTS- Nike Af1 Triple white,"Hi all   
Looking to sell out Nike af1 triple white 

Size- UK7

Location- Delhi f2f deal preferred

Reason for sale- bought it last year but havent wore them out even once , just tried it once or twice and the pair has been lying up unused with me since last year

Bought it from myntra and bill copy available

Price- 6k expected","WTS- Nike Af1 Triple white Hi all   
Looking to sell out Nike af1 triple white 

Size- UK7

Location- Delhi f2f deal preferred

Reason for sale- bought it last year but havent wore them out even once , just tried it once or twice and the pair has been lying up unused with me since last year

Bought it from myntra and bill copy available

Price- 6k expected","price_drop, sale_discount, product_quality",https://www.reddit.com/gallery/1vv3y48
post,r/watchesindia,,t3_1vsvvfd,,2026-08-19T19:05:57.000Z,26,26.0,First G-Shock And From Casio Store Bhawar Sale (Totally In Love With It) | Costed: 14999/-,"Model: GM-B2100SD-1C (FULL METAL)

After my first experience of getting GBM-2100 fake from Myntra sale, I was too doubtful and suspicious but gave it a try on the spot trusting it's from official casio indian website, and was tensed out till it was getting delivered.

Still can't believe to pull this one on time.","First G-Shock And From Casio Store Bhawar Sale (Totally In Love With It) | Costed: 14999/- Model: GM-B2100SD-1C (FULL METAL)

After my first experience of getting GBM-2100 fake from Myntra sale, I was too doubtful and suspicious but gave it a try on the spot trusting it's from official casio indian website, and was tensed out till it was getting delivered.

Still can't believe to pull this one on time.",sale_discount,https://i.redd.it/aos1s1r4rdkh1.jpeg
post,r/Indiashopping,,t3_1vtl2ln,,2026-08-20T14:28:19.000Z,4,4.0,What I ordered vs what I got,"Ordered this for my sister during the sale and am quite surprised with the quality. I was sceptical about it even being delivered, especially with the ai img used. But not only was it delivered, my sister liked it a lot. The shirt is blended cotton and not see through or scratchy. Which is a big win cause my sister will rather go out in a ratty tshirt than wear something “scratchy”.

Any other such brands on myntra you tried that offered good quality?","What I ordered vs what I got Ordered this for my sister during the sale and am quite surprised with the quality. I was sceptical about it even being delivered, especially with the ai img used. But not only was it delivered, my sister liked it a lot. The shirt is blended cotton and not see through or scratchy. Which is a big win cause my sister will rather go out in a ratty tshirt than wear something “scratchy”.

Any other such brands on myntra you tried that offered good quality?",sale_discount,https://www.reddit.com/gallery/1vtl2ln
comment,nan,t3_1vsvvfd,p4oeulv,t3_1vsvvfd,2026-08-19T19:09:06.000Z,3,3.0,,Thats a beast right there.,"First G-Shock And From Casio Store Bhawar Sale (Totally In Love With It) | Costed: 14999/- Model: GM-B2100SD-1C (FULL METAL)

After my first experience of getting GBM-2100 fake from Myntra sale, I was too doubtful and suspicious but gave it a try on the spot trusting it's from official casio indian website, and was tensed out till it was getting delivered.

Still can't believe to pull this one on time.",sale_discount,
comment,nan,t3_1vsvvfd,p4of0lf,t1_p4oeulv,2026-08-19T19:09:49.000Z,1,1.0,,Truly.,"First G-Shock And From Casio Store Bhawar Sale (Totally In Love With It) | Costed: 14999/- Model: GM-B2100SD-1C (FULL METAL)

After my first experience of getting GBM-2100 fake from Myntra sale, I was too doubtful and suspicious but gave it a try on the spot trusting it's from official casio indian website, and was tensed out till it was getting delivered.

Still can't believe to pull this one on time.",sale_discount,
comment,nan,t3_1vsvvfd,p4ogyon,t3_1vsvvfd,2026-08-19T19:18:02.000Z,2,2.0,,Tough guy! ,"First G-Shock And From Casio Store Bhawar Sale (Totally In Love With It) | Costed: 14999/- Model: GM-B2100SD-1C (FULL METAL)

After my first experience of getting GBM-2100 fake from Myntra sale, I was too doubtful and suspicious but gave it a try on the spot trusting it's from official casio indian website, and was tensed out till it was getting delivered.

Still can't believe to pull this one on time.",sale_discount,
comment,nan,t3_1vsvvfd,p4oe4lp,t3_1vsvvfd,2026-08-19T19:06:00.000Z,1,1.0,,"
**Welcome to r/WatchesIndia**  

* Please be respectful.

* Please report abuses/personal attacks.

* Please take sales posts to r/WatchesIndiaExchange.


*I am a bot, and this action was performed automatically. Please [contact the moderators of this subreddit](/message/compose/?to=/r/watchesindia) if you have any questions or concerns.*","First G-Shock And From Casio Store Bhawar Sale (Totally In Love With It) | Costed: 14999/- Model: GM-B2100SD-1C (FULL METAL)

After my first experience of getting GBM-2100 fake from Myntra sale, I was too doubtful and suspicious but gave it a try on the spot trusting it's from official casio indian website, and was tensed out till it was getting delivered.

Still can't believe to pull this one on time.",sale_discount,
comment,nan,t3_1vsvvfd,p4siaj2,t3_1vsvvfd,2026-08-20T09:43:24.000Z,1,1.0,,Shit i missed the deal of life ,"First G-Shock And From Casio Store Bhawar Sale (Totally In Love With It) | Costed: 14999/- Model: GM-B2100SD-1C (FULL METAL)

After my first experience of getting GBM-2100 fake from Myntra sale, I was too doubtful and suspicious but gave it a try on the spot trusting it's from official casio indian website, and was tensed out till it was getting delivered.

Still can't believe to pull this one on time.",sale_discount,
comment,nan,t3_1vsvvfd,p4sjcql,t1_p4siaj2,2026-08-20T09:51:57.000Z,1,1.0,,"Don't worry, they put up offers at random times. Make sure you join the wtsp deal alert grp","First G-Shock And From Casio Store Bhawar Sale (Totally In Love With It) | Costed: 14999/- Model: GM-B2100SD-1C (FULL METAL)

After my first experience of getting GBM-2100 fake from Myntra sale, I was too doubtful and suspicious but gave it a try on the spot trusting it's from official casio indian website, and was tensed out till it was getting delivered.

Still can't believe to pull this one on time.",sale_discount,
comment,nan,t3_1vsvvfd,p4sjkzu,t1_p4sjcql,2026-08-20T09:53:47.000Z,1,1.0,,I got the notification but my phone was in silent and missed the deal . I wanted GMW-B5000D-2 🥲🥲,"First G-Shock And From Casio Store Bhawar Sale (Totally In Love With It) | Costed: 14999/- Model: GM-B2100SD-1C (FULL METAL)

After my first experience of getting GBM-2100 fake from Myntra sale, I was too doubtful and suspicious but gave it a try on the spot trusting it's from official casio indian website, and was tensed out till it was getting delivered.

Still can't believe to pull this one on time.",sale_discount,
comment,nan,t3_1vsvvfd,p4t1jeo,t1_p4sjcql,2026-08-20T11:54:23.000Z,1,1.0,,"Pls share details of the group , want to join ","First G-Shock And From Casio Store Bhawar Sale (Totally In Love With It) | Costed: 14999/- Model: GM-B2100SD-1C (FULL METAL)

After my first experience of getting GBM-2100 fake from Myntra sale, I was too doubtful and suspicious but gave it a try on the spot trusting it's from official casio indian website, and was tensed out till it was getting delivered.

Still can't believe to pull this one on time.",sale_discount,
comment,nan,t3_1vsvvfd,p4sk7tz,t1_p4sjkzu,2026-08-20T09:58:48.000Z,1,1.0,,"Shoot, something better is gonna come your way.. sit tight!","First G-Shock And From Casio Store Bhawar Sale (Totally In Love With It) | Costed: 14999/- Model: GM-B2100SD-1C (FULL METAL)

After my first experience of getting GBM-2100 fake from Myntra sale, I was too doubtful and suspicious but gave it a try on the spot trusting it's from official casio indian website, and was tensed out till it was getting delivered.

Still can't believe to pull this one on time.",sale_discount,
comment,nan,t3_1vsvvfd,p4t1yi5,t1_p4t1jeo,2026-08-20T11:56:47.000Z,2,2.0,,There you go: https://whatsapp.com/channel/0029Vb8W0g2DTkKAunPheA1B,"First G-Shock And From Casio Store Bhawar Sale (Totally In Love With It) | Costed: 14999/- Model: GM-B2100SD-1C (FULL METAL)

After my first experience of getting GBM-2100 fake from Myntra sale, I was too doubtful and suspicious but gave it a try on the spot trusting it's from official casio indian website, and was tensed out till it was getting delivered.

Still can't believe to pull this one on time.",sale_discount,
comment,nan,t3_1vsvvfd,p4skd5h,t1_p4sk7tz,2026-08-20T09:59:57.000Z,1,1.0,,Lets hope so 🤞,"First G-Shock And From Casio Store Bhawar Sale (Totally In Love With It) | Costed: 14999/- Model: GM-B2100SD-1C (FULL METAL)

After my first experience of getting GBM-2100 fake from Myntra sale, I was too doubtful and suspicious but gave it a try on the spot trusting it's from official casio indian website, and was tensed out till it was getting delivered.

Still can't believe to pull this one on time.",sale_discount,
comment,nan,t3_1vsvvfd,p4skg1f,t1_p4sk7tz,2026-08-20T10:00:35.000Z,1,1.0,,How's the connectivity with the app  of gshock..?,"First G-Shock And From Casio Store Bhawar Sale (Totally In Love With It) | Costed: 14999/- Model: GM-B2100SD-1C (FULL METAL)

After my first experience of getting GBM-2100 fake from Myntra sale, I was too doubtful and suspicious but gave it a try on the spot trusting it's from official casio indian website, and was tensed out till it was getting delivered.

Still can't believe to pull this one on time.",sale_discount,
comment,nan,t3_1vsvvfd,p4sklfh,t1_p4skg1f,2026-08-20T10:01:45.000Z,1,1.0,,"I tried only when setting up the watch, it worked very well. Need to check out on long term.","First G-Shock And From Casio Store Bhawar Sale (Totally In Love With It) | Costed: 14999/- Model: GM-B2100SD-1C (FULL METAL)

After my first experience of getting GBM-2100 fake from Myntra sale, I was too doubtful and suspicious but gave it a try on the spot trusting it's from official casio indian website, and was tensed out till it was getting delivered.

Still can't believe to pull this one on time.",sale_discount,
comment,nan,t3_1vsvvfd,p4skqnk,t1_p4sklfh,2026-08-20T10:02:52.000Z,1,1.0,,You registered the watch with casio for warranty..? Did you got extra 6 months ..?,"First G-Shock And From Casio Store Bhawar Sale (Totally In Love With It) | Costed: 14999/- Model: GM-B2100SD-1C (FULL METAL)

After my first experience of getting GBM-2100 fake from Myntra sale, I was too doubtful and suspicious but gave it a try on the spot trusting it's from official casio indian website, and was tensed out till it was getting delivered.

Still can't believe to pull this one on time.",sale_discount,
comment,nan,t3_1vsvvfd,p4sl5jz,t1_p4skqnk,2026-08-20T10:06:02.000Z,2,2.0,,"Yes I did it, got additional warranty as well.","First G-Shock And From Casio Store Bhawar Sale (Totally In Love With It) | Costed: 14999/- Model: GM-B2100SD-1C (FULL METAL)

After my first experience of getting GBM-2100 fake from Myntra sale, I was too doubtful and suspicious but gave it a try on the spot trusting it's from official casio indian website, and was tensed out till it was getting delivered.

Still can't believe to pull this one on time.",sale_discount,
comment,nan,t3_1vsvvfd,p4slo4n,t1_p4sl5jz,2026-08-20T10:09:57.000Z,2,2.0,,Enjoy your watch 🫡,"First G-Shock And From Casio Store Bhawar Sale (Totally In Love With It) | Costed: 14999/- Model: GM-B2100SD-1C (FULL METAL)

After my first experience of getting GBM-2100 fake from Myntra sale, I was too doubtful and suspicious but gave it a try on the spot trusting it's from official casio indian website, and was tensed out till it was getting delivered.

Still can't believe to pull this one on time.",sale_discount,
comment,nan,t3_1vsvvfd,p4t10ca,t3_1vsvvfd,2026-08-20T11:51:21.000Z,1,1.0,,"Hey, can you tell me more about this offer like how you got 50k watch at this rate ","First G-Shock And From Casio Store Bhawar Sale (Totally In Love With It) | Costed: 14999/- Model: GM-B2100SD-1C (FULL METAL)

After my first experience of getting GBM-2100 fake from Myntra sale, I was too doubtful and suspicious but gave it a try on the spot trusting it's from official casio indian website, and was tensed out till it was getting delivered.

Still can't believe to pull this one on time.",sale_discount,
comment,nan,t3_1vsvvfd,p4t1r5i,t1_p4t10ca,2026-08-20T11:55:38.000Z,2,2.0,,"On August 13th by around afternoon, Casio Store Bhawar dropped some 70% special offer sale for certain models. I was in a WhatsApp grp which provides alerts for such Deals but this particular watch wasn't listed which I got it by scrolling through the website which was of pure luck. Only thing we need is luck and quick fingers to check out. ","First G-Shock And From Casio Store Bhawar Sale (Totally In Love With It) | Costed: 14999/- Model: GM-B2100SD-1C (FULL METAL)

After my first experience of getting GBM-2100 fake from Myntra sale, I was too doubtful and suspicious but gave it a try on the spot trusting it's from official casio indian website, and was tensed out till it was getting delivered.

Still can't believe to pull this one on time.",sale_discount,
comment,nan,t3_1vsvvfd,p4t1vhn,t1_p4t10ca,2026-08-20T11:56:19.000Z,1,1.0,,WhatsApp link: https://whatsapp.com/channel/0029Vb8W0g2DTkKAunPheA1B,"First G-Shock And From Casio Store Bhawar Sale (Totally In Love With It) | Costed: 14999/- Model: GM-B2100SD-1C (FULL METAL)

After my first experience of getting GBM-2100 fake from Myntra sale, I was too doubtful and suspicious but gave it a try on the spot trusting it's from official casio indian website, and was tensed out till it was getting delivered.

Still can't believe to pull this one on time.",sale_discount,
comment,nan,t3_1vsvvfd,p4t23zo,t1_p4t10ca,2026-08-20T11:57:41.000Z,1,1.0,,"These were some of the other offers

https://preview.redd.it/6izc63zmrikh1.jpeg?width=1271&format=pjpg&auto=webp&s=e9454a810b8f51ab64ea4e524d549094316c4230","First G-Shock And From Casio Store Bhawar Sale (Totally In Love With It) | Costed: 14999/- Model: GM-B2100SD-1C (FULL METAL)

After my first experience of getting GBM-2100 fake from Myntra sale, I was too doubtful and suspicious but gave it a try on the spot trusting it's from official casio indian website, and was tensed out till it was getting delivered.

Still can't believe to pull this one on time.",sale_discount,
comment,nan,t3_1vsvvfd,p4uv66d,t1_p4t1r5i,2026-08-20T16:55:58.000Z,2,2.0,,Man getting a full metal at 15k is wild. Happy for you!,"First G-Shock And From Casio Store Bhawar Sale (Totally In Love With It) | Costed: 14999/- Model: GM-B2100SD-1C (FULL METAL)

After my first experience of getting GBM-2100 fake from Myntra sale, I was too doubtful and suspicious but gave it a try on the spot trusting it's from official casio indian website, and was tensed out till it was getting delivered.

Still can't believe to pull this one on time.",sale_discount,
comment,nan,t3_1vsvvfd,p4t257s,t1_p4t23zo,2026-08-20T11:57:53.000Z,1,1.0,,https://preview.redd.it/0c2t4c8orikh1.jpeg?width=1272&format=pjpg&auto=webp&s=d4db4f0a495aca03195d0ed70c2550bc9bb0339e,"First G-Shock And From Casio Store Bhawar Sale (Totally In Love With It) | Costed: 14999/- Model: GM-B2100SD-1C (FULL METAL)

After my first experience of getting GBM-2100 fake from Myntra sale, I was too doubtful and suspicious but gave it a try on the spot trusting it's from official casio indian website, and was tensed out till it was getting delivered.

Still can't believe to pull this one on time.",sale_discount,
comment,nan,t3_1vsvvfd,p4yplp4,t1_p4uv66d,2026-08-21T04:33:00.000Z,1,1.0,,Thanks Bro!,"First G-Shock And From Casio Store Bhawar Sale (Totally In Love With It) | Costed: 14999/- Model: GM-B2100SD-1C (FULL METAL)

After my first experience of getting GBM-2100 fake from Myntra sale, I was too doubtful and suspicious but gave it a try on the spot trusting it's from official casio indian website, and was tensed out till it was getting delivered.

Still can't believe to pull this one on time.",sale_discount,
comment,nan,t3_1vsvvfd,p4t282t,t1_p4t257s,2026-08-20T11:58:20.000Z,1,1.0,,https://preview.redd.it/ucbgfh9rrikh1.jpeg?width=1272&format=pjpg&auto=webp&s=1ed3578609b1efb461fd5eff909dbee682f64ad6,"First G-Shock And From Casio Store Bhawar Sale (Totally In Love With It) | Costed: 14999/- Model: GM-B2100SD-1C (FULL METAL)

After my first experience of getting GBM-2100 fake from Myntra sale, I was too doubtful and suspicious but gave it a try on the spot trusting it's from official casio indian website, and was tensed out till it was getting delivered.

Still can't believe to pull this one on time.",sale_discount,
comment,nan,t3_1vsvvfd,p4t2f1s,t1_p4t282t,2026-08-20T11:59:27.000Z,1,1.0,,https://preview.redd.it/48kr00byrikh1.jpeg?width=1272&format=pjpg&auto=webp&s=5b6929894b0d293aa362354eefcc23b7f9b184f7,"First G-Shock And From Casio Store Bhawar Sale (Totally In Love With It) | Costed: 14999/- Model: GM-B2100SD-1C (FULL METAL)

After my first experience of getting GBM-2100 fake from Myntra sale, I was too doubtful and suspicious but gave it a try on the spot trusting it's from official casio indian website, and was tensed out till it was getting delivered.

Still can't believe to pull this one on time.",sale_discount,
post,r/SneakerheadsIndia,,t3_1vtakv8,,2026-08-20T05:34:40.000Z,52,52.0,ASICS are comfy af,"Got  
This ASICS GEL NYC for 9.2k from Myntra during the ongoing sale and gotta tell u Cmng from gazelles and Jordan’s these shoe are comfy af .","ASICS are comfy af Got  
This ASICS GEL NYC for 9.2k from Myntra during the ongoing sale and gotta tell u Cmng from gazelles and Jordan’s these shoe are comfy af .",sale_discount,https://i.redd.it/gjw68fnavgkh1.jpeg
post,r/IndianBeautyTalks,,t3_1vsvwhr,,2026-08-19T19:07:05.000Z,20,20.0,Got the H&M Perfume after reading a post on this sub,"Read u/First_Preparation615 's post a month ago [link](https://www.reddit.com/r/IndianBeautyTalks/s/nJHMf1GgGE) about a H&M perfume and u/Kauma\_0522 decoded which one it was. Well.....I got influenced and ordered it when it went on sale on Myntra and it's finally here ✨️

H&M Pearl Dream🌸

Verdict ⚖️

The scent is pleasant n classy. And yes, like OP had mentioned, the scent lingers- it's been 12+ hours and i can still smell it.

I'm happy with my purchase ☺️ ","Got the H&M Perfume after reading a post on this sub Read u/First_Preparation615 's post a month ago [link](https://www.reddit.com/r/IndianBeautyTalks/s/nJHMf1GgGE) about a H&M perfume and u/Kauma\_0522 decoded which one it was. Well.....I got influenced and ordered it when it went on sale on Myntra and it's finally here ✨️

H&M Pearl Dream🌸

Verdict ⚖️

The scent is pleasant n classy. And yes, like OP had mentioned, the scent lingers- it's been 12+ hours and i can still smell it.

I'm happy with my purchase ☺️",sale_discount,https://www.reddit.com/gallery/1vsvwhr
comment,nan,t3_1vtakv8,p4rukeb,t3_1vtakv8,2026-08-20T06:25:39.000Z,3,3.0,,"I got mine for 6.5k from Foot Locker store.

https://preview.redd.it/q69y3qfe4hkh1.jpeg?width=2252&format=pjpg&auto=webp&s=e9cb682969e87f30461761692c62d8cb50db7760","ASICS are comfy af Got  
This ASICS GEL NYC for 9.2k from Myntra during the ongoing sale and gotta tell u Cmng from gazelles and Jordan’s these shoe are comfy af .",sale_discount,
comment,nan,t3_1vtakv8,p4s0fmf,t1_p4rukeb,2026-08-20T07:13:25.000Z,2,2.0,,Nice neutral colour choice bro goes well with any outfit !,"ASICS are comfy af Got  
This ASICS GEL NYC for 9.2k from Myntra during the ongoing sale and gotta tell u Cmng from gazelles and Jordan’s these shoe are comfy af .","sale_discount, product_quality",
comment,nan,t3_1vtakv8,p4s4c41,t1_p4rukeb,2026-08-20T07:45:52.000Z,1,1.0,,6.5k how?,"ASICS are comfy af Got  
This ASICS GEL NYC for 9.2k from Myntra during the ongoing sale and gotta tell u Cmng from gazelles and Jordan’s these shoe are comfy af .",sale_discount,
comment,nan,t3_1vtakv8,p4s6nxe,t1_p4s4c41,2026-08-20T08:05:25.000Z,1,1.0,,Flat 50% off on the Foot Locker official store. ,"ASICS are comfy af Got  
This ASICS GEL NYC for 9.2k from Myntra during the ongoing sale and gotta tell u Cmng from gazelles and Jordan’s these shoe are comfy af .",sale_discount,
comment,nan,t3_1vtakv8,p4syt69,t1_p4s6nxe,2026-08-20T11:38:22.000Z,1,1.0,,Is this sale still ongoing?,"ASICS are comfy af Got  
This ASICS GEL NYC for 9.2k from Myntra during the ongoing sale and gotta tell u Cmng from gazelles and Jordan’s these shoe are comfy af .",sale_discount,
comment,nan,t3_1vtakv8,p4rq40t,t3_1vtakv8,2026-08-20T05:50:24.000Z,1,1.0,,How much did you buy it for ,"ASICS are comfy af Got  
This ASICS GEL NYC for 9.2k from Myntra during the ongoing sale and gotta tell u Cmng from gazelles and Jordan’s these shoe are comfy af .",sale_discount,
comment,nan,t3_1vtakv8,p4rq6or,t1_p4rq40t,2026-08-20T05:50:59.000Z,1,1.0,,Retails around 13k got  it for 9.1k from Myntra ,"ASICS are comfy af Got  
This ASICS GEL NYC for 9.2k from Myntra during the ongoing sale and gotta tell u Cmng from gazelles and Jordan’s these shoe are comfy af .",sale_discount,
comment,nan,t3_1vtakv8,p4rqbiq,t1_p4rq6or,2026-08-20T05:52:02.000Z,2,2.0,,Can you show how they look when viewed from top,"ASICS are comfy af Got  
This ASICS GEL NYC for 9.2k from Myntra during the ongoing sale and gotta tell u Cmng from gazelles and Jordan’s these shoe are comfy af .",sale_discount,
comment,nan,t3_1vtakv8,p4rzd1t,t3_1vtakv8,2026-08-20T07:04:43.000Z,1,1.0,,Beautiful pair! How’s the sizing on this? Did you have to size up from your usual Jordan sizing?,"ASICS are comfy af Got  
This ASICS GEL NYC for 9.2k from Myntra during the ongoing sale and gotta tell u Cmng from gazelles and Jordan’s these shoe are comfy af .","sale_discount, product_quality",
comment,nan,t3_1vtakv8,p4rzlm3,t1_p4rzd1t,2026-08-20T07:06:39.000Z,2,2.0,,Nah bro it’s true to size mine is UK10 and this pair is also UK10 only so yup ! ,"ASICS are comfy af Got  
This ASICS GEL NYC for 9.2k from Myntra during the ongoing sale and gotta tell u Cmng from gazelles and Jordan’s these shoe are comfy af .","sale_discount, product_quality",
comment,nan,t3_1vtakv8,p4s0ber,t1_p4rzlm3,2026-08-20T07:12:30.000Z,1,1.0,,Ah super. Thank you. Checking because I have had to size up on Gel Lyte 3s. ,"ASICS are comfy af Got  
This ASICS GEL NYC for 9.2k from Myntra during the ongoing sale and gotta tell u Cmng from gazelles and Jordan’s these shoe are comfy af .","sale_discount, product_quality",
comment,nan,t3_1vtakv8,p4scowm,t3_1vtakv8,2026-08-20T08:56:56.000Z,1,1.0,,"From Gazelle or Samba, you'll find pretty much anything comfy. ","ASICS are comfy af Got  
This ASICS GEL NYC for 9.2k from Myntra during the ongoing sale and gotta tell u Cmng from gazelles and Jordan’s these shoe are comfy af .",sale_discount,
comment,nan,t3_1vtakv8,p4sdgx7,t3_1vtakv8,2026-08-20T09:03:24.000Z,1,1.0,,"Me also got these from flipkart but these are not very comfy for me. I think i need a size up but its not available now. Thinking whether i should return them or sell them.

https://preview.redd.it/nu8mstgjwhkh1.jpeg?width=2252&format=pjpg&auto=webp&s=368bef057f09029162ba3e586840696038b6e24e","ASICS are comfy af Got  
This ASICS GEL NYC for 9.2k from Myntra during the ongoing sale and gotta tell u Cmng from gazelles and Jordan’s these shoe are comfy af .","sale_discount, product_quality, cancellation_refund",
comment,nan,t3_1vtakv8,p4siueq,t3_1vtakv8,2026-08-20T09:47:53.000Z,1,1.0,,"https://preview.redd.it/d7uojqke4ikh1.jpeg?width=3024&format=pjpg&auto=webp&s=c463ca9f53c460f0543981dd1d87a8ece6f79e5f

  
I agree","ASICS are comfy af Got  
This ASICS GEL NYC for 9.2k from Myntra during the ongoing sale and gotta tell u Cmng from gazelles and Jordan’s these shoe are comfy af .",sale_discount,
comment,nan,t3_1vtakv8,p506vu9,t3_1vtakv8,2026-08-21T11:29:56.000Z,1,1.0,,wow man so lovely,"ASICS are comfy af Got  
This ASICS GEL NYC for 9.2k from Myntra during the ongoing sale and gotta tell u Cmng from gazelles and Jordan’s these shoe are comfy af .",sale_discount,
comment,nan,t3_1vtakv8,p50rvhf,t3_1vtakv8,2026-08-21T13:24:09.000Z,1,1.0,,I purchased from flipkart at 4.5k 6 months back,"ASICS are comfy af Got  
This ASICS GEL NYC for 9.2k from Myntra during the ongoing sale and gotta tell u Cmng from gazelles and Jordan’s these shoe are comfy af .",sale_discount,
comment,nan,t3_1vtakv8,p57gu4m,t3_1vtakv8,2026-08-22T12:13:40.000Z,1,1.0,,"Great... Btw what do you think of this colorway??

https://preview.redd.it/186c2bca4xkh1.jpeg?width=2052&format=pjpg&auto=webp&s=973f17eca0ad692d08bda578d28872e77ff71f7b","ASICS are comfy af Got  
This ASICS GEL NYC for 9.2k from Myntra during the ongoing sale and gotta tell u Cmng from gazelles and Jordan’s these shoe are comfy af .",sale_discount,
comment,nan,t3_1vtakv8,p57rwd3,t1_p57gu4m,2026-08-22T13:17:26.000Z,1,1.0,,Sick colour bro btw where did u get this colour way from ,"ASICS are comfy af Got  
This ASICS GEL NYC for 9.2k from Myntra during the ongoing sale and gotta tell u Cmng from gazelles and Jordan’s these shoe are comfy af .",sale_discount,
comment,nan,t3_1vsvwhr,p4olst6,t3_1vsvwhr,2026-08-19T19:38:44.000Z,4,4.0,,Hey OP can you tell more about the notes?,"Got the H&M Perfume after reading a post on this sub Read u/First_Preparation615 's post a month ago [link](https://www.reddit.com/r/IndianBeautyTalks/s/nJHMf1GgGE) about a H&M perfume and u/Kauma\_0522 decoded which one it was. Well.....I got influenced and ordered it when it went on sale on Myntra and it's finally here ✨️

H&M Pearl Dream🌸

Verdict ⚖️

The scent is pleasant n classy. And yes, like OP had mentioned, the scent lingers- it's been 12+ hours and i can still smell it.

I'm happy with my purchase ☺️",sale_discount,
comment,nan,t3_1vsvwhr,p4rpqmj,t1_p4olst6,2026-08-20T05:47:26.000Z,3,3.0,,"Top notes is fruity. Middle, i would say flowerish....like rose. Then hours later it settles down to a earthy musk like smell. It's really pleasant. ","Got the H&M Perfume after reading a post on this sub Read u/First_Preparation615 's post a month ago [link](https://www.reddit.com/r/IndianBeautyTalks/s/nJHMf1GgGE) about a H&M perfume and u/Kauma\_0522 decoded which one it was. Well.....I got influenced and ordered it when it went on sale on Myntra and it's finally here ✨️

H&M Pearl Dream🌸

Verdict ⚖️

The scent is pleasant n classy. And yes, like OP had mentioned, the scent lingers- it's been 12+ hours and i can still smell it.

I'm happy with my purchase ☺️",sale_discount,
comment,nan,t3_1vsvwhr,p4rrgmw,t1_p4rpqmj,2026-08-20T06:01:05.000Z,3,3.0,,Okay interesting. I like such notes. I really hate gourmand notes and most perfumes people rave about are vanilla/gourmand/caramel so this sounds perfect. ,"Got the H&M Perfume after reading a post on this sub Read u/First_Preparation615 's post a month ago [link](https://www.reddit.com/r/IndianBeautyTalks/s/nJHMf1GgGE) about a H&M perfume and u/Kauma\_0522 decoded which one it was. Well.....I got influenced and ordered it when it went on sale on Myntra and it's finally here ✨️

H&M Pearl Dream🌸

Verdict ⚖️

The scent is pleasant n classy. And yes, like OP had mentioned, the scent lingers- it's been 12+ hours and i can still smell it.

I'm happy with my purchase ☺️",sale_discount,
comment,nan,t3_1vsvwhr,p4r4the,t3_1vsvwhr,2026-08-20T03:20:06.000Z,3,3.0,,"But in that post op’s chambu bottle was purple, and everyone thought it should be mystic velvet","Got the H&M Perfume after reading a post on this sub Read u/First_Preparation615 's post a month ago [link](https://www.reddit.com/r/IndianBeautyTalks/s/nJHMf1GgGE) about a H&M perfume and u/Kauma\_0522 decoded which one it was. Well.....I got influenced and ordered it when it went on sale on Myntra and it's finally here ✨️

H&M Pearl Dream🌸

Verdict ⚖️

The scent is pleasant n classy. And yes, like OP had mentioned, the scent lingers- it's been 12+ hours and i can still smell it.

I'm happy with my purchase ☺️",sale_discount,
comment,nan,t3_1vsvwhr,p4u3c4o,t1_p4r4the,2026-08-20T14:57:49.000Z,2,2.0,,I was confused so I ordered both yesterday ,"Got the H&M Perfume after reading a post on this sub Read u/First_Preparation615 's post a month ago [link](https://www.reddit.com/r/IndianBeautyTalks/s/nJHMf1GgGE) about a H&M perfume and u/Kauma\_0522 decoded which one it was. Well.....I got influenced and ordered it when it went on sale on Myntra and it's finally here ✨️

H&M Pearl Dream🌸

Verdict ⚖️

The scent is pleasant n classy. And yes, like OP had mentioned, the scent lingers- it's been 12+ hours and i can still smell it.

I'm happy with my purchase ☺️",sale_discount,
comment,nan,t3_1vsvwhr,p4rpix3,t1_p4r4the,2026-08-20T05:45:45.000Z,1,1.0,,Maybe......,"Got the H&M Perfume after reading a post on this sub Read u/First_Preparation615 's post a month ago [link](https://www.reddit.com/r/IndianBeautyTalks/s/nJHMf1GgGE) about a H&M perfume and u/Kauma\_0522 decoded which one it was. Well.....I got influenced and ordered it when it went on sale on Myntra and it's finally here ✨️

H&M Pearl Dream🌸

Verdict ⚖️

The scent is pleasant n classy. And yes, like OP had mentioned, the scent lingers- it's been 12+ hours and i can still smell it.

I'm happy with my purchase ☺️",sale_discount,
comment,nan,t3_1vsvwhr,p4uhnrw,t1_p4u3c4o,2026-08-20T15:58:47.000Z,3,3.0,,Great. You will be in a position to rate them both,"Got the H&M Perfume after reading a post on this sub Read u/First_Preparation615 's post a month ago [link](https://www.reddit.com/r/IndianBeautyTalks/s/nJHMf1GgGE) about a H&M perfume and u/Kauma\_0522 decoded which one it was. Well.....I got influenced and ordered it when it went on sale on Myntra and it's finally here ✨️

H&M Pearl Dream🌸

Verdict ⚖️

The scent is pleasant n classy. And yes, like OP had mentioned, the scent lingers- it's been 12+ hours and i can still smell it.

I'm happy with my purchase ☺️",sale_discount,
comment,nan,t3_1vsvwhr,p4oqzn4,t3_1vsvwhr,2026-08-19T20:01:02.000Z,2,2.0,,Bb how much was the sale price u gorit for?,"Got the H&M Perfume after reading a post on this sub Read u/First_Preparation615 's post a month ago [link](https://www.reddit.com/r/IndianBeautyTalks/s/nJHMf1GgGE) about a H&M perfume and u/Kauma\_0522 decoded which one it was. Well.....I got influenced and ordered it when it went on sale on Myntra and it's finally here ✨️

H&M Pearl Dream🌸

Verdict ⚖️

The scent is pleasant n classy. And yes, like OP had mentioned, the scent lingers- it's been 12+ hours and i can still smell it.

I'm happy with my purchase ☺️","price_drop, sale_discount",
comment,nan,t3_1vsvwhr,p4rpkvd,t1_p4oqzn4,2026-08-20T05:46:10.000Z,2,2.0,,It's selling for ₹899 on Myntra right now on sale,"Got the H&M Perfume after reading a post on this sub Read u/First_Preparation615 's post a month ago [link](https://www.reddit.com/r/IndianBeautyTalks/s/nJHMf1GgGE) about a H&M perfume and u/Kauma\_0522 decoded which one it was. Well.....I got influenced and ordered it when it went on sale on Myntra and it's finally here ✨️

H&M Pearl Dream🌸

Verdict ⚖️

The scent is pleasant n classy. And yes, like OP had mentioned, the scent lingers- it's been 12+ hours and i can still smell it.

I'm happy with my purchase ☺️",sale_discount,
comment,nan,t3_1vsvwhr,p4r810q,t3_1vsvwhr,2026-08-20T03:40:32.000Z,2,2.0,,Hey what does it smell like. Been wanting to buy this perfume too ,"Got the H&M Perfume after reading a post on this sub Read u/First_Preparation615 's post a month ago [link](https://www.reddit.com/r/IndianBeautyTalks/s/nJHMf1GgGE) about a H&M perfume and u/Kauma\_0522 decoded which one it was. Well.....I got influenced and ordered it when it went on sale on Myntra and it's finally here ✨️

H&M Pearl Dream🌸

Verdict ⚖️

The scent is pleasant n classy. And yes, like OP had mentioned, the scent lingers- it's been 12+ hours and i can still smell it.

I'm happy with my purchase ☺️",sale_discount,
comment,nan,t3_1vsvwhr,p4rps2m,t1_p4r810q,2026-08-20T05:47:45.000Z,1,1.0,,"Top notes is fruity. Middle, i would say flowerish....like rose. Then hours later it settles down to a earthy musk like smell. It's really pleasant. ","Got the H&M Perfume after reading a post on this sub Read u/First_Preparation615 's post a month ago [link](https://www.reddit.com/r/IndianBeautyTalks/s/nJHMf1GgGE) about a H&M perfume and u/Kauma\_0522 decoded which one it was. Well.....I got influenced and ordered it when it went on sale on Myntra and it's finally here ✨️

H&M Pearl Dream🌸

Verdict ⚖️

The scent is pleasant n classy. And yes, like OP had mentioned, the scent lingers- it's been 12+ hours and i can still smell it.

I'm happy with my purchase ☺️",sale_discount,
comment,nan,t3_1vsvwhr,p4rys2u,t3_1vsvwhr,2026-08-20T06:59:58.000Z,2,2.0,,Yayy 😝😝,"Got the H&M Perfume after reading a post on this sub Read u/First_Preparation615 's post a month ago [link](https://www.reddit.com/r/IndianBeautyTalks/s/nJHMf1GgGE) about a H&M perfume and u/Kauma\_0522 decoded which one it was. Well.....I got influenced and ordered it when it went on sale on Myntra and it's finally here ✨️

H&M Pearl Dream🌸

Verdict ⚖️

The scent is pleasant n classy. And yes, like OP had mentioned, the scent lingers- it's been 12+ hours and i can still smell it.

I'm happy with my purchase ☺️",sale_discount,
comment,nan,t3_1vsvwhr,p4skj3m,t3_1vsvwhr,2026-08-20T10:01:15.000Z,2,2.0,,OP of that post said it was mystic velvet,"Got the H&M Perfume after reading a post on this sub Read u/First_Preparation615 's post a month ago [link](https://www.reddit.com/r/IndianBeautyTalks/s/nJHMf1GgGE) about a H&M perfume and u/Kauma\_0522 decoded which one it was. Well.....I got influenced and ordered it when it went on sale on Myntra and it's finally here ✨️

H&M Pearl Dream🌸

Verdict ⚖️

The scent is pleasant n classy. And yes, like OP had mentioned, the scent lingers- it's been 12+ hours and i can still smell it.

I'm happy with my purchase ☺️",sale_discount,
comment,nan,t3_1vsvwhr,p56x7rk,t3_1vsvwhr,2026-08-22T09:48:29.000Z,1,1.0,,didn’t really like mystic velvet much ,"Got the H&M Perfume after reading a post on this sub Read u/First_Preparation615 's post a month ago [link](https://www.reddit.com/r/IndianBeautyTalks/s/nJHMf1GgGE) about a H&M perfume and u/Kauma\_0522 decoded which one it was. Well.....I got influenced and ordered it when it went on sale on Myntra and it's finally here ✨️

H&M Pearl Dream🌸

Verdict ⚖️

The scent is pleasant n classy. And yes, like OP had mentioned, the scent lingers- it's been 12+ hours and i can still smell it.

I'm happy with my purchase ☺️",sale_discount,
comment,nan,t3_1vsvwhr,p4p4gu7,t3_1vsvwhr,2026-08-19T20:59:35.000Z,1,1.0,,12+ hours??? Bruh,"Got the H&M Perfume after reading a post on this sub Read u/First_Preparation615 's post a month ago [link](https://www.reddit.com/r/IndianBeautyTalks/s/nJHMf1GgGE) about a H&M perfume and u/Kauma\_0522 decoded which one it was. Well.....I got influenced and ordered it when it went on sale on Myntra and it's finally here ✨️

H&M Pearl Dream🌸

Verdict ⚖️

The scent is pleasant n classy. And yes, like OP had mentioned, the scent lingers- it's been 12+ hours and i can still smell it.

I'm happy with my purchase ☺️",sale_discount,
comment,nan,t3_1vsvwhr,p4rpf1y,t1_p4p4gu7,2026-08-20T05:44:53.000Z,2,2.0,,Fr.....i can still smell it,"Got the H&M Perfume after reading a post on this sub Read u/First_Preparation615 's post a month ago [link](https://www.reddit.com/r/IndianBeautyTalks/s/nJHMf1GgGE) about a H&M perfume and u/Kauma\_0522 decoded which one it was. Well.....I got influenced and ordered it when it went on sale on Myntra and it's finally here ✨️

H&M Pearl Dream🌸

Verdict ⚖️

The scent is pleasant n classy. And yes, like OP had mentioned, the scent lingers- it's been 12+ hours and i can still smell it.

I'm happy with my purchase ☺️",sale_discount,
post,r/ticktocktreasures,,t3_1vsvsdz,,2026-08-19T19:02:59.000Z,107,107.0,First G-Shock And From Casio Store Bhawar Sale (Totally In Love With It) | Costed: 14999/-,"Model: GM-B2100SD-1C (FULL METAL)

After my first experience of getting GBM-2100 fake from Myntra sale, I was too doubtful and suspicious but gave it a try on the spot trusting it's from official casio indian website, and was tensed out till it was getting delivered.

Still can't believe to pull this one on time.","First G-Shock And From Casio Store Bhawar Sale (Totally In Love With It) | Costed: 14999/- Model: GM-B2100SD-1C (FULL METAL)

After my first experience of getting GBM-2100 fake from Myntra sale, I was too doubtful and suspicious but gave it a try on the spot trusting it's from official casio indian website, and was tensed out till it was getting delivered.

Still can't believe to pull this one on time.",sale_discount,https://i.redd.it/ce2xjjllqdkh1.jpeg
comment,nan,t3_1vsvsdz,p4oo5rb,t3_1vsvsdz,2026-08-19T19:48:56.000Z,5,5.0,,Wow.. GMB at the price of GBM!!,"First G-Shock And From Casio Store Bhawar Sale (Totally In Love With It) | Costed: 14999/- Model: GM-B2100SD-1C (FULL METAL)

After my first experience of getting GBM-2100 fake from Myntra sale, I was too doubtful and suspicious but gave it a try on the spot trusting it's from official casio indian website, and was tensed out till it was getting delivered.

Still can't believe to pull this one on time.","price_drop, sale_discount",
comment,nan,t3_1vsvsdz,p4oqeah,t1_p4oo5rb,2026-08-19T19:58:31.000Z,1,1.0,,Yeah!,"First G-Shock And From Casio Store Bhawar Sale (Totally In Love With It) | Costed: 14999/- Model: GM-B2100SD-1C (FULL METAL)

After my first experience of getting GBM-2100 fake from Myntra sale, I was too doubtful and suspicious but gave it a try on the spot trusting it's from official casio indian website, and was tensed out till it was getting delivered.

Still can't believe to pull this one on time.",sale_discount,
comment,nan,t3_1vsvsdz,p4qtcgt,t1_p4oqeah,2026-08-20T02:12:27.000Z,1,1.0,,Can you share website ,"First G-Shock And From Casio Store Bhawar Sale (Totally In Love With It) | Costed: 14999/- Model: GM-B2100SD-1C (FULL METAL)

After my first experience of getting GBM-2100 fake from Myntra sale, I was too doubtful and suspicious but gave it a try on the spot trusting it's from official casio indian website, and was tensed out till it was getting delivered.

Still can't believe to pull this one on time.",sale_discount,
comment,nan,t3_1vsvsdz,p4r0cui,t1_p4qtcgt,2026-08-20T02:52:45.000Z,0,0.0,,https://casiostore.bhawar.com/collections/g-squad?utm_source=google&utm_medium=pmax&utm_campaign=IN_MS_North_Casio-Bhawar_G-Shock-GBA-950-Men_Sales_Pmax_Top-Cities&gad_source=1&gad_campaignid=24003110074&gclid=CjwKCAjwqJXUBhBNEiwA8BgG7tJTKGGhHhHmF4lmL_l1r88l4D4SR-YZmS1PyVAYqiIEwQyT6Uur5BoCq7UQAvD_BwE,"First G-Shock And From Casio Store Bhawar Sale (Totally In Love With It) | Costed: 14999/- Model: GM-B2100SD-1C (FULL METAL)

After my first experience of getting GBM-2100 fake from Myntra sale, I was too doubtful and suspicious but gave it a try on the spot trusting it's from official casio indian website, and was tensed out till it was getting delivered.

Still can't believe to pull this one on time.",sale_discount,
comment,nan,t3_1vsvsdz,p4r35qr,t1_p4r0cui,2026-08-20T03:09:50.000Z,1,1.0,,One last question  how did did yyou know it was fake  when you purchased  from flipkart  they  also give 2 year warranty ,"First G-Shock And From Casio Store Bhawar Sale (Totally In Love With It) | Costed: 14999/- Model: GM-B2100SD-1C (FULL METAL)

After my first experience of getting GBM-2100 fake from Myntra sale, I was too doubtful and suspicious but gave it a try on the spot trusting it's from official casio indian website, and was tensed out till it was getting delivered.

Still can't believe to pull this one on time.",sale_discount,
comment,nan,t3_1vsvsdz,p4r3kjb,t1_p4r35qr,2026-08-20T03:12:21.000Z,2,2.0,,"Fake has got bad black dial, thick case and the Bluetooth, stopwatch indicators was not legible, and lastly no serial numbers at back of the watch

https://preview.redd.it/fc8q4low5gkh1.jpeg?width=3072&format=pjpg&auto=webp&s=cc0fa975aa405ce34f55b466c6164542e10f8452","First G-Shock And From Casio Store Bhawar Sale (Totally In Love With It) | Costed: 14999/- Model: GM-B2100SD-1C (FULL METAL)

After my first experience of getting GBM-2100 fake from Myntra sale, I was too doubtful and suspicious but gave it a try on the spot trusting it's from official casio indian website, and was tensed out till it was getting delivered.

Still can't believe to pull this one on time.",sale_discount,
comment,nan,t3_1vsvsdz,p4r3oux,t1_p4r35qr,2026-08-20T03:13:06.000Z,2,2.0,,https://preview.redd.it/zouusel16gkh1.jpeg?width=4080&format=pjpg&auto=webp&s=726d7489425a1b42c5d51a46141286c1c8945746,"First G-Shock And From Casio Store Bhawar Sale (Totally In Love With It) | Costed: 14999/- Model: GM-B2100SD-1C (FULL METAL)

After my first experience of getting GBM-2100 fake from Myntra sale, I was too doubtful and suspicious but gave it a try on the spot trusting it's from official casio indian website, and was tensed out till it was getting delivered.

Still can't believe to pull this one on time.",sale_discount,
comment,nan,t3_1vsvsdz,p4pyydx,t3_1vsvsdz,2026-08-19T23:27:44.000Z,5,5.0,,This looks dope!!,"First G-Shock And From Casio Store Bhawar Sale (Totally In Love With It) | Costed: 14999/- Model: GM-B2100SD-1C (FULL METAL)

After my first experience of getting GBM-2100 fake from Myntra sale, I was too doubtful and suspicious but gave it a try on the spot trusting it's from official casio indian website, and was tensed out till it was getting delivered.

Still can't believe to pull this one on time.",sale_discount,
comment,nan,t3_1vsvsdz,p4q04x9,t3_1vsvsdz,2026-08-19T23:33:53.000Z,4,4.0,,"Congratulations!

https://preview.redd.it/rdbk5aww2fkh1.jpeg?width=1755&format=pjpg&auto=webp&s=809bd5e28b6af0f0b1ea38dca341b93be85e17ff","First G-Shock And From Casio Store Bhawar Sale (Totally In Love With It) | Costed: 14999/- Model: GM-B2100SD-1C (FULL METAL)

After my first experience of getting GBM-2100 fake from Myntra sale, I was too doubtful and suspicious but gave it a try on the spot trusting it's from official casio indian website, and was tensed out till it was getting delivered.

Still can't believe to pull this one on time.",sale_discount,
comment,nan,t3_1vsvsdz,p4qph0u,t1_p4q04x9,2026-08-20T01:50:46.000Z,2,2.0,,Looks good too,"First G-Shock And From Casio Store Bhawar Sale (Totally In Love With It) | Costed: 14999/- Model: GM-B2100SD-1C (FULL METAL)

After my first experience of getting GBM-2100 fake from Myntra sale, I was too doubtful and suspicious but gave it a try on the spot trusting it's from official casio indian website, and was tensed out till it was getting delivered.

Still can't believe to pull this one on time.",sale_discount,
comment,nan,t3_1vsvsdz,p4r1u24,t3_1vsvsdz,2026-08-20T03:01:41.000Z,4,4.0,,15k??? How??? I've seen these models cost almost upwards of 30k - 50k...,"First G-Shock And From Casio Store Bhawar Sale (Totally In Love With It) | Costed: 14999/- Model: GM-B2100SD-1C (FULL METAL)

After my first experience of getting GBM-2100 fake from Myntra sale, I was too doubtful and suspicious but gave it a try on the spot trusting it's from official casio indian website, and was tensed out till it was getting delivered.

Still can't believe to pull this one on time.",sale_discount,
comment,nan,t3_1vsvsdz,p4r2kxr,t1_p4r1u24,2026-08-20T03:06:17.000Z,5,5.0,,"Yup, it was an split second price drop that had 70% off from casio store bhawar. Was first to check out. Yup, it costed 35k and up on other websites..

https://preview.redd.it/0jhlmzut4gkh1.jpeg?width=1080&format=pjpg&auto=webp&s=77e6e907c5cd6a72215d4d302763c91d1f206fd2","First G-Shock And From Casio Store Bhawar Sale (Totally In Love With It) | Costed: 14999/- Model: GM-B2100SD-1C (FULL METAL)

After my first experience of getting GBM-2100 fake from Myntra sale, I was too doubtful and suspicious but gave it a try on the spot trusting it's from official casio indian website, and was tensed out till it was getting delivered.

Still can't believe to pull this one on time.","price_drop, sale_discount",
comment,nan,t3_1vsvsdz,p4rqh7k,t3_1vsvsdz,2026-08-20T05:53:16.000Z,3,3.0,,"Steal deal🔥, pretty sure it wouldn't fit my wrist. Wish it was 40mm","First G-Shock And From Casio Store Bhawar Sale (Totally In Love With It) | Costed: 14999/- Model: GM-B2100SD-1C (FULL METAL)

After my first experience of getting GBM-2100 fake from Myntra sale, I was too doubtful and suspicious but gave it a try on the spot trusting it's from official casio indian website, and was tensed out till it was getting delivered.

Still can't believe to pull this one on time.","sale_discount, product_quality",
comment,nan,t3_1vsvsdz,p4rsztu,t1_p4rqh7k,2026-08-20T06:13:10.000Z,1,1.0,,"Fits perfect on my wrist, the size is perfect for me","First G-Shock And From Casio Store Bhawar Sale (Totally In Love With It) | Costed: 14999/- Model: GM-B2100SD-1C (FULL METAL)

After my first experience of getting GBM-2100 fake from Myntra sale, I was too doubtful and suspicious but gave it a try on the spot trusting it's from official casio indian website, and was tensed out till it was getting delivered.

Still can't believe to pull this one on time.","sale_discount, product_quality",
comment,nan,t3_1vsvsdz,p4ru1r7,t1_p4rsztu,2026-08-20T06:21:32.000Z,1,1.0,,Any pic while wearing it?,"First G-Shock And From Casio Store Bhawar Sale (Totally In Love With It) | Costed: 14999/- Model: GM-B2100SD-1C (FULL METAL)

After my first experience of getting GBM-2100 fake from Myntra sale, I was too doubtful and suspicious but gave it a try on the spot trusting it's from official casio indian website, and was tensed out till it was getting delivered.

Still can't believe to pull this one on time.",sale_discount,
comment,nan,t3_1vsvsdz,p4rweml,t1_p4ru1r7,2026-08-20T06:40:32.000Z,1,1.0,,Check DM,"First G-Shock And From Casio Store Bhawar Sale (Totally In Love With It) | Costed: 14999/- Model: GM-B2100SD-1C (FULL METAL)

After my first experience of getting GBM-2100 fake from Myntra sale, I was too doubtful and suspicious but gave it a try on the spot trusting it's from official casio indian website, and was tensed out till it was getting delivered.

Still can't believe to pull this one on time.",sale_discount,
comment,nan,t3_1vsvsdz,p4odpx0,t3_1vsvsdz,2026-08-19T19:04:15.000Z,2,2.0,,Missed the sale. I wish got to know lil earlier... ,"First G-Shock And From Casio Store Bhawar Sale (Totally In Love With It) | Costed: 14999/- Model: GM-B2100SD-1C (FULL METAL)

After my first experience of getting GBM-2100 fake from Myntra sale, I was too doubtful and suspicious but gave it a try on the spot trusting it's from official casio indian website, and was tensed out till it was getting delivered.

Still can't believe to pull this one on time.",sale_discount,
comment,nan,t3_1vsvsdz,p4oef97,t1_p4odpx0,2026-08-19T19:07:16.000Z,3,3.0,,"Yup, it was completely random in an afternoon.","First G-Shock And From Casio Store Bhawar Sale (Totally In Love With It) | Costed: 14999/- Model: GM-B2100SD-1C (FULL METAL)

After my first experience of getting GBM-2100 fake from Myntra sale, I was too doubtful and suspicious but gave it a try on the spot trusting it's from official casio indian website, and was tensed out till it was getting delivered.

Still can't believe to pull this one on time.",sale_discount,
comment,nan,t3_1vsvsdz,p4ouq63,t3_1vsvsdz,2026-08-19T20:17:08.000Z,1,1.0,,What was the sale dude?,"First G-Shock And From Casio Store Bhawar Sale (Totally In Love With It) | Costed: 14999/- Model: GM-B2100SD-1C (FULL METAL)

After my first experience of getting GBM-2100 fake from Myntra sale, I was too doubtful and suspicious but gave it a try on the spot trusting it's from official casio indian website, and was tensed out till it was getting delivered.

Still can't believe to pull this one on time.",sale_discount,
comment,nan,t3_1vsvsdz,p4ov20i,t1_p4ouq63,2026-08-19T20:18:33.000Z,3,3.0,,70% special off on certain watches for period of time until stock lasted,"First G-Shock And From Casio Store Bhawar Sale (Totally In Love With It) | Costed: 14999/- Model: GM-B2100SD-1C (FULL METAL)

After my first experience of getting GBM-2100 fake from Myntra sale, I was too doubtful and suspicious but gave it a try on the spot trusting it's from official casio indian website, and was tensed out till it was getting delivered.

Still can't believe to pull this one on time.",sale_discount,
comment,nan,t3_1vsvsdz,p4p4hy7,t3_1vsvsdz,2026-08-19T20:59:43.000Z,1,1.0,,When was the sale exactly?,"First G-Shock And From Casio Store Bhawar Sale (Totally In Love With It) | Costed: 14999/- Model: GM-B2100SD-1C (FULL METAL)

After my first experience of getting GBM-2100 fake from Myntra sale, I was too doubtful and suspicious but gave it a try on the spot trusting it's from official casio indian website, and was tensed out till it was getting delivered.

Still can't believe to pull this one on time.",sale_discount,
comment,nan,t3_1vsvsdz,p4qpew5,t1_p4p4hy7,2026-08-20T01:50:27.000Z,1,1.0,,"13th August, around afternoon ","First G-Shock And From Casio Store Bhawar Sale (Totally In Love With It) | Costed: 14999/- Model: GM-B2100SD-1C (FULL METAL)

After my first experience of getting GBM-2100 fake from Myntra sale, I was too doubtful and suspicious but gave it a try on the spot trusting it's from official casio indian website, and was tensed out till it was getting delivered.

Still can't believe to pull this one on time.",sale_discount,
comment,nan,t3_1vsvsdz,p4qx4uc,t3_1vsvsdz,2026-08-20T02:33:56.000Z,1,1.0,,Crazy bro🔥🔥🔥,"First G-Shock And From Casio Store Bhawar Sale (Totally In Love With It) | Costed: 14999/- Model: GM-B2100SD-1C (FULL METAL)

After my first experience of getting GBM-2100 fake from Myntra sale, I was too doubtful and suspicious but gave it a try on the spot trusting it's from official casio indian website, and was tensed out till it was getting delivered.

Still can't believe to pull this one on time.",sale_discount,
comment,nan,t3_1vsvsdz,p4r0hhq,t1_p4qx4uc,2026-08-20T02:53:31.000Z,1,1.0,,Thanks Bro,"First G-Shock And From Casio Store Bhawar Sale (Totally In Love With It) | Costed: 14999/- Model: GM-B2100SD-1C (FULL METAL)

After my first experience of getting GBM-2100 fake from Myntra sale, I was too doubtful and suspicious but gave it a try on the spot trusting it's from official casio indian website, and was tensed out till it was getting delivered.

Still can't believe to pull this one on time.",sale_discount,
comment,nan,t3_1vsvsdz,p4rk8xb,t3_1vsvsdz,2026-08-20T05:04:49.000Z,1,1.0,,I do not know much about casio but what makes it worth 15k?,"First G-Shock And From Casio Store Bhawar Sale (Totally In Love With It) | Costed: 14999/- Model: GM-B2100SD-1C (FULL METAL)

After my first experience of getting GBM-2100 fake from Myntra sale, I was too doubtful and suspicious but gave it a try on the spot trusting it's from official casio indian website, and was tensed out till it was getting delivered.

Still can't believe to pull this one on time.",sale_discount,
comment,nan,t3_1vsvsdz,p4rltpc,t1_p4rk8xb,2026-08-20T05:16:47.000Z,2,2.0,,"Check the specifications: full metal, bluetooth, tough solar, power reserve. MRP is 49,999/-. Got in special offer.","First G-Shock And From Casio Store Bhawar Sale (Totally In Love With It) | Costed: 14999/- Model: GM-B2100SD-1C (FULL METAL)

After my first experience of getting GBM-2100 fake from Myntra sale, I was too doubtful and suspicious but gave it a try on the spot trusting it's from official casio indian website, and was tensed out till it was getting delivered.

Still can't believe to pull this one on time.",sale_discount,
comment,nan,t3_1vsvsdz,p4rx1iz,t3_1vsvsdz,2026-08-20T06:45:45.000Z,1,1.0,,was there any sale on GMW-BZ5000 and the normal bluetooth casiaok?,"First G-Shock And From Casio Store Bhawar Sale (Totally In Love With It) | Costed: 14999/- Model: GM-B2100SD-1C (FULL METAL)

After my first experience of getting GBM-2100 fake from Myntra sale, I was too doubtful and suspicious but gave it a try on the spot trusting it's from official casio indian website, and was tensed out till it was getting delivered.

Still can't believe to pull this one on time.",sale_discount,
comment,nan,t3_1vsvsdz,p4rxm9h,t1_p4rx1iz,2026-08-20T06:50:27.000Z,1,1.0,,"Yup they had, i had seen this as well. Normal bluetooth casioak didn't have but was available in myntra last week for 6k

https://preview.redd.it/w1dy3snt8hkh1.jpeg?width=1272&format=pjpg&auto=webp&s=301172871e4672be723b4f64e42189f9537876ef","First G-Shock And From Casio Store Bhawar Sale (Totally In Love With It) | Costed: 14999/- Model: GM-B2100SD-1C (FULL METAL)

After my first experience of getting GBM-2100 fake from Myntra sale, I was too doubtful and suspicious but gave it a try on the spot trusting it's from official casio indian website, and was tensed out till it was getting delivered.

Still can't believe to pull this one on time.",sale_discount,
comment,nan,t3_1vsvsdz,p4rxq8p,t1_p4rx1iz,2026-08-20T06:51:21.000Z,1,1.0,,https://preview.redd.it/2q5lfxhz8hkh1.jpeg?width=1272&format=pjpg&auto=webp&s=ff70361510312cce2145d6900a42a65e399c622f,"First G-Shock And From Casio Store Bhawar Sale (Totally In Love With It) | Costed: 14999/- Model: GM-B2100SD-1C (FULL METAL)

After my first experience of getting GBM-2100 fake from Myntra sale, I was too doubtful and suspicious but gave it a try on the spot trusting it's from official casio indian website, and was tensed out till it was getting delivered.

Still can't believe to pull this one on time.",sale_discount,
comment,nan,t3_1vsvsdz,p4sfhp5,t1_p4rxm9h,2026-08-20T09:20:21.000Z,1,1.0,,ah the older b5000 not the newer mip ones ok,"First G-Shock And From Casio Store Bhawar Sale (Totally In Love With It) | Costed: 14999/- Model: GM-B2100SD-1C (FULL METAL)

After my first experience of getting GBM-2100 fake from Myntra sale, I was too doubtful and suspicious but gave it a try on the spot trusting it's from official casio indian website, and was tensed out till it was getting delivered.

Still can't believe to pull this one on time.",sale_discount,
post,r/SurveyZone,,t3_1vu67j8,,2026-08-21T04:32:33.000Z,1,1.0,Myntra Shopping & Wishlist Habits — Quick Survey form,,Myntra Shopping & Wishlist Habits — Quick Survey form,wishlist,/r/SurveyExchange/comments/1vu66r4/myntra_shopping_wishlist_habits_quick_survey_form/
post,r/prettyusefulwebsites,,t3_1vo5s26,,2026-08-14T12:22:25.000Z,2,2.0,I made an extension to make shopping easier looking for feedback.,"started as a tool for myself and family as I was tiered of calculating discounts on amazon and I use bookmarks for research, then I made it into an extension. then I added other features like cart manager, card discount finder, unit converter, price filter, reverse search...

# What it does

1. Lens - Image/Name search to find Deals, Alternative, Reviews for product.
2. Price in Tabs & Bookmarks for fast comparison with Cleans URLs & Product Titles
3. Shopping Guardian: Dark Pattern Alert , Suspicious Product Alert
4. Easy Link Copier

5. Amazon (the main focus):

1. Final price calculator (w/ Coupons+Shipping+Import)
2. Price History w/ Chart Analyzer
3. Price filter on search
4. Wishlist & Cart Manager
5. Card Discount Finder
6. Unit Converter
7. Product's Country of Origin
8. Seller Info (Rating & Country)
9. Auto apply coupon
10. EU Store Price Compare
11. Hide - Cart, Rufus Panels & sponsored products

6. Flipkart:

* No COD alert,
* Show in search - real price, OutOfStock, Show price of variants without switching.

7. See Webstore page for all features

The main idea is to make the research part of shopping faster and less tedious .

It is free, no account needed, runs locally and lightweight (284KiB).

# I need feedback:

1. what would make you keep this installed and keep using it ?
2. what would make you trust it ?
3. any feature suggestions
4. anything else

🌍 Supported Sites

* Amazon: All Regions and Stores (Fresh, Haul, Luxury, etc.)
* 🌍: Ebay, Alibaba, Aliexpress, Walmart, Etsy, Temu
* 🇺🇸: Target, Homedepot, Bestbuy
* 🇮🇳: Flipkart, Myntra, Ajio, Nykaa
* 🇪🇺: Zalando
* 🇩🇪: Otto
* 🇷🇺: Wildberries
* 🇵🇰: Daraz
* 🐉: Shopee

[https://chromewebstore.google.com/detail/papaya-shopping-pal/mfpcdfdipnnjflcllgecldmglhlnppch](https://chromewebstore.google.com/detail/papaya-shopping-pal/mfpcdfdipnnjflcllgecldmglhlnppch?utm_source=r_prettyusefulwebsites)

[https://addons.mozilla.org/en-US/firefox/addon/papaya/](https://addons.mozilla.org/en-US/firefox/addon/papaya/?utm_source=r_prettyusefulwebsites)

https://preview.redd.it/q2c16nqfrijh1.png?width=661&format=png&auto=webp&s=a1e254d4fcce416aab536a06603836c9d720b011

https://preview.redd.it/7n0yd7okrijh1.png?width=1080&format=png&auto=webp&s=4cae9f6443e3075d9c78312bfa2ad02d3135785e

https://preview.redd.it/5zas5e8mrijh1.png?width=1080&format=png&auto=webp&s=09557a77233dcc2354d8bdd3835b27512e7ac253","I made an extension to make shopping easier looking for feedback. started as a tool for myself and family as I was tiered of calculating discounts on amazon and I use bookmarks for research, then I made it into an extension. then I added other features like cart manager, card discount finder, unit converter, price filter, reverse search...

# What it does

1. Lens - Image/Name search to find Deals, Alternative, Reviews for product.
2. Price in Tabs & Bookmarks for fast comparison with Cleans URLs & Product Titles
3. Shopping Guardian: Dark Pattern Alert , Suspicious Product Alert
4. Easy Link Copier

5. Amazon (the main focus):

1. Final price calculator (w/ Coupons+Shipping+Import)
2. Price History w/ Chart Analyzer
3. Price filter on search
4. Wishlist & Cart Manager
5. Card Discount Finder
6. Unit Converter
7. Product's Country of Origin
8. Seller Info (Rating & Country)
9. Auto apply coupon
10. EU Store Price Compare
11. Hide - Cart, Rufus Panels & sponsored products

6. Flipkart:

* No COD alert,
* Show in search - real price, OutOfStock, Show price of variants without switching.

7. See Webstore page for all features

The main idea is to make the research part of shopping faster and less tedious .

It is free, no account needed, runs locally and lightweight (284KiB).

# I need feedback:

1. what would make you keep this installed and keep using it ?
2. what would make you trust it ?
3. any feature suggestions
4. anything else

🌍 Supported Sites

* Amazon: All Regions and Stores (Fresh, Haul, Luxury, etc.)
* 🌍: Ebay, Alibaba, Aliexpress, Walmart, Etsy, Temu
* 🇺🇸: Target, Homedepot, Bestbuy
* 🇮🇳: Flipkart, Myntra, Ajio, Nykaa
* 🇪🇺: Zalando
* 🇩🇪: Otto
* 🇷🇺: Wildberries
* 🇵🇰: Daraz
* 🐉: Shopee

[https://chromewebstore.google.com/detail/papaya-shopping-pal/mfpcdfdipnnjflcllgecldmglhlnppch](https://chromewebstore.google.com/detail/papaya-shopping-pal/mfpcdfdipnnjflcllgecldmglhlnppch?utm_source=r_prettyusefulwebsites)

[https://addons.mozilla.org/en-US/firefox/addon/papaya/](https://addons.mozilla.org/en-US/firefox/addon/papaya/?utm_source=r_prettyusefulwebsites)

https://preview.redd.it/q2c16nqfrijh1.png?width=661&format=png&auto=webp&s=a1e254d4fcce416aab536a06603836c9d720b011

https://preview.redd.it/7n0yd7okrijh1.png?width=1080&format=png&auto=webp&s=4cae9f6443e3075d9c78312bfa2ad02d3135785e

https://preview.redd.it/5zas5e8mrijh1.png?width=1080&format=png&auto=webp&s=09557a77233dcc2354d8bdd3835b27512e7ac253","wishlist, price_drop, coupon",https://www.reddit.com/r/prettyusefulwebsites/comments/1vo5s26/i_made_an_extension_to_make_shopping_easier/
post,r/ClothingStartups,,t3_1vbgjpm,,2026-07-31T04:31:51.000Z,0,0.0,My New Virtual Try On Startup,I have recently launched an app called LayerOn in the Google Play Store. This app solves the main problem of online garments/clothes shopping as we can try on clothes from any online shopping sites. No need to download the garment image supports automatic grabbing of cloth images from ecommerce sites. In signing up users can earn 2 free generations (1 sign up bonus + 1 Daily Reward). Will appreciate your support,My New Virtual Try On Startup I have recently launched an app called LayerOn in the Google Play Store. This app solves the main problem of online garments/clothes shopping as we can try on clothes from any online shopping sites. No need to download the garment image supports automatic grabbing of cloth images from ecommerce sites. In signing up users can earn 2 free generations (1 sign up bonus + 1 Daily Reward). Will appreciate your support,,https://i.redd.it/53wuxi2vthgh1.jpeg
post,r/MyntraSucks,,t3_1vu65x1,,2026-08-21T04:30:07.000Z,1,1.0,How much does myntra sucks and does it suck in these areas too? 5 minutes survey,"Hey! 👋 I'm working on a research project on online fashion shopping (Myntra + Wishlist habits) and would really appreciate your help!



It's a quick survey — takes only 5-8 mins. No right/wrong answers, just your honest experience 🙏



🔗 [https://docs.google.com/forms/d/e/1FAIpQLSe0ltom0G\_ee5dF-gmXaj3TuzQf\_XbnvQoMz-t-51jilubzsA/viewform?usp=sharing&ouid=105942368513613867147](https://docs.google.com/forms/d/e/1FAIpQLSe0ltom0G_ee5dF-gmXaj3TuzQf_XbnvQoMz-t-51jilubzsA/viewform?usp=sharing&ouid=105942368513613867147)



Would mean a lot if you could fill it out and maybe share with 1-2 friends too! Thanks so much 🫶","How much does myntra sucks and does it suck in these areas too? 5 minutes survey Hey! 👋 I'm working on a research project on online fashion shopping (Myntra + Wishlist habits) and would really appreciate your help!



It's a quick survey — takes only 5-8 mins. No right/wrong answers, just your honest experience 🙏



🔗 [https://docs.google.com/forms/d/e/1FAIpQLSe0ltom0G\_ee5dF-gmXaj3TuzQf\_XbnvQoMz-t-51jilubzsA/viewform?usp=sharing&ouid=105942368513613867147](https://docs.google.com/forms/d/e/1FAIpQLSe0ltom0G_ee5dF-gmXaj3TuzQf_XbnvQoMz-t-51jilubzsA/viewform?usp=sharing&ouid=105942368513613867147)



Would mean a lot if you could fill it out and maybe share with 1-2 friends too! Thanks so much 🫶",wishlist,https://www.reddit.com/r/MyntraSucks/comments/1vu65x1/how_much_does_myntra_sucks_and_does_it_suck_in/
post,r/micro_saas,,t3_1vbgxy4,,2026-07-31T04:52:14.000Z,1,1.0,My New Virtual Try On App,I have recently launched an app called LayerOn in the Google Play Store. This app solves the main problem of online garments/clothes shopping as we can try on clothes from any online shopping sites. No need to download the garment image supports automatic grabbing of cloth images from ecommerce sites. In signing up users can earn 2 free generations (1 sign up bonus + 1 Daily Reward). Will appreciate your support.,My New Virtual Try On App I have recently launched an app called LayerOn in the Google Play Store. This app solves the main problem of online garments/clothes shopping as we can try on clothes from any online shopping sites. No need to download the garment image supports automatic grabbing of cloth images from ecommerce sites. In signing up users can earn 2 free generations (1 sign up bonus + 1 Daily Reward). Will appreciate your support.,,https://i.redd.it/ksmb3oxhxhgh1.jpeg
post,r/Indiashopping,,t3_1vnfhel,,2026-08-13T16:23:10.000Z,3,3.0,I made an extension to make shopping easier,"started as a tool for myself and family as I was tiered of calculating discounts on amazon and I use bookmarks for research, then I made it into an extension. then I added other features like cart manager, card discount finder, unit converter, price filter, reverse search...

What it does

1. Lens - Image/Name search to find Deals, Alternative, Reviews for product.
2. Price in Tabs & Bookmarks for fast comparison with Cleans URLs & Product Titles
3. Shopping Guardian: Dark Pattern Alert , Suspicious Product Alert
4. Easy Link Copier
5. Amazon (the main focus):

* Final price calculator (w/ Coupons+Shipping+Import)
* Price History w/ Chart Analyzer
* Price filter on search
* Wishlist & Cart Manager
* Card Discount Finder
* Unit Converter
* Product's Country of Origin
* Seller Info (Rating & Country)
* Auto apply coupon
* Hide - Cart, Rufus Panels & sponsored products

1. Flipkart:

* No COD alert,
* Show in search - real price, OutOfStock, Show price of variants without switching.

1. See Webstore page for all features

The main idea is to make the *research part* of shopping faster and less tedious .

It is **free, no account** needed\*\*,\*\* runs **locally** and **lightweight** (284KiB).

# I need feedback:

1. what would make you keep this installed and keep using it ?
2. what would make you **trust** it ?
3. any feature suggestions
4. UI

Supported Sites

* Amazon: All Regions and Stores (Fresh, Haul, Luxury, etc.)
* 🇮🇳: Flipkart, Myntra, Ajio, Nykaa
* 🌍: Ebay, Alibaba, Aliexpress, Walmart, Etsy, Temu

[https://chromewebstore.google.com/detail/papaya-shopping-pal/mfpcdfdipnnjflcllgecldmglhlnppch](https://chromewebstore.google.com/detail/papaya-shopping-pal/mfpcdfdipnnjflcllgecldmglhlnppch?utm_source=r_indiashopping)

[https://addons.mozilla.org/en-US/firefox/addon/papaya/](https://addons.mozilla.org/en-US/firefox/addon/papaya/?utm_source=r_indiashopping)","I made an extension to make shopping easier started as a tool for myself and family as I was tiered of calculating discounts on amazon and I use bookmarks for research, then I made it into an extension. then I added other features like cart manager, card discount finder, unit converter, price filter, reverse search...

What it does

1. Lens - Image/Name search to find Deals, Alternative, Reviews for product.
2. Price in Tabs & Bookmarks for fast comparison with Cleans URLs & Product Titles
3. Shopping Guardian: Dark Pattern Alert , Suspicious Product Alert
4. Easy Link Copier
5. Amazon (the main focus):

* Final price calculator (w/ Coupons+Shipping+Import)
* Price History w/ Chart Analyzer
* Price filter on search
* Wishlist & Cart Manager
* Card Discount Finder
* Unit Converter
* Product's Country of Origin
* Seller Info (Rating & Country)
* Auto apply coupon
* Hide - Cart, Rufus Panels & sponsored products

1. Flipkart:

* No COD alert,
* Show in search - real price, OutOfStock, Show price of variants without switching.

1. See Webstore page for all features

The main idea is to make the *research part* of shopping faster and less tedious .

It is **free, no account** needed\*\*,\*\* runs **locally** and **lightweight** (284KiB).

# I need feedback:

1. what would make you keep this installed and keep using it ?
2. what would make you **trust** it ?
3. any feature suggestions
4. UI

Supported Sites

* Amazon: All Regions and Stores (Fresh, Haul, Luxury, etc.)
* 🇮🇳: Flipkart, Myntra, Ajio, Nykaa
* 🌍: Ebay, Alibaba, Aliexpress, Walmart, Etsy, Temu

[https://chromewebstore.google.com/detail/papaya-shopping-pal/mfpcdfdipnnjflcllgecldmglhlnppch](https://chromewebstore.google.com/detail/papaya-shopping-pal/mfpcdfdipnnjflcllgecldmglhlnppch?utm_source=r_indiashopping)

[https://addons.mozilla.org/en-US/firefox/addon/papaya/](https://addons.mozilla.org/en-US/firefox/addon/papaya/?utm_source=r_indiashopping)","wishlist, price_drop, coupon",https://www.reddit.com/r/Indiashopping/comments/1vnfhel/i_made_an_extension_to_make_shopping_easier/
post,r/chrome_extensions,,t3_1vnf9rv,,2026-08-13T16:15:38.000Z,1,1.0,I made an extension to make shopping easier looking for feedback.,"started as a tool for myself and family as I was tiered of calculating discounts on amazon and I use bookmarks for research, then I made it into an extension. then I added other features like cart manager, card discount finder, unit converter, price filter, reverse search...

Initial release in feb and since I have been polishing it and now its at a point where there is nothing else to add.

The growth is painfully slow only 4 users on chrome and 3 on firefox probably from people I know and few fellow earthlings who use it for a day which seems like a disappointment as I have spent alot of time building this.

What it does

1. Lens - Image/Name search to find Deals, Alternative, Reviews for product.
2. Price in Tabs & Bookmarks for fast comparison with Cleans URLs & Product Titles
3. Shopping Guardian: Dark Pattern Alert , Suspicious Product Alert
4. Easy Link Copier
5. Amazon (the main focus):

* Final price calculator (w/ Coupons+Shipping+Import)
* Price History w/ Chart Analyzer
* Price filter on search
* Wishlist & Cart Manager
* Card Discount Finder
* Unit Converter
* Product's Country of Origin
* Seller Info (Rating & Country)
* Auto apply coupon
* EU Store Price Compare
* Hide - Cart, Rufus Panels & sponsored products

1. Flipkart:

* No COD alert,
* Show in search - real price, OutOfStock, Show price of variants without switching.

1. See Webstore page for all features

The main idea is to make the *research part* of shopping faster and less tedious .

It is **free, no account** needed\*\*,\*\* runs **locally** and **lightweight** (284KiB).

# I need feedback:

1. what would make you keep this installed and keep using it ?
2. what would make you **trust** it ?
3. any feature suggestions
4. technical or UX issues you notice - performance, content-script behavior, UI, onboarding...
5. how to get more users ?
6. monetization tips
7. anything else

🌍 Supported Sites

* Amazon: All Regions and Stores (Fresh, Haul, Luxury, etc.)
* 🌍: Ebay, Alibaba, Aliexpress, Walmart, Etsy, Temu
* 🇺🇸: Target, Homedepot, Bestbuy
* 🇮🇳: Flipkart, Myntra, Ajio, Nykaa
* 🇪🇺: Zalando
* 🇩🇪: Otto
* 🇷🇺: Wildberries
* 🇵🇰: Daraz
* 🐉: Shopee

[https://chromewebstore.google.com/detail/papaya-shopping-pal/mfpcdfdipnnjflcllgecldmglhlnppch](https://chromewebstore.google.com/detail/papaya-shopping-pal/mfpcdfdipnnjflcllgecldmglhlnppch?utm_source=r_chromeextensions)

[https://addons.mozilla.org/en-US/firefox/addon/papaya/](https://addons.mozilla.org/en-US/firefox/addon/papaya/?utm_source=r_chromeextensions)

[Final Price Calculator](https://preview.redd.it/bhfv4fjtccjh1.png?width=2781&format=png&auto=webp&s=3613d2773ac42f2949de40f998e4ad7bc3414099)

https://preview.redd.it/10ejuf8uccjh1.png?width=2784&format=png&auto=webp&s=1a8931da0994bc5267a0c1445a361153596a3191

[Search \(works on all supported websites\)](https://preview.redd.it/5ve4pd1vccjh1.png?width=373&format=png&auto=webp&s=d68ab3759e0374fc0a1022b4dfa8eab6e2fb71bc)

https://preview.redd.it/kg34sfmvccjh1.png?width=661&format=png&auto=webp&s=a4652572b1ab975d6f84f76bdec5acd4f782e0f2

https://preview.redd.it/ounvcpfwccjh1.png?width=217&format=png&auto=webp&s=e15653385186c786ed414083ff7c2c3830216fdc

https://preview.redd.it/18d237xwccjh1.png?width=360&format=png&auto=webp&s=4f5c094ac1fd7a208d5f99a346439dd7c5c6d94c

https://preview.redd.it/4w0jmjexccjh1.png?width=314&format=png&auto=webp&s=72a7b5994f87a14f95234acd4a3dbad5cca3f6b9

[Price in Tabs](https://preview.redd.it/yn55y77yccjh1.png?width=416&format=png&auto=webp&s=f99b3f06ce2b07087dbec437fc168a0ea4ff75a8)

[Price in Bookmarks](https://preview.redd.it/q6kokeyyccjh1.png?width=801&format=png&auto=webp&s=2e73069eb06fa0a28740c96ba6fc2a4dd70a8562)

[Seller Info](https://preview.redd.it/hhu2y8fzccjh1.png?width=418&format=png&auto=webp&s=1d9b24b769647ca72f6fc0f285ac4e5eddf1f5d1)

[Amazon Price Filter](https://preview.redd.it/yu6370xzccjh1.png?width=2392&format=png&auto=webp&s=61a71f329c80dce47b0e8aeab67292f231554a35)

https://preview.redd.it/bhfysxe0dcjh1.png?width=404&format=png&auto=webp&s=4fd8a6e4e8d8973150d1f238516f2cf892485091

[Hide Rufus, Side Panel, Sponsored](https://preview.redd.it/3wzhjdz0dcjh1.png?width=449&format=png&auto=webp&s=fd4f8fa309dda3af30c03c90b30c467f476ec502)

[Card Discount Finder](https://preview.redd.it/1gl1lxh1dcjh1.png?width=818&format=png&auto=webp&s=507abaf6117b61de34f0d0a60481233424c41ef5)

https://preview.redd.it/0wjt9a12dcjh1.png?width=857&format=png&auto=webp&s=b7cd362fa9d8595d416bbb3aa07dd28775a5a578","I made an extension to make shopping easier looking for feedback. started as a tool for myself and family as I was tiered of calculating discounts on amazon and I use bookmarks for research, then I made it into an extension. then I added other features like cart manager, card discount finder, unit converter, price filter, reverse search...

Initial release in feb and since I have been polishing it and now its at a point where there is nothing else to add.

The growth is painfully slow only 4 users on chrome and 3 on firefox probably from people I know and few fellow earthlings who use it for a day which seems like a disappointment as I have spent alot of time building this.

What it does

1. Lens - Image/Name search to find Deals, Alternative, Reviews for product.
2. Price in Tabs & Bookmarks for fast comparison with Cleans URLs & Product Titles
3. Shopping Guardian: Dark Pattern Alert , Suspicious Product Alert
4. Easy Link Copier
5. Amazon (the main focus):

* Final price calculator (w/ Coupons+Shipping+Import)
* Price History w/ Chart Analyzer
* Price filter on search
* Wishlist & Cart Manager
* Card Discount Finder
* Unit Converter
* Product's Country of Origin
* Seller Info (Rating & Country)
* Auto apply coupon
* EU Store Price Compare
* Hide - Cart, Rufus Panels & sponsored products

1. Flipkart:

* No COD alert,
* Show in search - real price, OutOfStock, Show price of variants without switching.

1. See Webstore page for all features

The main idea is to make the *research part* of shopping faster and less tedious .

It is **free, no account** needed\*\*,\*\* runs **locally** and **lightweight** (284KiB).

# I need feedback:

1. what would make you keep this installed and keep using it ?
2. what would make you **trust** it ?
3. any feature suggestions
4. technical or UX issues you notice - performance, content-script behavior, UI, onboarding...
5. how to get more users ?
6. monetization tips
7. anything else

🌍 Supported Sites

* Amazon: All Regions and Stores (Fresh, Haul, Luxury, etc.)
* 🌍: Ebay, Alibaba, Aliexpress, Walmart, Etsy, Temu
* 🇺🇸: Target, Homedepot, Bestbuy
* 🇮🇳: Flipkart, Myntra, Ajio, Nykaa
* 🇪🇺: Zalando
* 🇩🇪: Otto
* 🇷🇺: Wildberries
* 🇵🇰: Daraz
* 🐉: Shopee

[https://chromewebstore.google.com/detail/papaya-shopping-pal/mfpcdfdipnnjflcllgecldmglhlnppch](https://chromewebstore.google.com/detail/papaya-shopping-pal/mfpcdfdipnnjflcllgecldmglhlnppch?utm_source=r_chromeextensions)

[https://addons.mozilla.org/en-US/firefox/addon/papaya/](https://addons.mozilla.org/en-US/firefox/addon/papaya/?utm_source=r_chromeextensions)

[Final Price Calculator](https://preview.redd.it/bhfv4fjtccjh1.png?width=2781&format=png&auto=webp&s=3613d2773ac42f2949de40f998e4ad7bc3414099)

https://preview.redd.it/10ejuf8uccjh1.png?width=2784&format=png&auto=webp&s=1a8931da0994bc5267a0c1445a361153596a3191

[Search \(works on all supported websites\)](https://preview.redd.it/5ve4pd1vccjh1.png?width=373&format=png&auto=webp&s=d68ab3759e0374fc0a1022b4dfa8eab6e2fb71bc)

https://preview.redd.it/kg34sfmvccjh1.png?width=661&format=png&auto=webp&s=a4652572b1ab975d6f84f76bdec5acd4f782e0f2

https://preview.redd.it/ounvcpfwccjh1.png?width=217&format=png&auto=webp&s=e15653385186c786ed414083ff7c2c3830216fdc

https://preview.redd.it/18d237xwccjh1.png?width=360&format=png&auto=webp&s=4f5c094ac1fd7a208d5f99a346439dd7c5c6d94c

https://preview.redd.it/4w0jmjexccjh1.png?width=314&format=png&auto=webp&s=72a7b5994f87a14f95234acd4a3dbad5cca3f6b9

[Price in Tabs](https://preview.redd.it/yn55y77yccjh1.png?width=416&format=png&auto=webp&s=f99b3f06ce2b07087dbec437fc168a0ea4ff75a8)

[Price in Bookmarks](https://preview.redd.it/q6kokeyyccjh1.png?width=801&format=png&auto=webp&s=2e73069eb06fa0a28740c96ba6fc2a4dd70a8562)

[Seller Info](https://preview.redd.it/hhu2y8fzccjh1.png?width=418&format=png&auto=webp&s=1d9b24b769647ca72f6fc0f285ac4e5eddf1f5d1)

[Amazon Price Filter](https://preview.redd.it/yu6370xzccjh1.png?width=2392&format=png&auto=webp&s=61a71f329c80dce47b0e8aeab67292f231554a35)

https://preview.redd.it/bhfysxe0dcjh1.png?width=404&format=png&auto=webp&s=4fd8a6e4e8d8973150d1f238516f2cf892485091

[Hide Rufus, Side Panel, Sponsored](https://preview.redd.it/3wzhjdz0dcjh1.png?width=449&format=png&auto=webp&s=fd4f8fa309dda3af30c03c90b30c467f476ec502)

[Card Discount Finder](https://preview.redd.it/1gl1lxh1dcjh1.png?width=818&format=png&auto=webp&s=507abaf6117b61de34f0d0a60481233424c41ef5)

https://preview.redd.it/0wjt9a12dcjh1.png?width=857&format=png&auto=webp&s=b7cd362fa9d8595d416bbb3aa07dd28775a5a578","wishlist, price_drop, coupon",https://www.reddit.com/r/chrome_extensions/comments/1vnf9rv/i_made_an_extension_to_make_shopping_easier/
post,r/SurveyExchange,,t3_1vu66r4,,2026-08-21T04:31:22.000Z,2,2.0,Myntra Shopping & Wishlist Habits — Quick Survey form,"Hey! 👋 I'm working on a research project on online fashion shopping (Myntra + Wishlist habits) and would really appreciate your help!



It's a quick survey — takes only 5-8 mins. No right/wrong answers, just your honest experience 🙏



🔗 [https://docs.google.com/forms/d/e/1FAIpQLSe0ltom0G\_ee5dF-gmXaj3TuzQf\_XbnvQoMz-t-51jilubzsA/viewform?usp=sharing&ouid=105942368513613867147](https://docs.google.com/forms/d/e/1FAIpQLSe0ltom0G_ee5dF-gmXaj3TuzQf_XbnvQoMz-t-51jilubzsA/viewform?usp=sharing&ouid=105942368513613867147)



Would mean a lot if you could fill it out and maybe share with 1-2 friends too! Thanks so much 🫶","Myntra Shopping & Wishlist Habits — Quick Survey form Hey! 👋 I'm working on a research project on online fashion shopping (Myntra + Wishlist habits) and would really appreciate your help!



It's a quick survey — takes only 5-8 mins. No right/wrong answers, just your honest experience 🙏



🔗 [https://docs.google.com/forms/d/e/1FAIpQLSe0ltom0G\_ee5dF-gmXaj3TuzQf\_XbnvQoMz-t-51jilubzsA/viewform?usp=sharing&ouid=105942368513613867147](https://docs.google.com/forms/d/e/1FAIpQLSe0ltom0G_ee5dF-gmXaj3TuzQf_XbnvQoMz-t-51jilubzsA/viewform?usp=sharing&ouid=105942368513613867147)



Would mean a lot if you could fill it out and maybe share with 1-2 friends too! Thanks so much 🫶",wishlist,https://www.reddit.com/r/SurveyExchange/comments/1vu66r4/myntra_shopping_wishlist_habits_quick_survey_form/
post,r/fucksavana_,,t3_1vlh1sw,,2026-08-11T13:10:26.000Z,6,6.0,Has Anyone Bought these offshoulder tshirts?,"I've been trying to find good quality off shoulder tshirts EVERYWHERE but they all looked so cheap especially on Myntra and Amazon. The ones on Savana aren't really convincing either. Has anyone ever bought these? I know there's many other on Savana atp I've added them all on my wishlist but I'm not so sure about the quality, wear and especially if the neck area will hold its shape or not. Any suggestions, opinions are welcomed. :) ","Has Anyone Bought these offshoulder tshirts? I've been trying to find good quality off shoulder tshirts EVERYWHERE but they all looked so cheap especially on Myntra and Amazon. The ones on Savana aren't really convincing either. Has anyone ever bought these? I know there's many other on Savana atp I've added them all on my wishlist but I'm not so sure about the quality, wear and especially if the neck area will hold its shape or not. Any suggestions, opinions are welcomed. :)",wishlist,https://www.reddit.com/gallery/1vlh1sw
comment,nan,t3_1vu66r4,p4z7o82,t3_1vu66r4,2026-08-21T06:53:20.000Z,1,1.0,,"Hey I've done yours could you please do mine [https://forms.gle/wkcxmCPRxC1fN7UcA](https://forms.gle/wkcxmCPRxC1fN7UcA)?  
Thanks in advance 🙏","Myntra Shopping & Wishlist Habits — Quick Survey form Hey! 👋 I'm working on a research project on online fashion shopping (Myntra + Wishlist habits) and would really appreciate your help!



It's a quick survey — takes only 5-8 mins. No right/wrong answers, just your honest experience 🙏



🔗 [https://docs.google.com/forms/d/e/1FAIpQLSe0ltom0G\_ee5dF-gmXaj3TuzQf\_XbnvQoMz-t-51jilubzsA/viewform?usp=sharing&ouid=105942368513613867147](https://docs.google.com/forms/d/e/1FAIpQLSe0ltom0G_ee5dF-gmXaj3TuzQf_XbnvQoMz-t-51jilubzsA/viewform?usp=sharing&ouid=105942368513613867147)



Would mean a lot if you could fill it out and maybe share with 1-2 friends too! Thanks so much 🫶",wishlist,
comment,nan,t3_1vu66r4,p4zzs2s,t1_p4z7o82,2026-08-21T10:42:39.000Z,1,1.0,,Completed,"Myntra Shopping & Wishlist Habits — Quick Survey form Hey! 👋 I'm working on a research project on online fashion shopping (Myntra + Wishlist habits) and would really appreciate your help!



It's a quick survey — takes only 5-8 mins. No right/wrong answers, just your honest experience 🙏



🔗 [https://docs.google.com/forms/d/e/1FAIpQLSe0ltom0G\_ee5dF-gmXaj3TuzQf\_XbnvQoMz-t-51jilubzsA/viewform?usp=sharing&ouid=105942368513613867147](https://docs.google.com/forms/d/e/1FAIpQLSe0ltom0G_ee5dF-gmXaj3TuzQf_XbnvQoMz-t-51jilubzsA/viewform?usp=sharing&ouid=105942368513613867147)



Would mean a lot if you could fill it out and maybe share with 1-2 friends too! Thanks so much 🫶",wishlist,
comment,nan,t3_1vu66r4,p4zyldl,t3_1vu66r4,2026-08-21T10:34:02.000Z,1,1.0,,I haven't used myntra before. Am I eligible?,"Myntra Shopping & Wishlist Habits — Quick Survey form Hey! 👋 I'm working on a research project on online fashion shopping (Myntra + Wishlist habits) and would really appreciate your help!



It's a quick survey — takes only 5-8 mins. No right/wrong answers, just your honest experience 🙏



🔗 [https://docs.google.com/forms/d/e/1FAIpQLSe0ltom0G\_ee5dF-gmXaj3TuzQf\_XbnvQoMz-t-51jilubzsA/viewform?usp=sharing&ouid=105942368513613867147](https://docs.google.com/forms/d/e/1FAIpQLSe0ltom0G_ee5dF-gmXaj3TuzQf_XbnvQoMz-t-51jilubzsA/viewform?usp=sharing&ouid=105942368513613867147)



Would mean a lot if you could fill it out and maybe share with 1-2 friends too! Thanks so much 🫶",wishlist,
comment,nan,t3_1vu66r4,p4zz3pj,t1_p4zyldl,2026-08-21T10:37:46.000Z,2,2.0,,no sry i need people who have used myntra,"Myntra Shopping & Wishlist Habits — Quick Survey form Hey! 👋 I'm working on a research project on online fashion shopping (Myntra + Wishlist habits) and would really appreciate your help!



It's a quick survey — takes only 5-8 mins. No right/wrong answers, just your honest experience 🙏



🔗 [https://docs.google.com/forms/d/e/1FAIpQLSe0ltom0G\_ee5dF-gmXaj3TuzQf\_XbnvQoMz-t-51jilubzsA/viewform?usp=sharing&ouid=105942368513613867147](https://docs.google.com/forms/d/e/1FAIpQLSe0ltom0G_ee5dF-gmXaj3TuzQf_XbnvQoMz-t-51jilubzsA/viewform?usp=sharing&ouid=105942368513613867147)



Would mean a lot if you could fill it out and maybe share with 1-2 friends too! Thanks so much 🫶",wishlist,
comment,nan,t3_1vlh1sw,p31f0kj,t3_1vlh1sw,2026-08-11T13:56:47.000Z,5,5.0,,"Yasss, Girl! 
I got one and the material is really soft..it is similar to the dark blue one you added. It's really nice ☺️","Has Anyone Bought these offshoulder tshirts? I've been trying to find good quality off shoulder tshirts EVERYWHERE but they all looked so cheap especially on Myntra and Amazon. The ones on Savana aren't really convincing either. Has anyone ever bought these? I know there's many other on Savana atp I've added them all on my wishlist but I'm not so sure about the quality, wear and especially if the neck area will hold its shape or not. Any suggestions, opinions are welcomed. :)",wishlist,
comment,nan,t3_1vlh1sw,p329d48,t1_p31f0kj,2026-08-11T16:09:27.000Z,2,2.0,,Oh okay that givese a little bit of confidence to order one for myself..been looking for good quality ones a lot,"Has Anyone Bought these offshoulder tshirts? I've been trying to find good quality off shoulder tshirts EVERYWHERE but they all looked so cheap especially on Myntra and Amazon. The ones on Savana aren't really convincing either. Has anyone ever bought these? I know there's many other on Savana atp I've added them all on my wishlist but I'm not so sure about the quality, wear and especially if the neck area will hold its shape or not. Any suggestions, opinions are welcomed. :)",wishlist,
comment,nan,t3_1vlh1sw,p32h2b6,t3_1vlh1sw,2026-08-11T16:41:49.000Z,5,5.0,,"its good but I wouldn't spend 600 on some basic top, its better to get it from elsewhere. 
","Has Anyone Bought these offshoulder tshirts? I've been trying to find good quality off shoulder tshirts EVERYWHERE but they all looked so cheap especially on Myntra and Amazon. The ones on Savana aren't really convincing either. Has anyone ever bought these? I know there's many other on Savana atp I've added them all on my wishlist but I'm not so sure about the quality, wear and especially if the neck area will hold its shape or not. Any suggestions, opinions are welcomed. :)",wishlist,
comment,nan,t3_1vlh1sw,p3dbfco,t1_p32h2b6,2026-08-13T02:45:06.000Z,1,1.0,,"My thoughts exactly. Even though I don't own one of these offshoulder tshirts and I really want to, if this was good cotton and good quality maybe I would've spent the 600 but the material is slightly offputting that's why I'm trying to gather more reviews :/","Has Anyone Bought these offshoulder tshirts? I've been trying to find good quality off shoulder tshirts EVERYWHERE but they all looked so cheap especially on Myntra and Amazon. The ones on Savana aren't really convincing either. Has anyone ever bought these? I know there's many other on Savana atp I've added them all on my wishlist but I'm not so sure about the quality, wear and especially if the neck area will hold its shape or not. Any suggestions, opinions are welcomed. :)",wishlist,
comment,nan,t3_1vlh1sw,p327zi2,t3_1vlh1sw,2026-08-11T16:03:33.000Z,2,2.0,,[removed],"Has Anyone Bought these offshoulder tshirts? I've been trying to find good quality off shoulder tshirts EVERYWHERE but they all looked so cheap especially on Myntra and Amazon. The ones on Savana aren't really convincing either. Has anyone ever bought these? I know there's many other on Savana atp I've added them all on my wishlist but I'm not so sure about the quality, wear and especially if the neck area will hold its shape or not. Any suggestions, opinions are welcomed. :)",wishlist,
comment,nan,t3_1vlh1sw,p3299bg,t1_p327zi2,2026-08-11T16:08:59.000Z,1,1.0,,could u pls show which one u got? :),"Has Anyone Bought these offshoulder tshirts? I've been trying to find good quality off shoulder tshirts EVERYWHERE but they all looked so cheap especially on Myntra and Amazon. The ones on Savana aren't really convincing either. Has anyone ever bought these? I know there's many other on Savana atp I've added them all on my wishlist but I'm not so sure about the quality, wear and especially if the neck area will hold its shape or not. Any suggestions, opinions are welcomed. :)",wishlist,
comment,nan,t3_1vlh1sw,p32x3b8,t3_1vlh1sw,2026-08-11T17:48:48.000Z,2,2.0,,"not these, but I did buy the Taylor swift one and it's actually really good!!!! the material and everything too, absolute 10/10. 

would definitely recommend ","Has Anyone Bought these offshoulder tshirts? I've been trying to find good quality off shoulder tshirts EVERYWHERE but they all looked so cheap especially on Myntra and Amazon. The ones on Savana aren't really convincing either. Has anyone ever bought these? I know there's many other on Savana atp I've added them all on my wishlist but I'm not so sure about the quality, wear and especially if the neck area will hold its shape or not. Any suggestions, opinions are welcomed. :)",wishlist,
comment,nan,t3_1vlh1sw,p3db8fp,t1_p32x3b8,2026-08-13T02:43:58.000Z,1,1.0,,"oh yea i did come across the taylor one, TYSM for ur input :)","Has Anyone Bought these offshoulder tshirts? I've been trying to find good quality off shoulder tshirts EVERYWHERE but they all looked so cheap especially on Myntra and Amazon. The ones on Savana aren't really convincing either. Has anyone ever bought these? I know there's many other on Savana atp I've added them all on my wishlist but I'm not so sure about the quality, wear and especially if the neck area will hold its shape or not. Any suggestions, opinions are welcomed. :)",wishlist,
comment,nan,t3_1vlh1sw,p3dandz,t3_1vlh1sw,2026-08-13T02:40:30.000Z,2,2.0,,"if price not an issue bershka is good for these

","Has Anyone Bought these offshoulder tshirts? I've been trying to find good quality off shoulder tshirts EVERYWHERE but they all looked so cheap especially on Myntra and Amazon. The ones on Savana aren't really convincing either. Has anyone ever bought these? I know there's many other on Savana atp I've added them all on my wishlist but I'm not so sure about the quality, wear and especially if the neck area will hold its shape or not. Any suggestions, opinions are welcomed. :)","wishlist, price_drop",
comment,nan,t3_1vlh1sw,p3db4zo,t1_p3dandz,2026-08-13T02:43:23.000Z,1,1.0,,i would prefer saving up and owning a good quality clothing so yea pricing might be an issue now but I can save up for it :) would u mind maybe sharing any links?,"Has Anyone Bought these offshoulder tshirts? I've been trying to find good quality off shoulder tshirts EVERYWHERE but they all looked so cheap especially on Myntra and Amazon. The ones on Savana aren't really convincing either. Has anyone ever bought these? I know there's many other on Savana atp I've added them all on my wishlist but I'm not so sure about the quality, wear and especially if the neck area will hold its shape or not. Any suggestions, opinions are welcomed. :)",wishlist,
comment,nan,t3_1vlh1sw,p37423f,t3_1vlh1sw,2026-08-12T07:35:39.000Z,1,1.0,,cotton or polyester ,"Has Anyone Bought these offshoulder tshirts? I've been trying to find good quality off shoulder tshirts EVERYWHERE but they all looked so cheap especially on Myntra and Amazon. The ones on Savana aren't really convincing either. Has anyone ever bought these? I know there's many other on Savana atp I've added them all on my wishlist but I'm not so sure about the quality, wear and especially if the neck area will hold its shape or not. Any suggestions, opinions are welcomed. :)",wishlist,
comment,nan,t3_1vlh1sw,p3dbl0n,t1_p37423f,2026-08-13T02:46:01.000Z,1,1.0,,"Savana lists most of its cloths or atleast these tshirts as ""flat jersey"" which I'm guessing is fully synthetic or maybe cotton blend. They don't provide the fabric details properly though.","Has Anyone Bought these offshoulder tshirts? I've been trying to find good quality off shoulder tshirts EVERYWHERE but they all looked so cheap especially on Myntra and Amazon. The ones on Savana aren't really convincing either. Has anyone ever bought these? I know there's many other on Savana atp I've added them all on my wishlist but I'm not so sure about the quality, wear and especially if the neck area will hold its shape or not. Any suggestions, opinions are welcomed. :)",wishlist,
comment,nan,t3_1vlh1sw,p3fdkhv,t1_p3dbl0n,2026-08-13T11:53:18.000Z,1,1.0,,I got the white one and got it M size because I needed it oversized and with jeans its sits perfect,"Has Anyone Bought these offshoulder tshirts? I've been trying to find good quality off shoulder tshirts EVERYWHERE but they all looked so cheap especially on Myntra and Amazon. The ones on Savana aren't really convincing either. Has anyone ever bought these? I know there's many other on Savana atp I've added them all on my wishlist but I'm not so sure about the quality, wear and especially if the neck area will hold its shape or not. Any suggestions, opinions are welcomed. :)","wishlist, product_quality",
post,r/TeluguFashion,,t3_1vvdipr,,2026-08-22T14:12:45.000Z,8,8.0,OOTD - Solo date 😋,"Top - H&M

Tank top - myntra

Trouser - westside 

Shoes - westside 

Earings - Local bangle store 

(Sorry for the image quality nene front camera petkoni timer petti teeskuna😔🙏🏻)","OOTD - Solo date 😋 Top - H&M

Tank top - myntra

Trouser - westside 

Shoes - westside 

Earings - Local bangle store 

(Sorry for the image quality nene front camera petkoni timer petti teeskuna😔🙏🏻)",,https://www.reddit.com/gallery/1vvdipr
comment,nan,t3_1vvdipr,p582l5v,t3_1vvdipr,2026-08-22T14:12:46.000Z,1,1.0,,"Thank you for posting in Telugu Fashion, u/caatwomannn! If your post is related to an outfit, please make sure to share the outfit details either in the post body or by replying to this comment.


*I am a bot, and this action was performed automatically. Please [contact the moderators of this subreddit](/message/compose/?to=/r/TeluguFashion) if you have any questions or concerns.*","OOTD - Solo date 😋 Top - H&M

Tank top - myntra

Trouser - westside 

Shoes - westside 

Earings - Local bangle store 

(Sorry for the image quality nene front camera petkoni timer petti teeskuna😔🙏🏻)",product_quality,
post,r/dealsforindia,,t3_1vvcgh0,,2026-08-22T13:27:55.000Z,2,2.0,#Myntra HRX Sliders From ₹299 😍,,#Myntra HRX Sliders From ₹299 😍,,https://i.redd.it/7pg34irjhxkh1.jpeg
comment,nan,t3_1vvcgh0,p57u11j,t3_1vvcgh0,2026-08-22T13:28:38.000Z,1,1.0,,"#Myntra HRX Sliders From ₹299 😍

🔗https://myntr.it/zrNY08k",#Myntra HRX Sliders From ₹299 😍 nan,,
comment,nan,t3_1vvcgh0,p57txen,t3_1vvcgh0,2026-08-22T13:28:07.000Z,1,1.0,,"#Myntra HRX Sliders From ₹299 😍

🔗https://myntr.it/zrNY08k",#Myntra HRX Sliders From ₹299 😍 nan,,
post,r/Raw_n_real_finance,,t3_1vvcfpj,,2026-08-22T13:26:58.000Z,1,1.0,Puma Men's Dazzler Sneaker & More from ₹1549,"\#deals #amazon #flipkart #myntra #dealsdhamaka

Follow for more dhamaka deals on Whatsapp ---> [https://whatsapp.com/channel/0029Vb8uw8hEQIap7LMnNj3A](https://whatsapp.com/channel/0029Vb8uw8hEQIap7LMnNj3A)","Puma Men's Dazzler Sneaker & More from ₹1549 \#deals #amazon #flipkart #myntra #dealsdhamaka

Follow for more dhamaka deals on Whatsapp ---> [https://whatsapp.com/channel/0029Vb8uw8hEQIap7LMnNj3A](https://whatsapp.com/channel/0029Vb8uw8hEQIap7LMnNj3A)",,https://amazn.lt/Xdt3R6D9
post,r/IndianBeautyTalks,,t3_1vvcosn,,2026-08-22T13:37:57.000Z,1,1.0,Suggest should I buy this combo or something else??,"As a beginner planning to buy this, I had similar back then ( some other brand)

  
Like it's great at the price blush + highlighter+ eye shadow pallete.

Suggest should I buy this or something else??!!!

I wanna recreate the trending glitter looks plus the soft the girl kind of things.","Suggest should I buy this combo or something else?? As a beginner planning to buy this, I had similar back then ( some other brand)

  
Like it's great at the price blush + highlighter+ eye shadow pallete.

Suggest should I buy this or something else??!!!

I wanna recreate the trending glitter looks plus the soft the girl kind of things.",price_drop,https://i.redd.it/43sesje1jxkh1.jpeg
post,r/Raw_n_real_finance,,t3_1vvd6z0,,2026-08-22T13:59:30.000Z,1,1.0,"Everyuth Naturals Anti Acne, Anti Marks Tulsi Turmeric... @89","\#deals #amazon #flipkart #myntra #dealsdhamaka

Follow for more dhamaka deals on Whatsapp ---> [https://whatsapp.com/channel/0029Vb8uw8hEQIap7LMnNj3A](https://whatsapp.com/channel/0029Vb8uw8hEQIap7LMnNj3A)","Everyuth Naturals Anti Acne, Anti Marks Tulsi Turmeric... @89 \#deals #amazon #flipkart #myntra #dealsdhamaka

Follow for more dhamaka deals on Whatsapp ---> [https://whatsapp.com/channel/0029Vb8uw8hEQIap7LMnNj3A](https://whatsapp.com/channel/0029Vb8uw8hEQIap7LMnNj3A)",,https://amazn.lt/y4w6b26R
post,r/Raw_n_real_finance,,t3_1vvce10,,2026-08-22T13:24:54.000Z,1,1.0,Amazon Brand- Solimo Kitty Printed Silicon Soft TPU Bac... & More from ₹38,"\#deals #amazon #flipkart #myntra #dealsdhamaka

Follow for more dhamaka deals on Whatsapp ---> [https://whatsapp.com/channel/0029Vb8uw8hEQIap7LMnNj3A](https://whatsapp.com/channel/0029Vb8uw8hEQIap7LMnNj3A)","Amazon Brand- Solimo Kitty Printed Silicon Soft TPU Bac... & More from ₹38 \#deals #amazon #flipkart #myntra #dealsdhamaka

Follow for more dhamaka deals on Whatsapp ---> [https://whatsapp.com/channel/0029Vb8uw8hEQIap7LMnNj3A](https://whatsapp.com/channel/0029Vb8uw8hEQIap7LMnNj3A)",,https://amazn.lt/71UupC9l
post,r/Raw_n_real_finance,,t3_1vvcegt,,2026-08-22T13:25:24.000Z,1,1.0,Dr Batra's Natural Shower Gel 200 ml @179,"\#deals #amazon #flipkart #myntra #dealsdhamaka

Follow for more dhamaka deals on Whatsapp ---> [https://whatsapp.com/channel/0029Vb8uw8hEQIap7LMnNj3A](https://whatsapp.com/channel/0029Vb8uw8hEQIap7LMnNj3A)","Dr Batra's Natural Shower Gel 200 ml @179 \#deals #amazon #flipkart #myntra #dealsdhamaka

Follow for more dhamaka deals on Whatsapp ---> [https://whatsapp.com/channel/0029Vb8uw8hEQIap7LMnNj3A](https://whatsapp.com/channel/0029Vb8uw8hEQIap7LMnNj3A)",,https://amazn.lt/x12VQnPU
comment,nan,t3_1vvcosn,p57z8zk,t3_1vvcosn,2026-08-22T13:55:39.000Z,1,1.0,,"mars palettes are pretty decent for the price honestly. the pigmentation usually shows up well on indian skin tones and they don't get patchy like some other budget brands

  
that said if you're going for those glittery soft girl looks you might want to check if the shimmer shades in this one are more metallic or actually sparkly. some of their palettes lean more satin finish than true glitter

  
the highlighter in these combo palettes is usually the weak point. it tends to be a bit chalky and emphasizes texture so you might end up reaching for a separate one anyway

  
if the reviews mention the shimmer payoff is good then go for it. at 349 it's not a huge risk","Suggest should I buy this combo or something else?? As a beginner planning to buy this, I had similar back then ( some other brand)

  
Like it's great at the price blush + highlighter+ eye shadow pallete.

Suggest should I buy this or something else??!!!

I wanna recreate the trending glitter looks plus the soft the girl kind of things.","price_drop, product_quality",
post,r/Raw_n_real_finance,,t3_1vvcggw,,2026-08-22T13:27:55.000Z,1,1.0,"Everyuth Naturals Anti Acne, Anti Marks Tulsi Turmeric... @89","\#deals #amazon #flipkart #myntra #dealsdhamaka

Follow for more dhamaka deals on Whatsapp ---> [https://whatsapp.com/channel/0029Vb8uw8hEQIap7LMnNj3A](https://whatsapp.com/channel/0029Vb8uw8hEQIap7LMnNj3A)","Everyuth Naturals Anti Acne, Anti Marks Tulsi Turmeric... @89 \#deals #amazon #flipkart #myntra #dealsdhamaka

Follow for more dhamaka deals on Whatsapp ---> [https://whatsapp.com/channel/0029Vb8uw8hEQIap7LMnNj3A](https://whatsapp.com/channel/0029Vb8uw8hEQIap7LMnNj3A)",,https://amazn.lt/y4w6b26R
post,r/dealsforindia,,t3_1vvd7g2,,2026-08-22T14:00:02.000Z,1,1.0,Myntra : Upto 90% Off : Men's Casual Shirts,,Myntra : Upto 90% Off : Men's Casual Shirts,,https://i.redd.it/8fefqlx9nxkh1.jpeg
post,r/Raw_n_real_finance,,t3_1vvcdnl,,2026-08-22T13:24:29.000Z,1,1.0,HP M10 Wired USB Mouse With 3 Buttons High Definition 1... @215,"\#deals #amazon #flipkart #myntra #dealsdhamaka

Follow for more dhamaka deals on Whatsapp ---> [https://whatsapp.com/channel/0029Vb8uw8hEQIap7LMnNj3A](https://whatsapp.com/channel/0029Vb8uw8hEQIap7LMnNj3A)","HP M10 Wired USB Mouse With 3 Buttons High Definition 1... @215 \#deals #amazon #flipkart #myntra #dealsdhamaka

Follow for more dhamaka deals on Whatsapp ---> [https://whatsapp.com/channel/0029Vb8uw8hEQIap7LMnNj3A](https://whatsapp.com/channel/0029Vb8uw8hEQIap7LMnNj3A)",,https://amazn.lt/H76NN0WK
comment,nan,t3_1vvd7g2,p5805hy,t3_1vvd7g2,2026-08-22T14:00:19.000Z,1,1.0,,"Myntra : Upto 90% Off : Men's Casual Shirts

Masterlink : https://myntr.it/gO94H1k

Highlander : https://myntr.it/wdp1Z01
Here & Now : https://myntr.it/JeuktGU
Mast & Harbour : https://myntr.it/bHn45k1
Roadster : https://myntr.it/2Tbvvg3
Snitch : https://myntr.it/aX6rDs8
Locomotive : https://myntr.it/Kd9b2LI",Myntra : Upto 90% Off : Men's Casual Shirts nan,,
post,r/IndianMods,,t3_1vv6mx7,,2026-08-22T08:21:03.000Z,0,0.0,I feel my sub is not performing well. Why is it so ?,"I started a sub many months back.. r/IndiaShopping.

It has grown to approx 3k subscribers from scratch. 

How do you think it is performing ?  

There has been an avalanche of new Indian subs over Reddit and I find many of them with followers in tens or hundreds of thousands. 

How do they gather so many subscribers and engagement.. something like r/MyntraDiscounts, r/FuckZepto. 

The topic of my sub is also quite trending and people do appreciate the aim of that forum. 

So why is it performing bad.. atleast comparatively ? ","I feel my sub is not performing well. Why is it so ? I started a sub many months back.. r/IndiaShopping.

It has grown to approx 3k subscribers from scratch. 

How do you think it is performing ?  

There has been an avalanche of new Indian subs over Reddit and I find many of them with followers in tens or hundreds of thousands. 

How do they gather so many subscribers and engagement.. something like r/MyntraDiscounts, r/FuckZepto. 

The topic of my sub is also quite trending and people do appreciate the aim of that forum. 

So why is it performing bad.. atleast comparatively ?",price_drop,https://www.reddit.com/r/IndianMods/comments/1vv6mx7/i_feel_my_sub_is_not_performing_well_why_is_it_so/
comment,nan,t3_1vv6mx7,p56oix8,t3_1vv6mx7,2026-08-22T08:31:16.000Z,3,3.0,,"name is a little vague (which you cant really change now), also there are posts about handbags and about paneer both. as a poster I'd feel confused about what the subreddit is supposed to be. 

Those other subs are popular because a lot of those posts are reactionary. 

Best bet is to invite people (who are active in similar communities) to post and cross post your sub posts on similar subreddits (where it is allowed)","I feel my sub is not performing well. Why is it so ? I started a sub many months back.. r/IndiaShopping.

It has grown to approx 3k subscribers from scratch. 

How do you think it is performing ?  

There has been an avalanche of new Indian subs over Reddit and I find many of them with followers in tens or hundreds of thousands. 

How do they gather so many subscribers and engagement.. something like r/MyntraDiscounts, r/FuckZepto. 

The topic of my sub is also quite trending and people do appreciate the aim of that forum. 

So why is it performing bad.. atleast comparatively ?",price_drop,
comment,nan,t3_1vv6mx7,p57unli,t1_p56oix8,2026-08-22T13:31:53.000Z,1,1.0,,"Oh actually my idea was a broader community for shopping as a whole. 

Not a particular category of items. 

So people can also discuss meta like shopping platforms.. Amazon, Zepto. 

""Reactionary"" as in ? 

I tried crossposting but it never adds subscribers but yeah invite is a good option. ","I feel my sub is not performing well. Why is it so ? I started a sub many months back.. r/IndiaShopping.

It has grown to approx 3k subscribers from scratch. 

How do you think it is performing ?  

There has been an avalanche of new Indian subs over Reddit and I find many of them with followers in tens or hundreds of thousands. 

How do they gather so many subscribers and engagement.. something like r/MyntraDiscounts, r/FuckZepto. 

The topic of my sub is also quite trending and people do appreciate the aim of that forum. 

So why is it performing bad.. atleast comparatively ?",price_drop,
comment,nan,t3_1vv6mx7,p56x4qv,t3_1vv6mx7,2026-08-22T09:47:45.000Z,1,1.0,,"you need to post more, make posts about new offers on products etc.","I feel my sub is not performing well. Why is it so ? I started a sub many months back.. r/IndiaShopping.

It has grown to approx 3k subscribers from scratch. 

How do you think it is performing ?  

There has been an avalanche of new Indian subs over Reddit and I find many of them with followers in tens or hundreds of thousands. 

How do they gather so many subscribers and engagement.. something like r/MyntraDiscounts, r/FuckZepto. 

The topic of my sub is also quite trending and people do appreciate the aim of that forum. 

So why is it performing bad.. atleast comparatively ?",price_drop,
comment,nan,t3_1vv6mx7,p56zm9d,t1_p56x4qv,2026-08-22T10:09:06.000Z,1,1.0,,https://preview.redd.it/xi60y593iwkh1.jpeg?width=1125&format=pjpg&auto=webp&s=2bd692164c8274b2d9fabb5cdafbeaeb63b64113,"I feel my sub is not performing well. Why is it so ? I started a sub many months back.. r/IndiaShopping.

It has grown to approx 3k subscribers from scratch. 

How do you think it is performing ?  

There has been an avalanche of new Indian subs over Reddit and I find many of them with followers in tens or hundreds of thousands. 

How do they gather so many subscribers and engagement.. something like r/MyntraDiscounts, r/FuckZepto. 

The topic of my sub is also quite trending and people do appreciate the aim of that forum. 

So why is it performing bad.. atleast comparatively ?",price_drop,
comment,nan,t3_1vv6mx7,p57uyj4,t1_p56x4qv,2026-08-22T13:33:28.000Z,1,1.0,,"Hmm ""new offers"" since they attract attention ?","I feel my sub is not performing well. Why is it so ? I started a sub many months back.. r/IndiaShopping.

It has grown to approx 3k subscribers from scratch. 

How do you think it is performing ?  

There has been an avalanche of new Indian subs over Reddit and I find many of them with followers in tens or hundreds of thousands. 

How do they gather so many subscribers and engagement.. something like r/MyntraDiscounts, r/FuckZepto. 

The topic of my sub is also quite trending and people do appreciate the aim of that forum. 

So why is it performing bad.. atleast comparatively ?",price_drop,
comment,nan,t3_1vv6mx7,p5701j1,t1_p56zm9d,2026-08-22T10:12:37.000Z,1,1.0,,"https://preview.redd.it/euihdddpiwkh1.jpeg?width=320&format=pjpg&auto=webp&s=7c7297522b8f56e9975d280f91fd7cabe6c02603

","I feel my sub is not performing well. Why is it so ? I started a sub many months back.. r/IndiaShopping.

It has grown to approx 3k subscribers from scratch. 

How do you think it is performing ?  

There has been an avalanche of new Indian subs over Reddit and I find many of them with followers in tens or hundreds of thousands. 

How do they gather so many subscribers and engagement.. something like r/MyntraDiscounts, r/FuckZepto. 

The topic of my sub is also quite trending and people do appreciate the aim of that forum. 

So why is it performing bad.. atleast comparatively ?",price_drop,
comment,nan,t3_1vv6mx7,p570y9d,t1_p5701j1,2026-08-22T10:20:07.000Z,1,1.0,,![gif](giphy|1ojn1S7BTXUry8elNi),"I feel my sub is not performing well. Why is it so ? I started a sub many months back.. r/IndiaShopping.

It has grown to approx 3k subscribers from scratch. 

How do you think it is performing ?  

There has been an avalanche of new Indian subs over Reddit and I find many of them with followers in tens or hundreds of thousands. 

How do they gather so many subscribers and engagement.. something like r/MyntraDiscounts, r/FuckZepto. 

The topic of my sub is also quite trending and people do appreciate the aim of that forum. 

So why is it performing bad.. atleast comparatively ?",price_drop,
post,r/IndiaDealsExchange,,t3_1vufkgk,,2026-08-21T12:54:13.000Z,1,1.0,[H] 85% Upi[W] Myntra gift card 3k,"I want myntra gc at 15%discount any denomination works

Comment then dm","[H] 85% Upi[W] Myntra gift card 3k I want myntra gc at 15%discount any denomination works

Comment then dm",price_drop,https://www.reddit.com/r/IndiaDealsExchange/comments/1vufkgk/h_85_upiw_myntra_gift_card_3k/
comment,nan,t3_1vufkgk,p50lutm,t3_1vufkgk,2026-08-21T12:54:16.000Z,1,1.0,,"|**User Report**|&nbsp;|&nbsp;|&nbsp;|
|--- |--- |--- |--- |
|**Username**|/u/Scared-Assignment314|**Account Age**|4 years|
|**Post Karma**|28|**Comment Karma**|34|
|**Confirmed Trades**|45|**Unique Traders**|37|

^(This information does not guarantee a successful trade. It is being provided to help potential trade partners have more immediate background information about with whom they are trading. Please be sure to familiarize yourself with the [RULES](https://www.reddit.com/r/IndiaDealsExchange/wiki/rules) and other guides on the [WIKI](https://www.reddit.com/r/IndiaDealsExchange/wiki/index). We highly recommend using the [ADMIN](https://www.reddit.com/r/IndiaDealsExchange/wiki/admin_method) to ensure a secure trade.)","[H] 85% Upi[W] Myntra gift card 3k I want myntra gc at 15%discount any denomination works

Comment then dm",price_drop,
comment,nan,t3_1vufkgk,p50luf1,t3_1vufkgk,2026-08-21T12:54:13.000Z,1,1.0,,"⚠️ **CRITICAL SAFETY GUIDELINES**

* **Demand a Comment First:** Ignore DMs from users who haven't commented on your post (banned users cannot comment). Read our **[Safe Trading Guide](https://www.reddit.com/r/IndiaDealsExchange/wiki/index/trading_guide)**.
* **Check the [Scammer List](https://www.reddit.com/r/IndiaDealsExchange/wiki/ide_ban_list/)** before sending payment or items.
* **Use the [Admin Method](https://www.reddit.com/r/IndiaDealsExchange/wiki/admin_method/)** for trades involving new users.
* **Report Issues:** Send suspicious activity to **[Modmail](https://www.reddit.com/message/compose?to=%2Fr%2FIndiaDealsExchange)**.

*I am a bot, and this action was performed automatically. Please [contact the moderators of this subreddit](/message/compose/?to=/r/IndiaDealsExchange) if you have any questions or concerns.*","[H] 85% Upi[W] Myntra gift card 3k I want myntra gc at 15%discount any denomination works

Comment then dm",price_drop,
comment,nan,t3_1vufkgk,p50m2s7,t3_1vufkgk,2026-08-21T12:55:26.000Z,1,1.0,,DM if 10% works,"[H] 85% Upi[W] Myntra gift card 3k I want myntra gc at 15%discount any denomination works

Comment then dm",price_drop,
comment,nan,t3_1vufkgk,p50m2sy,t1_p50m2s7,2026-08-21T12:55:26.000Z,1,1.0,,"Hi u/Skull_crusherji, Make sure to read this before trading

* **VERIFY:** Check the [Scammer List](https://www.reddit.com/r/IndiaDealsExchange/wiki/scammer_list/) and users profile before trading. 
* **SECURE:** Use the [Admin Method](https://www.reddit.com/r/IndiaDealsExchange/wiki/admin_method/) for new/unknown traders.
* **REPORT:** Contact mods through modmail if you see suspicious behavior.

*I am a bot, and this action was performed automatically. Please [contact the moderators of this subreddit](/message/compose/?to=/r/IndiaDealsExchange) if you have any questions or concerns.*","[H] 85% Upi[W] Myntra gift card 3k I want myntra gc at 15%discount any denomination works

Comment then dm",price_drop,
comment,nan,t3_1vufkgk,p50nz6p,t1_p50m2s7,2026-08-21T13:05:10.000Z,1,1.0,,Can take at 14%,"[H] 85% Upi[W] Myntra gift card 3k I want myntra gc at 15%discount any denomination works

Comment then dm",price_drop,
comment,nan,t3_1vufkgk,p50u2mx,t3_1vufkgk,2026-08-21T13:34:39.000Z,1,1.0,,dm if 10% ,"[H] 85% Upi[W] Myntra gift card 3k I want myntra gc at 15%discount any denomination works

Comment then dm",price_drop,
comment,nan,t3_1vufkgk,p50u2t7,t1_p50u2mx,2026-08-21T13:34:40.000Z,1,1.0,,"Hi u/Resident_Host4028, Make sure to read this before trading

* **VERIFY:** Check the [Scammer List](https://www.reddit.com/r/IndiaDealsExchange/wiki/scammer_list/) and users profile before trading. 
* **SECURE:** Use the [Admin Method](https://www.reddit.com/r/IndiaDealsExchange/wiki/admin_method/) for new/unknown traders.
* **REPORT:** Contact mods through modmail if you see suspicious behavior.

*I am a bot, and this action was performed automatically. Please [contact the moderators of this subreddit](/message/compose/?to=/r/IndiaDealsExchange) if you have any questions or concerns.*","[H] 85% Upi[W] Myntra gift card 3k I want myntra gc at 15%discount any denomination works

Comment then dm",price_drop,
comment,nan,t3_1vufkgk,p530oub,t1_p50u2mx,2026-08-21T19:18:51.000Z,1,1.0,,Last 14% d if interested ,"[H] 85% Upi[W] Myntra gift card 3k I want myntra gc at 15%discount any denomination works

Comment then dm",price_drop,
comment,nan,t3_1vufkgk,p56u10c,t3_1vufkgk,2026-08-22T09:20:19.000Z,1,1.0,,"dm if 10% works

","[H] 85% Upi[W] Myntra gift card 3k I want myntra gc at 15%discount any denomination works

Comment then dm",price_drop,
comment,nan,t3_1vufkgk,p56u10t,t1_p56u10c,2026-08-22T09:20:19.000Z,1,1.0,,"Hi u/unknown_but_undead, Make sure to read this before trading

* **VERIFY:** Check the [Scammer List](https://www.reddit.com/r/IndiaDealsExchange/wiki/scammer_list/) and users profile before trading. 
* **SECURE:** Use the [Admin Method](https://www.reddit.com/r/IndiaDealsExchange/wiki/admin_method/) for new/unknown traders.
* **REPORT:** Contact mods through modmail if you see suspicious behavior.

*I am a bot, and this action was performed automatically. Please [contact the moderators of this subreddit](/message/compose/?to=/r/IndiaDealsExchange) if you have any questions or concerns.*","[H] 85% Upi[W] Myntra gift card 3k I want myntra gc at 15%discount any denomination works

Comment then dm",price_drop,
post,r/topdealsfinder,,t3_1vuicmh,,2026-08-21T14:44:55.000Z,5,5.0,H&M Loose Fit Hoodie,"💰 **Deal Price:** ₹969 *(may vary)*

🏷️ **MRP:** ~~₹1,499~~ | **Discount:** **35% off** (**Save ₹530**)

**🔗 Buy on Myntra** : [https://myntr.store/share/hlq278t](https://myntr.store/share/hlq278t)","H&M Loose Fit Hoodie 💰 **Deal Price:** ₹969 *(may vary)*

🏷️ **MRP:** ~~₹1,499~~ | **Discount:** **35% off** (**Save ₹530**)

**🔗 Buy on Myntra** : [https://myntr.store/share/hlq278t](https://myntr.store/share/hlq278t)","price_drop, product_quality",https://i.redd.it/rwm6ei7cqqkh1.png
post,r/IndianBeautyDeals,,t3_1vtwf6c,,2026-08-20T21:19:37.000Z,12,12.0,PAC brushes at 25% off on myntra + extra 25% off with coupon,Go run!!!!,PAC brushes at 25% off on myntra + extra 25% off with coupon Go run!!!!,coupon,https://www.reddit.com/gallery/1vtwf6c
post,r/topdealsfinder,,t3_1vtlumy,,2026-08-20T14:58:32.000Z,1,1.0,BERGNER Silver Sauce Pan With Lid,"**BERGNER Silver Sauce Pan With Lid**

💰 **Deal Price:** ₹559 *(may vary)*

🏷️ **MRP:** ~~₹1,979~~ | **Discount:** **72% off** (**Save ₹1,420**)

**🔗 Buy on Myntra** : [https://myntr.store/share/1ky2wio](https://myntr.store/share/1ky2wio)","BERGNER Silver Sauce Pan With Lid **BERGNER Silver Sauce Pan With Lid**

💰 **Deal Price:** ₹559 *(may vary)*

🏷️ **MRP:** ~~₹1,979~~ | **Discount:** **72% off** (**Save ₹1,420**)

**🔗 Buy on Myntra** : [https://myntr.store/share/1ky2wio](https://myntr.store/share/1ky2wio)",price_drop,https://i.redd.it/6ol2i1zunjkh1.png
post,r/IndianBeautyDeals,,t3_1vtliyq,,2026-08-20T14:46:11.000Z,11,11.0,Bbw and VS on Myntra,"Get the VS sugared petals   
It’s such a nice gourmand fragrance","Bbw and VS on Myntra Get the VS sugared petals   
It’s such a nice gourmand fragrance",,https://i.redd.it/4ukeh48pljkh1.jpeg
comment,nan,t3_1vtwf6c,p4wmba5,t3_1vtwf6c,2026-08-20T21:29:24.000Z,6,6.0,,How do u have so much myntra credit? Gota refund or wht?,PAC brushes at 25% off on myntra + extra 25% off with coupon Go run!!!!,"coupon, cancellation_refund",
comment,nan,t3_1vtwf6c,p4wml1x,t1_p4wmba5,2026-08-20T21:30:41.000Z,2,2.0,,Glam clan,PAC brushes at 25% off on myntra + extra 25% off with coupon Go run!!!!,coupon,
comment,nan,t3_1vtwf6c,p4wmuen,t1_p4wml1x,2026-08-20T21:31:55.000Z,1,1.0,,Oh. Am planning to start posting.  Any tips?👉🏻👈🏻,PAC brushes at 25% off on myntra + extra 25% off with coupon Go run!!!!,coupon,
comment,nan,t3_1vtwf6c,p4wnbh5,t1_p4wmuen,2026-08-20T21:34:10.000Z,6,6.0,,I just post pictures of my nails when I buy any nailpaint. But yeah try that your first 3 posts are videos. You'll get 200 for each video and 100 for each photo for these 3 posts,PAC brushes at 25% off on myntra + extra 25% off with coupon Go run!!!!,coupon,
comment,nan,t3_1vtwf6c,p4wntfk,t1_p4wnbh5,2026-08-20T21:36:32.000Z,1,1.0,,Thanks for the tips buddy:),PAC brushes at 25% off on myntra + extra 25% off with coupon Go run!!!!,coupon,
comment,nan,t3_1vtwf6c,p4ytr21,t1_p4wntfk,2026-08-21T05:03:18.000Z,2,2.0,,Use AI videos. They expect aesthetic videos. ,PAC brushes at 25% off on myntra + extra 25% off with coupon Go run!!!!,coupon,
comment,nan,t3_1vtwf6c,p50bo0k,t1_p4ytr21,2026-08-21T11:58:57.000Z,1,1.0,,Ok I'll try. Btw which website or tools do u use for this?,PAC brushes at 25% off on myntra + extra 25% off with coupon Go run!!!!,coupon,
comment,nan,t3_1vtwf6c,p50efpn,t1_p50bo0k,2026-08-21T12:14:40.000Z,2,2.0,,First one which pops up google search. 🙂‍↕️ I added the images of product or a video of myself using it and then ask it make it aesthetic. ,PAC brushes at 25% off on myntra + extra 25% off with coupon Go run!!!!,coupon,
comment,nan,t3_1vtwf6c,p50evk6,t1_p50efpn,2026-08-21T12:17:05.000Z,1,1.0,,Oo thats cool. I'll try for sure👯‍♀️,PAC brushes at 25% off on myntra + extra 25% off with coupon Go run!!!!,coupon,
comment,nan,t3_1vtwf6c,p4wt6q7,t3_1vtwf6c,2026-08-20T22:02:38.000Z,2,2.0,,I'm thinking to get foundation and blush brush are they worth it for 650?,PAC brushes at 25% off on myntra + extra 25% off with coupon Go run!!!!,coupon,
comment,nan,t3_1vtwf6c,p4wtfie,t1_p4wt6q7,2026-08-20T22:03:51.000Z,3,3.0,,I've heard pac brushes are really good,PAC brushes at 25% off on myntra + extra 25% off with coupon Go run!!!!,coupon,
comment,nan,t3_1vtwf6c,p4ytnb0,t1_p4wt6q7,2026-08-21T05:02:31.000Z,1,1.0,,Get the s series brushes ,PAC brushes at 25% off on myntra + extra 25% off with coupon Go run!!!!,coupon,
comment,nan,t3_1vtwf6c,p4ww2sr,t1_p4wtfie,2026-08-20T22:17:05.000Z,1,1.0,,Ah thank you ,PAC brushes at 25% off on myntra + extra 25% off with coupon Go run!!!!,coupon,
comment,nan,t3_1vtwf6c,p4yuca6,t1_p4ytnb0,2026-08-21T05:07:47.000Z,2,2.0,,"I ordered these two

https://preview.redd.it/0rzlu51fvnkh1.jpeg?width=1080&format=pjpg&auto=webp&s=671833e642617db7fefac1df219376609199ae4e",PAC brushes at 25% off on myntra + extra 25% off with coupon Go run!!!!,coupon,
comment,nan,t3_1vtwf6c,p50eknn,t1_p4yuca6,2026-08-21T12:15:25.000Z,1,1.0,,They're good. I searched the s series one but myntra only has 3 of them not the foundation and blush ones I needed.,PAC brushes at 25% off on myntra + extra 25% off with coupon Go run!!!!,coupon,
comment,nan,t3_1vtwf6c,p519k5x,t1_p50eknn,2026-08-21T14:45:11.000Z,1,1.0,,Ohh cool and thank you ,PAC brushes at 25% off on myntra + extra 25% off with coupon Go run!!!!,coupon,
comment,nan,t3_1vtwf6c,p4x0jmu,t3_1vtwf6c,2026-08-20T22:39:50.000Z,1,1.0,,It's showing not deliverable to my pincode,PAC brushes at 25% off on myntra + extra 25% off with coupon Go run!!!!,coupon,
comment,nan,t3_1vtwf6c,p4ythew,t3_1vtwf6c,2026-08-21T05:01:19.000Z,1,1.0,,Thanks love. ,PAC brushes at 25% off on myntra + extra 25% off with coupon Go run!!!!,coupon,
post,r/indianbeautyyappers,,t3_1vth0ga,,2026-08-20T11:37:12.000Z,1,1.0,Influence of de influence me please,"My mba is starting soon and l wanna build a good everyday+special occasion kinda makeup.

I have all the skincare stuff and conceler.

My shade is medium-tan to dusky (warm-neutral with a strong golden base and a slight olive hint)

I am basically getting lippes for this round of shopping. 

My budget is 1k ( but not 1k for a single item😭😭😭😭🙏)","Influence of de influence me please My mba is starting soon and l wanna build a good everyday+special occasion kinda makeup.

I have all the skincare stuff and conceler.

My shade is medium-tan to dusky (warm-neutral with a strong golden base and a slight olive hint)

I am basically getting lippes for this round of shopping. 

My budget is 1k ( but not 1k for a single item😭😭😭😭🙏)",,https://www.reddit.com/gallery/1vth0ga
comment,nan,t3_1vtliyq,p4unjfb,t3_1vtliyq,2026-08-20T16:23:48.000Z,2,2.0,,"🥲 bought 2  from their site, 200 plus loss .. i should have waited a bit kore to buy from myntra","Bbw and VS on Myntra Get the VS sugared petals   
It’s such a nice gourmand fragrance",,
comment,nan,t3_1vtliyq,p4uzrbx,t1_p4unjfb,2026-08-20T17:15:22.000Z,1,1.0,,Oh no maybe remember next time ,"Bbw and VS on Myntra Get the VS sugared petals   
It’s such a nice gourmand fragrance",,
comment,nan,t3_1vth0ga,p4tfywe,t3_1vth0ga,2026-08-20T13:11:08.000Z,4,4.0,,Girl all those products are so bad please don’t buy I have them all it’s just waste of money . Mars products mostly cause pigmentation on the lips . I have also faced it . That faces Canada lip liner is  useless  it will wipe of in 30min  - 1 hr . If you want a budget lip gloss buy one of mila it’s good . And for lipsticks go for Maybelline one . Maybelline Color sensation Creamy matte lipstick it is good . For lip liner try makeup revolution lip liner it is good . And if you want to buy foundation try Maybelline . Burger friendly skin tint insight cosmetics one is good . If you want any other product review you can ask me . I have a lot of makeup products as I am an influencer I have like budget friendly to high end products ,"Influence of de influence me please My mba is starting soon and l wanna build a good everyday+special occasion kinda makeup.

I have all the skincare stuff and conceler.

My shade is medium-tan to dusky (warm-neutral with a strong golden base and a slight olive hint)

I am basically getting lippes for this round of shopping. 

My budget is 1k ( but not 1k for a single item😭😭😭😭🙏)",,
comment,nan,t3_1vth0ga,p4typhq,t1_p4tfywe,2026-08-20T14:37:46.000Z,1,1.0,,"Thankyou di, l will definitely MANY doubts, can l dm about them?

Also rec me some good brown lipsticks or any other lippies for my shade and range!","Influence of de influence me please My mba is starting soon and l wanna build a good everyday+special occasion kinda makeup.

I have all the skincare stuff and conceler.

My shade is medium-tan to dusky (warm-neutral with a strong golden base and a slight olive hint)

I am basically getting lippes for this round of shopping. 

My budget is 1k ( but not 1k for a single item😭😭😭😭🙏)",,
comment,nan,t3_1vth0ga,p4ucwhy,t1_p4typhq,2026-08-20T15:38:48.000Z,2,2.0,,You can dm me anytime and Colors Queen is also ok and long lasting but quality wise in your budget Maybelline is also good,"Influence of de influence me please My mba is starting soon and l wanna build a good everyday+special occasion kinda makeup.

I have all the skincare stuff and conceler.

My shade is medium-tan to dusky (warm-neutral with a strong golden base and a slight olive hint)

I am basically getting lippes for this round of shopping. 

My budget is 1k ( but not 1k for a single item😭😭😭😭🙏)",,
comment,nan,t3_1vth0ga,p4tj999,t3_1vth0ga,2026-08-20T13:27:01.000Z,4,4.0,,[removed],"Influence of de influence me please My mba is starting soon and l wanna build a good everyday+special occasion kinda makeup.

I have all the skincare stuff and conceler.

My shade is medium-tan to dusky (warm-neutral with a strong golden base and a slight olive hint)

I am basically getting lippes for this round of shopping. 

My budget is 1k ( but not 1k for a single item😭😭😭😭🙏)",,
comment,nan,t3_1vth0ga,p4u441g,t1_p4tj999,2026-08-20T15:01:10.000Z,1,1.0,,"Noted, thanks!

But they are costly🥹","Influence of de influence me please My mba is starting soon and l wanna build a good everyday+special occasion kinda makeup.

I have all the skincare stuff and conceler.

My shade is medium-tan to dusky (warm-neutral with a strong golden base and a slight olive hint)

I am basically getting lippes for this round of shopping. 

My budget is 1k ( but not 1k for a single item😭😭😭😭🙏)",,
comment,nan,t3_1vth0ga,p4uzzd9,t1_p4tj999,2026-08-20T17:16:17.000Z,1,1.0,,For a good juicy not too pricey lipgloss which one u recommend,"Influence of de influence me please My mba is starting soon and l wanna build a good everyday+special occasion kinda makeup.

I have all the skincare stuff and conceler.

My shade is medium-tan to dusky (warm-neutral with a strong golden base and a slight olive hint)

I am basically getting lippes for this round of shopping. 

My budget is 1k ( but not 1k for a single item😭😭😭😭🙏)",price_drop,
comment,nan,t3_1vth0ga,p4v17pb,t1_p4uzzd9,2026-08-20T17:21:29.000Z,1,1.0,,[removed],"Influence of de influence me please My mba is starting soon and l wanna build a good everyday+special occasion kinda makeup.

I have all the skincare stuff and conceler.

My shade is medium-tan to dusky (warm-neutral with a strong golden base and a slight olive hint)

I am basically getting lippes for this round of shopping. 

My budget is 1k ( but not 1k for a single item😭😭😭😭🙏)",,
comment,nan,t3_1vth0ga,p4zesu4,t1_p4v17pb,2026-08-21T07:52:36.000Z,1,1.0,,Can spend 600 too if it's worthy 🥲 so like any better option do uk?,"Influence of de influence me please My mba is starting soon and l wanna build a good everyday+special occasion kinda makeup.

I have all the skincare stuff and conceler.

My shade is medium-tan to dusky (warm-neutral with a strong golden base and a slight olive hint)

I am basically getting lippes for this round of shopping. 

My budget is 1k ( but not 1k for a single item😭😭😭😭🙏)",,
comment,nan,t3_1vth0ga,p4szb9s,t3_1vth0ga,2026-08-20T11:41:21.000Z,2,2.0,,"any particular reason why you are selecting mars products alone? 

there are other brands too which make great lipsticks for dusky skintone... insight, swiss beauty, hilary rhoda","Influence of de influence me please My mba is starting soon and l wanna build a good everyday+special occasion kinda makeup.

I have all the skincare stuff and conceler.

My shade is medium-tan to dusky (warm-neutral with a strong golden base and a slight olive hint)

I am basically getting lippes for this round of shopping. 

My budget is 1k ( but not 1k for a single item😭😭😭😭🙏)",,
comment,nan,t3_1vth0ga,p4szkfo,t1_p4szb9s,2026-08-20T11:42:51.000Z,1,1.0,,"No no, I am okay with those toooooo 

Please suggest!","Influence of de influence me please My mba is starting soon and l wanna build a good everyday+special occasion kinda makeup.

I have all the skincare stuff and conceler.

My shade is medium-tan to dusky (warm-neutral with a strong golden base and a slight olive hint)

I am basically getting lippes for this round of shopping. 

My budget is 1k ( but not 1k for a single item😭😭😭😭🙏)",,
comment,nan,t3_1vth0ga,p4t6vek,t1_p4szkfo,2026-08-20T12:24:23.000Z,2,2.0,,"i mean, mars makes great lipsticks too, my holy grail lippie zesty zumba is from mars so I am happy u have it in ur cart, but just wanted to point out that these other brands are making good shades too for dusky skin

what shade fam are you looking for? nude, browns, plum, red?","Influence of de influence me please My mba is starting soon and l wanna build a good everyday+special occasion kinda makeup.

I have all the skincare stuff and conceler.

My shade is medium-tan to dusky (warm-neutral with a strong golden base and a slight olive hint)

I am basically getting lippes for this round of shopping. 

My budget is 1k ( but not 1k for a single item😭😭😭😭🙏)",,
comment,nan,t3_1vth0ga,p4tyygy,t1_p4t6vek,2026-08-20T14:38:54.000Z,1,1.0,,"Brown one and nude, l don't wanna hoard things, just building somethinh minimal for normal days and good ones for days l wanna feel a bit EXTRA","Influence of de influence me please My mba is starting soon and l wanna build a good everyday+special occasion kinda makeup.

I have all the skincare stuff and conceler.

My shade is medium-tan to dusky (warm-neutral with a strong golden base and a slight olive hint)

I am basically getting lippes for this round of shopping. 

My budget is 1k ( but not 1k for a single item😭😭😭😭🙏)",,
comment,nan,t3_1vth0ga,p54hve0,t1_p4tyygy,2026-08-21T23:33:36.000Z,1,1.0,,"i personally love these as nudes - mulan by mila beaute, coffee date by hilary rhoda, caramel drop by swiss beauty, endurance by insight, rumour has it by nykaa, queen by mars mousse lipstick (i am slightly lighter than u, this is mulan on me [https://www.reddit.com/r/lipstickswatchesindia/comments/1vnxgov/mulan\_the\_most\_perfect\_nude\_brown\_i\_own\_b1g1\_free/](https://www.reddit.com/r/lipstickswatchesindia/comments/1vnxgov/mulan_the_most_perfect_nude_brown_i_own_b1g1_free/) )

for browns i love - lady marian by mila beaute, dark brown by swiss beauy HD matte, smoked bourbon/royal manhattan by swiss beauty, brownie by hilary rhoda bullet lipstick, aqua velva by insight, chai spice by insight, sweet mocha by faces, zesty zumba by mars (this last one pulls pink on most people but on me it is mauve brown, it's my HG lippie I can wear in an emergency  [https://www.reddit.com/r/lipstickswatchesindia/comments/1vj0epi/mars\_zesty\_zumba\_is\_not\_a\_pink\_brown\_lipstick\_on/](https://www.reddit.com/r/lipstickswatchesindia/comments/1vj0epi/mars_zesty_zumba_is_not_a_pink_brown_lipstick_on/) )

reddish browns are so good on dusky skin - winona by nykaa, dark magic by mars, natural coco by swiss beauty, rosewood love by insight, forsake beauty by faces (these are all various formula dupes of MAC Paramount!)

i like making lip combos bcos imo one shade cannot satisfy all skintones, lipstick is not made to do that, a lipstick is an accessory not a destination, so i end up mixing and matching like this [https://www.reddit.com/r/lipstickswatchesindia/comments/1vrm02q/todays\_lip\_combo\_deep\_rose\_nude\_matte/](https://www.reddit.com/r/lipstickswatchesindia/comments/1vrm02q/todays_lip_combo_deep_rose_nude_matte/)

u can check all these shades on youtube for color, before buying!","Influence of de influence me please My mba is starting soon and l wanna build a good everyday+special occasion kinda makeup.

I have all the skincare stuff and conceler.

My shade is medium-tan to dusky (warm-neutral with a strong golden base and a slight olive hint)

I am basically getting lippes for this round of shopping. 

My budget is 1k ( but not 1k for a single item😭😭😭😭🙏)",,
comment,nan,t3_1vth0ga,p4t0dpo,t3_1vth0ga,2026-08-20T11:47:41.000Z,2,2.0,,Mars lip liners are causing pigmentation ,"Influence of de influence me please My mba is starting soon and l wanna build a good everyday+special occasion kinda makeup.

I have all the skincare stuff and conceler.

My shade is medium-tan to dusky (warm-neutral with a strong golden base and a slight olive hint)

I am basically getting lippes for this round of shopping. 

My budget is 1k ( but not 1k for a single item😭😭😭😭🙏)",,
comment,nan,t3_1vth0ga,p4tya7h,t1_p4t0dpo,2026-08-20T14:35:53.000Z,1,1.0,,"I keep hearing, omfl thankyou!!!

Any recs","Influence of de influence me please My mba is starting soon and l wanna build a good everyday+special occasion kinda makeup.

I have all the skincare stuff and conceler.

My shade is medium-tan to dusky (warm-neutral with a strong golden base and a slight olive hint)

I am basically getting lippes for this round of shopping. 

My budget is 1k ( but not 1k for a single item😭😭😭😭🙏)",,
comment,nan,t3_1vth0ga,p4tzdyk,t1_p4tya7h,2026-08-20T14:40:47.000Z,1,1.0,,Insight is good,"Influence of de influence me please My mba is starting soon and l wanna build a good everyday+special occasion kinda makeup.

I have all the skincare stuff and conceler.

My shade is medium-tan to dusky (warm-neutral with a strong golden base and a slight olive hint)

I am basically getting lippes for this round of shopping. 

My budget is 1k ( but not 1k for a single item😭😭😭😭🙏)",,
comment,nan,t3_1vth0ga,p4u3ydz,t1_p4tzdyk,2026-08-20T15:00:29.000Z,1,1.0,,Insight lipliners? Or lipsticks,"Influence of de influence me please My mba is starting soon and l wanna build a good everyday+special occasion kinda makeup.

I have all the skincare stuff and conceler.

My shade is medium-tan to dusky (warm-neutral with a strong golden base and a slight olive hint)

I am basically getting lippes for this round of shopping. 

My budget is 1k ( but not 1k for a single item😭😭😭😭🙏)",,
comment,nan,t3_1vth0ga,p4u5saw,t1_p4u3ydz,2026-08-20T15:08:28.000Z,1,1.0,,Both are good,"Influence of de influence me please My mba is starting soon and l wanna build a good everyday+special occasion kinda makeup.

I have all the skincare stuff and conceler.

My shade is medium-tan to dusky (warm-neutral with a strong golden base and a slight olive hint)

I am basically getting lippes for this round of shopping. 

My budget is 1k ( but not 1k for a single item😭😭😭😭🙏)",,
comment,nan,t3_1vth0ga,p4t4nxd,t3_1vth0ga,2026-08-20T12:12:13.000Z,2,2.0,,Mars Creamy Matte contains parabens.,"Influence of de influence me please My mba is starting soon and l wanna build a good everyday+special occasion kinda makeup.

I have all the skincare stuff and conceler.

My shade is medium-tan to dusky (warm-neutral with a strong golden base and a slight olive hint)

I am basically getting lippes for this round of shopping. 

My budget is 1k ( but not 1k for a single item😭😭😭😭🙏)",,
comment,nan,t3_1vth0ga,p4tygem,t1_p4t4nxd,2026-08-20T14:36:39.000Z,2,2.0,,Recommend me some other please😭🙏,"Influence of de influence me please My mba is starting soon and l wanna build a good everyday+special occasion kinda makeup.

I have all the skincare stuff and conceler.

My shade is medium-tan to dusky (warm-neutral with a strong golden base and a slight olive hint)

I am basically getting lippes for this round of shopping. 

My budget is 1k ( but not 1k for a single item😭😭😭😭🙏)",,
comment,nan,t3_1vth0ga,p4uyy3o,t1_p4tygem,2026-08-20T17:11:54.000Z,1,1.0,,"Consider Insight Cosmetics Hydra Fix Lipstick in the shade Russet Rouge, or select another shade to suit your preference. This product is affordable at just ₹155.

https://amzn.in/d/0iEk6mdT","Influence of de influence me please My mba is starting soon and l wanna build a good everyday+special occasion kinda makeup.

I have all the skincare stuff and conceler.

My shade is medium-tan to dusky (warm-neutral with a strong golden base and a slight olive hint)

I am basically getting lippes for this round of shopping. 

My budget is 1k ( but not 1k for a single item😭😭😭😭🙏)",,
comment,nan,t3_1vth0ga,p4t7t9s,t3_1vth0ga,2026-08-20T12:29:24.000Z,2,2.0,,Plss not the mars lip liners 🙏 my pigmentation sky rocketed becoz of them and also they don’t last longer than 2 mins ,"Influence of de influence me please My mba is starting soon and l wanna build a good everyday+special occasion kinda makeup.

I have all the skincare stuff and conceler.

My shade is medium-tan to dusky (warm-neutral with a strong golden base and a slight olive hint)

I am basically getting lippes for this round of shopping. 

My budget is 1k ( but not 1k for a single item😭😭😭😭🙏)",,
comment,nan,t3_1vth0ga,p4ty70g,t1_p4t7t9s,2026-08-20T14:35:29.000Z,2,2.0,,OMG what about swiss beauty ones?,"Influence of de influence me please My mba is starting soon and l wanna build a good everyday+special occasion kinda makeup.

I have all the skincare stuff and conceler.

My shade is medium-tan to dusky (warm-neutral with a strong golden base and a slight olive hint)

I am basically getting lippes for this round of shopping. 

My budget is 1k ( but not 1k for a single item😭😭😭😭🙏)",,
comment,nan,t3_1vth0ga,p4yst87,t1_p4ty70g,2026-08-21T04:56:17.000Z,1,1.0,,"Darling, they are the same as well. I switched to maybelline and pacs lip liners ","Influence of de influence me please My mba is starting soon and l wanna build a good everyday+special occasion kinda makeup.

I have all the skincare stuff and conceler.

My shade is medium-tan to dusky (warm-neutral with a strong golden base and a slight olive hint)

I am basically getting lippes for this round of shopping. 

My budget is 1k ( but not 1k for a single item😭😭😭😭🙏)",,
comment,nan,t3_1vth0ga,p4ytmk7,t1_p4yst87,2026-08-21T05:02:21.000Z,1,1.0,,Can you tell me any shade close to dark chocolate of swiss beauty?,"Influence of de influence me please My mba is starting soon and l wanna build a good everyday+special occasion kinda makeup.

I have all the skincare stuff and conceler.

My shade is medium-tan to dusky (warm-neutral with a strong golden base and a slight olive hint)

I am basically getting lippes for this round of shopping. 

My budget is 1k ( but not 1k for a single item😭😭😭😭🙏)",,
comment,nan,t3_1vth0ga,p4z7j4f,t1_p4ytmk7,2026-08-21T06:52:11.000Z,1,1.0,,I use maybelline lifter lip liner in the shade “cross the line”,"Influence of de influence me please My mba is starting soon and l wanna build a good everyday+special occasion kinda makeup.

I have all the skincare stuff and conceler.

My shade is medium-tan to dusky (warm-neutral with a strong golden base and a slight olive hint)

I am basically getting lippes for this round of shopping. 

My budget is 1k ( but not 1k for a single item😭😭😭😭🙏)",,
comment,nan,t3_1vth0ga,p4w90am,t3_1vth0ga,2026-08-20T20:28:57.000Z,2,2.0,,"Hi op 
You can try lip liners from insight or mila still if you're on a budget side you can try mars . For lipsticks you can invest in insight cosmetics ones , Maybelline , or some lip cheek tint . If you need any base product try insight skin tint alsoo you can directly buy it from their website i think they're having 3-4 products for 699 , if not then mars bb cream or Maybelline bb cream, you can try loose powder also . ( All this can be bought under 1k)","Influence of de influence me please My mba is starting soon and l wanna build a good everyday+special occasion kinda makeup.

I have all the skincare stuff and conceler.

My shade is medium-tan to dusky (warm-neutral with a strong golden base and a slight olive hint)

I am basically getting lippes for this round of shopping. 

My budget is 1k ( but not 1k for a single item😭😭😭😭🙏)",,
comment,nan,t3_1vth0ga,p54i1y6,t1_p4w90am,2026-08-21T23:34:36.000Z,1,1.0,,"that 699rs offer on insight website is a scam

it never includes the shades i really want to buy","Influence of de influence me please My mba is starting soon and l wanna build a good everyday+special occasion kinda makeup.

I have all the skincare stuff and conceler.

My shade is medium-tan to dusky (warm-neutral with a strong golden base and a slight olive hint)

I am basically getting lippes for this round of shopping. 

My budget is 1k ( but not 1k for a single item😭😭😭😭🙏)",,
comment,nan,t3_1vth0ga,p4syosl,t3_1vth0ga,2026-08-20T11:37:38.000Z,1,1.0,,For the nude I have Maybelline nude nuance,"Influence of de influence me please My mba is starting soon and l wanna build a good everyday+special occasion kinda makeup.

I have all the skincare stuff and conceler.

My shade is medium-tan to dusky (warm-neutral with a strong golden base and a slight olive hint)

I am basically getting lippes for this round of shopping. 

My budget is 1k ( but not 1k for a single item😭😭😭😭🙏)",,
comment,nan,t3_1vth0ga,p4sz6lv,t1_p4syosl,2026-08-20T11:40:34.000Z,2,2.0,,this will wash you out,"Influence of de influence me please My mba is starting soon and l wanna build a good everyday+special occasion kinda makeup.

I have all the skincare stuff and conceler.

My shade is medium-tan to dusky (warm-neutral with a strong golden base and a slight olive hint)

I am basically getting lippes for this round of shopping. 

My budget is 1k ( but not 1k for a single item😭😭😭😭🙏)",,
post,r/IndianBeautyDeals,,t3_1vtjto0,,2026-08-20T13:40:04.000Z,132,132.0,Skin1004 giving away the Centella ampoule for free??,"I was checking Nykaa, Myntra etc. because I couldn't find any decent discounts on Skin1004, and then I randomly checked their official website. Added the Centella watergel sheet ampoule masks to my cart (5 sheets for ₹877) and it literally added the 55ml centella ampoule for ₹0 as a free gift 😭. The funny part is the ampoule itself costs more than the sheet masks, so you're basically paying less for the masks and getting a full size ampoule for free?? It genuinely feels too good to be true lol. I even refreshed the checkout because initially it showed the wrong total, but now it's actually applying the offer. Has anyone else seen this deal or ordered from their website before?","Skin1004 giving away the Centella ampoule for free?? I was checking Nykaa, Myntra etc. because I couldn't find any decent discounts on Skin1004, and then I randomly checked their official website. Added the Centella watergel sheet ampoule masks to my cart (5 sheets for ₹877) and it literally added the 55ml centella ampoule for ₹0 as a free gift 😭. The funny part is the ampoule itself costs more than the sheet masks, so you're basically paying less for the masks and getting a full size ampoule for free?? It genuinely feels too good to be true lol. I even refreshed the checkout because initially it showed the wrong total, but now it's actually applying the offer. Has anyone else seen this deal or ordered from their website before?","price_drop, product_quality",https://i.redd.it/3m1y4mjw9jkh1.jpeg
comment,nan,t3_1vtjto0,p4tp90c,t3_1vtjto0,2026-08-20T13:55:09.000Z,34,34.0,,"Missed it, it was for first 500 orders only☹️","Skin1004 giving away the Centella ampoule for free?? I was checking Nykaa, Myntra etc. because I couldn't find any decent discounts on Skin1004, and then I randomly checked their official website. Added the Centella watergel sheet ampoule masks to my cart (5 sheets for ₹877) and it literally added the 55ml centella ampoule for ₹0 as a free gift 😭. The funny part is the ampoule itself costs more than the sheet masks, so you're basically paying less for the masks and getting a full size ampoule for free?? It genuinely feels too good to be true lol. I even refreshed the checkout because initially it showed the wrong total, but now it's actually applying the offer. Has anyone else seen this deal or ordered from their website before?","price_drop, product_quality",
comment,nan,t3_1vtjto0,p4tq4w4,t1_p4tp90c,2026-08-20T13:59:12.000Z,6,6.0,,I can still add it..you sure?,"Skin1004 giving away the Centella ampoule for free?? I was checking Nykaa, Myntra etc. because I couldn't find any decent discounts on Skin1004, and then I randomly checked their official website. Added the Centella watergel sheet ampoule masks to my cart (5 sheets for ₹877) and it literally added the 55ml centella ampoule for ₹0 as a free gift 😭. The funny part is the ampoule itself costs more than the sheet masks, so you're basically paying less for the masks and getting a full size ampoule for free?? It genuinely feels too good to be true lol. I even refreshed the checkout because initially it showed the wrong total, but now it's actually applying the offer. Has anyone else seen this deal or ordered from their website before?","price_drop, product_quality",
comment,nan,t3_1vtjto0,p4ttpxu,t1_p4tq4w4,2026-08-20T14:15:29.000Z,11,11.0,,Got it😭 added it manually😬,"Skin1004 giving away the Centella ampoule for free?? I was checking Nykaa, Myntra etc. because I couldn't find any decent discounts on Skin1004, and then I randomly checked their official website. Added the Centella watergel sheet ampoule masks to my cart (5 sheets for ₹877) and it literally added the 55ml centella ampoule for ₹0 as a free gift 😭. The funny part is the ampoule itself costs more than the sheet masks, so you're basically paying less for the masks and getting a full size ampoule for free?? It genuinely feels too good to be true lol. I even refreshed the checkout because initially it showed the wrong total, but now it's actually applying the offer. Has anyone else seen this deal or ordered from their website before?","price_drop, product_quality",
comment,nan,t3_1vtjto0,p4ubdgm,t1_p4ttpxu,2026-08-20T15:32:19.000Z,0,0.0,,How you added it manually can u guide,"Skin1004 giving away the Centella ampoule for free?? I was checking Nykaa, Myntra etc. because I couldn't find any decent discounts on Skin1004, and then I randomly checked their official website. Added the Centella watergel sheet ampoule masks to my cart (5 sheets for ₹877) and it literally added the 55ml centella ampoule for ₹0 as a free gift 😭. The funny part is the ampoule itself costs more than the sheet masks, so you're basically paying less for the masks and getting a full size ampoule for free?? It genuinely feels too good to be true lol. I even refreshed the checkout because initially it showed the wrong total, but now it's actually applying the offer. Has anyone else seen this deal or ordered from their website before?","price_drop, product_quality",
comment,nan,t3_1vtjto0,p4ulnrq,t1_p4ubdgm,2026-08-20T16:15:50.000Z,4,4.0,,"Add the 55 ml of the centella ampoule to your cart manually, along with your other product that you want to order. The price of this centella ampoule becomes 0","Skin1004 giving away the Centella ampoule for free?? I was checking Nykaa, Myntra etc. because I couldn't find any decent discounts on Skin1004, and then I randomly checked their official website. Added the Centella watergel sheet ampoule masks to my cart (5 sheets for ₹877) and it literally added the 55ml centella ampoule for ₹0 as a free gift 😭. The funny part is the ampoule itself costs more than the sheet masks, so you're basically paying less for the masks and getting a full size ampoule for free?? It genuinely feels too good to be true lol. I even refreshed the checkout because initially it showed the wrong total, but now it's actually applying the offer. Has anyone else seen this deal or ordered from their website before?","price_drop, product_quality",
comment,nan,t3_1vtjto0,p4ul545,t1_p4ubdgm,2026-08-20T16:13:39.000Z,2,2.0,,"just add one product and 55ml ampoule   
the ampoule becomes free","Skin1004 giving away the Centella ampoule for free?? I was checking Nykaa, Myntra etc. because I couldn't find any decent discounts on Skin1004, and then I randomly checked their official website. Added the Centella watergel sheet ampoule masks to my cart (5 sheets for ₹877) and it literally added the 55ml centella ampoule for ₹0 as a free gift 😭. The funny part is the ampoule itself costs more than the sheet masks, so you're basically paying less for the masks and getting a full size ampoule for free?? It genuinely feels too good to be true lol. I even refreshed the checkout because initially it showed the wrong total, but now it's actually applying the offer. Has anyone else seen this deal or ordered from their website before?","price_drop, product_quality",
comment,nan,t3_1vtjto0,p4u3d66,t3_1vtjto0,2026-08-20T14:57:56.000Z,19,19.0,,"It’s true u guys you are doing gods work op tysm😭😭😭  


https://preview.redd.it/kwiljvhqnjkh1.png?width=1169&format=png&auto=webp&s=998eea7fe72111fdfe4bbaff372f9f6c90f5b3ef","Skin1004 giving away the Centella ampoule for free?? I was checking Nykaa, Myntra etc. because I couldn't find any decent discounts on Skin1004, and then I randomly checked their official website. Added the Centella watergel sheet ampoule masks to my cart (5 sheets for ₹877) and it literally added the 55ml centella ampoule for ₹0 as a free gift 😭. The funny part is the ampoule itself costs more than the sheet masks, so you're basically paying less for the masks and getting a full size ampoule for free?? It genuinely feels too good to be true lol. I even refreshed the checkout because initially it showed the wrong total, but now it's actually applying the offer. Has anyone else seen this deal or ordered from their website before?","price_drop, product_quality",
comment,nan,t3_1vtjto0,p4ylnes,t1_p4u3d66,2026-08-21T04:05:11.000Z,1,1.0,,Still available?,"Skin1004 giving away the Centella ampoule for free?? I was checking Nykaa, Myntra etc. because I couldn't find any decent discounts on Skin1004, and then I randomly checked their official website. Added the Centella watergel sheet ampoule masks to my cart (5 sheets for ₹877) and it literally added the 55ml centella ampoule for ₹0 as a free gift 😭. The funny part is the ampoule itself costs more than the sheet masks, so you're basically paying less for the masks and getting a full size ampoule for free?? It genuinely feels too good to be true lol. I even refreshed the checkout because initially it showed the wrong total, but now it's actually applying the offer. Has anyone else seen this deal or ordered from their website before?","price_drop, product_quality",
comment,nan,t3_1vtjto0,p56odpg,t1_p4u3d66,2026-08-22T08:29:59.000Z,0,0.0,,"Atleast PLEASE reply to others yrr if you got it or not, is it still ongoing?","Skin1004 giving away the Centella ampoule for free?? I was checking Nykaa, Myntra etc. because I couldn't find any decent discounts on Skin1004, and then I randomly checked their official website. Added the Centella watergel sheet ampoule masks to my cart (5 sheets for ₹877) and it literally added the 55ml centella ampoule for ₹0 as a free gift 😭. The funny part is the ampoule itself costs more than the sheet masks, so you're basically paying less for the masks and getting a full size ampoule for free?? It genuinely feels too good to be true lol. I even refreshed the checkout because initially it showed the wrong total, but now it's actually applying the offer. Has anyone else seen this deal or ordered from their website before?","price_drop, product_quality",
comment,nan,t3_1vtjto0,p4zft6n,t1_p4ylnes,2026-08-21T08:01:18.000Z,1,1.0,,Did u check is it available now ?,"Skin1004 giving away the Centella ampoule for free?? I was checking Nykaa, Myntra etc. because I couldn't find any decent discounts on Skin1004, and then I randomly checked their official website. Added the Centella watergel sheet ampoule masks to my cart (5 sheets for ₹877) and it literally added the 55ml centella ampoule for ₹0 as a free gift 😭. The funny part is the ampoule itself costs more than the sheet masks, so you're basically paying less for the masks and getting a full size ampoule for free?? It genuinely feels too good to be true lol. I even refreshed the checkout because initially it showed the wrong total, but now it's actually applying the offer. Has anyone else seen this deal or ordered from their website before?","price_drop, product_quality",
comment,nan,t3_1vtjto0,p56r3bg,t1_p4ylnes,2026-08-22T08:54:23.000Z,1,1.0,,No,"Skin1004 giving away the Centella ampoule for free?? I was checking Nykaa, Myntra etc. because I couldn't find any decent discounts on Skin1004, and then I randomly checked their official website. Added the Centella watergel sheet ampoule masks to my cart (5 sheets for ₹877) and it literally added the 55ml centella ampoule for ₹0 as a free gift 😭. The funny part is the ampoule itself costs more than the sheet masks, so you're basically paying less for the masks and getting a full size ampoule for free?? It genuinely feels too good to be true lol. I even refreshed the checkout because initially it showed the wrong total, but now it's actually applying the offer. Has anyone else seen this deal or ordered from their website before?","price_drop, product_quality",
comment,nan,t3_1vtjto0,p570zjw,t1_p4ylnes,2026-08-22T10:20:24.000Z,1,1.0,,Don’t know babe,"Skin1004 giving away the Centella ampoule for free?? I was checking Nykaa, Myntra etc. because I couldn't find any decent discounts on Skin1004, and then I randomly checked their official website. Added the Centella watergel sheet ampoule masks to my cart (5 sheets for ₹877) and it literally added the 55ml centella ampoule for ₹0 as a free gift 😭. The funny part is the ampoule itself costs more than the sheet masks, so you're basically paying less for the masks and getting a full size ampoule for free?? It genuinely feels too good to be true lol. I even refreshed the checkout because initially it showed the wrong total, but now it's actually applying the offer. Has anyone else seen this deal or ordered from their website before?","price_drop, product_quality",
comment,nan,t3_1vtjto0,p570y11,t1_p56odpg,2026-08-22T10:20:03.000Z,1,1.0,,Brother I had exams I’m not chronically online wdym “atleast please”🤡 you know you can check the website yourself too right ??? Idk if it’s still going …,"Skin1004 giving away the Centella ampoule for free?? I was checking Nykaa, Myntra etc. because I couldn't find any decent discounts on Skin1004, and then I randomly checked their official website. Added the Centella watergel sheet ampoule masks to my cart (5 sheets for ₹877) and it literally added the 55ml centella ampoule for ₹0 as a free gift 😭. The funny part is the ampoule itself costs more than the sheet masks, so you're basically paying less for the masks and getting a full size ampoule for free?? It genuinely feels too good to be true lol. I even refreshed the checkout because initially it showed the wrong total, but now it's actually applying the offer. Has anyone else seen this deal or ordered from their website before?","price_drop, product_quality",
comment,nan,t3_1vtjto0,p56r3n7,t1_p4zft6n,2026-08-22T08:54:28.000Z,1,1.0,,No,"Skin1004 giving away the Centella ampoule for free?? I was checking Nykaa, Myntra etc. because I couldn't find any decent discounts on Skin1004, and then I randomly checked their official website. Added the Centella watergel sheet ampoule masks to my cart (5 sheets for ₹877) and it literally added the 55ml centella ampoule for ₹0 as a free gift 😭. The funny part is the ampoule itself costs more than the sheet masks, so you're basically paying less for the masks and getting a full size ampoule for free?? It genuinely feels too good to be true lol. I even refreshed the checkout because initially it showed the wrong total, but now it's actually applying the offer. Has anyone else seen this deal or ordered from their website before?","price_drop, product_quality",
comment,nan,t3_1vtjto0,p4tmndt,t3_1vtjto0,2026-08-20T13:43:06.000Z,35,35.0,,Is it only me who can't find the mask on their site 🥀,"Skin1004 giving away the Centella ampoule for free?? I was checking Nykaa, Myntra etc. because I couldn't find any decent discounts on Skin1004, and then I randomly checked their official website. Added the Centella watergel sheet ampoule masks to my cart (5 sheets for ₹877) and it literally added the 55ml centella ampoule for ₹0 as a free gift 😭. The funny part is the ampoule itself costs more than the sheet masks, so you're basically paying less for the masks and getting a full size ampoule for free?? It genuinely feels too good to be true lol. I even refreshed the checkout because initially it showed the wrong total, but now it's actually applying the offer. Has anyone else seen this deal or ordered from their website before?","price_drop, product_quality",
comment,nan,t3_1vtjto0,p4tmzwb,t1_p4tmndt,2026-08-20T13:44:42.000Z,7,7.0,,Same and if i add anything else also its not adding the ampule to my cart,"Skin1004 giving away the Centella ampoule for free?? I was checking Nykaa, Myntra etc. because I couldn't find any decent discounts on Skin1004, and then I randomly checked their official website. Added the Centella watergel sheet ampoule masks to my cart (5 sheets for ₹877) and it literally added the 55ml centella ampoule for ₹0 as a free gift 😭. The funny part is the ampoule itself costs more than the sheet masks, so you're basically paying less for the masks and getting a full size ampoule for free?? It genuinely feels too good to be true lol. I even refreshed the checkout because initially it showed the wrong total, but now it's actually applying the offer. Has anyone else seen this deal or ordered from their website before?","price_drop, product_quality",
comment,nan,t3_1vtjto0,p4tnv6y,t1_p4tmndt,2026-08-20T13:48:47.000Z,4,4.0,,"May be it has gone out of stock, I can't find it anymore either 🙂","Skin1004 giving away the Centella ampoule for free?? I was checking Nykaa, Myntra etc. because I couldn't find any decent discounts on Skin1004, and then I randomly checked their official website. Added the Centella watergel sheet ampoule masks to my cart (5 sheets for ₹877) and it literally added the 55ml centella ampoule for ₹0 as a free gift 😭. The funny part is the ampoule itself costs more than the sheet masks, so you're basically paying less for the masks and getting a full size ampoule for free?? It genuinely feels too good to be true lol. I even refreshed the checkout because initially it showed the wrong total, but now it's actually applying the offer. Has anyone else seen this deal or ordered from their website before?","price_drop, product_quality",
comment,nan,t3_1vtjto0,p56nlsc,t1_p4tmndt,2026-08-22T08:23:10.000Z,1,1.0,,I have same issue!,"Skin1004 giving away the Centella ampoule for free?? I was checking Nykaa, Myntra etc. because I couldn't find any decent discounts on Skin1004, and then I randomly checked their official website. Added the Centella watergel sheet ampoule masks to my cart (5 sheets for ₹877) and it literally added the 55ml centella ampoule for ₹0 as a free gift 😭. The funny part is the ampoule itself costs more than the sheet masks, so you're basically paying less for the masks and getting a full size ampoule for free?? It genuinely feels too good to be true lol. I even refreshed the checkout because initially it showed the wrong total, but now it's actually applying the offer. Has anyone else seen this deal or ordered from their website before?","price_drop, product_quality",
comment,nan,t3_1vtjto0,p4to3ff,t1_p4tmzwb,2026-08-20T13:49:50.000Z,10,10.0,,"I can't find the mask anymore either

https://preview.redd.it/1y9wlg7nbjkh1.jpeg?width=1080&format=pjpg&auto=webp&s=62c7fc6ebd52c7c54b6cbe7a62a13e4aea9ed28e","Skin1004 giving away the Centella ampoule for free?? I was checking Nykaa, Myntra etc. because I couldn't find any decent discounts on Skin1004, and then I randomly checked their official website. Added the Centella watergel sheet ampoule masks to my cart (5 sheets for ₹877) and it literally added the 55ml centella ampoule for ₹0 as a free gift 😭. The funny part is the ampoule itself costs more than the sheet masks, so you're basically paying less for the masks and getting a full size ampoule for free?? It genuinely feels too good to be true lol. I even refreshed the checkout because initially it showed the wrong total, but now it's actually applying the offer. Has anyone else seen this deal or ordered from their website before?","price_drop, product_quality",
comment,nan,t3_1vtjto0,p4tpe4q,t1_p4tnv6y,2026-08-20T13:55:49.000Z,15,15.0,,"Got it!! Hehe   


https://preview.redd.it/hd6k46qpcjkh1.jpeg?width=1179&format=pjpg&auto=webp&s=4779ed844567bfb1b81ac2977d0294a67c925a44","Skin1004 giving away the Centella ampoule for free?? I was checking Nykaa, Myntra etc. because I couldn't find any decent discounts on Skin1004, and then I randomly checked their official website. Added the Centella watergel sheet ampoule masks to my cart (5 sheets for ₹877) and it literally added the 55ml centella ampoule for ₹0 as a free gift 😭. The funny part is the ampoule itself costs more than the sheet masks, so you're basically paying less for the masks and getting a full size ampoule for free?? It genuinely feels too good to be true lol. I even refreshed the checkout because initially it showed the wrong total, but now it's actually applying the offer. Has anyone else seen this deal or ordered from their website before?","price_drop, product_quality",
comment,nan,t3_1vtjto0,p4tyf5w,t1_p4tnv6y,2026-08-20T14:36:30.000Z,2,2.0,,How’s there ampoule ,"Skin1004 giving away the Centella ampoule for free?? I was checking Nykaa, Myntra etc. because I couldn't find any decent discounts on Skin1004, and then I randomly checked their official website. Added the Centella watergel sheet ampoule masks to my cart (5 sheets for ₹877) and it literally added the 55ml centella ampoule for ₹0 as a free gift 😭. The funny part is the ampoule itself costs more than the sheet masks, so you're basically paying less for the masks and getting a full size ampoule for free?? It genuinely feels too good to be true lol. I even refreshed the checkout because initially it showed the wrong total, but now it's actually applying the offer. Has anyone else seen this deal or ordered from their website before?","price_drop, product_quality",
comment,nan,t3_1vtjto0,p4tpgog,t1_p4tpe4q,2026-08-20T13:56:08.000Z,9,9.0,,You need to manually add the ampule to cart,"Skin1004 giving away the Centella ampoule for free?? I was checking Nykaa, Myntra etc. because I couldn't find any decent discounts on Skin1004, and then I randomly checked their official website. Added the Centella watergel sheet ampoule masks to my cart (5 sheets for ₹877) and it literally added the 55ml centella ampoule for ₹0 as a free gift 😭. The funny part is the ampoule itself costs more than the sheet masks, so you're basically paying less for the masks and getting a full size ampoule for free?? It genuinely feels too good to be true lol. I even refreshed the checkout because initially it showed the wrong total, but now it's actually applying the offer. Has anyone else seen this deal or ordered from their website before?","price_drop, product_quality",
comment,nan,t3_1vtjto0,p4ymscs,t1_p4tpe4q,2026-08-21T04:13:00.000Z,1,1.0,,Whats the coupon code,"Skin1004 giving away the Centella ampoule for free?? I was checking Nykaa, Myntra etc. because I couldn't find any decent discounts on Skin1004, and then I randomly checked their official website. Added the Centella watergel sheet ampoule masks to my cart (5 sheets for ₹877) and it literally added the 55ml centella ampoule for ₹0 as a free gift 😭. The funny part is the ampoule itself costs more than the sheet masks, so you're basically paying less for the masks and getting a full size ampoule for free?? It genuinely feels too good to be true lol. I even refreshed the checkout because initially it showed the wrong total, but now it's actually applying the offer. Has anyone else seen this deal or ordered from their website before?","price_drop, coupon, product_quality",
comment,nan,t3_1vtjto0,p4u1lv7,t3_1vtjto0,2026-08-20T14:50:26.000Z,7,7.0,,"https://preview.redd.it/vhwvvkwdmjkh1.jpeg?width=1320&format=pjpg&auto=webp&s=857fcb65a60e7cb55d5c75f6dd2e0321134e1d0e

  
I got it too!!! Thank you for posting this deal 🫶🏻","Skin1004 giving away the Centella ampoule for free?? I was checking Nykaa, Myntra etc. because I couldn't find any decent discounts on Skin1004, and then I randomly checked their official website. Added the Centella watergel sheet ampoule masks to my cart (5 sheets for ₹877) and it literally added the 55ml centella ampoule for ₹0 as a free gift 😭. The funny part is the ampoule itself costs more than the sheet masks, so you're basically paying less for the masks and getting a full size ampoule for free?? It genuinely feels too good to be true lol. I even refreshed the checkout because initially it showed the wrong total, but now it's actually applying the offer. Has anyone else seen this deal or ordered from their website before?","price_drop, product_quality",
comment,nan,t3_1vtjto0,p4uqa2q,t1_p4u1lv7,2026-08-20T16:35:25.000Z,2,2.0,,"https://preview.redd.it/16ir2ix55kkh1.png?width=827&format=png&auto=webp&s=c9ff81a52528fb181f0b453a277ea967790518d1

  
Twin pro max ","Skin1004 giving away the Centella ampoule for free?? I was checking Nykaa, Myntra etc. because I couldn't find any decent discounts on Skin1004, and then I randomly checked their official website. Added the Centella watergel sheet ampoule masks to my cart (5 sheets for ₹877) and it literally added the 55ml centella ampoule for ₹0 as a free gift 😭. The funny part is the ampoule itself costs more than the sheet masks, so you're basically paying less for the masks and getting a full size ampoule for free?? It genuinely feels too good to be true lol. I even refreshed the checkout because initially it showed the wrong total, but now it's actually applying the offer. Has anyone else seen this deal or ordered from their website before?","price_drop, product_quality",
comment,nan,t3_1vtjto0,p4ub4uo,t1_p4u1lv7,2026-08-20T15:31:18.000Z,2,2.0,,"https://preview.redd.it/ezu3jf8otjkh1.png?width=436&format=png&auto=webp&s=b4bf821197e298704927ed10dcab03fb9d745850

TWINS lol!!! same cart","Skin1004 giving away the Centella ampoule for free?? I was checking Nykaa, Myntra etc. because I couldn't find any decent discounts on Skin1004, and then I randomly checked their official website. Added the Centella watergel sheet ampoule masks to my cart (5 sheets for ₹877) and it literally added the 55ml centella ampoule for ₹0 as a free gift 😭. The funny part is the ampoule itself costs more than the sheet masks, so you're basically paying less for the masks and getting a full size ampoule for free?? It genuinely feels too good to be true lol. I even refreshed the checkout because initially it showed the wrong total, but now it's actually applying the offer. Has anyone else seen this deal or ordered from their website before?","price_drop, product_quality",
comment,nan,t3_1vtjto0,p4uqcra,t1_p4u1lv7,2026-08-20T16:35:44.000Z,1,1.0,,Btw are they good? Buying for the first time ,"Skin1004 giving away the Centella ampoule for free?? I was checking Nykaa, Myntra etc. because I couldn't find any decent discounts on Skin1004, and then I randomly checked their official website. Added the Centella watergel sheet ampoule masks to my cart (5 sheets for ₹877) and it literally added the 55ml centella ampoule for ₹0 as a free gift 😭. The funny part is the ampoule itself costs more than the sheet masks, so you're basically paying less for the masks and getting a full size ampoule for free?? It genuinely feels too good to be true lol. I even refreshed the checkout because initially it showed the wrong total, but now it's actually applying the offer. Has anyone else seen this deal or ordered from their website before?","price_drop, product_quality",
comment,nan,t3_1vtjto0,p4ymavv,t1_p4uqa2q,2026-08-21T04:09:42.000Z,1,1.0,,How🥲,"Skin1004 giving away the Centella ampoule for free?? I was checking Nykaa, Myntra etc. because I couldn't find any decent discounts on Skin1004, and then I randomly checked their official website. Added the Centella watergel sheet ampoule masks to my cart (5 sheets for ₹877) and it literally added the 55ml centella ampoule for ₹0 as a free gift 😭. The funny part is the ampoule itself costs more than the sheet masks, so you're basically paying less for the masks and getting a full size ampoule for free?? It genuinely feels too good to be true lol. I even refreshed the checkout because initially it showed the wrong total, but now it's actually applying the offer. Has anyone else seen this deal or ordered from their website before?","price_drop, product_quality",
comment,nan,t3_1vtjto0,p4ud9rl,t1_p4ub4uo,2026-08-20T15:40:21.000Z,2,2.0,,Lol 😝 ,"Skin1004 giving away the Centella ampoule for free?? I was checking Nykaa, Myntra etc. because I couldn't find any decent discounts on Skin1004, and then I randomly checked their official website. Added the Centella watergel sheet ampoule masks to my cart (5 sheets for ₹877) and it literally added the 55ml centella ampoule for ₹0 as a free gift 😭. The funny part is the ampoule itself costs more than the sheet masks, so you're basically paying less for the masks and getting a full size ampoule for free?? It genuinely feels too good to be true lol. I even refreshed the checkout because initially it showed the wrong total, but now it's actually applying the offer. Has anyone else seen this deal or ordered from their website before?","price_drop, product_quality",
comment,nan,t3_1vtjto0,p4uyav6,t1_p4uqcra,2026-08-20T17:09:10.000Z,3,3.0,,"I like the ampoule makes my skin feel calm and hydrated and I have combination acne-prone skin.  
I have yet to try the cleansing oil ","Skin1004 giving away the Centella ampoule for free?? I was checking Nykaa, Myntra etc. because I couldn't find any decent discounts on Skin1004, and then I randomly checked their official website. Added the Centella watergel sheet ampoule masks to my cart (5 sheets for ₹877) and it literally added the 55ml centella ampoule for ₹0 as a free gift 😭. The funny part is the ampoule itself costs more than the sheet masks, so you're basically paying less for the masks and getting a full size ampoule for free?? It genuinely feels too good to be true lol. I even refreshed the checkout because initially it showed the wrong total, but now it's actually applying the offer. Has anyone else seen this deal or ordered from their website before?","price_drop, product_quality",
post,r/GoldIndia,,t3_1vvdlwm,,2026-08-22T14:16:34.000Z,1,1.0,Are gold prices going to increase?,"Hello everyone, I’m new to investing. I’ve been seeing a lot of influencers on Instagram Reels saying that gold prices are going to increase soon.

Is this actually true, or is it just social media hype? If gold prices are expected to rise, what would be the best way for a beginner to invest in gold?

I’d appreciate any advice or personal experiences.","Are gold prices going to increase? Hello everyone, I’m new to investing. I’ve been seeing a lot of influencers on Instagram Reels saying that gold prices are going to increase soon.

Is this actually true, or is it just social media hype? If gold prices are expected to rise, what would be the best way for a beginner to invest in gold?

I’d appreciate any advice or personal experiences.",price_drop,https://www.reddit.com/r/GoldIndia/comments/1vvdlwm/are_gold_prices_going_to_increase/
comment,nan,t3_1vvdlwm,p583c0x,t3_1vvdlwm,2026-08-22T14:16:34.000Z,1,1.0,,"**Welcome to r/GoldIndia! Here is a quick safety checklist for your post:**
* **BIS Hallmark:** Always ensure your gold has the BIS logo, purity (e.g., 22K916), and the 6-digit HUID code.
* **Live Rates:** Gold prices change daily. Verify the current market rate before any transaction.
* **Invoices:** Never buy gold without a GST-compliant tax invoice. Avoid ""cash-only"" deals to save on tax.
* **Purity Testing:** If you are unsure, visit a government-recognized assaying center for a Karatmeter test.
* **Scam Warning:** Be extremely wary of anyone sending you a Direct Message (DM) offering ""cheap gold"" or ""investment schemes.""
* **Don't Share Personal Info:** Never post your phone number or home address publicly.

*I am a bot, and this action was performed automatically. Please [contact the moderators of this subreddit](/message/compose/?to=/r/GoldIndia) if you have any questions or concerns.*","Are gold prices going to increase? Hello everyone, I’m new to investing. I’ve been seeing a lot of influencers on Instagram Reels saying that gold prices are going to increase soon.

Is this actually true, or is it just social media hype? If gold prices are expected to rise, what would be the best way for a beginner to invest in gold?

I’d appreciate any advice or personal experiences.",price_drop,
post,r/ROBLOXStudio,,t3_1vvdlj1,,2026-08-22T14:16:07.000Z,1,1.0,Looking for somebody who can make a simple taco zombie game!! (Simple wave shoot etc ) (Paying 10 dollar gift card of choice) since idc about free models or I would increase price!!,,Looking for somebody who can make a simple taco zombie game!! (Simple wave shoot etc ) (Paying 10 dollar gift card of choice) since idc about free models or I would increase price!!,price_drop,https://www.reddit.com/gallery/1vvdlj1
post,r/generativeAI,,t3_1vvdl3i,,2026-08-22T14:15:35.000Z,1,1.0,"AI Hyperscalers have pre-ordered almost all of 2027's global RAM supply, increasing prices by 500%, and leaving almost none for smartphone & PC manufacturers.",,"AI Hyperscalers have pre-ordered almost all of 2027's global RAM supply, increasing prices by 500%, and leaving almost none for smartphone & PC manufacturers.",price_drop,/r/Futurology/comments/1vv9v7k/ai_hyperscalers_have_preordered_almost_all_of/
